證券代號,證券名稱,成交股數,成交金額,開盤價,最高價,最低價,收盤價,漲跌價差,成交筆數
"0050","元大台灣50","17369543","3290621957","189.60","190.00","188.75","189.30","1.5500","15267"
"0051","元大中型100","123605","10196763","83.00","83.00","82.00","82.00","0.2500","296"
"0052","富邦科技","663792","122858922","185.15","185.55","184.30","185.05","1.5500","1224"
"0053","元大電子","12405","1256972","101.30","101.50","101.30","101.45","0.9000","111"
"0055","元大MSCI金融","96090","2850062","29.59","29.73","29.59","29.62","0.1200","258"
"0056","元大高股息","21173222","823030276","38.87","38.97","38.70","38.75","0.0200","14466"
"0057","富邦摩台","20163","2812993","139.55","139.65","139.50","139.55","1.4000","76"
"0061","元大寶滬深","1205391","21042423","17.44","17.65","17.30","17.65","0.2700","510"
"006203","元大MSCI台灣","12115","1079911","88.95","89.65","88.95","89.40","0.9000","122"
"006204","永豐臺灣加權","13502","1558386","115.35","115.55","115.35","115.35","0.8500","155"
"006205","富邦上証","1674272","50687644","30.19","30.67","30.00","30.67","0.4800","852"
"006206","元大上證50","741918","21790852","29.22","29.93","29.09","29.93","0.7200","383"
"006207","復華滬深","524244","11706034","22.33","22.60","22.19","22.60","0.2800","118"
"006208","富邦台50","9436216","1044418620","110.30","111.05","110.30","110.55","0.7500","11254"
"00625K","富邦上証+R","","","","","","","0.0000",""
"00631L","元大台灣50正2","4803068","1165265398","243.30","244.30","240.85","241.80","2.6000","5479"
"00632R","元大台灣50反1","181638683","599552018","3.30","3.32","3.29","3.31","-0.0100","6696"
"00633L","富邦上証正2","13018135","448314530","33.90","35.40","33.58","35.40","1.5000","2679"
"00634R","富邦上証反1","840499","3766455","4.52","4.53","4.42","4.42","-0.1000","93"
"00635U","期元大S&P黃金","714807","22004707","30.79","30.81","30.76","30.80","0.0100","400"
"00636","國泰中國A50","3289850","70498699","21.31","21.78","21.20","21.78","0.4700","1194"
"00636K","國泰中國A50+U","200","1338","6.69","6.69","6.69","6.69","-0.0100","2"
"00637L","元大滬深300正2","93856134","1291801191","13.61","14.18","13.44","14.18","0.6000","12150"
"00638R","元大滬深300反1","4414137","41232783","9.43","9.48","9.19","9.19","-0.2600","211"
"00639","富邦深100","1554063","15939174","10.23","10.42","10.14","10.42","0.2000","491"
"00640L","富邦日本正2","1217553","62487888","50.90","51.65","50.85","51.60","1.6000","506"
"00641R","富邦日本反1","899004","5622483","6.29","6.29","6.24","6.25","-0.0900","223"
"00642U","期元大S&P石油","7516904","121396701","16.22","16.26","16.05","16.05","-0.5100","2289"
"00643","群益深証中小","1465744","16479300","11.30","11.40","11.18","11.40","0.1300","225"
"00643K","群益深証中小+R","5000","11940","2.40","2.40","2.37","2.37","-0.0600","4"
"00645","富邦日本","1516329","55848502","36.61","36.96","36.61","36.90","0.5900","606"
"00646","元大S&P500","3634905","208082836","57.10","57.35","57.10","57.30","0.3000","1415"
"00647L","元大S&P500正2","129506","12215513","94.25","94.65","94.15","94.65","0.8500","100"
"00648R","元大S&P500反1","1844576","9736877","5.29","5.29","5.27","5.27","-0.0300","148"
"00650L","復華香港正2","36337631","431687728","11.76","12.22","11.57","12.22","0.4700","3543"
"00651R","復華香港反1","1113100","8786569","7.93","8.02","7.81","7.81","-0.1600","196"
"00652","富邦印度","351284","14668144","41.46","41.80","41.46","41.76","0.4000","393"
"00653L","富邦印度正2","379649","27223838","71.55","71.90","71.50","71.85","1.0500","145"
"00654R","富邦印度反1","385300","2297494","5.97","5.97","5.95","5.95","-0.0500","43"
"00655L","國泰中國A50正2","8394417","195970674","23.03","24.18","22.85","24.18","1.0800","1209"
"00656R","國泰中國A50反1","1132100","9552483","8.49","8.50","8.28","8.28","-0.2100","59"
"00657","國泰日經225","711899","32343701","45.26","45.57","45.22","45.52","0.8500","125"
"00657K","國泰日經225+U","200","2836","14.18","14.18","14.18","14.18","0.1900","2"
"00660","元大歐洲50","5664","203528","35.95","36.02","35.95","36.02","0.0700","106"
"00661","元大日經225","747343","36972887","49.38","49.70","49.38","49.60","0.8700","276"
"00662","富邦NASDAQ","1396041","115306555","82.50","82.80","82.45","82.75","1.0500","1005"
"00663L","國泰臺灣加權正2","15241","3391306","222.55","223.40","221.00","221.40","2.7000","23"
"00664R","國泰臺灣加權反1","8435346","31404342","3.72","3.74","3.71","3.74","0.0000","467"
"00665L","富邦恒生國企正2","87300250","688684111","7.75","8.08","7.61","8.08","0.3500","6047"
"00666R","富邦恒生國企反1","395090","5157148","13.21","13.23","12.96","12.96","-0.3100","75"
"00668","國泰美國道瓊","28165","1370861","48.68","48.73","48.64","48.64","-0.1500","88"
"00668K","國泰美國道瓊+U","200","3046","15.23","15.23","15.23","15.23","-0.1000","2"
"00669R","國泰美國道瓊反1","1638004","10936006","6.68","6.68","6.66","6.66","0.0100","131"
"00670L","富邦NASDAQ正2","1061081","133808842","125.50","126.80","125.45","126.80","3.3000","718"
"00671R","富邦NASDAQ反1","5873527","21536534","3.67","3.68","3.66","3.66","-0.0400","412"
"00673R","期元大S&P原油反1","24175435","187465261","7.73","7.82","7.71","7.81","0.2300","1481"
"00674R","期元大S&P黃金反1","560404","5303044","9.46","9.47","9.45","9.46","-0.0200","105"
"00675L","富邦臺灣加權正2","4260995","413153362","97.30","97.80","96.15","96.60","1.0000","3327"
"00676R","富邦臺灣加權反1","11685453","24254186","2.08","2.09","2.07","2.08","-0.0200","581"
"00678","群益那斯達克生技","353375","10506414","29.72","29.82","29.68","29.80","-0.0900","109"
"00680L","元大美債20正2","102109723","959711171","9.40","9.42","9.38","9.42","-0.1100","9839"
"00681R","元大美債20反1","128000","2457360","19.20","19.22","19.19","19.22","0.1400","18"
"00682U","期元大美元指數","9000","184320","20.48","20.48","20.48","20.48","0.1500","2"
"00683L","期元大美元指正2","398000","8487150","21.30","21.35","21.30","21.30","0.2200","26"
"00684R","期元大美元指反1","28000","442530","15.84","15.84","15.80","15.82","-0.1000","10"
"00685L","群益臺灣加權正2","828157","71613423","86.75","87.10","85.90","86.15","0.7000","570"
"00686R","群益臺灣加權反1","2727100","6146706","2.25","2.26","2.25","2.26","-0.0100","68"
"00688L","國泰20年美債正2","52165405","488463692","9.36","9.38","9.35","9.38","-0.1100","5059"
"00689R","國泰20年美債反1","12000","239540","19.97","19.97","19.96","19.96","0.0000","2"
"00690","兆豐藍籌30","958153","33532799","34.99","35.09","34.90","34.96","0.1900","565"
"00692","富邦公司治理","5671117","251759801","44.31","44.59","44.24","44.29","0.2100","4042"
"00693U","期街口S&P黃豆","927870","19953531","21.46","21.57","21.44","21.51","0.2800","208"
"00700","富邦恒生國企","1285331","18058678","14.16","14.25","13.82","14.25","0.3600","399"
"00701","國泰股利精選30","1097275","32594266","29.70","29.79","29.63","29.64","0.0900","449"
"00702","國泰標普低波高息","2782","70026","25.15","25.20","25.15","25.20","-0.1000","67"
"00703","台新MSCI中國","337213","5525773","16.33","16.54","16.03","16.54","0.3000","113"
"00706L","期元大S&P日圓正2","22950072","158172367","6.92","6.92","6.87","6.90","-0.1200","2370"
"00707R","期元大S&P日圓反1","96000","2666860","27.79","27.79","27.77","27.77","0.1500","7"
"00708L","期元大S&P黃金正2","1381903","57410911","41.55","41.62","41.48","41.61","0.0700","395"
"00709","富邦歐洲","9843","301531","30.65","30.65","30.63","30.65","0.0000","79"
"00710B","復華彭博非投等債","179760","3500021","19.45","19.50","19.45","19.47","0.0300","77"
"00711B","復華彭博新興債","144454","2456905","16.98","17.04","16.98","17.02","-0.0100","115"
"00712","復華富時不動產","34889794","344527717","9.90","9.91","9.86","9.88","-0.1000","9325"
"00713","元大台灣高息低波","8301084","479273439","57.75","57.90","57.60","57.65","0.1000","6504"
"00714","群益道瓊美國地產","259448","5832767","22.51","22.51","22.46","22.48","-0.0700","153"
"00715L","期街口布蘭特正2","59489501","764715584","12.93","13.03","12.67","12.69","-0.6600","9507"
"00717","富邦美國特別股","208755","3459010","16.56","16.60","16.55","16.57","0.0100","163"
"00728","第一金工業30","174914","5753841","32.92","32.95","32.79","32.82","0.1800","156"
"00730","富邦臺灣優質高息","849360","20048033","23.33","23.74","23.33","23.70","0.4000","723"
"00731","復華富時高息低波","814679","60126196","74.00","74.20","73.60","73.75","0.2000","684"
"00733","富邦臺灣中小","1185050","66414392","56.15","56.55","55.55","55.55","-0.4000","1852"
"00735","國泰臺韓科技","320431","10719817","33.42","33.55","33.28","33.48","0.3600","276"
"00736","國泰新興市場","355078","8585795","24.06","24.26","24.06","24.26","0.2200","124"
"00737","國泰AI+Robo","354742","10722817","30.23","30.30","30.19","30.30","0.2300","71"
"00738U","期元大道瓊白銀","1299705","37212480","28.67","28.72","28.55","28.68","-0.0200","417"
"00739","元大MSCI A股","114665","2379224","20.78","21.07","20.55","21.07","0.3600","113"
"00752","中信中國50","14672983","294521035","19.73","20.33","19.69","20.33","0.6000","3122"
"00753L","中信中國50正2","55113281","479850608","8.53","8.98","8.41","8.97","0.4400","5948"
"00757","統一FANG+","4754159","419861613","87.80","88.70","87.80","88.65","1.1500","3748"
"00762","元大全球AI","433306","26706223","61.40","61.85","61.40","61.85","1.3500","657"
"00763U","期街口道瓊銅","393267","10680952","27.24","27.29","27.05","27.29","-0.0100","171"
"00770","國泰北美科技","542532","25549533","47.00","47.17","46.72","47.16","0.6100","460"
"00771","元大US高息特別股","72564","1320598","18.22","18.23","18.18","18.23","0.0500","111"
"00775B","新光投等債15+","803010","28719719","35.76","35.81","35.76","35.78","-0.1800","12"
"00783","富邦中証500","151543","2543529","16.76","17.03","16.68","17.03","0.2300","85"
"00830","國泰費城半導體","19495348","918953771","46.85","47.36","46.77","47.34","1.7000","5906"
"00850","元大臺灣ESG永續","1775724","80886397","45.53","45.73","45.37","45.40","0.3100","1412"
"00851","台新全球AI","51165","2385591","46.61","46.66","46.54","46.54","0.3300","86"
"00852L","國泰美國道瓊正2","238862","6329348","26.45","26.55","26.45","26.54","-0.1400","48"
"00861","元大全球未來通訊","165903","7087133","42.59","42.84","42.59","42.84","0.6700","202"
"00865B","國泰US短期公債","275915","12541598","45.50","45.50","45.39","45.39","-0.0200","127"
"00875","國泰網路資安","157216","5214223","33.08","33.25","33.08","33.25","0.0900","92"
"00876","元大全球5G","350789","13316560","37.75","38.05","37.75","38.05","0.7400","357"
"00878","國泰永續高股息","39971565","919293593","22.94","23.05","22.94","22.95","0.0700","17031"
"00881","國泰台灣5G+","16343186","389344176","23.80","23.91","23.72","23.77","0.1600","6199"
"00882","中信中國高股息","51470821","612212584","11.78","12.00","11.73","12.00","0.2200","9261"
"00885","富邦越南","6240323","76247419","12.17","12.26","12.17","12.22","0.0500","2025"
"00891","中信關鍵半導體","8737041","160786128","18.28","18.46","18.28","18.39","0.2000","2907"
"00892","富邦台灣半導體","4365423","75297070","17.15","17.32","17.15","17.19","0.1900","1207"
"00893","國泰智能電動車","5341606","122027107","22.72","22.93","22.72","22.90","0.4300","1820"
"00894","中信小資高價30","1943420","40572505","20.82","20.97","20.79","20.88","0.3000","596"
"00895","富邦未來車","3495154","101331480","28.90","29.07","28.89","29.05","0.4600","1402"
"00896","中信綠能及電動車","555389","9920983","17.83","17.92","17.78","17.78","0.0600","414"
"00897","富邦基因免疫生技","1040847","8511109","8.18","8.18","8.17","8.18","-0.0400","236"
"00898","國泰基因免疫革命","944871","6951815","7.41","7.41","7.33","7.38","-0.0300","215"
"00899","FT潔淨能源","136034","2259405","16.67","16.67","16.58","16.64","-0.0300","108"
"00900","富邦特選高股息30","6496132","98358562","15.13","15.19","15.09","15.09","0.0000","2288"
"00901","永豐智能車供應鏈","3070232","64453968","20.98","21.05","20.87","20.88","0.1100","451"
"00902","中信電池及儲能","4018305","38269188","9.57","9.59","9.47","9.58","0.0000","828"
"00903","富邦元宇宙","1713647","24035402","13.97","14.07","13.97","14.06","0.1900","350"
"00904","新光臺灣半導體30","1393074","25357138","18.19","18.26","18.15","18.17","0.2600","539"
"00905","FT臺灣Smart","4913290","67923727","13.79","13.87","13.79","13.79","0.0700","1914"
"00907","永豐優息存股","4015433","65582093","16.32","16.41","16.23","16.25","-0.0200","1646"
"00908","富邦入息REITs+","444123","6217401","14.00","14.02","13.95","14.01","0.0000","85"
"00909","國泰數位支付服務","521753","13951671","26.78","26.83","26.69","26.82","0.0400","626"
"00910","第一金太空衛星","80417","1870902","23.20","23.30","23.20","23.30","0.1300","27"
"00911","兆豐洲際半導體","857759","23042306","26.70","27.10","26.50","27.09","0.9700","488"
"00912","中信臺灣智慧50","1230674","24166507","19.61","19.72","19.61","19.63","0.1100","201"
"00913","兆豐台灣晶圓製造","397295","8428790","21.20","21.26","21.12","21.12","0.1600","109"
"00915","凱基優選高股息30","13508149","363225218","26.90","26.94","26.84","26.86","0.0200","6433"
"00916","國泰全球品牌50","163779","3787973","23.11","23.15","23.11","23.12","0.0500","302"
"00917","中信特選金融","495352","10419187","21.04","21.04","21.02","21.03","-0.0500","127"
"00918","大華優利高填息30","18442057","445303428","24.17","24.22","24.03","24.05","-0.0500","6048"
"00919","群益台灣精選高息","62724620","1511151956","24.02","24.17","24.00","24.03","0.0800","23119"
"00920","富邦ESG綠色電力","210054","3236906","15.44","15.44","15.36","15.39","-0.0100","116"
"00921","兆豐龍頭等權重","1937989","35918334","18.51","18.59","18.46","18.47","0.0000","797"
"00922","國泰台灣領袖50","5181937","114726753","22.10","22.21","22.08","22.12","0.1600","2017"
"00923","群益台ESG低碳50","7502387","161551133","21.53","21.60","21.47","21.50","0.1500","2939"
"00924","復華S&P500成長","664705","15328713","22.99","23.11","22.99","23.10","0.1700","561"
"00925","新光標普電動車","428000","7070480","16.52","16.52","16.50","16.52","-0.1300","14"
"00926","凱基全球菁英55","694138","15709857","22.60","22.67","22.60","22.66","0.1200","112"
"00927","群益半導體收益","6187229","119122551","19.20","19.32","19.17","19.18","0.1400","2785"
"00929","復華台灣科技優息","66227853","1271475923","19.15","19.24","19.15","19.17","0.0900","18871"
"00930","永豐ESG低碳高息","4099289","78547385","19.16","19.21","19.08","19.10","0.0400","1172"
"00932","兆豐永續高息等權","3413942","57604694","16.90","16.93","16.78","16.78","-0.0300","965"
"00934","中信成長高股息","9842073","191494985","19.42","19.53","19.39","19.44","0.1300","2932"
"00935","野村臺灣新科技50","5573083","121732354","21.78","21.94","21.75","21.84","0.2400","2082"
"00936","台新永續高息中小","5544252","92022113","16.62","16.66","16.50","16.52","-0.0200","2605"
"00939","統一台灣高息動能","35751995","533004976","14.87","14.94","14.85","14.86","0.0500","6780"
"00940","元大台灣價值高息","122678382","1205539484","9.80","9.86","9.79","9.79","0.0300","19685"
"00941","中信上游半導體","11320596","166760358","14.68","14.79","14.66","14.77","0.3500","2299"
"00943","兆豐電子高息等權","2614617","38769894","14.78","14.87","14.74","14.74","0.0100","652"
"00944","野村趨勢動能高息","2917832","44304001","15.18","15.24","15.07","15.08","-0.0200","727"
"00945B","凱基美國非投等債","11598381","175355186","15.12","15.14","15.11","15.11","-0.0100","1531"
"00946","群益科技高息成長","14492538","142361079","9.80","9.85","9.79","9.79","0.0300","3242"
"00947","台新臺灣IC設計","3156325","44703721","14.13","14.24","14.10","14.13","0.1600","1114"
"00949","復華日本龍頭","5953998","92291749","15.44","15.54","15.44","15.52","0.1300","1438"
"00951","台新日本半導體","8168136","70860877","8.68","8.72","8.63","8.71","0.2300","1202"
"00952","凱基台灣AI50","34173751","344041606","10.05","10.10","10.00","10.01","0.0000","2754"
"00953B","群益優選非投等債","9194476","92202978","10.03","10.04","10.02","10.03","0.0000","1027"
"00954","中信日本半導體","6112377","56003169","9.13","9.21","9.12","9.20","0.2500","547"
"00956","中信日經高股息","1303196","12978778","9.99","9.99","9.93","9.97","-0.0200","254"
"00960","野村全球航運龍頭","118753295","1973417535","15.96","17.46","15.93","16.15","-2.9400","34027"
"01001T","土銀富邦R1","","","","","","","0.0000",""
"01002T","土銀國泰R1","1931000","30912740","16.01","16.03","16.00","16.00","-0.0300","33"
"01004T","土銀富邦R2","197000","2403910","12.21","12.21","12.15","12.20","-0.0100","9"
"01007T","兆豐國泰R2","1000","16200","16.20","16.20","16.20","16.20","0.1900","1"
"01009T","王道圓滿R1","109000","799700","7.45","7.45","7.16","7.45","0.0000","20"
"01010T","京城樂富R1","403000","4030170","9.99","10.01","9.99","10.01","0.0100","42"
"020000","富邦特選蘋果N","86000","1049060","12.17","12.27","12.17","12.19","0.0400","7"
"020011","統一微波高息20N","","","","","","","0.0000",""
"020012","富邦行動通訊N","13000","131820","10.14","10.14","10.14","10.14","0.1000","2"
"020015","統一MSCI美低波N","","","","","","","0.0000",""
"020016","統一MSCI美科技N","","","","","","","0.0000",""
"020018","統一價值成長30N","","","","","","","0.0000",""
"020019","統一特選台灣5GN","","","","","","","0.0000",""
"02001L","富邦蘋果正二N","37000","1007650","27.33","27.42","27.13","27.13","0.2100","13"
"02001R","富邦蘋果反一N","1000","1420","1.42","1.42","1.42","1.42","-0.0100","1"
"02001S","策元大加權策略N","1000","7390","7.39","7.39","7.39","7.39","0.0000","1"
"020020","元大台股領航N","79000","941160","11.90","11.97","11.89","11.92","0.1100","13"
"020028","元大特選電動車N","14000","132750","9.52","9.52","9.46","9.46","-0.0200","7"
"020029","元大ESG高股息N","116000","1067450","9.18","9.24","9.15","9.16","0.0300","20"
"020030","統一智慧電動車N","28000","175360","6.26","6.27","6.26","6.27","0.0300","6"
"020031","統一IC設計臺灣N","41000","232500","5.65","5.70","5.65","5.66","0.0700","13"
"020032","元大綠能N","29000","182500","6.34","6.34","6.28","6.28","0.0200","7"
"020034","元大IC設計N","174000","1340640","7.55","7.75","7.55","7.71","0.1600","39"
"020036","元大金融配息N","","","","","","","0.0000",""
"020037","元大金融高股息N","116000","821380","7.08","7.10","7.07","7.07","0.0500","6"
"020038","元大ESG配息N","32000","253630","7.90","7.97","7.90","7.91","0.0400","13"
"020039","元大加權N","421000","2947890","6.95","7.03","6.95","6.99","0.0400","31"
"1101","台泥","9979334","325609481","32.95","32.95","32.50","32.60","-0.1500","6707"
"1101B","台泥乙特","69086","3248211","47.00","47.10","47.00","47.10","0.0000","17"
"1102","亞泥","14480437","667392567","45.80","46.30","45.75","46.20","0.4000","5937"
"1103","嘉泥","275680","4970059","18.15","18.15","17.90","18.00","-0.0500","254"
"1104","環泥","339558","10467676","30.70","31.00","30.65","30.65","-0.1000","622"
"1108","幸福","180419","2695020","15.00","15.00","14.85","14.90","0.0000","134"
"1109","信大","149388","2771897","18.50","18.65","18.35","18.55","0.1000","106"
"1110","東泥","261016","5678942","21.60","21.95","21.55","21.65","0.0500","163"
"1201","味全","493244","8924304","18.15","18.20","18.00","18.05","0.0000","338"
"1203","味王","33202","1664698","50.00","50.50","49.80","50.00","0.0000","45"
"1210","大成","682286","35133999","51.70","51.70","51.30","51.30","-0.1000","832"
"1213","大飲","21010","251919","12.00","12.05","11.95","12.00","0.0000","11"
"1215","卜蜂","719308","70856917","97.50","98.90","97.50","98.90","1.6000","800"
"1216","統一","7877094","707269726","90.60","90.60","88.80","89.60","-0.1000","4974"
"1217","愛之味","543229","6732453","12.45","12.45","12.35","12.35","-0.0500","278"
"1218","泰山","686347","14057301","20.50","20.60","20.35","20.35","0.0000","355"
"1219","福壽","147258","2527421","17.20","17.20","17.10","17.15","0.0000","132"
"1220","台榮","125012","2049804","16.40","16.45","16.35","16.40","0.0500","60"
"1225","福懋油","147816","20508584","146.50","146.50","132.50","135.00","-11.0000","629"
"1227","佳格","470833","18247603","38.70","38.85","38.65","38.70","0.0500","354"
"1229","聯華","793206","48578701","61.50","61.50","61.00","61.10","0.1000","779"
"1231","聯華食","160018","17399110","109.00","109.50","108.00","108.00","-1.0000","790"
"1232","大統益","76062","11302492","149.00","149.00","148.00","149.00","0.0000","231"
"1233","天仁","23387","772635","33.10","33.20","32.75","32.95","-0.3000","29"
"1234","黑松","84335","3553229","42.00","42.25","42.00","42.20","0.2500","142"
"1235","興泰","18419","2650580","144.00","144.50","143.00","144.00","2.5000","150"
"1236","宏亞","15951","374517","23.50","23.55","23.40","23.45","0.0500","59"
"1256","鮮活果汁-KY","38665","5411346","143.00","143.00","137.00","139.50","-1.5000","265"
"1301","台塑","10267367","516860527","51.00","51.10","50.00","50.10","-0.5000","8049"
"1303","南亞","9650170","419924878","43.80","43.95","43.15","43.50","0.1000","5085"
"1304","台聚","1615963","25041201","15.75","15.80","15.35","15.40","-0.3000","1135"
"1305","華夏","421263","6833298","16.45","16.50","16.00","16.15","-0.2000","372"
"1307","三芳","884052","33389194","37.55","38.35","37.20","37.40","0.3500","797"
"1308","亞聚","623475","11369854","18.50","18.50","18.05","18.05","-0.3500","656"
"1309","台達化","4043870","80247030","20.00","20.20","19.35","19.65","-0.1000","2169"
"1310","台苯","525142","6556294","12.50","12.60","12.40","12.45","0.0500","415"
"1312","國喬","1667966","21704672","13.10","13.15","12.95","12.95","-0.1000","697"
"1312A","國喬特","2000","46500","23.25","23.25","23.25","23.25","0.0000","2"
"1313","聯成","1908890","22156627","11.70","11.80","11.45","11.60","-0.1000","997"
"1314","中石化","13258499","121825474","9.18","9.30","9.15","9.17","-0.0400","4338"
"1315","達新","31203","2198728","70.50","70.80","70.20","70.60","0.1000","36"
"1316","上曜","3080583","52151317","17.25","17.25","16.80","16.85","-0.1500","1421"
"1319","東陽","3883977","423067086","110.00","111.00","106.50","109.00","-0.5000","3126"
"1321","大洋","210232","7790476","37.50","37.50","36.85","36.95","-0.2500","259"
"1323","永裕","70327","1904692","27.20","27.20","26.95","27.20","0.0000","54"
"1324","地球","187550","2520145","13.60","13.60","13.20","13.25","-0.0500","148"
"1325","恆大","186677","5082126","27.15","27.50","27.00","27.10","-0.2000","142"
"1326","台化","5504770","230550689","42.40","42.40","41.55","41.85","-0.1000","3736"
"1337","再生-KY","373343","2659754","7.18","7.18","7.10","7.15","0.0200","413"
"1338","廣華-KY","93686","2949637","31.95","31.95","31.30","31.30","-0.3500","73"
"1339","昭輝","98762","5782667","59.20","59.20","58.20","58.20","-0.6000","110"
"1340","勝悅-KY","182938","1864896","10.35","10.35","10.05","10.25","-0.1000","224"
"1341","富林-KY","9055","611236","67.10","67.80","67.10","67.80","0.4000","18"
"1342","八貫","83740","8187950","98.90","98.90","97.00","97.30","-1.2000","779"
"1402","遠東新","14227133","545398448","38.00","38.85","37.90","38.20","0.4500","5767"
"1409","新纖","2526491","40649668","16.10","16.20","15.95","16.00","0.0000","831"
"1410","南染","56569","2108911","37.40","37.50","37.10","37.45","0.2500","68"
"1413","宏洲","148941","1489642","9.72","10.05","9.71","10.00","-0.0500","40"
"1414","東和","457043","10101389","22.45","22.45","21.90","22.00","-0.1000","300"
"1416","廣豐","206063","2622279","12.85","12.85","12.65","12.65","-0.1000","162"
"1417","嘉裕","303812","3125479","10.30","10.30","10.25","10.30","0.0000","276"
"1418","東華","5153","168512","33.40","33.40","32.50","32.65","-0.0500","15"
"1419","新紡","83921","4139910","49.90","49.90","48.50","49.15","0.5000","97"
"1423","利華","156914","7050430","44.95","45.05","44.85","45.00","0.1500","81"
"1432","大魯閣","254306","4674459","18.30","18.50","18.20","18.35","0.0500","291"
"1434","福懋","910738","18445580","20.25","20.35","20.10","20.20","0.1000","790"
"1435","中福","4098","197037","48.30","48.30","47.90","47.90","1.3000","20"
"1436","華友聯","283208","38240302","136.00","137.50","133.00","135.50","1.0000","614"
"1437","勤益控","95104","3479278","36.80","36.80","36.30","36.45","-0.1000","200"
"1438","三地開發","336882","21267272","63.90","64.10","62.30","62.70","0.1000","275"
"1439","雋揚","41058","1280133","31.90","31.90","30.95","30.95","-0.0500","34"
"1440","南紡","1254045","19979215","15.95","16.05","15.80","15.80","-0.1500","627"
"1441","大東","152570","2493643","16.05","16.70","16.00","16.65","0.5500","127"
"1442","名軒","2313457","157627601","67.50","68.90","67.20","68.40","1.1000","1880"
"1443","立益物流","39986","1319237","33.00","34.00","32.50","32.80","0.1000","41"
"1444","力麗","655735","6129927","9.39","9.43","9.32","9.32","-0.0400","450"
"1445","大宇","202384","3987413","19.95","19.95","19.40","19.40","-0.2500","297"
"1446","宏和","521074","23340369","45.40","45.60","44.35","44.45","-0.4000","406"
"1447","力鵬","1217472","10458032","8.68","8.73","8.50","8.50","-0.1300","774"
"1449","佳和","503092","9406806","18.70","19.25","18.50","18.55","-0.1000","292"
"1451","年興","81107","1616711","20.00","20.00","19.90","19.95","-0.0500","93"
"1452","宏益","47171","798997","16.95","17.00","16.90","16.90","-0.0500","48"
"1453","大將","220401","4047435","18.80","18.80","18.10","18.10","-0.5000","169"
"1454","台富","138864","2540261","18.55","18.55","18.15","18.15","-0.2000","82"
"1455","集盛","620746","6858315","11.15","11.15","10.95","10.95","-0.1500","512"
"1456","怡華","115085","2101305","18.20","18.40","18.20","18.20","0.0000","59"
"1457","宜進","170343","3438697","20.20","20.30","20.10","20.25","0.0500","126"
"1459","聯發","101103","1025822","10.20","10.20","10.05","10.15","0.0000","89"
"1460","宏遠","582937","4182268","7.18","7.20","7.14","7.16","-0.0200","224"
"1463","強盛新","122864","2830880","23.35","23.35","22.95","23.00","-0.1000","113"
"1464","得力","272705","3825998","14.20","14.20","13.95","14.00","-0.0500","199"
"1465","偉全","170402","2600577","15.25","15.40","15.20","15.30","0.0500","124"
"1466","聚隆","64575","831815","12.95","12.95","12.80","12.85","-0.0500","78"
"1467","南緯","236841","2426765","10.30","10.35","10.20","10.25","0.0000","180"
"1468","昶和","51000","728850","14.25","14.40","14.20","14.40","0.2000","39"
"1470","大統新創","46005","1006509","22.10","22.10","21.60","21.70","-0.4000","33"
"1471","首利","259451","3472822","13.40","13.50","13.25","13.30","-0.1000","172"
"1472","三洋實業","18770","1127562","60.00","60.20","60.00","60.10","0.5000","30"
"1473","台南","463024","17186161","37.50","37.60","36.85","36.85","-0.6000","463"
"1474","弘裕","104200","1309410","12.60","12.65","12.50","12.55","-0.0500","179"
"1475","業旺","75260","4627931","61.20","61.80","61.10","61.60","0.4000","71"
"1476","儒鴻","896732","509835341","570.00","573.00","561.00","569.00","0.0000","1169"
"1477","聚陽","3898965","1393183586","367.00","370.00","350.50","352.50","-14.0000","4865"
"1503","士電","4983626","1149667061","232.50","237.00","226.50","227.00","-2.0000","20561"
"1504","東元","4084508","203502627","50.20","50.20","49.50","49.50","-0.2000","3140"
"1506","正道","101101","1543700","15.45","15.45","15.20","15.20","-0.2000","70"
"1512","瑞利","4534","32672","7.20","7.20","7.20","7.20","-0.0500","23"
"1513","中興電","15155758","2682386021","180.00","181.00","173.50","174.00","-1.0000","11159"
"1514","亞力","6095347","775177900","128.00","130.00","124.50","125.00","0.0000","5050"
"1515","力山","474433","17473269","37.15","37.15","36.55","36.65","-0.2500","330"
"1516","川飛","42010","815158","19.50","19.50","19.30","19.30","-0.1500","59"
"1517","利奇","194910","3057864","15.80","15.80","15.55","15.55","-0.0500","170"
"1519","華城","9562397","6452480544","665.00","683.00","662.00","678.00","30.0000","12111"
"1521","大億","22007","852966","38.70","38.90","38.60","38.90","0.1000","24"
"1522","堤維西","3955374","256627831","64.70","65.70","64.20","65.00","0.4000","2692"
"1522A","堤維西甲特","2118","97728","46.10","46.20","46.10","46.20","0.0000","3"
"1524","耿鼎","5255396","190439939","36.60","36.65","35.95","36.15","-0.3500","3817"
"1525","江申","15392","1079482","70.50","70.50","69.30","70.20","-0.2000","25"
"1526","日馳","57191","1651048","28.85","29.00","28.70","28.80","-0.1000","81"
"1527","鑽全","879792","41560995","47.70","48.15","46.40","46.45","-0.8500","908"
"1528","恩德","1079027","15520061","14.70","14.85","14.05","14.10","-0.5500","693"
"1529","樂事綠能","1100473","33103865","30.20","30.80","29.45","29.45","-0.4000","1793"
"1530","亞崴","625698","20783718","34.10","34.40","32.70","32.70","-1.4500","586"
"1531","高林股","115461","1682460","14.60","14.70","14.45","14.45","-0.1000","117"
"1532","勤美","1302974","50831391","39.20","39.25","38.80","38.90","-0.1500","1020"
"1533","車王電","73388","3001505","41.30","41.30","40.75","40.75","-0.4500","100"
"1535","中宇","86815","5349958","62.00","62.00","61.20","61.60","0.2000","198"
"1536","和大","1811938","103850524","58.20","58.30","56.80","57.20","-0.8000","1758"
"1537","廣隆","208999","31696814","154.00","154.00","150.50","152.00","-1.0000","332"
"1538","正峰","4266","77017","17.80","18.25","17.80","18.15","-0.1500","10"
"1539","巨庭","2368557","75542272","33.05","33.05","31.30","31.60","-0.9000","1760"
"1540","喬福","39864342","1935553960","51.80","51.80","46.50","46.50","-3.4500","21662"
"1541","錩泰","103241","3518112","34.75","34.75","33.20","33.30","-0.9500","93"
"1558","伸興","90225","10512569","117.50","117.50","116.00","116.00","-1.5000","116"
"1560","中砂","837724","270009586","323.50","325.00","320.50","323.00","2.0000","2947"
"1563","巧新","322715","20179494","62.60","62.90","62.20","62.20","-0.2000","228"
"1568","倉佑","201250","5870581","29.50","29.50","28.85","29.00","-0.3500","244"
"1582","信錦","1878758","204040253","109.00","110.00","107.50","107.50","-1.0000","1448"
"1583","程泰","68423","4256826","63.20","63.20","61.80","62.40","0.0000","69"
"1587","吉茂","1132202","53460261","45.75","49.20","45.10","46.55","1.2000","969"
"1589","永冠-KY","259413","11417176","44.95","44.95","43.40","43.50","-1.2000","371"
"1590","亞德客-KY","548524","468637990","854.00","869.00","846.00","854.00","0.0000","1020"
"1597","直得","2394698","233401930","99.50","99.80","95.60","96.10","-1.9000","3001"
"1598","岱宇","93870","2667497","28.50","28.60","28.35","28.40","0.0500","103"
"1603","華電","471468","18195809","38.55","39.10","38.00","38.00","-0.4500","452"
"1604","聲寶","416630","11859572","28.50","28.55","28.30","28.40","0.0000","306"
"1605","華新","10911537","367370972","33.60","34.10","33.45","33.45","-0.0500","4985"
"1608","華榮","1803823","59686382","32.70","33.50","32.70","32.70","-0.3500","1248"
"1609","大亞","7286900","371867603","50.70","51.50","50.60","50.60","0.1000","5567"
"1611","中電","817874","14339021","17.70","17.70","17.35","17.40","-0.1500","391"
"1612","宏泰","883586","30451383","34.55","34.75","34.10","34.10","-0.4500","712"
"1614","三洋電","67798","2756863","40.65","40.75","40.50","40.60","-0.0500","68"
"1615","大山","191394","12336663","65.10","65.30","63.80","63.80","-0.8000","187"
"1616","億泰","495052","10097411","20.40","20.60","20.20","20.35","0.0000","337"
"1617","榮星","377582","8134310","21.75","21.75","21.35","21.40","-0.1000","237"
"1618","合機","3370624","162168381","47.45","48.95","46.90","47.40","0.4000","2350"
"1626","艾美特-KY","558355","9450468","16.75","17.25","16.65","16.90","0.1500","400"
"1702","南僑","300879","16145844","53.40","53.90","53.40","53.50","0.2000","248"
"1707","葡萄王","140136","20135947","143.50","144.50","143.00","144.00","0.5000","193"
"1708","東鹼","2740772","110004853","39.80","40.70","39.60","39.75","-0.4000","1510"
"1709","和益","2446154","60249417","25.00","25.10","24.25","24.25","-0.5000","1523"
"1710","東聯","929894","16968641","18.30","18.35","18.15","18.20","0.0000","597"
"1711","永光","13980689","367709239","26.55","26.85","26.00","26.00","-0.6500","7023"
"1712","興農","366542","15712234","43.30","43.30","42.70","42.80","-0.1000","473"
"1713","國化","106105","5782983","54.50","55.30","54.00","54.20","-0.6000","78"
"1714","和桐","1757875","15566961","8.89","8.93","8.81","8.83","-0.0400","740"
"1717","長興","10318079","345312736","33.00","33.95","32.90","32.95","0.0000","5004"
"1718","中纖","2638109","22026902","8.40","8.43","8.29","8.33","0.0000","1125"
"1720","生達","280842","18107973","64.70","65.00","64.30","64.50","0.0000","324"
"1721","三晃","6710590","169828554","26.50","26.50","24.30","24.45","-1.1000","3718"
"1722","台肥","961341","55994725","58.80","58.80","58.00","58.00","-0.3000","714"
"1723","中碳","243970","24729106","102.00","102.00","100.50","101.00","-1.0000","292"
"1725","元禎","167925","7092165","42.30","42.90","41.90","42.10","-0.2000","146"
"1726","永記","30463","2413084","79.00","79.50","79.00","79.50","0.6000","40"
"1727","中華化","5355446","211906736","40.35","40.55","38.80","38.80","-0.9500","3449"
"1730","花仙子","30071","1595073","53.20","53.20","53.00","53.00","-0.1000","57"
"1731","美吾華","189607","4508066","23.85","23.90","23.65","23.70","-0.2000","138"
"1732","毛寶","96072","2647987","27.70","27.70","27.50","27.50","-0.2000","84"
"1733","五鼎","133677","3941269","29.55","29.75","29.25","29.35","-0.2500","110"
"1734","杏輝","181663","5953096","32.85","32.90","32.70","32.70","0.0000","166"
"1735","日勝化","989612","25566186","25.25","26.75","24.90","24.95","-0.1500","860"
"1736","喬山","2840485","413197466","137.00","147.00","137.00","147.00","13.0000","1903"
"1737","臺鹽","86559","3036733","35.05","35.15","35.05","35.05","0.0000","162"
"1752","南光","85376","3800623","44.50","44.90","44.30","44.40","-0.0500","152"
"1760","寶齡富錦","107250","9598709","90.40","90.40","89.00","89.10","-1.5000","520"
"1762","中化生","66673","2814489","42.40","42.45","41.95","42.05","-0.4000","237"
"1773","勝一","800760","142918089","183.00","183.00","176.00","176.00","-7.0000","1951"
"1776","展宇","1619996","39117146","24.10","25.30","23.50","23.55","-0.3500","1367"
"1783","和康生","57885","2483934","43.55","43.55","42.50","42.50","-0.7000","81"
"1786","科妍","450794","57711192","131.00","131.00","126.50","126.50","-3.0000","500"
"1789","神隆","380316","9677971","25.65","25.65","25.25","25.25","-0.3000","346"
"1795","美時","1847330","496839535","272.00","272.50","267.00","267.50","-3.5000","2316"
"1802","台玻","2113849","34315306","16.40","16.40","16.15","16.15","-0.0500","894"
"1805","寶徠","1297575","28806151","22.20","22.20","22.20","22.20","2.0000","407"
"1806","冠軍","824137","9535342","11.50","11.65","11.40","11.45","-0.1000","360"
"1808","潤隆","23600061","1287574749","54.00","57.80","53.00","53.50","0.0000","15219"
"1809","中釉","1641991","36479531","22.00","22.55","22.00","22.15","0.1000","1039"
"1810","和成","515485","9712089","19.05","19.05","18.65","18.80","-0.2000","406"
"1817","凱撒衛","143545","6070098","42.05","42.50","42.00","42.15","0.1000","139"
"1903","士紙","307012","17241058","56.50","56.80","55.40","56.50","0.0000","339"
"1904","正隆","1723674","42153022","24.40","24.65","24.30","24.35","0.0000","1058"
"1905","華紙","4245426","89223860","20.60","21.25","20.60","21.00","0.6000","2253"
"1906","寶隆","94505","1455100","15.35","15.40","15.30","15.40","0.0500","105"
"1907","永豐餘","2287883","73292956","31.75","32.20","31.75","31.90","0.4500","1413"
"1909","榮成","1367224","18678581","13.70","13.75","13.50","13.55","-0.1000","586"
"2002","中鋼","19141563","417539677","21.95","21.95","21.70","21.75","-0.1000","7087"
"2002A","中鋼特","10012","425862","42.60","42.60","42.50","42.55","0.0500","12"
"2006","東和鋼鐵","1868635","143661646","77.20","77.80","76.40","76.40","-0.4000","1405"
"2007","燁興","450936","4579823","10.25","10.25","10.05","10.20","0.1000","241"
"2008","高興昌","69926","2238656","32.35","32.55","31.85","31.90","-0.0500","49"
"2009","第一銅","2969195","135584329","46.00","46.55","45.05","45.05","-0.6500","2352"
"2010","春源","554219","9890283","18.00","18.00","17.75","17.85","0.0500","379"
"2012","春雨","72085","1864999","25.95","26.05","25.65","25.85","0.0000","75"
"2013","中鋼構","65569","3518817","53.50","54.00","53.40","53.80","0.5000","95"
"2014","中鴻","5046719","98557309","19.30","19.65","19.30","19.50","0.2500","2553"
"2015","豐興","333663","27757106","83.10","83.50","82.80","83.00","0.0000","291"
"2017","官田鋼","367069","4548365","12.55","12.55","12.30","12.30","-0.0500","384"
"2020","美亞","592992","17209378","29.10","29.25","28.85","28.85","0.0000","452"
"2022","聚亨","728225","7190864","9.91","10.00","9.82","9.84","-0.0700","412"
"2023","燁輝","692140","10536448","15.35","15.35","15.10","15.10","-0.1500","495"
"2024","志聯","32073","665611","20.55","21.00","20.50","20.90","0.5000","24"
"2025","千興","1456654","16980657","11.40","11.85","11.40","11.60","0.2000","623"
"2027","大成鋼","6162591","207850553","34.10","34.20","33.55","33.60","-0.1000","2796"
"2028","威致","85538","2089111","24.70","24.70","24.25","24.30","-0.0500","85"
"2029","盛餘","144659","3644826","25.20","25.35","25.10","25.15","0.0000","110"
"2030","彰源","143515","2473157","17.25","17.35","17.15","17.15","-0.0500","111"
"2031","新光鋼","627507","36858892","59.10","59.20","58.30","58.60","-0.3000","565"
"2032","新鋼","70455","1081298","15.45","15.50","15.25","15.30","0.0000","63"
"2033","佳大","647096","14292026","22.65","22.65","21.25","22.55","0.5000","401"
"2034","允強","528472","12534858","23.70","23.80","23.65","23.75","0.1500","344"
"2038","海光","223096","3944095","17.80","17.80","17.50","17.50","-0.2000","259"
"2049","上銀","1781912","379059241","216.00","216.00","211.00","211.00","-5.0000","13743"
"2059","川湖","490343","574863150","1175.00","1185.00","1160.00","1170.00","10.0000","971"
"2062","橋椿","16864117","707816009","41.30","43.45","40.60","40.90","-0.1000","10232"
"2069","運錩","697458","13448064","19.70","19.70","18.95","19.00","-0.4500","513"
"2101","南港","2038663","99427298","49.00","49.35","48.40","48.45","-0.2000","1206"
"2102","泰豐","391367","8553697","22.05","22.15","21.65","21.85","0.0000","335"
"2103","台橡","652439","15122474","23.25","23.40","23.00","23.10","-0.0500","518"
"2104","國際中橡","751464","11905331","15.90","15.95","15.75","15.75","-0.0500","518"
"2105","正新","5220138","258739575","49.75","49.80","49.30","49.40","-0.0500","3040"
"2106","建大","994783","30059279","30.25","30.50","30.10","30.20","0.0500","646"
"2107","厚生","166097","4277435","25.65","25.90","25.60","25.75","-0.0500","158"
"2108","南帝","365029","13577858","37.50","37.65","36.85","37.15","-0.2500","290"
"2109","華豐","252432","4816694","19.10","19.25","19.00","19.00","-0.1000","178"
"2114","鑫永銓","77963","7430667","95.80","95.80","95.00","95.30","-0.5000","115"
"2115","六暉-KY","68233","2130064","31.15","31.30","31.15","31.25","0.1500","62"
"2201","裕隆","3904092","227867751","58.70","59.30","57.80","58.00","-0.4000","3816"
"2204","中華","1936023","137290457","71.50","71.80","70.50","70.50","-0.5000","1829"
"2206","三陽工業","711584","53186771","74.60","75.20","74.50","74.60","0.2000","821"
"2207","和泰車","379575","266116090","697.00","704.00","697.00","703.00","12.0000","915"
"2208","台船","1467676","25619759","17.60","17.60","17.35","17.35","-0.1500","836"
"2211","長榮鋼","416311","50350461","122.00","122.00","120.50","120.50","-0.5000","420"
"2227","裕日車","57777","6758175","116.00","118.00","115.50","118.00","2.0000","118"
"2228","劍麟","2505740","297601020","121.00","121.00","117.00","117.50","-3.5000","2186"
"2231","為升","293667","29011766","98.50","99.50","97.80","97.80","-0.5000","598"
"2233","宇隆","1218644","210434073","175.00","177.00","169.00","170.00","-3.5000","2276"
"2236","百達-KY","317539","35214631","112.00","114.00","109.50","109.50","-1.0000","210"
"2239","英利-KY","48264","2089621","43.00","43.50","42.85","43.30","0.0500","48"
"2241","艾姆勒","615920","19123906","31.65","31.70","30.65","30.70","-0.9000","523"
"2243","宏旭-KY","3915651","103029083","27.30","27.30","25.60","25.65","-1.7500","2416"
"2247","汎德永業","80777","23539869","291.50","292.50","290.50","291.00","-1.5000","239"
"2250","IKKA-KY","275215","28877422","108.00","108.00","103.00","103.00","-3.5000","267"
"2254","巨鎧精密-創","367682","32261764","87.20","91.00","84.40","87.60","-0.7000","121"
"2258","鴻華先進-創","458000","21043600","45.90","46.30","45.60","45.70","-0.0500","249"
"2301","光寶科","7733610","776723975","101.50","102.00","99.50","100.00","-0.5000","3655"
"2302","麗正","680218","12354820","18.50","18.60","17.80","17.80","-0.5000","402"
"2303","聯電","47535593","2609714296","54.90","55.10","54.70","54.90","0.4000","11632"
"2305","全友","401702","8320363","20.70","21.00","20.40","20.40","-0.1500","261"
"2308","台達電","7444086","2955765227","394.00","399.00","394.00","396.00","-2.0000","7112"
"2312","金寶","44426349","974993571","21.65","22.85","21.30","21.30","0.0000","17412"
"2313","華通","16714289","1183939346","71.40","71.70","70.30","70.50","-0.3000","8600"
"2314","台揚","477679","14283019","30.20","30.20","29.80","29.85","0.0000","476"
"2316","楠梓電","1332336","62850101","47.80","48.10","46.55","46.55","-0.9500","1565"
"2317","鴻海","65944758","12542370088","192.00","193.00","188.50","189.50","1.0000","64177"
"2321","東訊","14274","207979","14.80","15.40","14.10","15.25","0.7500","25"
"2323","中環","9165801","112223524","12.15","12.40","12.15","12.25","0.1500","2582"
"2324","仁寶","12897925","432201903","34.00","34.10","33.30","33.30","-0.6000","4662"
"2327","國巨","4212029","2756444446","660.00","662.00","648.00","652.00","7.0000","6676"
"2328","廣宇","759074","26920954","35.70","35.85","35.05","35.05","-0.5000","886"
"2329","華泰","2572208","104151191","40.75","41.00","40.00","40.00","-0.7500","2971"
"2330","台積電","41691810","42165687415","1010.00","1015.00","1005.00","1015.00","10.0000","78652"
"2331","精英","2173054","54934418","25.25","25.60","25.00","25.00","-0.2000","1192"
"2332","友訊","1851919","35833916","19.65","19.65","19.15","19.15","-0.3500","1211"
"2337","旺宏","12523364","338515489","26.90","27.35","26.75","26.80","0.3500","5737"
"2338","光罩","985634","57351037","58.50","58.70","57.40","57.80","-0.3000","913"
"2340","台亞","1990337","75105999","37.90","38.40","37.10","37.25","-0.1500","1825"
"2342","茂矽","783740","26335740","33.70","33.95","33.15","33.15","-0.2000","669"
"2344","華邦電","48246898","1028130007","21.50","21.75","20.90","20.90","0.1500","16479"
"2345","智邦","6949511","3757244326","546.00","555.00","530.00","532.00","-18.0000","6887"
"2347","聯強","7632043","549612131","73.40","73.40","71.60","71.60","-1.1000","4547"
"2348","海悅","2160854","381908145","183.00","183.50","174.00","176.00","-6.0000","3753"
"2348A","海悅甲特","10031","344618","34.10","34.45","34.10","34.40","-0.3000","8"
"2349","錸德","15456237","254948987","16.50","16.95","16.25","16.30","-0.1000","5709"
"2351","順德","3704510","572555321","159.50","159.50","152.50","154.50","-2.5000","2719"
"2352","佳世達","4784844","180037788","37.80","37.90","37.30","37.45","-0.1000","3160"
"2353","宏碁","13262785","558887272","42.45","42.80","41.80","41.85","-0.1500","5016"
"2354","鴻準","11481561","773837355","67.40","68.30","66.50","66.60","0.2000","7970"
"2355","敬鵬","3846282","163124304","43.60","43.60","41.65","41.80","-1.1500","3113"
"2356","英業達","17773069","779836831","44.30","44.50","43.40","43.65","-0.2000","9230"
"2357","華碩","4383756","2531579069","583.00","589.00","572.00","575.00","-11.0000","6140"
"2359","所羅門","4327985","665854888","156.00","157.00","151.50","153.00","-2.0000","5359"
"2360","致茂","2351112","876459973","375.00","382.50","365.50","370.00","-2.5000","2514"
"2362","藍天","22099638","1316263183","61.30","61.80","57.20","57.60","-1.4000","12297"
"2363","矽統","26597097","1828815842","64.80","70.60","64.60","70.60","6.4000","17322"
"2364","倫飛","728463","73936347","104.00","104.50","99.10","99.90","-4.1000","970"
"2365","昆盈","16558352","910506508","56.00","56.30","54.20","54.70","-0.4000","9994"
"2367","燿華","19847120","696164810","35.30","35.75","34.25","34.50","-0.4000","11514"
"2368","金像電","2637000","538755476","206.00","208.00","202.00","203.00","-4.0000","2779"
"2369","菱生","867672","16706382","19.30","19.50","19.05","19.10","-0.1000","558"
"2371","大同","25953026","1300616282","48.80","50.80","48.80","50.00","1.6500","15117"
"2373","震旦行","83102","5742186","68.70","69.50","68.70","69.40","0.8000","131"
"2374","佳能","2420065","115037498","48.00","48.20","46.90","46.90","-0.6500","1875"
"2375","凱美","289855","19786453","68.50","69.30","67.30","67.50","0.3000","305"
"2376","技嘉","5716483","1506757071","264.00","265.00","261.50","263.50","0.5000","13806"
"2377","微星","2413326","422231510","177.50","178.00","173.00","173.50","-3.5000","2199"
"2379","瑞昱","2925232","1440922810","487.00","495.50","487.00","491.00","1.0000","4085"
"2380","虹光","101568","651035","6.58","6.58","6.31","6.41","-0.0200","103"
"2382","廣達","27630050","7608625477","277.50","278.00","272.50","275.50","3.0000","37994"
"2383","台光電","5372639","2524162040","475.00","478.00","465.50","466.00","-7.0000","5451"
"2385","群光","5859227","990621907","169.50","171.00","167.50","168.50","1.5000","7853"
"2387","精元","466050","26516839","57.30","57.60","56.60","56.60","-0.6000","389"
"2388","威盛","41517342","5752100401","131.00","140.00","130.50","138.50","11.0000","16870"
"2390","云辰","666138","8902530","13.50","13.65","13.20","13.20","-0.3000","577"
"2392","正崴","2453903","161357947","66.20","66.80","64.70","64.80","-0.8000","2258"
"2393","億光","2769726","216741163","80.00","80.00","77.20","77.40","-1.7000","2377"
"2395","研華","1204726","407960951","341.00","343.00","334.50","338.50","2.0000","1352"
"2397","友通","378276","30068917","80.30","80.40","78.90","79.00","-0.7000","363"
"2399","映泰","22406481","691799290","31.90","32.00","30.25","30.40","-1.2500","10976"
"2401","凌陽","10433056","334915800","31.30","32.70","31.30","31.75","0.7500","6187"
"2402","毅嘉","7442172","317894043","42.90","43.25","42.30","42.40","-0.6000","5675"
"2404","漢唐","953040","314136315","329.50","332.00","324.50","330.00","6.0000","1935"
"2405","輔信","3119369","63090875","20.35","20.45","19.95","19.95","-0.1500","1532"
"2406","國碩","2265835","45081587","19.80","20.20","19.55","19.55","-0.1000","1222"
"2408","南亞科","27026753","1303944220","50.00","50.10","47.30","47.30","0.0000","13743"
"2409","友達","73772475","1275829934","17.25","17.70","16.90","17.10","0.1500","12680"
"2412","中華電","7343559","931855467","127.00","127.00","126.50","127.00","0.5000","4387"
"2413","環科","69745","1461963","21.05","21.40","20.90","20.95","0.0500","77"
"2414","精技","85832","3034106","35.10","35.50","35.10","35.40","0.4000","113"
"2415","錩新","2929550","101801800","34.75","34.75","34.75","34.75","3.1500","1242"
"2417","圓剛","1256319","57961275","46.65","46.80","45.70","45.80","-0.3500","1420"
"2419","仲琦","812886","25473996","31.70","31.85","31.00","31.00","-0.3000","624"
"2420","新巨","1069210","80182911","76.50","76.90","74.00","74.20","-1.3000","1188"
"2421","建準","1383736","132721142","96.90","97.00","95.00","95.00","-1.0000","3102"
"2423","固緯","300150","11859780","40.00","40.25","38.90","38.90","-1.0500","263"
"2424","隴華","61635","3922304","65.90","65.90","62.70","62.70","-3.2000","74"
"2425","承啟","4841249","218996798","46.60","46.80","44.00","44.10","-1.7500","3231"
"2426","鼎元","5359503","124492397","23.85","24.00","22.65","22.75","-1.2500","3254"
"2427","三商電","677217","17642809","26.40","26.50","25.75","25.75","-0.6000","504"
"2428","興勤","446645","80227308","179.00","182.50","177.50","178.00","-0.5000","2434"
"2429","銘旺科","529016","15468111","29.70","29.90","28.80","28.80","-0.9000","343"
"2430","燦坤","62902","2137473","34.00","34.00","33.85","34.00","0.0500","85"
"2431","聯昌","490653","6546665","13.25","13.50","13.20","13.25","0.1000","306"
"2432","倚天酷碁-創","8000","279950","35.00","35.00","34.95","35.00","0.0000","8"
"2433","互盛電","50055","2532681","51.10","51.10","50.30","50.30","-0.7000","61"
"2434","統懋","9464","307056","32.55","32.55","32.10","32.10","-0.8000","10"
"2436","偉詮電","22331264","1515408120","69.10","69.80","65.70","66.80","-1.1000","16866"
"2438","翔耀","257660","12588695","50.00","50.00","48.20","48.70","-0.8500","249"
"2439","美律","3468777","462895791","135.00","135.50","131.50","131.50","-2.5000","3036"
"2440","太空梭","319807","4670379","14.75","14.80","14.50","14.50","-0.2500","159"
"2441","超豐","536742","31232423","58.60","58.60","57.80","57.80","-0.5000","466"
"2442","新美齊","1383116","38048092","27.75","28.00","27.25","27.40","-0.0500","976"
"2444","兆勁","1393786","20918813","14.50","15.30","14.50","14.60","0.1500","658"
"2449","京元電子","19212428","2187669717","113.00","116.00","112.00","112.50","0.0000","11302"
"2450","神腦","82496","2951733","35.80","35.90","35.65","35.90","0.2500","84"
"2451","創見","2214378","224227274","101.50","103.50","99.50","101.00","0.5000","1799"
"2453","凌群","500297","27640051","55.90","56.00","54.40","54.60","-1.2000","857"
"2454","聯發科","9967330","12562372950","1235.00","1280.00","1230.00","1270.00","45.0000","21463"
"2455","全新","14576562","2463280604","172.00","173.00","165.50","168.50","-3.0000","17626"
"2457","飛宏","3955646","163037595","40.50","41.70","40.45","41.15","1.1000","3636"
"2458","義隆","2033531","296977970","146.50","148.00","144.50","144.50","0.0000","1568"
"2459","敦吉","16796","1196604","71.20","71.50","70.90","71.30","0.3000","38"
"2460","建通","358383","10667603","30.10","30.30","29.35","29.60","-0.6500","341"
"2461","光群雷","300104","6683464","22.45","22.45","22.10","22.25","-0.0500","195"
"2462","良得電","137345","4367652","31.80","31.95","31.60","31.60","-0.2000","122"
"2464","盟立","7709709","644944018","84.90","85.40","82.40","82.90","-1.3000","7809"
"2465","麗臺","333751","30421925","92.00","92.60","90.10","90.10","-1.9000","825"
"2466","冠西電","32558","1149458","35.20","35.80","35.00","35.80","0.9000","38"
"2467","志聖","2831943","631635730","224.00","229.00","219.00","222.00","-0.5000","7222"
"2468","華經","125202","2957623","23.80","23.90","23.35","23.35","-0.3500","112"
"2471","資通","78328","3914408","49.75","50.30","49.65","49.85","0.1000","96"
"2472","立隆電","1202619","92312251","76.50","77.50","75.60","75.70","0.1000","843"
"2474","可成","3256584","774289937","238.00","240.00","235.00","237.50","1.5000","2584"
"2476","鉅祥","1426922","134479851","95.20","96.30","93.00","93.00","-2.0000","1941"
"2477","美隆電","3102406","94743460","30.60","31.35","29.70","29.70","-0.7000","1785"
"2478","大毅","428159","23151124","53.80","54.50","53.20","53.20","0.0000","421"
"2480","敦陽科","128139","15837769","123.50","124.00","123.00","124.00","0.5000","212"
"2481","強茂","5765497","347070583","60.30","61.40","59.10","59.10","-0.7000","5476"
"2482","連宇","443620","13843899","32.00","32.05","30.75","30.90","-0.7000","395"
"2483","百容","72300","1723722","23.90","23.95","23.70","23.80","-0.0500","64"
"2484","希華","199236","5893130","29.75","29.75","29.45","29.55","-0.0500","200"
"2485","兆赫","445155","7983795","18.10","18.15","17.80","17.90","-0.0500","369"
"2486","一詮","29060361","2930693598","95.80","103.50","95.10","100.50","5.6000","18478"
"2488","漢平","347381","16968228","48.55","49.15","48.55","48.75","0.2000","326"
"2491","吉祥全","62828","860767","13.90","13.90","13.40","13.80","0.0000","60"
"2492","華新科","4014171","444613566","112.00","113.00","109.00","109.50","0.5000","2738"
"2493","揚博","90992","8085298","89.70","89.70","88.10","88.30","-0.9000","143"
"2495","普安","6266849","218078508","34.80","35.20","34.40","35.15","0.2500","3761"
"2496","卓越","19068","1456711","76.70","76.90","76.20","76.30","-0.4000","22"
"2497","怡利電","15462671","1352144188","88.80","90.30","85.40","85.40","-2.5000","12606"
"2498","宏達電","6431930","289217079","44.60","45.80","44.20","44.20","0.2000","3876"
"2501","國建","1767913","44671703","25.50","25.60","25.10","25.10","-0.2500","1298"
"2504","國產","4405744","229187017","52.40","52.40","51.40","52.40","0.3000","2735"
"2505","國揚","306556","7077150","23.40","23.50","22.90","22.90","-0.2000","249"
"2506","太設","289780","3201830","11.05","11.10","11.00","11.05","0.0500","167"
"2509","全坤建","244824","4926110","20.30","20.35","19.95","20.00","-0.1000","228"
"2511","太子","1201694","12844466","10.75","10.80","10.60","10.60","-0.1000","557"
"2514","龍邦","324623","6557292","20.25","20.40","20.00","20.00","-0.1500","215"
"2515","中工","6031565","73168469","12.25","12.30","12.05","12.05","-0.1000","2312"
"2516","新建","364371","4341838","11.95","12.10","11.85","11.90","-0.0500","113"
"2520","冠德","3160544","153076365","48.50","48.90","48.20","48.30","0.2500","1992"
"2524","京城","3380195","336629816","103.00","104.50","97.10","98.50","-3.5000","2563"
"2527","宏璟","300712","10070823","33.25","33.85","33.25","33.50","0.3500","276"
"2528","皇普","548624","21930455","40.25","40.55","39.65","39.85","0.3000","302"
"2530","華建","1040014","41142575","39.05","40.00","39.05","40.00","0.9500","650"
"2534","宏盛","612074","15606181","25.60","25.80","25.35","25.50","0.0000","432"
"2535","達欣工","415101","20966594","50.40","50.90","50.30","50.30","-0.1000","368"
"2536","宏普","235336","7224725","30.95","31.30","30.50","30.60","-0.2000","192"
"2537","聯上發","2272224","38907991","17.20","17.40","16.95","17.05","0.0500","1165"
"2538","基泰","582714","10115450","17.25","17.55","17.25","17.25","0.1500","324"
"2539","櫻花建","1255475","63924593","50.50","51.50","50.50","51.00","0.6000","827"
"2540","愛山林","1567932","168420343","110.00","111.00","106.00","106.00","-2.5000","1703"
"2542","興富發","13424616","615353963","46.00","46.30","45.40","45.40","0.0000","10783"
"2543","皇昌","19339660","1565578323","76.90","82.80","76.60","81.70","5.8000","12070"
"2545","皇翔","629887","36390450","58.50","58.70","57.20","57.20","-0.8000","611"
"2546","根基","188070","14070935","74.30","75.90","74.30","74.80","0.4000","312"
"2547","日勝生","1244885","12737917","10.30","10.35","10.15","10.20","-0.0500","411"
"2548","華固","806296","107526958","133.50","134.00","132.50","134.00","1.5000","1101"
"2597","潤弘","246385","35450077","143.00","145.00","143.00","144.00","1.0000","312"
"2601","益航","2150453","16040282","7.47","7.55","7.37","7.37","-0.0900","1080"
"2603","長榮","49181075","10334129594","210.50","214.50","205.00","206.00","-3.5000","33041"
"2605","新興","10634470","293456729","27.60","27.90","27.30","27.45","0.0000","4692"
"2606","裕民","5396843","290930380","54.00","54.70","53.20","53.40","-0.4000","4355"
"2607","榮運","1829281","57288919","31.45","31.65","31.05","31.05","-0.2500","1148"
"2608","嘉里大榮","182785","7265344","39.70","39.95","39.50","39.85","0.2500","314"
"2609","陽明","208712759","15178910055","70.70","74.90","70.30","70.90","0.5000","122147"
"2610","華航","22445774","486453753","21.70","21.80","21.50","21.70","0.1000","6251"
"2611","志信","1389509","34151197","24.60","24.85","24.15","24.15","-0.3000","1020"
"2612","中航","458208","20273251","44.10","44.65","43.60","43.95","0.0000","387"
"2613","中櫃","24835215","963770314","36.60","40.00","36.60","38.80","2.3000","15133"
"2614","東森","322950","6228097","19.30","19.35","19.20","19.20","-0.0500","377"
"2615","萬海","134186082","13846040998","100.50","106.00","100.00","102.00","2.3000","80127"
"2616","山隆","86630","1781303","20.55","20.65","20.50","20.55","0.0000","185"
"2617","台航","1255171","40642750","32.70","32.75","32.00","32.05","-0.4500","884"
"2618","長榮航","43838372","1641522566","37.70","37.90","37.10","37.30","-0.4000","17435"
"2630","亞航","1109330","39273504","35.75","35.80","35.20","35.35","-0.5000","1015"
"2633","台灣高鐵","1854872","55000770","29.80","29.80","29.55","29.65","-0.0500","1076"
"2634","漢翔","2627005","128729332","49.10","49.60","48.65","48.80","0.0500","1694"
"2636","台驊控股","3443396","313752042","90.40","92.60","89.30","89.70","0.5000","3042"
"2637","慧洋-KY","4918596","353180637","72.20","73.40","70.60","70.60","-1.2000","5456"
"2642","宅配通","43229","1484295","34.35","34.40","34.20","34.30","-0.0500","198"
"2645","長榮航太","377335","36914009","98.40","98.40","97.30","97.30","-0.7000","470"
"2701","萬企","61780","787705","12.75","12.80","12.65","12.70","0.0000","74"
"2702","華園","48768","865933","17.80","17.85","17.65","17.75","0.0000","99"
"2704","國賓","158203","9909619","62.50","63.10","62.10","62.10","-0.3000","236"
"2705","六福","249297","4469362","18.00","18.05","17.80","17.95","0.0000","296"
"2706","第一店","142957","2144041","15.00","15.05","14.90","15.00","0.0500","163"
"2707","晶華","123203","24949224","202.00","203.00","202.00","202.50","-0.5000","513"
"2712","遠雄來","16001","422926","26.35","26.50","26.25","26.50","-0.0500","15"
"2722","夏都","157497","6896182","42.90","46.00","42.65","44.80","2.2000","220"
"2723","美食-KY","173194","14708573","85.80","85.80","84.30","84.90","0.0000","300"
"2727","王品","342678","76211625","221.50","223.00","221.00","223.00","1.0000","3501"
"2731","雄獅","939051","122927146","133.00","133.50","130.00","130.50","-2.0000","855"
"2739","寒舍","339054","19464957","57.60","58.00","56.90","56.90","-0.5000","367"
"2748","雲品","394138","23808623","60.50","61.20","59.00","60.80","1.0000","375"
"2753","八方雲集","90409","13579315","150.00","151.00","149.50","150.00","-0.5000","143"
"2762","世界健身-KY","186874","17374790","92.60","93.90","92.40","92.40","-1.0000","241"
"2801","彰銀","19331546","345820601","18.00","18.00","17.75","17.90","-0.1000","4591"
"2809","京城銀","2968777","168450332","56.60","57.30","55.90","56.90","0.3000","1995"
"2812","台中銀","2943300","54199073","18.45","18.50","18.35","18.35","-0.0500","1535"
"2816","旺旺保","430505","14155941","33.00","33.40","32.60","32.60","-0.2000","310"
"2820","華票","672970","10094568","15.05","15.05","14.95","14.95","-0.0500","266"
"2832","台產","154094","4344691","28.10","28.30","28.10","28.10","0.0000","123"
"2834","臺企銀","15591857","249100498","16.00","16.05","15.85","16.00","0.0000","8080"
"2836","高雄銀","856855","10266425","12.00","12.05","11.95","11.95","0.0000","575"
"2836A","高雄銀甲特","20122","422523","21.10","21.10","20.95","20.95","-0.4500","13"
"2838","聯邦銀","1394249","21571772","15.50","15.55","15.40","15.40","-0.0500","745"
"2838A","聯邦銀甲特","165000","8597000","52.10","52.20","52.10","52.20","0.0000","28"
"2845","遠東銀","7172052","99624738","13.85","13.95","13.85","13.85","0.0500","1624"
"2849","安泰銀","223138","3388039","15.00","15.25","15.00","15.20","0.0500","148"
"2850","新產","217766","20495061","94.50","94.80","93.80","94.40","-0.1000","285"
"2851","中再保","603234","15611983","25.85","25.95","25.80","25.80","0.0000","412"
"2852","第一保","160630","3647007","22.60","22.80","22.60","22.65","-0.0500","138"
"2855","統一證","1080073","28997417","26.95","27.05","26.70","26.75","-0.2000","943"
"2867","三商壽","9706707","74126744","7.64","7.70","7.59","7.59","-0.0300","2619"
"2880","華南金","12880888","335187188","26.10","26.15","25.90","26.00","0.0000","4382"
"2881","富邦金","15731450","1467280981","93.60","93.80","92.80","93.00","-0.3000","11419"
"2881A","富邦特","67579","4178433","61.90","61.90","61.80","61.90","0.0000","40"
"2881B","富邦金乙特","25250","1510374","59.80","59.90","59.80","59.90","0.0000","27"
"2881C","富邦金丙特","33803","1765463","52.20","52.30","52.20","52.30","0.1000","83"
"2882","國泰金","44547365","3036206508","67.60","68.60","67.40","68.30","1.2000","17232"
"2882A","國泰特","34480","2079240","60.30","60.40","60.30","60.30","0.0000","19"
"2882B","國泰金乙特","90691","5162789","56.90","57.50","56.80","57.50","0.7000","57"
"2883","開發金","47637072","787403880","16.55","16.60","16.45","16.55","0.1000","7955"
"2883B","開發金乙特","1265757","9466882","7.49","7.50","7.45","7.49","0.0000","226"
"2884","玉山金","15440249","442328594","28.70","28.75","28.50","28.65","0.1500","7769"
"2885","元大金","15892924","503397982","32.00","32.00","31.50","31.50","-0.3000","5665"
"2886","兆豐金","15883097","634474468","40.00","40.00","39.70","40.00","0.1500","6166"
"2887","台新金","38926301","712701102","18.40","18.45","18.20","18.40","0.0000","12817"
"2887E","台新戊特","186167","9533031","51.20","51.30","51.20","51.30","0.1000","26"
"2887F","台新戊特二","4048","186556","46.10","46.10","46.05","46.10","0.0500","6"
"2887Z1","台新己特","7372","118354","16.05","16.05","16.05","16.05","-0.0500","19"
"2888","新光金","166156248","1996035718","12.05","12.10","11.95","12.00","0.0000","14187"
"2888A","新光金甲特","90814","3271219","36.10","36.10","35.95","36.05","0.0000","47"
"2888B","新光金乙特","60668","2188017","36.15","36.15","36.05","36.15","0.0000","81"
"2889","國票金","7861696","118425053","15.15","15.15","14.95","15.10","0.0000","2934"
"2890","永豐金","20819057","504254756","24.20","24.30","24.00","24.25","0.2500","4726"
"2891","中信金","71722583","2512413908","35.10","35.20","34.90","35.00","0.0500","16692"
"2891B","中信金乙特","17958","1082713","60.30","60.40","60.30","60.30","0.0000","23"
"2891C","中信金丙特","49627","2809799","56.60","56.80","56.60","56.70","0.0000","35"
"2892","第一金","11778883","326875347","27.75","27.80","27.65","27.80","0.1000","4906"
"2897","王道銀行","2182670","22144730","10.15","10.20","10.10","10.10","-0.0500","500"
"2897A","王道銀甲特","1079791","11067467","10.25","10.25","10.20","10.25","0.0500","57"
"2901","欣欣","10839","299722","27.85","27.85","27.55","27.60","0.2000","50"
"2903","遠百","1784071","48549983","27.15","27.30","27.00","27.30","0.3500","1173"
"2904","匯僑","38186","706712","18.45","18.60","18.40","18.45","-0.1000","52"
"2905","三商","3455118","64877783","18.65","19.00","18.50","18.60","0.1000","1118"
"2906","高林","104705","1978721","18.90","19.05","18.75","18.80","-0.1000","105"
"2908","特力","396627","8172231","20.60","20.70","20.50","20.50","-0.1000","102"
"2910","統領","33000","916000","27.70","27.95","27.65","27.85","0.2000","25"
"2911","麗嬰房","105573","941746","8.96","8.97","8.90","8.90","-0.0600","305"
"2912","統一超","2544210","765900822","303.00","306.00","298.00","302.00","-1.0000","5065"
"2913","農林","3044207","66860631","21.85","22.20","21.75","21.75","0.1000","1460"
"2915","潤泰全","4059630","314169418","77.70","78.30","77.10","77.10","-0.4000","2198"
"2923","鼎固-KY","344372","12454297","35.40","36.70","35.25","35.90","0.4000","309"
"2929","淘帝-KY","5093738","49669650","9.99","10.15","9.14","9.14","-0.1300","1421"
"2939","永邑-KY","196138","6627009","33.95","34.20","33.00","33.00","-0.9000","113"
"2945","三商家購","13104","550065","41.45","42.45","41.45","41.95","0.4500","15"
"3002","歐格","136053","2091055","15.30","15.50","15.20","15.35","0.0500","76"
"3003","健和興","3878779","360202777","96.60","96.60","89.90","91.20","-3.8000","3234"
"3004","豐達科","49576","4559743","92.50","92.80","91.60","91.80","0.0000","72"
"3005","神基","8596188","975095100","110.50","116.00","110.00","112.00","2.5000","5737"
"3006","晶豪科","7202413","541957611","76.70","77.80","73.60","74.70","1.9000","6313"
"3008","大立光","791394","2076008925","2650.00","2665.00","2605.00","2610.00","-25.0000","3711"
"3010","華立","1003176","130467784","133.50","133.50","129.00","129.00","-3.0000","1079"
"3011","今皓","515766","14517898","28.25","28.65","28.00","28.00","-0.2000","327"
"3013","晟銘電","45732192","6502888229","144.50","145.00","140.00","141.50","0.0000","24826"
"3014","聯陽","2265575","325566782","141.00","146.00","141.00","143.00","3.5000","1919"
"3015","全漢","356674","21509578","61.20","61.20","59.80","59.80","-0.8000","412"
"3016","嘉晶","300926","18281733","61.10","61.60","60.10","60.10","-0.8000","390"
"3017","奇鋐","23469847","14382181322","589.00","633.00","585.00","617.00","36.0000","25741"
"3018","隆銘綠能","56419","1692505","30.00","30.10","30.00","30.00","0.0000","67"
"3019","亞光","48470103","5956935425","129.50","130.00","118.50","119.00","-12.5000","38181"
"3021","鴻名","1309135","39682952","31.00","31.15","29.80","30.55","0.0000","1199"
"3022","威強電","521309","40735567","78.50","78.70","77.60","77.80","-0.2000","791"
"3023","信邦","469034","142582423","307.00","307.00","302.50","303.00","-6.0000","2743"
"3024","憶聲","1092073","20787025","19.10","19.30","18.90","19.00","-0.0500","470"
"3025","星通","538402","34683492","65.00","65.10","64.10","64.60","0.4000","437"
"3026","禾伸堂","138037","12593813","91.20","91.60","90.90","91.20","0.4000","308"
"3027","盛達","307785","11011092","35.70","36.20","35.40","35.55","0.0000","307"
"3028","增你強","247798","7768356","31.40","31.50","31.25","31.35","-0.0500","259"
"3029","零壹","639686","58467108","91.90","92.30","90.80","91.00","-0.5000","748"
"3030","德律","2071219","313537852","153.50","154.50","147.50","147.50","-5.5000","1729"
"3031","佰鴻","369035","7686235","20.95","20.95","20.65","20.70","-0.1500","262"
"3032","偉訓","545812","38153338","70.50","70.60","69.20","69.20","-1.2000","535"
"3033","威健","10512307","370336930","34.60","35.55","34.60","35.15","0.8000","5360"
"3034","聯詠","2972065","1556856084","519.00","528.00","515.00","523.00","9.0000","3367"
"3035","智原","3097388","826036171","270.00","270.00","264.00","264.50","-1.5000","4477"
"3036","文曄","3309311","341112559","104.50","105.00","102.50","102.50","-1.0000","1931"
"3036A","文曄甲特","49143","2379550","48.40","48.45","48.40","48.40","-0.1000","18"
"3037","欣興","18713565","2765070887","148.50","151.00","145.50","146.50","0.0000","10692"
"3038","全台","286057","7554892","26.40","26.50","26.25","26.30","0.0500","215"
"3040","遠見","386473","17442389","46.10","46.10","44.60","44.70","-0.3500","319"
"3041","揚智","1759557","38297595","20.60","21.90","20.60","21.90","1.9500","838"
"3042","晶技","1630942","179847318","111.00","111.50","109.50","109.50","-1.0000","1249"
"3043","科風","152760","5127205","34.25","34.25","33.30","33.35","-0.4500","161"
"3044","健鼎","2390972","484422015","207.00","207.00","200.00","201.00","-5.0000","5141"
"3045","台灣大","14931352","1735137043","116.50","117.50","114.50","117.50","1.0000","3687"
"3046","建碁","171655","10442448","61.10","61.30","60.50","60.80","-0.1000","167"
"3047","訊舟","12226283","474851924","39.95","39.95","38.20","38.20","-1.0500","7408"
"3048","益登","2223490","85776310","39.25","39.35","38.00","38.00","-0.5500","1620"
"3049","精金","7077344","75627622","10.90","10.95","10.50","10.60","-0.2000","2532"
"3050","鈺德","1110579","21920724","19.75","20.10","19.40","19.45","-0.3000","511"
"3051","力特","517142","15435003","30.00","30.35","29.35","29.35","-0.5500","443"
"3052","夆典","198164","2420975","12.25","12.30","12.15","12.20","0.0000","130"
"3054","立萬利","100672","2239220","22.40","22.70","22.00","22.70","0.3000","61"
"3055","蔚華科","196126","13187448","67.40","68.50","66.80","66.90","-0.5000","257"
"3056","富華新","931439","30115849","32.55","32.80","32.15","32.50","0.0000","915"
"3057","喬鼎","191712","2341603","12.40","12.40","12.05","12.25","0.0500","201"
"3058","立德","757403","13957900","18.45","18.65","18.15","18.15","-0.0500","529"
"3059","華晶科","1142401","40675335","35.65","36.20","35.10","35.10","-0.3500","979"
"3060","銘異","920612","24835097","27.15","27.35","26.70","26.70","-0.3500","645"
"3062","建漢","16772852","563348611","34.00","34.40","33.00","33.15","-0.7500","7549"
"3090","日電貿","229680","14363369","62.70","63.00","62.10","62.50","0.1000","470"
"3092","鴻碩","532773","17543838","33.70","33.70","32.35","32.35","0.0500","426"
"3094","聯傑","11485948","402550165","34.00","36.70","33.35","34.75","1.1000","7698"
"3130","一零四","83939","18902911","226.00","226.00","224.50","225.50","-0.5000","457"
"3138","耀登","216459","26916454","127.00","127.50","122.00","122.00","-5.0000","632"
"3149","正達","42026531","1523016297","34.55","37.75","34.40","35.95","1.3500","23316"
"3150","鈺寶-創","15000","559000","37.50","38.25","37.00","38.25","0.4500","14"
"3164","景岳","100565","2286537","23.10","23.15","22.60","22.70","-0.2000","186"
"3167","大量","2192143","278269397","125.50","129.00","124.00","128.00","4.0000","1767"
"3168","眾福科","28017","1596562","57.00","57.50","56.60","57.00","0.0000","26"
"3189","景碩","11199747","1218051537","108.50","111.00","106.50","107.50","1.0000","7505"
"3209","全科","3136186","119602653","38.35","38.75","37.55","37.70","-0.5000","3096"
"3229","晟鈦","110348","2522670","23.30","23.30","22.70","22.75","-0.5500","82"
"3231","緯創","19671428","2042935128","105.50","106.00","103.00","103.50","-1.0000","15699"
"3257","虹冠電","625687","36838731","59.50","60.80","58.00","58.90","0.0000","1026"
"3266","昇陽","203271","4024322","20.00","20.00","19.65","19.65","-0.3500","154"
"3296","勝德","2583897","71085146","26.20","28.35","25.75","27.45","1.4500","1827"
"3305","昇貿","1644227","122623985","75.30","75.90","73.90","74.20","-0.8000","1776"
"3308","聯德","55516","1340225","24.15","24.25","24.00","24.05","-0.1000","260"
"3311","閎暉","36101","1369368","37.65","38.20","37.60","38.00","0.3500","85"
"3312","弘憶股","2995291","215641269","73.90","74.20","70.50","71.10","-1.9000","2760"
"3321","同泰","281116","5224683","18.60","18.90","18.35","18.35","-0.2000","156"
"3338","泰碩","1771370","127599736","71.40","72.90","71.00","71.30","0.4000","1780"
"3346","麗清","273709","10561181","39.00","39.10","38.10","38.10","-0.7000","446"
"3356","奇偶","512806","31703489","62.30","62.40","61.20","61.20","-0.9000","476"
"3376","新日興","4242130","887030713","213.00","214.00","206.00","206.50","-5.5000","25668"
"3380","明泰","1159715","39482767","34.15","34.40","33.85","33.85","-0.3000","720"
"3406","玉晶光","3169895","1573070471","493.50","502.00","488.50","497.00","8.5000","3674"
"3413","京鼎","4167537","1572183019","361.00","385.00","361.00","373.50","14.5000","4540"
"3416","融程電","155950","22978828","149.50","149.50","146.00","146.50","-2.0000","483"
"3419","譁裕","155676","2570319","16.60","16.75","16.35","16.40","0.0000","119"
"3432","台端","29692","677357","22.80","23.00","22.70","23.00","0.0500","38"
"3437","榮創","1179525","31532542","27.15","27.50","26.35","26.35","-0.7000","836"
"3443","創意","4307263","4985295175","1220.00","1220.00","1110.00","1125.00","-45.0000","7633"
"3447","展達","238664","9501360","40.70","40.70","39.30","40.00","-0.4500","183"
"3450","聯鈞","23966409","4691467136","191.00","201.00","188.00","198.00","9.0000","18228"
"3454","晶睿","122443","15417072","129.00","129.00","124.50","124.50","-2.5000","313"
"3481","群創","153147437","2456116461","15.80","16.35","15.70","15.70","0.1500","32734"
"3494","誠研","103972","824414","8.05","8.05","7.80","7.93","0.1300","73"
"3501","維熹","792272","56801617","70.30","72.50","70.30","71.70","1.7000","660"
"3504","揚明光","163084","8843137","54.50","55.00","53.50","53.50","-0.5000","164"
"3515","華擎","230161","48425732","212.00","213.00","208.50","209.00","-2.0000","841"
"3518","柏騰","3479601","113289793","31.70","33.00","31.50","32.45","0.8500","2214"
"3528","安馳","71176","3805607","54.10","54.10","53.00","53.00","-0.5000","79"
"3530","晶相光","1723890","171696955","104.00","104.00","96.00","97.20","-3.8000","1563"
"3532","台勝科","478144","65359029","137.00","138.50","135.00","135.50","0.5000","655"
"3533","嘉澤","1098333","1666462750","1510.00","1540.00","1500.00","1515.00","30.0000","1542"
"3535","晶彩科","6491307","412125971","62.40","65.10","62.10","63.80","2.5000","5000"
"3543","州巧","155038","3697373","24.10","24.10","23.70","23.90","-0.0500","107"
"3545","敦泰","861957","70280753","82.00","82.80","80.60","80.60","-0.7000","1818"
"3550","聯穎","18113898","508833329","28.35","29.20","27.45","28.00","-0.2000","9280"
"3557","嘉威","180553","13294520","74.40","74.80","73.00","73.00","-1.4000","674"
"3563","牧德","215538","78049974","360.50","368.50","357.00","359.00","0.0000","338"
"3576","聯合再生","7060924","87378001","12.45","12.60","12.15","12.20","-0.2000","2427"
"3583","辛耘","4088521","1849053088","459.50","462.00","446.50","447.50","-6.0000","5123"
"3588","通嘉","10521711","942542032","87.90","92.50","86.00","87.90","2.1000","8714"
"3591","艾笛森","385869","9420016","24.60","24.70","24.10","24.15","-0.3500","285"
"3592","瑞鼎","252699","85802009","339.50","342.50","337.00","337.00","0.0000","492"
"3593","力銘","1172727","17578482","15.05","15.35","14.65","14.65","-0.9500","643"
"3596","智易","926691","136694693","148.50","150.00","146.00","147.00","-0.5000","839"
"3605","宏致","28741157","1727719611","61.50","63.20","57.40","58.00","-2.7000","17733"
"3607","谷崧","2886102","62178693","22.35","22.50","20.80","21.00","-1.3000","1605"
"3617","碩天","906253","305362803","340.50","342.50","331.50","334.00","-3.0000","913"
"3622","洋華","12006288","905502655","74.30","78.30","73.20","74.60","1.1000","9713"
"3645","達邁","1486124","71623506","49.30","49.45","47.20","47.35","-1.6500","1069"
"3652","精聯","352833","14319316","41.20","41.45","40.00","40.05","-0.5500","373"
"3653","健策","918100","1225577750","1365.00","1375.00","1320.00","1330.00","-35.0000","1268"
"3661","世芯-KY","8230509","16780979830","2150.00","2190.00","1945.00","2000.00","-160.0000","43488"
"3665","貿聯-KY","2511744","1165212270","460.00","470.00","456.50","463.00","3.0000","2649"
"3669","圓展","162640","7618381","46.55","47.20","46.55","46.75","0.3500","191"
"3673","TPK-KY","22889816","1049807634","50.40","50.40","44.15","44.25","-1.9500","12842"
"3679","新至陞","45476","6041458","134.00","134.00","132.00","132.50","-1.0000","119"
"3686","達能","521025","12487255","24.05","24.30","23.50","23.50","-0.3000","400"
"3694","海華","1459676","64524774","43.80","45.20","43.10","44.50","0.6500","983"
"3701","大眾控","240515","9824557","41.10","41.55","40.30","40.30","-0.6500","389"
"3702","大聯大","8044879","614810763","77.60","77.70","75.90","76.20","-0.3000","4044"
"3702A","大聯大甲特","240988","12163391","50.40","50.60","50.40","50.50","0.0000","92"
"3703","欣陸","961968","29829779","31.20","31.30","30.80","30.85","0.0000","825"
"3704","合勤控","708542","27049800","38.20","38.75","37.60","37.65","-0.5500","824"
"3705","永信","660097","40518847","61.80","61.90","60.80","61.30","-0.3000","652"
"3706","神達","4430677","203617171","46.10","46.40","45.45","45.45","-0.4500","3413"
"3708","上緯投控","1300544","153253793","118.00","121.00","115.50","115.50","-1.5000","1201"
"3711","日月光投控","25492960","4092820439","158.00","162.50","158.00","162.50","4.0000","14707"
"3712","永崴投控","1779800","98353867","55.90","56.60","54.00","54.00","-0.9000","1398"
"3714","富采","5682721","259700774","46.70","46.80","45.00","45.05","-1.7500","6849"
"3715","定穎投控","30068505","2313420674","79.80","79.90","75.30","75.50","-3.2000","23767"
"3716","中化控股","174994","6890581","39.40","39.85","39.10","39.30","-0.0500","296"
"4104","佳醫","89251","7859430","88.00","88.50","87.80","88.10","0.2000","168"
"4106","雃博","87655","2268087","25.80","26.00","25.70","26.00","0.1500","245"
"4108","懷特","150690","2706683","18.00","18.10","17.85","17.90","-0.1000","322"
"4119","旭富","66705","5950477","89.60","89.80","88.80","89.50","-0.2000","330"
"4133","亞諾法","96846","2958254","30.55","30.80","30.35","30.40","0.0000","172"
"4137","麗豐-KY","136674","18749638","135.50","138.50","134.50","137.00","1.0000","173"
"4142","國光生","523585","14156358","27.30","27.30","26.90","26.95","-0.2500","378"
"4148","全宇生技-KY","39000","1799550","46.80","46.80","46.00","46.40","-0.2000","22"
"4155","訊映","401874","9815178","24.75","24.75","24.20","24.25","-0.4000","461"
"4164","承業醫","162241","7009956","43.05","43.40","43.05","43.05","0.0000","191"
"4190","佐登-KY","21158","1013436","47.90","47.95","47.75","47.95","0.4500","175"
"4306","炎洲","1839855","35332055","19.30","19.40","19.10","19.10","-0.1500","1070"
"4414","如興","594866","1867203","3.15","3.20","3.13","3.15","0.0000","135"
"4426","利勤","132759","1818016","13.65","13.75","13.60","13.70","0.0500","101"
"4438","廣越","119757","12879606","107.50","108.00","107.00","107.50","0.0000","99"
"4439","冠星-KY","26201","2381788","91.00","91.40","90.50","91.30","0.4000","135"
"4440","宜新實業","31080","812046","26.10","26.20","26.10","26.15","-0.0500","28"
"4526","東台","7259276","257725148","36.00","36.20","35.15","35.15","-0.4500","4298"
"4532","瑞智","1596006","40643050","25.70","25.80","25.25","25.35","-0.1000","777"
"4536","拓凱","451141","99513345","224.00","225.00","217.00","217.50","-6.0000","2787"
"4540","全球傳動","1645498","71208695","44.45","44.50","42.25","42.60","-1.2000","1505"
"4545","銘鈺","2144508","127542012","59.70","61.50","58.20","58.30","0.6000","1768"
"4551","智伸科","535596","69786546","133.00","133.50","128.50","129.00","-3.0000","584"
"4552","力達-KY","90575","2367570","26.10","26.25","26.00","26.05","-0.0500","199"
"4555","氣立","535765","22666440","43.45","43.45","41.85","42.15","-0.6000","471"
"4557","永新-KY","104510","13104519","126.50","127.00","124.00","125.00","-1.0000","124"
"4560","強信-KY","150000","4803600","32.05","32.30","31.95","32.00","0.0000","64"
"4562","穎漢","19309757","1332459752","70.50","72.30","66.20","69.10","1.3000","13163"
"4564","元翎","501606","12450142","25.20","25.30","24.60","24.60","-0.5000","542"
"4566","時碩工業","6131133","574183167","95.00","96.10","91.80","92.80","-2.6000","8158"
"4569","六方科-KY","90273","21574987","240.00","249.00","229.00","240.00","0.0000","139"
"4571","鈞興-KY","2453905","428023329","177.00","179.50","171.50","172.00","-9.0000","4297"
"4572","駐龍","130339","20985801","160.50","163.00","159.50","160.50","0.0000","133"
"4576","大銀微系統","2007429","201982555","103.50","103.50","98.70","99.60","-2.9000","1759"
"4581","光隆精密-KY","56117","3201291","56.70","57.50","56.50","56.80","0.1000","53"
"4583","台灣精銳","1435221","1056461142","754.00","768.00","721.00","727.00","-18.0000","2414"
"4588","玖鼎電力","153262","14234228","92.20","95.30","90.80","91.10","-0.7000","154"
"4720","德淵","1313848","27859231","21.75","21.75","20.85","20.90","-0.6500","785"
"4722","國精化","362061","17052723","47.60","48.35","46.00","46.15","-1.3000","558"
"4736","泰博","79070","12226314","154.50","155.00","154.00","155.00","0.5000","131"
"4737","華廣","133417","9382555","70.70","71.60","69.50","69.50","-0.2000","95"
"4739","康普","141787","8466298","60.50","60.50","59.00","59.00","-0.7000","225"
"4746","台耀","1257399","125085532","101.00","102.00","98.10","98.10","-2.9000","1178"
"4755","三福化","419266","58024755","142.00","142.00","137.00","137.00","-3.5000","717"
"4763","材料-KY","1402538","1260339634","906.00","910.00","892.00","893.00","-11.0000","3676"
"4764","雙鍵","55802","2462459","44.65","44.80","43.20","44.50","-0.1500","39"
"4766","南寶","185220","55748692","304.50","305.00","299.50","299.50","-4.0000","384"
"4770","上品","351431","123541210","360.00","360.00","348.50","349.50","-8.5000","722"
"4771","望隼","78301","17492970","225.00","226.00","220.00","220.50","-3.5000","129"
"4807","日成-KY","160466","3476734","21.95","22.60","21.40","21.45","-0.4500","93"
"4904","遠傳","6063156","557848818","93.30","93.30","91.50","92.00","-0.6000","5328"
"4906","正文","4468229","181969270","40.85","41.45","39.95","39.95","-0.4500","2820"
"4912","聯德控股-KY","124222","12699023","104.50","104.50","101.00","101.50","-2.0000","178"
"4915","致伸","2125256","188326762","89.60","89.60","88.20","88.60","-0.3000","1648"
"4916","事欣科","370913","10548934","28.65","29.00","28.05","28.05","-0.4000","387"
"4919","新唐","7519408","623996002","83.30","84.60","82.20","82.20","0.2000","5140"
"4927","泰鼎-KY","1393044","80073842","56.00","58.70","56.00","56.30","0.7000","905"
"4930","燦星網","83630","2806937","33.45","33.65","33.45","33.50","0.0000","155"
"4934","太極","447457","8087992","18.20","18.40","17.90","17.90","-0.3000","316"
"4935","茂林-KY","671187","47513598","72.20","72.80","69.70","69.70","-1.8000","812"
"4938","和碩","6849304","709473178","103.50","104.50","102.50","103.00","0.0000","3539"
"4942","嘉彰","114300","5082897","44.45","44.70","44.35","44.50","0.1500","97"
"4943","康控-KY","65707","1114416","17.30","17.30","16.85","17.00","-0.5500","67"
"4949","有成精密","114788","2688728","23.50","23.60","23.20","23.60","0.3500","74"
"4952","凌通","3633637","210573992","57.70","59.10","56.10","58.50","2.9000","2952"
"4956","光鋐","1647538","46048562","28.35","28.55","27.50","27.50","-0.5500","1021"
"4958","臻鼎-KY","8905022","1030916601","117.50","118.50","114.00","114.00","-1.5000","5411"
"4960","誠美材","1228989","16684517","13.70","13.80","13.45","13.50","-0.0500","587"
"4961","天鈺","1399128","379399972","275.00","277.50","266.50","266.50","-4.5000","8223"
"4967","十銓","10756113","1249626795","115.00","119.00","113.50","113.50","5.0000","6719"
"4968","立積","9313559","1872646826","201.00","205.50","196.50","199.50","1.5000","11882"
"4976","佳凌","493975","21736870","44.95","44.95","43.30","43.30","-1.1000","522"
"4977","眾達-KY","5885278","622526626","107.50","109.00","104.00","105.50","-2.0000","3934"
"4989","榮科","492332","11320920","23.50","23.55","22.75","23.00","-0.2000","358"
"4994","傳奇","27177","3148444","116.00","117.50","115.00","115.00","-1.0000","33"
"4999","鑫禾","95303","3278005","34.60","34.60","34.20","34.20","-0.3500","274"
"5007","三星","48312","2761887","57.10","57.30","57.00","57.10","0.0000","55"
"5203","訊連","191512","18229473","94.20","95.80","94.20","95.40","1.3000","212"
"5215","科嘉-KY","88692","4322504","49.35","49.35","48.45","48.45","-0.8000","131"
"5222","全訊","286413","41463569","145.00","146.00","143.50","144.50","0.0000","331"
"5225","東科-KY","699184","96644463","139.00","140.00","137.50","139.00","0.0000","532"
"5234","達興材料","1070457","258242767","246.00","246.00","238.00","239.00","-5.0000","1105"
"5243","乙盛-KY","2039642","130633877","64.70","64.90","63.00","63.50","-1.2000","1579"
"5244","弘凱","61050","2684909","44.35","44.35","43.40","44.20","-0.1000","47"
"5258","虹堡","512851","65451150","127.50","129.00","126.00","126.50","-0.5000","438"
"5269","祥碩","1336959","2218463055","1630.00","1705.00","1610.00","1685.00","55.0000","2271"
"5283","禾聯碩","73148","7457026","102.00","102.00","101.50","102.00","0.0000","106"
"5284","jpp-KY","419454","52433092","126.00","126.50","124.00","124.00","-1.0000","258"
"5285","界霖","262466","18446303","71.00","71.60","69.20","69.90","-0.2000","538"
"5288","豐祥-KY","74681","14412983","193.00","195.00","191.50","192.50","-0.5000","80"
"5292","華懋","780817","133263732","166.00","175.00","163.00","171.00","8.5000","1018"
"5306","桂盟","172416","26613518","158.50","158.50","152.00","152.50","-4.5000","345"
"5388","中磊","6534784","758225117","113.00","118.00","113.00","117.50","6.5000","4474"
"5434","崇越","743652","215071258","287.50","291.00","287.00","287.00","0.0000","2142"
"5469","瀚宇博","2257942","121215477","54.00","54.30","53.30","53.30","-0.7000","1528"
"5471","松翰","1209895","56478602","45.15","47.75","45.15","46.50","1.7500","1117"
"5484","慧友","836452","57698957","71.70","71.70","68.40","69.00","-1.6000","1438"
"5515","建國","367800","8136608","22.05","22.30","22.05","22.05","0.0000","247"
"5519","隆大","755782","29112995","38.55","38.95","38.30","38.45","0.0500","705"
"5521","工信","1995853","24659091","12.50","12.55","12.20","12.30","-0.1000","587"
"5522","遠雄","1904713","134083276","70.80","71.70","69.90","69.90","-0.7000","1776"
"5525","順天","262101","8724275","33.45","33.85","32.30","33.10","-0.3500","222"
"5531","鄉林","468726","4744378","10.10","10.25","10.05","10.15","0.1000","236"
"5533","皇鼎","112732","2384775","21.30","21.35","21.00","21.10","-0.1500","116"
"5534","長虹","756286","75099346","99.30","100.00","98.80","99.20","0.9000","650"
"5538","東明-KY","98835","3842385","39.05","39.45","38.50","38.85","0.0000","90"
"5546","永固-KY","21020","617390","29.55","29.55","29.25","29.45","-0.0500","17"
"5607","遠雄港","360335","17035240","47.50","47.80","47.00","47.00","-0.4000","459"
"5608","四維航","2986576","54580586","18.30","18.60","18.00","18.00","-0.2500","1346"
"5706","鳳凰","148022","8830362","59.60","60.20","59.20","59.30","-0.3000","449"
"5871","中租-KY","12820876","1955976298","154.00","155.00","151.00","152.00","-3.5000","9144"
"5871A","中租-KY甲特","21847","2077283","95.10","95.20","95.00","95.00","-0.1000","26"
"5876","上海商銀","8682113","342653088","39.90","39.90","39.25","39.45","-0.1000","3876"
"5880","合庫金","9754501","253977826","26.05","26.10","25.95","26.00","0.0500","4474"
"5906","台南-KY","56005","3223888","57.00","59.80","55.90","58.40","0.7000","27"
"5907","大洋-KY","3950102","38392313","10.10","10.20","9.20","9.22","-0.0800","1362"
"6005","群益證","4918920","105280151","21.30","21.55","21.20","21.50","0.3000","2151"
"6024","群益期","73645","4157728","56.50","56.70","56.20","56.50","0.0000","152"
"6108","競國","1109727","19403916","17.30","17.70","17.15","17.60","0.3000","555"
"6112","邁達特","281362","13296122","47.50","47.80","46.80","46.90","-0.3000","614"
"6115","鎰勝","104544","5537762","52.80","53.30","52.70","53.00","0.0000","88"
"6116","彩晶","11158846","103792325","9.20","9.38","9.20","9.34","0.1800","2961"
"6117","迎廣","1836508","189621064","105.50","105.50","102.00","102.50","-1.0000","1561"
"6120","達運","1742223","26144210","14.95","15.10","14.95","15.00","0.1500","797"
"6128","上福","108255","3924587","36.20","36.45","36.15","36.15","0.0500","84"
"6133","金橋","4686421","106282579","22.55","23.30","22.00","22.00","-0.2500","2628"
"6136","富爾特","143031","3281825","23.20","23.25","22.80","22.80","-0.3000","111"
"6139","亞翔","1826212","393408330","214.00","218.50","212.50","216.00","2.0000","3802"
"6141","柏承","134645","1917783","14.35","14.40","14.10","14.10","-0.1500","97"
"6142","友勁","1332014","14972706","10.75","11.45","10.75","11.35","0.5500","697"
"6152","百一","5008690","87251102","18.30","18.30","17.05","17.05","-1.2000","2604"
"6153","嘉聯益","1311595","27501057","21.15","21.15","20.80","20.85","-0.2000","859"
"6155","鈞寶","225275","6066629","26.80","27.15","26.80","26.85","0.1500","113"
"6164","華興","596527","8361975","14.05","14.20","13.90","13.90","-0.1000","430"
"6165","浪凡","641972","24895626","38.30","39.60","38.30","38.30","0.0000","331"
"6166","凌華","175981","12286067","70.00","70.50","69.20","69.20","-0.8000","604"
"6168","宏齊","1661748","37616292","22.55","22.80","22.45","22.50","0.1000","603"
"6176","瑞儀","1696145","323628125","192.50","192.50","189.00","191.00","-0.5000","1234"
"6177","達麗","2868883","139753992","48.40","49.00","48.30","48.90","0.9000","2230"
"6183","關貿","30198","2332457","77.60","77.60","76.40","77.40","0.2000","54"
"6184","大豐電","18622","976914","52.40","52.60","52.40","52.40","0.0000","36"
"6189","豐藝","1367270","111620951","82.50","82.70","81.00","81.00","-0.6000","1369"
"6191","精成科","2628869","163229974","61.90","62.70","61.60","61.90","0.3000","1260"
"6192","巨路","73532","8603949","118.00","119.00","116.00","116.50","-1.0000","90"
"6196","帆宣","279141","42959552","154.50","155.50","152.50","152.50","-0.5000","366"
"6197","佳必琪","6199381","1084814780","170.00","178.50","169.00","176.00","7.5000","9317"
"6201","亞弘電","8268","476844","58.00","58.00","57.50","57.50","-0.3000","16"
"6202","盛群","2773559","144407135","49.50","52.50","49.50","52.50","4.7500","1785"
"6205","詮欣","101608","7320461","72.60","72.70","71.50","72.00","-0.5000","207"
"6206","飛捷","203235","17426819","85.60","86.50","85.00","85.00","-0.6000","199"
"6209","今國光","355665","9252485","26.30","26.40","25.70","25.70","-0.4000","240"
"6213","聯茂","2334350","174023995","75.50","75.70","73.90","73.90","-0.8000","2203"
"6214","精誠","296012","37987580","128.50","129.50","127.50","127.50","0.5000","373"
"6215","和椿","7437496","515947735","70.70","71.20","67.70","67.90","-2.1000","6075"
"6216","居易","1086365","52326819","48.70","48.95","47.70","47.85","-0.6500","1091"
"6224","聚鼎","1362566","96587314","69.30","72.20","69.30","71.80","2.6000","1280"
"6225","天瀚","1719","27797","","","","","0.0000","8"
"6226","光鼎","169141","1680525","10.00","10.00","9.91","9.92","-0.0200","106"
"6230","尼得科超眾","611060","146750642","234.00","247.50","232.50","233.50","1.5000","2751"
"6235","華孚","950489","71260577","75.80","76.00","74.30","74.30","-1.3000","2247"
"6239","力成","4888835","696275637","144.50","147.00","140.50","140.50","1.5000","3273"
"6243","迅杰","3305820","183170607","54.80","56.90","52.60","56.90","5.1000","2304"
"6257","矽格","9617167","753755028","78.40","79.90","77.00","77.20","-1.2000","7555"
"6269","台郡","1820918","143899911","79.60","79.80","78.60","78.60","-0.6000","1322"
"6271","同欣電","692587","98857178","142.00","143.50","142.00","142.00","0.0000","808"
"6277","宏正","63818","5002727","78.80","78.90","78.20","78.40","-0.2000","72"
"6278","台表科","1789413","200072141","113.00","113.50","110.50","110.50","-1.0000","1186"
"6281","全國電","30185","2525175","83.60","83.80","83.60","83.80","0.1000","35"
"6282","康舒","1371590","45914001","33.70","33.80","33.15","33.20","-0.0500","1244"
"6283","淳安","266318","7610180","29.00","29.10","28.30","28.30","-0.4000","178"
"6285","啟碁","1985134","237644149","122.00","122.00","119.00","119.00","-1.5000","1389"
"6288","聯嘉","1486179","42291336","28.80","29.00","28.15","28.20","-0.6000","1088"
"6405","悅城","11063084","465587977","40.50","43.75","40.30","41.20","0.3000","8062"
"6409","旭隼","229526","505838850","2250.00","2285.00","2150.00","2180.00","-135.0000","706"
"6412","群電","1431759","201443767","144.00","144.00","138.50","139.00","-5.0000","1630"
"6414","樺漢","529259","154880132","293.50","295.00","291.00","291.00","0.0000","2156"
"6415","矽力*-KY","4742802","2156829884","445.00","461.00","442.50","458.50","19.0000","4673"
"6416","瑞祺電通","1139008","183115473","159.00","164.00","158.00","158.50","0.5000","1031"
"6423","億而得-創","28800","2723518","95.30","95.30","94.10","94.40","0.4000","31"
"6426","統新","157969","10607698","68.60","68.60","66.30","66.90","-0.5000","213"
"6431","光麗-KY","432128","9058364","21.70","21.80","20.55","20.55","-1.1500","305"
"6438","迅得","4979451","725098759","149.50","151.00","141.50","144.00","-5.5000","8708"
"6442","光聖","4197182","1567212250","370.50","386.50","360.50","381.50","14.0000","4741"
"6443","元晶","2519723","60204635","23.90","24.25","23.65","23.65","-0.2000","1545"
"6446","藥華藥","3329443","2120682488","656.00","657.00","625.00","635.00","-13.0000","6227"
"6449","鈺邦","2141726","363828062","172.50","175.00","165.50","170.00","0.5000","3482"
"6451","訊芯-KY","3610418","790489520","220.50","225.00","215.00","216.00","-3.0000","3590"
"6456","GIS-KY","569517","33357045","58.90","59.30","58.10","58.10","-0.9000","525"
"6464","台數科","26145","2114600","81.00","81.00","80.60","81.00","0.0000","29"
"6472","保瑞","555158","416930771","753.00","758.00","746.00","750.00","-1.0000","1309"
"6477","安集","326103","11523242","35.65","35.90","34.80","34.80","-0.5500","410"
"6491","晶碩","331250","139608469","433.50","433.50","419.00","419.50","-8.0000","578"
"6504","南六","18083","1280158","71.10","71.10","70.50","70.80","-0.1000","28"
"6505","台塑化","4350612","221819846","51.80","51.80","50.60","50.70","-0.5000","2732"
"6515","穎崴","263989","332106880","1275.00","1275.00","1245.00","1245.00","-15.0000","551"
"6525","捷敏-KY","90239","5880410","64.90","65.40","64.90","65.40","0.5000","90"
"6526","達發","1159323","746296457","637.00","654.00","631.00","641.00","10.0000","2310"
"6531","愛普*","3742510","1145030957","307.00","313.50","300.00","303.00","3.5000","7089"
"6533","晶心科","249464","88691897","358.50","359.00","352.00","352.00","-1.0000","393"
"6534","正瀚-創","18119","1348965","74.90","75.00","73.90","75.00","0.0000","17"
"6541","泰福-KY","110495","7558801","68.60","68.90","68.20","68.20","-0.4000","97"
"6550","北極星藥業-KY","574489","31287565","55.30","55.30","54.20","54.30","-0.6000","586"
"6552","易華電","281732","14228370","51.00","51.30","50.10","50.30","-0.6000","259"
"6558","興能高","76194","1820733","24.00","24.15","23.60","23.60","-0.3500","82"
"6573","虹揚-KY","1659665","26659526","14.80","16.25","14.80","16.25","1.4500","844"
"6579","研揚","86119","13207216","155.00","155.50","151.00","153.50","0.0000","346"
"6581","鋼聯","257106","27316846","108.00","108.00","105.00","107.50","0.0000","73"
"6582","申豐","152909","9741861","64.10","65.10","62.70","62.80","-0.8000","151"
"6585","鼎基","255378","43564242","173.50","174.00","168.00","168.00","-4.5000","456"
"6591","動力-KY","100309","4969844","50.30","50.30","49.15","49.15","-0.6500","96"
"6592","和潤企業","250621","24611899","98.30","98.50","97.80","98.10","0.3000","391"
"6592A","和潤企業甲特","1010","95750","94.80","94.80","94.80","94.80","0.0000","2"
"6592B","和潤企業乙特","12562","1196990","95.30","95.30","95.30","95.30","0.0000","21"
"6598","ABC-KY","328590","7349787","22.00","22.70","21.95","22.25","0.4500","240"
"6605","帝寶","387876","102453084","267.00","269.00","262.50","262.50","-4.5000","701"
"6606","建德工業","687511","21068522","30.65","31.25","30.10","30.25","0.0000","497"
"6625","必應","131725","11394451","86.60","87.20","86.00","86.10","-0.5000","739"
"6641","基士德-KY","5001","203590","41.00","41.00","40.60","40.65","-0.4000","6"
"6645","金萬林-創","12827","368683","28.75","29.05","28.45","28.70","-0.0500","15"
"6655","科定","37409","5155210","135.00","139.00","135.00","139.00","5.0000","55"
"6657","華安","59008","3075914","52.50","52.80","52.00","52.50","0.2000","50"
"6658","聯策","531178","38557842","75.00","75.00","70.60","71.10","-2.8000","781"
"6666","羅麗芬-KY","14054","817574","57.80","58.80","57.80","58.30","0.4000","15"
"6668","中揚光","206312","10180392","49.95","50.10","48.80","48.80","-0.6000","194"
"6669","緯穎","1371655","2503019115","1830.00","1840.00","1810.00","1825.00","0.0000","3787"
"6670","復盛應用","222039","65843474","297.50","299.00","294.50","297.50","0.0000","527"
"6671","三能-KY","10017","430131","42.90","43.00","42.85","43.00","0.1000","13"
"6672","騰輝電子-KY","79771","5646807","71.10","71.20","70.10","70.20","-0.8000","245"
"6674","鋐寶科技","19001","476774","25.00","25.40","24.90","25.35","-0.1500","16"
"6689","伊雲谷","231140","23457261","102.00","103.00","100.00","100.00","-1.0000","320"
"6691","洋基工程","269358","85479114","319.00","322.00","315.00","315.50","-1.0000","474"
"6695","芯鼎","3092500","182551237","60.50","60.90","57.70","58.00","-1.6000","2391"
"6698","旭暉應材","1137799","54732109","49.20","49.25","47.30","47.30","-1.4000","994"
"6706","惠特","1313660","217466327","167.50","167.50","163.50","163.50","-5.5000","1448"
"6715","嘉基","371351","66462577","176.00","182.50","176.00","179.00","4.0000","1314"
"6719","力智","774215","196330743","251.50","256.50","250.50","253.50","5.0000","2292"
"6742","澤米","1205780","73358470","59.80","62.30","59.00","60.00","1.4000","864"
"6743","安普新","2277996","152164296","64.90","68.40","64.50","67.00","2.6000","1688"
"6753","龍德造船","928076","120265475","130.00","132.00","128.00","128.00","-2.0000","1215"
"6754","匯僑設計","84076","6203757","73.20","74.80","73.20","73.20","-0.1000","161"
"6756","威鋒電子","1186980","227029791","194.00","195.50","186.00","187.00","-1.0000","3481"
"6757","台灣虎航-創","2536100","156201040","62.90","63.60","60.00","61.30","-1.0000","1123"
"6768","志強-KY","1858386","197174246","103.00","109.00","100.50","106.50","4.0000","1578"
"6770","力積電","8345635","178131085","21.55","21.65","21.10","21.15","-0.2000","4460"
"6771","平和環保-創","31000","2009200","64.50","65.00","64.50","64.60","0.3000","24"
"6776","展碁國際","51485","2918875","56.70","56.90","56.60","56.90","0.0000","57"
"6781","AES-KY","94358","47064972","495.50","503.00","495.00","498.00","3.0000","388"
"6782","視陽","696788","162516518","240.50","242.00","229.50","229.50","-11.5000","4630"
"6789","采鈺","681272","198262440","292.00","293.00","289.00","290.00","0.0000","4338"
"6790","永豐實","99871","4827145","48.40","48.55","48.00","48.00","-0.1000","102"
"6792","詠業","53420","3542591","66.00","67.20","65.50","66.50","0.8000","64"
"6794","向榮生技-創","11086","855544","77.80","77.80","76.10","77.80","0.1000","13"
"6796","晉弘","31001","2529981","81.10","82.80","81.00","81.90","0.9000","28"
"6799","來頡","976700","119479793","123.50","126.50","118.50","122.50","1.5000","942"
"6805","富世達","1400105","1119072934","794.00","808.00","785.00","803.00","15.0000","1787"
"6806","森崴能源","4984832","691722263","139.50","143.00","135.00","136.00","0.5000","4340"
"6807","峰源-KY","52264","3714071","71.70","71.70","70.70","70.90","-0.2000","45"
"6830","汎銓","6387965","1224288692","187.50","199.00","185.50","186.50","0.5000","9154"
"6834","天二科技","3686786","149263640","42.95","43.45","38.50","39.55","-2.0000","2360"
"6835","圓裕","256195","13035158","50.60","51.40","50.30","50.90","-0.2000","222"
"6838","台新藥","422532","18170983","43.15","43.55","42.60","42.75","-0.4000","362"
"6854","錼創科技-KY創","104110","9530197","92.40","92.40","90.60","91.80","-0.4000","92"
"6861","睿生光電","43894","2952813","67.10","67.60","67.00","67.30","-0.4000","93"
"6863","永道-KY","569175","165021542","295.00","295.50","287.50","289.00","-4.5000","762"
"6869","雲豹能源","9333353","2277847522","244.00","255.00","235.50","235.50","-5.5000","14060"
"6873","泓德能源","8357884","2399160576","289.50","310.50","271.00","275.00","-15.5000","6253"
"6890","來億-KY","988934","374508241","376.00","389.00","371.00","376.00","3.5000","1275"
"6901","鑽石投資","791640","31429295","39.70","40.10","39.30","39.35","-0.0500","495"
"6902","走著瞧-創","6119","867160","142.00","142.00","141.50","141.50","0.0000","5"
"6906","現觀科","600002","103614102","176.50","178.00","170.50","170.50","-4.5000","788"
"6914","阜爾運通","42332","6180226","147.00","147.50","145.00","146.00","0.0000","456"
"6916","華凌","34011","882835","25.85","26.00","25.85","26.00","0.1500","27"
"6923","中台","821287","73932552","91.30","91.60","89.10","89.40","-1.9000","789"
"6928","攸泰科技","156119","9571883","61.00","62.40","60.00","60.00","-0.8000","175"
"6933","AMAX-KY","122693","29038213","237.00","239.50","233.00","233.00","-2.0000","183"
"6937","天虹","4474064","1350320838","297.50","315.00","289.50","289.50","1.0000","6544"
"6949","沛爾生醫-創","45405","3673995","81.50","81.60","79.90","79.90","-1.1000","36"
"6951","青新-創","27130","1576970","58.00","58.50","58.00","58.30","0.1000","26"
"6952","大武山","28001","1385199","49.40","49.60","49.30","49.50","0.1000","24"
"6957","裕慶-KY","234824","54957600","239.00","239.50","231.00","231.00","-8.0000","416"
"6958","日盛台駿","242550","7544020","31.15","31.45","30.75","30.90","-0.3000","232"
"6969","成信實業*-創","2113014","129239482","67.00","67.00","55.80","63.00","1.1000","827"
"8011","台通","2924021","77650558","26.95","27.30","26.20","26.20","-0.7500","1835"
"8016","矽創","476569","109471790","232.50","232.50","228.00","228.50","-1.0000","531"
"8021","尖點","1914829","70827207","38.00","38.00","36.50","36.65","-0.7500","1915"
"8028","昇陽半導體","9862952","1269717346","131.50","132.00","126.00","128.00","-2.5000","6888"
"8033","雷虎","1302748","78569322","61.00","61.20","59.90","59.90","-1.0000","1057"
"8039","台虹","7068799","427478787","61.70","62.20","59.60","59.90","-1.5000","4918"
"8046","南電","1459363","203919288","141.00","142.00","138.50","138.50","-0.5000","1818"
"8070","長華*","20546304","1347578626","68.70","68.70","63.40","63.60","-4.5000","13798"
"8072","陞泰","59315","1597084","26.95","27.15","26.80","26.80","-0.1000","101"
"8081","致新","882605","203262498","228.50","233.00","227.50","228.00","1.5000","1066"
"8103","瀚荃","744865","46714673","63.80","63.80","62.10","62.10","-1.1000","544"
"8104","錸寶","703238","29738843","41.95","43.15","41.35","41.45","-0.5000","827"
"8105","凌巨","3540321","60481094","17.15","17.45","16.90","16.90","-0.1500","1688"
"8110","華東","15877358","283481957","17.25","18.10","17.20","17.75","0.7500","6412"
"8112","至上","3506513","234129592","67.30","67.50","66.40","66.40","0.0000","2825"
"8112A","至上甲特","6848","292701","42.75","42.80","42.75","42.80","-0.0500","12"
"8114","振樺電","636956","133013146","214.50","215.00","205.50","206.00","-8.5000","2153"
"8131","福懋科","354397","12843123","36.35","36.40","36.00","36.15","0.0500","259"
"8150","南茂","2098091","78000797","37.25","37.60","36.95","36.95","0.0500","1548"
"8162","微矽電子-創","11050","395947","35.65","36.00","35.45","36.00","0.0000","12"
"8163","達方","415286","20741449","49.95","50.40","49.65","49.65","-0.2000","400"
"8201","無敵","104326","1848348","17.85","17.90","17.60","17.65","-0.2000","105"
"8210","勤誠","1075503","301091693","283.00","283.00","277.50","278.50","-1.5000","3539"
"8213","志超","674980","26208536","38.90","39.05","38.60","38.95","0.0500","644"
"8215","明基材","284215","8722281","30.90","31.05","30.45","30.50","-0.2000","365"
"8222","寶一","344196","13351745","39.35","39.50","38.50","38.50","-0.6000","334"
"8249","菱光","2060726","121916952","60.10","60.40","58.10","58.50","-1.4000","2012"
"8261","富鼎","650861","53887841","82.80","84.50","81.60","81.60","0.0000","677"
"8271","宇瞻","592166","31625064","53.80","54.50","52.70","52.90","0.8000","552"
"8341","日友","154779","13877149","89.70","89.90","88.80","89.90","0.3000","675"
"8367","建新國際","66102","3437718","52.00","52.40","51.70","51.70","-0.3000","57"
"8374","羅昇","4879828","690210735","144.00","145.50","138.00","141.50","-1.5000","3823"
"8404","百和興業-KY","626580","12518332","20.00","20.20","19.75","19.75","-0.0500","368"
"8411","福貞-KY","254538","3565627","14.10","14.15","13.90","14.15","0.0500","176"
"8422","可寧衛","77505","14453823","187.00","187.50","185.50","185.50","-1.0000","2117"
"8429","金麗-KY","658676","6687318","10.25","10.40","9.97","9.97","-0.2800","489"
"8438","昶昕","529834","22341185","43.30","43.30","41.70","42.05","-0.4500","527"
"8442","威宏-KY","86377","9851927","115.00","115.00","113.00","113.50","-1.5000","77"
"8443","阿瘦","30568","360495","11.80","11.85","11.75","11.85","0.0500","241"
"8454","富邦媒","482270","192280199","397.00","403.00","394.00","397.50","2.5000","1213"
"8462","柏文","219734","28260070","127.50","130.50","127.00","127.50","0.5000","1373"
"8463","潤泰材","358627","10398770","29.45","29.65","28.45","28.65","-0.5500","185"
"8464","億豐","508775","258679243","514.00","515.00","503.00","507.00","-2.0000","570"
"8466","美吉吉-KY","197432","11740959","59.50","60.80","59.00","59.10","-0.7000","242"
"8467","波力-KY","645121","182656640","287.50","290.00","276.50","276.50","-3.5000","1615"
"8473","山林水","1560933","73260888","47.65","47.75","46.35","46.35","-1.3000","1886"
"8476","台境","34933","1913481","55.50","55.50","54.60","54.80","-0.4000","147"
"8478","東哥遊艇","137265","40866754","299.00","299.50","296.50","296.50","-1.5000","523"
"8481","政伸","20800","1059378","51.00","51.00","50.70","50.90","0.1000","25"
"8482","商億-KY","11141","753999","67.60","67.70","67.60","67.70","0.0000","16"
"8487","愛爾達-創","5203","387163","74.60","74.70","73.40","74.70","0.2000","9"
"8488","吉源-KY","30001","478015","15.90","16.00","15.90","15.90","0.1500","19"
"8499","鼎炫-KY","6039","699014","116.50","116.50","115.50","115.50","-0.5000","16"
"8926","台汽電","661150","29733509","45.10","45.30","44.80","44.80","-0.1500","1174"
"8940","新天地","123123","2694123","21.75","22.35","21.55","22.10","0.3500","273"
"8996","高力","1316686","567550861","433.00","434.50","425.00","430.00","0.0000","1735"
"9103","美德醫療-DR","467620","3113604","6.70","6.70","6.62","6.62","-0.0500","210"
"910322","康師傅-DR","102652","2311206","22.25","22.75","22.25","22.75","0.8500","99"
"9105","泰金寶-DR","18862610","97525827","5.14","5.33","5.07","5.09","0.0000","3584"
"910861","神州-DR","147002","926211","6.54","6.54","6.21","6.24","-0.3000","62"
"9110","越南控-DR","45000","324010","7.26","7.26","7.12","7.20","0.0100","10"
"911608","明輝-DR","59686","185822","3.15","3.15","3.10","3.10","-0.1000","21"
"911622","泰聚亨-DR","42000","215520","5.11","5.20","5.10","5.19","0.0000","14"
"911868","同方友友-DR","162332","241296","1.49","1.49","1.48","1.49","0.0000","49"
"912000","晨訊科-DR","928022","2766956","2.98","2.99","2.96","2.96","-0.0200","169"
"9136","巨騰-DR","268224","1728411","6.48","6.53","6.40","6.45","-0.0300","120"
"9802","鈺齊-KY","390546","48063904","123.00","124.00","122.50","122.50","0.0000","424"
"9902","台火","549098","10424448","19.20","19.40","18.85","18.95","-0.2500","413"
"9904","寶成","5626217","199569227","35.80","35.80","35.35","35.40","-0.0500","2304"
"9905","大華","78506","1807870","23.10","23.10","22.95","23.10","0.0000","65"
"9906","欣巴巴","1339300","197872840","150.50","152.50","143.50","149.00","1.0000","1793"
"9907","統一實","1558415","25474824","16.35","16.45","16.25","16.25","-0.1000","765"
"9908","大台北","402432","12226329","30.50","30.50","30.25","30.45","-0.0500","272"
"9910","豐泰","855028","130832669","155.00","155.50","151.50","151.50","-3.0000","2162"
"9911","櫻花","283960","24715339","87.10","87.50","86.90","87.00","0.0000","420"
"9912","偉聯","29270","366818","12.60","12.65","12.45","12.50","-0.0500","57"
"9914","美利達","912453","215629304","245.00","245.00","233.50","236.00","-6.0000","10782"
"9917","中保科","894905","122836469","137.50","139.00","136.50","136.50","0.0000","673"
"9918","欣天然","45218","1868678","41.60","41.60","40.80","41.60","0.1500","64"
"9919","康那香","395852","7799609","19.70","19.80","19.55","19.55","-0.0500","236"
"9921","巨大","2181995","497702879","234.50","234.50","223.00","224.50","-7.5000","8476"
"9924","福興","124984","7123925","57.30","57.30","56.80","57.00","-0.1000","207"
"9925","新保","317881","13276038","41.75","41.95","41.60","41.90","0.3000","247"
"9926","新海","46113","2519821","54.70","54.80","54.30","54.30","-0.2000","54"
"9927","泰銘","2736374","194474763","71.00","71.70","70.60","71.20","0.0000","1423"
"9928","中視","45087","897020","19.90","20.10","19.85","20.00","0.1000","39"
"9929","秋雨","17130","279936","16.30","16.35","16.30","16.35","0.0500","10"
"9930","中聯資源","122071","8066424","65.80","66.30","65.80","66.00","0.6000","144"
"9931","欣高","15006","520358","34.60","34.70","34.60","34.70","0.0000","14"
"9933","中鼎","1833352","88608868","48.95","48.95","48.00","48.00","-0.6000","1754"
"9934","成霖","911896","16438405","18.05","18.30","17.80","17.80","-0.2500","476"
"9935","慶豐富","1652775","55355943","33.30","34.20","32.80","33.55","0.2500","1099"
"9937","全國","144041","9475364","65.80","66.30","65.60","65.70","-0.1000","116"
"9938","百和","4636866","330549071","72.10","72.70","70.20","71.80","-0.3000","3866"
"9939","宏全","421631","71069314","170.00","171.00","167.00","167.00","-1.5000","4848"
"9940","信義","233123","7205239","31.10","31.15","30.80","30.80","-0.1000","349"
"9941","裕融","635824","92556247","146.50","146.50","144.50","146.00","0.0000","926"
"9941A","裕融甲特","4002","204202","50.90","51.20","50.90","51.20","0.2000","5"
"9942","茂順","72316","8371591","116.50","116.50","115.00","116.00","-0.5000","115"
"9943","好樂迪","49359","4092765","82.80","83.20","82.70","83.10","0.3000","120"
"9944","新麗","97027","1965157","20.20","20.35","20.20","20.25","-0.0500","235"
"9945","潤泰新","5536052","265304443","48.20","48.20","47.60","48.00","0.1000","3458"
"9946","三發地產","566377","16230976","28.85","29.15","28.45","28.65","0.0000","361"
"9955","佳龍","4666484","179246111","38.30","39.40","37.55","37.75","0.1000","3580"
"9958","世紀鋼","6333884","1514614504","240.50","244.00","235.50","236.50","-1.5000","4904"
