證券代號,證券名稱,成交股數,成交金額,開盤價,最高價,最低價,收盤價,漲跌價差,成交筆數
"0050","元大台灣50","13774562","2513790496","181.95","183.90","180.80","183.90","-0.1000","20594"
"0051","元大中型100","78634","6575629","84.00","84.20","82.90","84.15","0.1500","309"
"0052","富邦科技","1116530","200292359","178.50","181.65","177.80","181.65","-0.0500","1774"
"0053","元大電子","17145","1699382","99.00","100.00","98.30","100.00","-0.3500","94"
"0055","元大MSCI金融","186093","5157832","27.69","27.89","27.62","27.72","0.0400","274"
"0056","元大高股息","24996435","1027312902","41.27","41.36","40.81","41.30","-0.1100","19402"
"0057","富邦摩台","17057","2295928","133.60","135.15","133.55","135.15","0.2000","76"
"0061","元大寶滬深","258681","4362244","16.85","16.95","16.81","16.86","-0.0200","161"
"006203","元大MSCI台灣","2443","211492","86.95","86.95","86.95","86.95","-0.3000","111"
"006204","永豐臺灣加權","24882","2814121","113.20","113.60","112.40","113.60","-0.3500","128"
"006205","富邦上証","236734","6906066","29.29","29.30","29.05","29.14","-0.1100","168"
"006206","元大上證50","66135","1850025","28.14","28.14","27.87","27.97","-0.0300","89"
"006207","復華滬深","199125","4375043","22.10","22.10","21.92","22.01","-0.0900","123"
"006208","富邦台50","9020732","963323727","106.90","107.60","105.85","107.45","-0.1500","16213"
"00625K","富邦上証+R","","","","","","","0.0000",""
"00631L","元大台灣50正2","5148690","1247875685","243.10","246.20","238.20","245.45","0.4500","7610"
"00632R","元大台灣50反1","225417523","779936100","3.46","3.49","3.43","3.44","0.0000","8033"
"00633L","富邦上証正2","2304089","76791319","33.44","33.54","33.19","33.42","-0.0200","497"
"00634R","富邦上証反1","45000","210100","4.67","4.68","4.66","4.67","0.0000","10"
"00635U","期元大S&P黃金","230545","6325107","27.45","27.50","27.40","27.44","0.0100","113"
"00636","國泰中國A50","676075","13786271","20.34","20.45","20.34","20.43","0.0200","197"
"00636K","國泰中國A50+U","200","1264","6.32","6.32","6.32","6.32","0.0200","2"
"00637L","元大滬深300正2","21564970","288615997","13.41","13.46","13.32","13.40","-0.0200","2506"
"00638R","元大滬深300反1","148622","1448670","9.77","9.79","9.73","9.77","0.0100","14"
"00639","富邦深100","522505","5337012","10.31","10.31","10.19","10.24","-0.0500","197"
"00640L","富邦日本正2","1136514","66373905","57.95","58.90","57.80","58.75","1.3500","622"
"00641R","富邦日本反1","734637","4680664","6.40","6.40","6.36","6.37","-0.0600","119"
"00642U","期元大S&P石油","1501690","27668905","18.46","18.46","18.40","18.43","0.2400","505"
"00643","群益深証中小","3146061","35235935","11.26","11.28","11.14","11.20","-0.0800","555"
"00643K","群益深証中小+R","","","","","","","0.0000",""
"00645","富邦日本","3001915","115173720","38.23","38.48","38.19","38.39","0.3900","971"
"00646","元大S&P500","5875129","322704334","54.95","55.00","54.85","54.90","-0.0500","2110"
"00647L","元大S&P500正2","184149","16366756","88.85","89.15","88.65","89.15","0.0000","53"
"00648R","元大S&P500反1","665100","3686995","5.55","5.55","5.53","5.53","-0.0100","61"
"00650L","復華香港正2","28019144","290873629","10.31","10.49","10.30","10.41","0.3300","1836"
"00651R","復華香港反1","483009","4195065","8.72","8.73","8.63","8.67","-0.1500","64"
"00652","富邦印度","213691","8194366","38.26","38.43","38.26","38.43","0.1900","247"
"00653L","富邦印度正2","361360","22099852","61.10","61.45","61.00","61.45","0.8000","130"
"00654R","富邦印度反1","39000","255100","6.55","6.55","6.54","6.54","-0.0300","10"
"00655L","國泰中國A50正2","1898929","43215476","22.82","22.88","22.63","22.80","-0.0500","280"
"00656R","國泰中國A50反1","12000","105350","8.77","8.78","8.77","8.78","0.0300","3"
"00657","國泰日經225","745118","34069603","45.40","45.81","45.40","45.81","0.2000","125"
"00657K","國泰日經225+U","200","2820","14.10","14.10","14.10","14.10","0.0500","2"
"00660","元大歐洲50","3739","133447","35.66","35.82","35.66","35.82","0.2400","67"
"00661","元大日經225","849219","42434974","49.73","50.10","49.60","50.05","0.3100","257"
"00662","富邦NASDAQ","4232593","343288944","81.05","81.30","80.90","81.30","-0.4500","1874"
"00663L","國泰臺灣加權正2","30041","6612710","220.00","225.25","219.60","225.25","0.8500","10"
"00664R","國泰臺灣加權反1","9036283","35523265","3.93","3.96","3.89","3.90","-0.0100","711"
"00665L","富邦恒生國企正2","54000809","376035462","6.92","7.05","6.90","7.00","0.2400","3496"
"00666R","富邦恒生國企反1","35000","507080","14.51","14.52","14.43","14.48","-0.1900","21"
"00668","國泰美國道瓊","96443","4470963","46.15","46.53","46.13","46.53","0.5600","110"
"00668K","國泰美國道瓊+U","200","2864","14.32","14.32","14.32","14.32","0.1400","2"
"00669R","國泰美國道瓊反1","1090005","7732914","7.10","7.10","7.09","7.09","-0.0700","175"
"00670L","富邦NASDAQ正2","1234337","153577630","124.35","125.00","124.05","125.00","-2.1000","983"
"00671R","富邦NASDAQ反1","5435468","20625618","3.80","3.81","3.79","3.79","0.0300","317"
"00673R","期元大S&P原油反1","18856755","133827283","7.09","7.11","7.08","7.10","-0.0900","1594"
"00674R","期元大S&P黃金反1","528101","5652696","10.68","10.73","10.68","10.68","-0.0200","39"
"00675L","富邦臺灣加權正2","3969406","385528018","97.30","98.70","95.50","98.50","0.2500","4494"
"00676R","富邦臺灣加權反1","8699300","18961571","2.18","2.20","2.16","2.16","0.0000","359"
"00678","群益那斯達克生技","1044981","31062048","29.57","29.86","29.57","29.81","0.5900","184"
"00680L","元大美債20正2","20876048","187057150","8.95","8.98","8.94","8.98","0.1000","2231"
"00681R","元大美債20反1","89000","1778860","19.95","19.99","19.95","19.97","-0.0900","24"
"00682U","期元大美元指數","90010","1922883","21.36","21.37","21.32","21.33","-0.0800","9"
"00683L","期元大美元指正2","92049","2133827","23.21","23.22","23.16","23.16","-0.2200","23"
"00684R","期元大美元指反1","","","","","","","0.0000",""
"00685L","群益臺灣加權正2","877281","75778796","86.65","87.75","85.00","87.65","0.2500","412"
"00686R","群益臺灣加權反1","3093100","7250273","2.34","2.35","2.32","2.32","-0.0100","66"
"00688L","國泰20年美債正2","15752630","140612518","8.93","8.94","8.91","8.94","0.1000","1207"
"00689R","國泰20年美債反1","5000","103360","20.68","20.68","20.67","20.67","-0.0800","3"
"00690","兆豐藍籌30","663943","23224099","35.05","35.22","34.73","35.22","-0.0700","493"
"00692","富邦公司治理","3602182","156134612","43.41","43.65","43.00","43.64","0.0000","2992"
"00693U","期街口S&P黃豆","264400","6117252","23.15","23.15","23.12","23.12","0.0400","86"
"00700","富邦恒生國企","378253","4888164","12.89","12.99","12.86","12.93","0.2100","169"
"00701","國泰股利精選30","804045","22931265","28.61","28.64","28.38","28.50","0.0000","428"
"00702","國泰標普低波高息","133269","3148203","23.57","23.67","23.57","23.62","0.2800","68"
"00703","台新MSCI中國","23113","360652","15.60","15.66","15.58","15.61","0.2000","13"
"00706L","期元大S&P日圓正2","8649423","51054017","5.91","5.92","5.89","5.92","0.0300","819"
"00707R","期元大S&P日圓反1","","","","","","","0.0000",""
"00708L","期元大S&P黃金正2","403108","13396696","33.26","33.34","33.11","33.23","0.0500","103"
"00709","富邦歐洲","47938","1431581","29.80","29.90","29.80","29.90","0.3000","118"
"00710B","復華彭博非投等債","219137","4248354","19.36","19.40","19.36","19.39","0.0500","80"
"00711B","復華彭博新興債","248794","4116690","16.52","16.56","16.52","16.55","0.0700","94"
"00712","復華富時不動產","16011416","153825914","9.59","9.62","9.59","9.62","0.0600","3839"
"00713","元大台灣高息低波","13446630","780216206","58.25","58.30","57.80","58.05","-0.2000","15847"
"00714","群益道瓊美國地產","208028","4087503","19.64","19.66","19.64","19.66","0.1700","159"
"00715L","期街口布蘭特正2","10486124","180466937","17.24","17.26","17.16","17.23","0.3700","1510"
"00717","富邦美國特別股","376041","5989644","15.91","15.94","15.91","15.93","0.0400","163"
"00728","第一金工業30","842001","27049355","32.14","32.31","31.89","32.30","-0.0200","291"
"00730","富邦臺灣優質高息","120876","2772536","23.05","23.05","22.82","23.02","-0.0300","199"
"00731","復華富時高息低波","1608349","125032237","77.80","78.05","77.15","78.05","-0.0500","1309"
"00733","富邦臺灣中小","2294790","136789515","59.85","60.05","59.05","59.90","0.0000","2212"
"00735","國泰臺韓科技","115934","4409806","37.96","38.23","37.68","38.23","0.0600","121"
"00736","國泰新興市場","106490","2424347","22.64","22.80","22.64","22.74","0.1400","106"
"00737","國泰AI+Robo","55425","1669810","30.07","30.13","30.05","30.13","-0.0100","93"
"00738U","期元大道瓊白銀","547820","14795703","27.12","27.13","26.86","27.13","-0.0200","167"
"00739","元大MSCI A股","12050","246714","20.54","20.54","20.44","20.54","-0.0600","64"
"00752","中信中國50","2801425","52325810","18.59","18.78","18.59","18.73","0.3100","549"
"00753L","中信中國50正2","12896016","102879286","7.95","8.05","7.91","8.00","0.2000","1506"
"00757","統一FANG+","8605561","733934465","85.45","85.55","85.15","85.50","-1.3500","6087"
"00762","元大全球AI","302581","18869393","62.40","62.45","62.10","62.45","-0.8000","598"
"00763U","期街口道瓊銅","393301","10708589","27.22","27.30","27.15","27.30","0.1000","68"
"00770","國泰北美科技","669277","31071753","46.57","46.59","46.32","46.58","-0.4100","643"
"00771","元大US高息特別股","12941","225645","17.41","17.49","17.41","17.47","0.0500","69"
"00775B","新光投等債15+","805959","28167694","34.88","34.96","34.88","34.96","0.2500","112"
"00783","富邦中証500","97140","1665272","17.20","17.22","17.10","17.19","-0.1600","18"
"00830","國泰費城半導體","27744448","1361183862","48.82","49.46","48.78","49.36","-0.8400","10806"
"00850","元大臺灣ESG永續","1676148","75798383","45.28","45.54","44.84","45.50","-0.0200","1810"
"00851","台新全球AI","81212","3734742","46.01","46.06","45.87","46.06","-0.3700","121"
"00852L","國泰美國道瓊正2","1137775","27698942","24.30","24.39","24.29","24.36","0.4900","181"
"00861","元大全球未來通訊","264442","11218086","42.30","42.51","42.20","42.51","-0.3100","170"
"00865B","國泰US短期公債","230453","10504864","45.55","45.60","45.55","45.58","0.0800","116"
"00875","國泰網路資安","102032","3205608","31.36","31.44","31.35","31.42","-0.0500","103"
"00876","元大全球5G","519109","21194930","40.72","40.95","40.66","40.91","-0.5100","423"
"00878","國泰永續高股息","38377942","903483727","23.65","23.65","23.41","23.63","-0.0600","27228"
"00881","國泰台灣5G+","25965239","647183262","24.96","25.20","24.64","25.18","-0.0300","9201"
"00882","中信中國高股息","18802717","223985610","11.80","11.99","11.80","11.94","0.1700","3592"
"00885","富邦越南","6961041","82474249","11.85","11.88","11.81","11.85","-0.0400","2290"
"00891","中信關鍵半導體","10379636","201439978","19.47","19.59","19.25","19.54","-0.1400","4380"
"00892","富邦台灣半導體","9450961","163304733","17.34","17.41","17.06","17.39","-0.0700","1320"
"00893","國泰智能電動車","14133561","303708517","21.46","21.53","21.44","21.51","-0.2700","2019"
"00894","中信小資高價30","3774793","79714855","21.09","21.30","20.89","21.30","-0.0100","418"
"00895","富邦未來車","3845318","105052183","27.30","27.52","27.19","27.52","-0.2800","1849"
"00896","中信綠能及電動車","1632500","29763153","18.30","18.39","18.06","18.37","0.0200","612"
"00897","富邦基因免疫生技","1826546","15064102","8.20","8.27","8.20","8.26","0.1000","400"
"00898","國泰基因免疫革命","1683310","12128719","7.16","7.22","7.16","7.22","0.1300","402"
"00899","FT潔淨能源","265022","4538811","17.11","17.18","17.09","17.18","0.1100","129"
"00900","富邦特選高股息30","7640563","128091056","16.83","16.84","16.67","16.83","-0.0100","1666"
"00901","永豐智能車供應鏈","885180","18456138","20.84","21.08","20.64","21.08","0.0000","269"
"00902","中信電池及儲能","2916621","27035797","9.34","9.34","9.25","9.28","-0.0600","1003"
"00903","富邦元宇宙","620382","8775953","14.16","14.16","14.12","14.16","-0.1500","241"
"00904","新光臺灣半導體30","2255445","42719368","19.01","19.12","18.77","19.09","-0.1200","691"
"00905","FT臺灣Smart","3898594","53958162","13.82","13.98","13.69","13.95","-0.0400","1604"
"00907","永豐優息存股","5257899","86936745","16.60","16.63","16.45","16.55","0.0000","1125"
"00908","富邦入息REITs+","946781","11659806","12.24","12.35","12.24","12.35","0.1800","92"
"00909","國泰數位支付服務","3133551","83158698","26.45","26.70","26.44","26.69","-0.2100","3666"
"00910","第一金太空衛星","98139","1765018","17.96","17.99","17.96","17.99","0.0700","22"
"00911","兆豐洲際半導體","863448","25803605","29.79","29.97","29.76","29.97","-0.6400","448"
"00912","中信臺灣智慧50","2377956","45838760","19.23","19.39","19.18","19.39","0.0100","277"
"00913","兆豐台灣晶圓製造","857805","19068137","22.27","22.37","22.01","22.37","0.0000","116"
"00915","凱基優選高股息30","12939917","350727630","27.14","27.40","26.87","27.40","0.1600","7252"
"00916","國泰全球品牌50","434408","9705467","22.31","22.36","22.31","22.36","0.0800","280"
"00917","中信特選金融","2350300","46023769","19.57","19.59","19.56","19.58","0.2200","392"
"00918","大華優利高填息30","23491466","592523485","25.33","25.38","25.05","25.35","-0.0100","10556"
"00919","群益台灣精選高息","135323996","3475319296","25.85","25.87","25.56","25.72","-0.1800","65632"
"00920","富邦ESG綠色電力","520739","7820345","14.99","15.04","14.96","15.04","0.0700","116"
"00921","兆豐龍頭等權重","3471584","66565668","19.26","19.29","19.07","19.23","-0.0200","3242"
"00922","國泰台灣領袖50","5309108","114540522","21.60","21.72","21.39","21.72","0.0200","2298"
"00923","群益台ESG低碳50","10449381","235137555","22.54","22.66","22.31","22.66","-0.0700","4848"
"00924","復華S&P500成長","1697300","37995283","22.45","22.45","22.33","22.43","-0.1500","773"
"00925","新光標普電動車","729054","11481928","15.75","15.78","15.72","15.76","0.3000","23"
"00926","凱基全球菁英55","1311980","29462994","22.48","22.50","22.41","22.47","-0.0100","274"
"00927","群益半導體收益","8670814","179748783","20.75","20.89","20.56","20.86","-0.1600","3904"
"00929","復華台灣科技優息","171843276","3568768415","20.85","20.88","20.63","20.86","-0.0700","56944"
"00930","永豐ESG低碳高息","2407393","50854219","21.20","21.28","20.97","21.26","0.0000","742"
"00932","兆豐永續高息等權","1695345","30455171","18.03","18.08","17.81","18.08","0.0000","786"
"00934","中信成長高股息","7676517","154356259","20.15","20.20","19.99","20.18","-0.0500","1868"
"00935","野村臺灣新科技50","7939928","177228950","22.38","22.49","22.10","22.45","-0.1000","3328"
"00936","台新永續高息中小","63113051","1171792260","18.60","18.65","18.49","18.61","-0.0400","18528"
"00939","統一台灣高息動能","20204126","299280461","14.86","14.88","14.74","14.85","-0.0400","6325"
"00940","元大台灣價值高息","149620200","1513135149","10.17","10.19","10.04","10.17","-0.0200","27698"
"00941","中信上游半導體","11357418","175685748","15.48","15.51","15.42","15.50","-0.0600","3669"
"00943","兆豐電子高息等權","1907408","29396879","15.48","15.55","15.27","15.53","0.0300","273"
"00944","野村趨勢動能高息","7274903","110287066","15.20","15.21","15.08","15.21","-0.0200","1623"
"00945B","凱基美國非投等債","5194128","78575954","15.12","15.14","15.12","15.13","0.0300","364"
"00946","群益科技高息成長","45742602","484713012","10.65","10.66","10.52","10.63","-0.0600","10355"
"00947","台新臺灣IC設計","23409396","363960815","15.67","15.67","15.39","15.58","-0.1300","6366"
"01001T","土銀富邦R1","","","","","","","0.0000",""
"01002T","土銀國泰R1","2007","33976","16.93","16.93","16.93","16.93","0.0000","4"
"01004T","土銀富邦R2","1005","12645","12.58","12.58","12.58","12.58","0.0000","2"
"01007T","兆豐國泰R2","14001","235218","16.80","16.80","16.80","16.80","0.0000","5"
"01009T","王道圓滿R1","11000","85760","7.84","7.84","7.78","7.84","0.0000","6"
"01010T","京城樂富R1","29300","293429","10.02","10.02","10.00","10.02","0.0000","16"
"020000","富邦特選蘋果N","4000","49540","12.37","12.49","12.34","12.49","-0.2400","3"
"020011","統一微波高息20N","","","","","","","0.0000",""
"020012","富邦行動通訊N","","","","","","","0.0000",""
"020015","統一MSCI美低波N","","","","","","","0.0000",""
"020016","統一MSCI美科技N","","","","","","","0.0000",""
"020018","統一價值成長30N","2000","50170","24.99","25.18","24.99","25.18","0.0200","2"
"020019","統一特選台灣5GN","","","","","","","0.0000",""
"02001L","富邦蘋果正二N","162000","4776860","29.00","30.20","28.70","30.20","0.2800","44"
"02001R","富邦蘋果反一N","1999000","2878560","1.44","1.44","1.44","1.44","0.0100","5"
"02001S","策元大加權策略N","","","","","","","0.0000",""
"020020","元大台股領航N","58000","675130","11.56","11.76","11.56","11.76","0.0200","16"
"020028","元大特選電動車N","27000","259650","9.57","9.68","9.57","9.68","0.1100","11"
"020029","元大ESG高股息N","59000","545340","9.24","9.28","9.22","9.28","-0.0200","14"
"020030","統一智慧電動車N","","","","","","","0.0000",""
"020031","統一IC設計臺灣N","546000","3438770","6.34","6.35","6.23","6.34","-0.0300","23"
"020032","元大綠能N","97000","633940","6.52","6.55","6.51","6.54","-0.0100","5"
"020034","元大IC設計N","241000","1998950","8.45","8.45","8.28","8.40","-0.0800","17"
"020036","元大金融配息N","","","","","","","0.0000",""
"020037","元大金融高股息N","10000","66240","6.63","6.64","6.62","6.62","-0.0100","3"
"020038","元大ESG配息N","69000","550190","8.00","8.02","7.95","8.02","-0.0400","23"
"020039","元大加權N","111000","758310","6.85","6.89","6.78","6.89","0.0100","25"
"1101","台泥","18813186","644311049","34.40","34.55","33.85","34.50","0.2500","7535"
"1101B","台泥乙特","3033","146188","48.20","48.20","48.20","48.20","0.0000","5"
"1102","亞泥","13856924","607359963","44.70","44.70","43.45","43.60","-1.2500","7672"
"1103","嘉泥","252864","4635391","18.50","18.50","18.20","18.45","0.1000","313"
"1104","環泥","726460","25288953","34.85","34.95","34.60","34.95","0.1500","538"
"1108","幸福","309498","5216038","16.95","16.95","16.80","16.85","-0.0500","163"
"1109","信大","207414","4055106","19.55","19.65","19.40","19.65","0.1500","131"
"1110","東泥","433479","9182231","21.60","21.60","20.90","21.55","0.0000","334"
"1201","味全","623402","11734812","18.90","18.90","18.70","18.90","0.0500","453"
"1203","味王","49293","2584110","52.70","52.70","52.00","52.70","0.7000","82"
"1210","大成","731875","41574103","56.70","57.00","56.60","57.00","0.4000","756"
"1213","大飲","18000","132000","7.30","7.37","7.30","7.36","0.0100","11"
"1215","卜蜂","1992781","227080658","114.00","114.50","113.50","114.00","0.5000","1561"
"1216","統一","10215747","847255259","83.20","83.50","81.90","83.20","0.3000","7595"
"1217","愛之味","7455889","95850134","12.90","13.05","12.70","12.70","-0.0500","2276"
"1218","泰山","1249849","28075890","22.45","22.70","22.35","22.35","0.0500","671"
"1219","福壽","370307","7068065","19.15","19.15","19.00","19.10","0.0000","231"
"1220","台榮","336767","5308495","16.10","16.10","15.60","15.80","0.0000","165"
"1225","福懋油","192470","19284358","98.90","101.50","98.00","101.00","3.5000","176"
"1227","佳格","2806733","119732766","43.80","43.85","42.20","42.70","-0.9500","3786"
"1229","聯華","947792","64396224","68.10","68.30","67.50","68.10","0.5000","1257"
"1231","聯華食","138466","15044833","107.50","109.50","107.00","109.50","2.0000","352"
"1232","大統益","30062","4371219","145.50","145.50","145.00","145.50","0.5000","113"
"1233","天仁","10224","349970","34.40","34.40","34.10","34.15","-0.1500","38"
"1234","黑松","149699","6723588","45.40","45.40","44.75","44.90","0.1000","184"
"1235","興泰","27495","2569554","93.70","93.70","92.70","93.20","0.8000","28"
"1236","宏亞","21159","519681","24.75","24.75","24.45","24.50","-0.0500","114"
"1256","鮮活果汁-KY","18715","3759851","202.00","202.00","200.00","201.00","-2.0000","1152"
"1301","台塑","27153859","1589582729","59.80","59.80","58.30","58.40","-1.1000","15585"
"1303","南亞","18267859","914803426","50.60","50.70","49.85","50.00","-0.1000","7616"
"1304","台聚","1768336","27406778","15.85","15.85","15.40","15.60","-0.1000","1082"
"1305","華夏","1944871","32772158","17.10","17.15","16.70","16.90","-0.3500","1285"
"1307","三芳","485235","15129951","31.65","31.65","30.90","31.45","0.0500","338"
"1308","亞聚","852281","14925697","17.85","17.85","17.40","17.55","-0.2000","882"
"1309","台達化","6644991","123431636","18.85","18.90","18.20","18.90","-0.1000","3607"
"1310","台苯","583506","7755168","13.55","13.55","13.20","13.30","-0.0500","585"
"1312","國喬","2322469","32962047","14.50","14.50","14.05","14.25","-0.1500","1225"
"1312A","國喬特","7000","165600","23.70","23.70","23.65","23.65","0.0000","5"
"1313","聯成","1238881","15391532","12.65","12.65","12.35","12.45","-0.1000","888"
"1314","中石化","38324869","403059947","10.55","10.65","10.35","10.65","0.1500","7401"
"1315","達新","41280","2971123","72.30","72.30","71.90","72.30","0.0000","17"
"1316","上曜","4151230","78234957","19.05","19.20","18.65","18.90","-0.1000","1923"
"1319","東陽","13585333","1499709363","113.50","113.50","109.00","111.00","-2.0000","6214"
"1321","大洋","461028","17161497","37.50","37.70","37.00","37.30","-0.2500","330"
"1323","永裕","7227","220630","30.75","30.75","30.50","30.50","0.2000","24"
"1324","地球","71988","979816","13.80","13.80","13.55","13.55","-0.1000","97"
"1325","恆大","1287533","42655851","34.10","34.20","32.65","33.00","-1.1000","995"
"1326","台化","7198255","368183371","52.20","52.20","50.90","51.20","-0.3000","4000"
"1337","再生-KY","1318157","9687666","7.49","7.50","7.19","7.37","-0.0600","556"
"1338","廣華-KY","352744","11613223","32.40","33.30","32.25","32.85","0.3500","181"
"1339","昭輝","124722","8221037","66.60","66.90","65.20","66.00","0.0000","121"
"1340","勝悅-KY","37061","370723","10.05","10.05","9.96","10.00","0.0200","194"
"1341","富林-KY","57096","4058763","71.20","71.50","70.80","71.50","0.5000","39"
"1342","八貫","184592","21503055","116.00","117.50","115.00","116.00","0.0000","225"
"1402","遠東新","103199507","3605325380","36.45","36.55","35.55","36.55","0.1500","5660"
"1409","新纖","3345228","56095528","16.90","16.90","16.60","16.85","-0.0500","1116"
"1410","南染","16010","602425","37.90","37.90","37.50","37.65","-0.0500","16"
"1413","宏洲","182306","1965982","11.05","11.05","10.70","10.85","-0.0500","59"
"1414","東和","428309","9334006","22.00","22.10","21.60","21.95","-0.0500","301"
"1416","廣豐","611808","7345416","12.20","12.20","11.95","12.05","-0.0500","359"
"1417","嘉裕","286328","3234804","11.40","11.40","11.25","11.35","0.0500","246"
"1418","東華","401963","14249572","35.45","35.45","35.45","35.45","3.2000","206"
"1419","新紡","45113","2175934","48.15","48.60","48.10","48.30","0.1500","32"
"1423","利華","156039","6565264","42.25","43.25","41.50","41.70","-0.3000","236"
"1432","大魯閣","403491","7250785","17.80","18.15","17.60","18.10","0.4000","393"
"1434","福懋","718567","16311824","22.90","22.90","22.60","22.80","0.1500","610"
"1435","中福","15","687","","","","","0.0000","6"
"1436","華友聯","2116760","349969891","164.00","173.00","157.00","157.50","-6.5000","2561"
"1437","勤益控","526785","20148732","39.15","39.15","37.90","37.95","-1.1000","340"
"1438","三地開發","163581","9840148","61.40","61.40","59.60","60.20","-0.8000","146"
"1439","雋揚","52100","1521930","29.40","29.60","28.65","29.15","-0.1500","37"
"1440","南紡","1833160","31852231","17.70","17.70","17.25","17.45","-0.0500","763"
"1441","大東","64530","867411","13.50","13.55","13.35","13.55","0.1000","232"
"1442","名軒","509083","31044505","61.20","61.80","60.60","60.90","-0.3000","457"
"1443","立益物流","105296","3275951","31.95","31.95","30.60","31.65","0.1500","92"
"1444","力麗","994058","9667155","9.85","9.85","9.70","9.75","-0.0300","624"
"1445","大宇","381444","7302095","19.40","19.40","19.00","19.30","-0.1000","241"
"1446","宏和","1257564","61332010","49.65","49.70","47.75","49.20","0.0500","869"
"1447","力鵬","2204051","21843086","10.00","10.05","9.82","9.95","0.0000","833"
"1449","佳和","3755159","72877501","19.15","19.80","18.90","19.35","0.2000","1780"
"1451","年興","103847","2156046","21.00","21.00","20.65","20.80","0.0000","170"
"1452","宏益","351709","6001390","17.00","17.20","16.85","16.95","0.0000","117"
"1453","大將","722927","18494671","26.20","26.30","25.05","25.70","-0.3000","651"
"1454","台富","14745","246883","16.85","16.85","16.60","16.80","0.1500","18"
"1455","集盛","1135255","15886141","14.15","14.15","13.85","14.00","0.0000","508"
"1456","怡華","72049","1475537","20.70","20.70","20.20","20.55","0.1000","52"
"1457","宜進","396406","8695713","22.30","22.30","21.80","22.05","0.0000","210"
"1459","聯發","108591","1170500","10.90","10.90","10.65","10.80","0.0000","82"
"1460","宏遠","449018","3591706","8.02","8.07","7.97","8.01","-0.0100","214"
"1463","強盛","409211","8527401","20.65","21.05","20.60","20.95","0.5000","293"
"1464","得力","723137","10251599","14.15","14.25","14.05","14.20","0.1500","384"
"1465","偉全","233005","3547354","15.30","15.45","15.10","15.35","0.2500","149"
"1466","聚隆","79382","995102","12.60","12.60","12.45","12.50","0.0500","32"
"1467","南緯","242773","2738760","11.40","11.40","11.25","11.30","0.0500","231"
"1468","昶和","48012","708527","14.95","14.95","14.60","14.90","-0.1000","44"
"1470","大統新創","7050","145986","20.75","20.75","20.70","20.70","0.2000","10"
"1471","首利","513782","8018804","15.80","15.80","15.50","15.65","-0.1000","292"
"1472","三洋實業","49245","3528011","72.60","72.60","71.20","71.60","-1.0000","58"
"1473","台南","2395650","117303389","48.90","49.85","47.85","48.65","-0.2000","1573"
"1474","弘裕","399865","5647420","14.30","14.35","13.95","14.10","-0.1500","231"
"1475","業旺","109759","6466793","59.70","59.70","58.70","59.20","-0.1000","87"
"1476","儒鴻","1135477","609193897","540.00","546.00","529.00","540.00","2.0000","968"
"1477","聚陽","2194504","877468055","400.00","408.00","394.00","398.50","0.0000","2192"
"1503","士電","21341698","6209816068","290.00","298.00","282.00","297.00","7.0000","24942"
"1504","東元","10785629","569891528","52.90","53.30","52.00","53.00","0.2000","6030"
"1506","正道","252691","4138091","16.40","16.45","16.35","16.40","0.0000","118"
"1512","瑞利","61928","525952","8.66","8.76","8.36","8.62","-0.0600","40"
"1513","中興電","9946983","1850948943","184.50","188.50","181.50","188.50","4.5000","8496"
"1514","亞力","34062539","4927893283","139.50","149.50","138.00","149.50","9.0000","26940"
"1515","力山","939632","42942652","45.95","46.20","44.80","46.15","0.3500","674"
"1516","川飛","429231","10316012","24.15","24.45","23.80","24.25","0.1000","298"
"1517","利奇","335101","5593169","16.80","16.85","16.55","16.80","0.0500","284"
"1519","華城","1270288","1134175612","899.00","920.00","864.00","920.00","20.0000","3199"
"1521","大億","27229","1076026","39.70","40.20","39.10","39.45","0.1500","35"
"1522","堤維西","8384880","600538969","72.00","73.00","69.60","72.90","1.1000","5513"
"1522A","堤維西甲特","4065","187706","46.15","46.20","46.15","46.20","0.0000","5"
"1524","耿鼎","2263554","78750906","34.80","35.40","34.05","35.40","0.6500","1479"
"1525","江申","52459","4048491","77.10","77.70","76.50","77.10","0.7000","65"
"1526","日馳","53306","1688366","32.00","32.00","31.50","31.75","0.0500","55"
"1527","鑽全","296547","12912032","44.00","44.00","43.30","43.55","-0.2000","265"
"1528","恩德","575283","7481993","13.10","13.15","12.85","13.00","0.0500","380"
"1529","樂事綠能","1913691","65557046","33.95","35.00","33.55","34.20","0.2500","1272"
"1530","亞崴","103568","3307144","31.95","32.05","31.85","31.90","-0.0500","211"
"1531","高林股","142054","2046118","14.65","14.65","14.30","14.45","-0.0500","169"
"1532","勤美","2172515","104509841","48.60","48.95","47.50","48.30","0.0000","1613"
"1533","車王電","81158","3693436","45.95","45.95","45.05","45.50","-0.2000","79"
"1535","中宇","171466","11831790","69.70","69.70","68.40","69.60","0.4000","196"
"1536","和大","694820","38015928","55.10","55.40","54.20","55.20","0.4000","599"
"1537","廣隆","117533","16914686","145.00","145.50","143.00","145.50","1.5000","164"
"1538","正峰","155079","2910217","18.00","19.05","18.00","19.05","1.7000","123"
"1539","巨庭","78147","1871420","24.00","24.05","23.80","24.05","0.0500","103"
"1540","喬福","278086","5705034","20.65","20.70","20.30","20.55","0.0000","193"
"1541","錩泰","8530","271401","32.05","32.05","31.60","31.60","0.0000","16"
"1558","伸興","34735","3516476","102.00","102.00","101.00","101.00","-0.5000","73"
"1560","中砂","4217888","1251563098","300.00","305.00","292.00","302.50","2.0000","9623"
"1563","巧新","1925630","148885823","77.80","78.50","76.40","76.60","-1.2000","908"
"1568","倉佑","269786","7549295","28.25","28.25","27.65","28.10","-0.0500","217"
"1582","信錦","2859273","309095813","110.50","111.50","106.50","108.00","-4.0000","2638"
"1583","程泰","32396","2232072","69.90","69.90","68.60","68.60","-0.9000","35"
"1587","吉茂","2541127","159859696","63.10","64.40","61.80","62.60","-0.7000","1864"
"1589","永冠-KY","206863","9204997","45.25","45.25","44.10","44.70","0.0000","383"
"1590","亞德客-KY","281220","294829045","1050.00","1055.00","1040.00","1055.00","25.0000","410"
"1597","直得","671957","46613529","68.40","70.20","67.30","70.00","2.0000","706"
"1598","岱宇","230116","7217921","31.95","32.00","31.00","31.95","0.2000","216"
"1603","華電","1796146","84224056","47.15","47.55","46.20","47.25","0.2500","1305"
"1604","聲寶","1419226","40124808","29.00","29.05","28.75","29.05","0.2500","335"
"1605","華新","19450297","691219273","35.90","35.90","35.35","35.55","-0.1000","6667"
"1608","華榮","6741127","258892574","37.80","38.95","37.30","38.80","1.0000","4144"
"1609","大亞","35394285","1915870526","52.50","55.00","51.80","55.00","2.3000","19524"
"1611","中電","16576884","330015899","19.55","20.25","19.25","19.85","0.3500","6837"
"1612","宏泰","4432025","173801695","38.70","39.70","38.20","39.65","0.9500","2747"
"1614","三洋電","138103","6194655","45.05","45.15","44.35","45.15","0.5000","106"
"1615","大山","769734","52790388","68.60","69.50","67.50","69.50","-0.6000","605"
"1616","億泰","1458934","35895393","24.65","25.00","24.05","24.95","0.3000","969"
"1617","榮星","2641646","66337609","25.70","25.75","24.55","25.05","-0.2500","1477"
"1618","合機","8021517","460342750","56.60","58.90","55.50","58.50","1.4000","5438"
"1626","艾美特-KY","58091","926789","15.95","16.00","15.90","15.95","0.0000","163"
"1701","中化","559463","12665964","22.80","22.90","22.55","22.60","-0.1500","375"
"1702","南僑","680088","39221561","58.20","58.20","57.30","58.00","0.1000","539"
"1707","葡萄王","176183","27005431","153.50","154.50","152.50","154.00","1.0000","302"
"1708","東鹼","2704158","93074797","34.10","34.80","33.90","34.70","0.7500","1433"
"1709","和益","3217742","69509550","21.45","21.80","21.35","21.40","0.0500","1058"
"1710","東聯","1162761","20203733","17.65","17.65","17.25","17.45","-0.1000","568"
"1711","永光","800505","15370032","19.45","19.45","19.05","19.30","-0.1000","672"
"1712","興農","877861","38707150","44.10","44.45","43.55","44.05","0.1000","836"
"1713","國化","793825","42018681","54.80","55.30","51.00","55.10","0.1000","576"
"1714","和桐","1702003","16891160","10.00","10.00","9.87","9.94","-0.0400","658"
"1717","長興","1491760","46549128","31.40","31.45","31.05","31.10","0.1000","846"
"1718","中纖","3078203","24767501","8.09","8.12","7.99","8.05","0.0100","1109"
"1720","生達","931400","68811581","74.80","74.80","72.80","73.80","-0.1000","1221"
"1721","三晃","642463","9213502","14.50","14.50","14.20","14.40","0.0000","408"
"1722","台肥","2472332","162061971","65.90","65.90","65.00","65.40","-0.1000","1924"
"1723","中碳","1024105","112845733","109.50","111.00","109.00","111.00","2.0000","740"
"1725","元禎","320951","14904541","47.30","47.30","45.55","46.50","-0.3000","273"
"1726","永記","20074","1634808","81.70","81.70","81.00","81.60","0.4000","21"
"1727","中華化","769528","23118111","30.90","30.90","29.50","30.25","-0.2500","589"
"1730","花仙子","19843","1117156","56.50","56.50","56.10","56.30","0.1000","37"
"1731","美吾華","426711","11160259","26.25","26.30","26.00","26.15","0.0000","316"
"1732","毛寶","348026","10443379","30.60","30.60","29.60","30.15","-0.4500","290"
"1733","五鼎","679650","23623505","34.65","35.05","34.35","34.70","0.3000","467"
"1734","杏輝","470525","17844114","38.20","38.20","37.65","38.00","-0.1500","362"
"1735","日勝化","13967","252115","18.15","18.15","18.00","18.00","-0.0500","27"
"1736","喬山","444971","37970561","85.90","86.00","84.20","85.70","0.3000","425"
"1737","臺鹽","282835","9579734","33.90","33.95","33.70","33.85","0.2000","253"
"1752","南光","1843712","100450973","56.00","56.00","53.70","53.80","-1.4000","1293"
"1760","寶齡富錦","266065","25884879","97.60","98.90","96.70","97.00","-0.5000","287"
"1762","中化生","328922","16494511","51.00","51.00","49.85","50.30","-0.4000","580"
"1773","勝一","950730","145130983","156.00","156.00","151.00","154.50","0.0000","729"
"1776","展宇","73848","1291291","17.75","17.75","17.45","17.45","-0.1500","65"
"1783","和康生","140397","6453054","46.45","46.45","45.55","46.20","0.1500","139"
"1786","科妍","1469046","192099233","129.00","133.00","127.00","133.00","4.5000","1420"
"1789","神隆","607758","17149467","28.55","28.55","28.00","28.30","0.0500","414"
"1795","美時","3154848","918891523","290.00","293.50","289.00","290.00","2.5000","4008"
"1802","台玻","7117584","136359895","19.45","19.50","18.95","19.25","-0.1000","2678"
"1805","寶徠","448277","9110761","20.35","20.65","19.80","20.55","0.5000","254"
"1806","冠軍","394890","4223840","10.85","10.85","10.60","10.75","-0.0500","222"
"1808","潤隆","1393353","158541879","114.00","115.00","112.00","114.00","1.0000","1279"
"1809","中釉","972969","22978291","23.85","24.00","23.20","23.95","0.1000","678"
"1810","和成","1025239","18732357","18.50","18.55","18.05","18.45","-0.0500","546"
"1817","凱撒衛","254270","10057929","39.75","39.75","39.25","39.60","-0.2000","182"
"1903","士紙","266215","16264027","62.00","62.00","60.50","61.30","-0.3000","216"
"1904","正隆","633038","18212386","28.95","28.95","28.70","28.80","0.0500","482"
"1905","華紙","1576482","34132763","21.90","21.90","21.55","21.75","0.0500","813"
"1906","寶隆","57257","901818","15.80","15.80","15.70","15.75","0.0000","177"
"1907","永豐餘","3148969","96465532","30.65","30.80","30.30","30.80","0.5000","1125"
"1909","榮成","3534687","48715405","13.95","13.95","13.70","13.85","-0.0500","1550"
"2002","中鋼","25759715","600069050","23.45","23.50","23.25","23.30","-0.1000","13925"
"2002A","中鋼特","26100","1132020","43.50","43.70","43.30","43.70","-0.0500","14"
"2006","東和鋼鐵","1326938","91071458","69.10","69.10","68.30","68.50","0.0000","1122"
"2007","燁興","856740","10158429","11.95","12.05","11.80","11.80","-0.1500","360"
"2008","高興昌","139574","3583358","25.80","26.10","25.45","25.85","0.4000","104"
"2009","第一銅","3349055","163978724","49.00","50.30","47.70","50.30","1.1000","2560"
"2010","春源","471431","9540575","20.40","20.40","20.10","20.30","-0.0500","320"
"2012","春雨","76383","1946216","25.80","25.80","25.35","25.50","0.0500","65"
"2013","中鋼構","128940","7555244","59.20","59.20","58.10","58.40","0.0000","79"
"2014","中鴻","3403913","74179895","22.05","22.05","21.75","21.75","-0.1500","1545"
"2015","豐興","973914","76075423","76.90","79.20","75.50","79.20","1.7000","727"
"2017","官田鋼","542287","7822313","14.55","14.60","14.35","14.45","-0.1000","348"
"2020","美亞","462295","16635327","36.10","36.10","35.80","36.05","-0.0500","324"
"2022","聚亨","487507","5500791","11.45","11.45","11.20","11.35","0.0000","289"
"2023","燁輝","950801","14826220","15.85","15.85","15.45","15.55","-0.1500","568"
"2024","志聯","16635","356045","21.35","21.55","21.35","21.35","0.0000","28"
"2025","千興","1417858","17609215","12.40","12.60","12.20","12.55","0.2500","515"
"2027","大成鋼","5901556","214370950","36.70","36.70","36.20","36.30","-0.3000","2919"
"2028","威致","136462","3580732","26.45","26.45","26.00","26.35","0.2000","150"
"2029","盛餘","373346","10358433","27.90","27.90","27.65","27.80","-0.1000","181"
"2030","彰源","658545","11686192","18.00","18.00","17.70","17.80","-0.1000","404"
"2031","新光鋼","1783850","111408690","62.70","63.20","62.00","63.10","0.6000","1327"
"2032","新鋼","182534","3091455","17.20","17.20","16.85","16.95","-0.0500","121"
"2033","佳大","120650","1847058","15.55","15.55","15.25","15.35","-0.1000","81"
"2034","允強","240959","6148120","25.75","25.75","25.40","25.60","0.0000","187"
"2038","海光","652096","12956464","20.10","20.10","19.70","19.95","0.0500","351"
"2049","上銀","669044","138611948","209.50","209.50","206.00","207.00","-1.5000","984"
"2059","川湖","883181","1076733225","1215.00","1240.00","1180.00","1220.00","20.0000","1771"
"2062","橋椿","289937","8147205","28.30","28.30","28.00","28.25","0.1000","234"
"2069","運錩","182049","2987732","16.55","16.55","16.25","16.50","0.1500","76"
"2101","南港","4565302","254197894","55.90","56.50","55.10","55.90","0.0000","2346"
"2102","泰豐","803202","16401198","20.65","20.70","20.30","20.45","0.0500","235"
"2103","台橡","1600074","38965537","24.40","24.50","24.15","24.50","0.2500","656"
"2104","國際中橡","1127069","19412136","17.35","17.40","17.15","17.30","0.0500","476"
"2105","正新","6444403","322297396","49.75","50.20","49.35","50.20","0.6000","2849"
"2106","建大","1257982","43214186","33.95","34.60","33.90","34.60","0.7500","754"
"2107","厚生","282351","7598014","27.15","27.15","26.75","27.00","0.0000","302"
"2108","南帝","868822","31610072","36.45","36.60","36.10","36.55","0.5000","574"
"2109","華豐","537086","10085100","18.90","18.95","18.55","18.85","0.1000","324"
"2114","鑫永銓","36628","3752049","103.00","103.00","102.00","102.50","0.0000","45"
"2115","六暉-KY","39268","1307711","33.75","33.75","33.20","33.25","-0.0500","37"
"2201","裕隆","2802600","193967940","69.40","70.50","68.70","68.80","0.0000","1931"
"2204","中華","1602891","201172451","127.00","127.00","124.50","126.50","0.5000","2158"
"2206","三陽工業","4116334","332890912","82.00","82.00","80.30","80.90","-1.0000","3996"
"2207","和泰車","354844","226496613","643.00","643.00","629.00","642.00","7.0000","530"
"2208","台船","1856660","32741232","17.90","17.90","17.55","17.60","-0.1500","1203"
"2211","長榮鋼","2634010","383075562","142.50","147.50","141.00","147.50","7.0000","1845"
"2227","裕日車","36595","5095535","142.00","142.00","138.00","138.50","-0.5000","90"
"2228","劍麟","387315","43069370","113.00","113.00","109.50","112.50","0.5000","290"
"2231","為升","310809","37333182","120.50","121.00","119.00","120.50","1.0000","316"
"2233","宇隆","258009","36082529","142.00","142.00","139.50","139.50","-1.0000","256"
"2236","百達-KY","1617294","133531091","81.90","84.50","80.90","82.00","0.8000","1057"
"2239","英利-KY","122663","6365194","53.00","53.00","51.50","51.90","-0.6000","127"
"2241","艾姆勒","1112856","47976355","43.80","44.20","42.50","43.15","-0.3500","817"
"2243","宏旭-KY","415200","7552881","18.00","18.95","17.60","18.30","0.3000","270"
"2247","汎德永業","537116","161586001","306.50","306.50","299.00","299.50","-4.0000","876"
"2250","IKKA-KY","249180","25932207","106.00","106.00","102.50","105.00","-1.0000","269"
"2254","巨鎧精密-創","195000","15552200","80.40","80.60","78.60","80.40","0.0000","40"
"2258","鴻華先進-創","1392000","68871700","49.15","49.90","48.70","49.70","0.9500","668"
"2301","光寶科","13913734","1446465455","104.00","105.00","102.00","105.00","1.5000","6837"
"2302","麗正","261830","4726453","18.25","18.25","17.85","18.25","0.1000","173"
"2303","聯電","69506711","3900864134","56.70","56.70","55.70","56.40","-0.4000","23613"
"2305","全友","449133","10396779","23.30","23.50","22.70","23.20","0.1500","255"
"2308","台達電","19788113","7572420264","375.00","391.50","369.50","387.00","10.5000","19340"
"2312","金寶","16239559","296952132","18.55","18.60","18.05","18.35","0.0000","5534"
"2313","華通","16839900","1302127641","78.00","78.70","76.60","77.70","-0.5000","11785"
"2314","台揚","1108710","36487206","33.30","33.30","32.35","33.10","-0.3000","879"
"2316","楠梓電","7569925","437603951","58.10","59.30","55.70","58.70","0.6000","4820"
"2317","鴻海","121206515","25045108196","203.00","212.00","201.00","211.00","5.0000","70769"
"2321","東訊","3058","49787","16.40","16.40","16.20","16.25","0.0000","8"
"2323","中環","8257368","102152901","12.50","12.50","12.25","12.45","0.0000","2055"
"2324","仁寶","27232993","954878856","35.40","35.40","34.80","35.20","-0.0500","11695"
"2327","國巨","4716558","3576250184","767.00","772.00","751.00","756.00","-3.0000","7405"
"2328","廣宇","4229898","167795511","40.00","40.35","38.65","40.25","0.4500","3007"
"2329","華泰","5650121","343336186","60.90","61.60","59.40","61.10","0.2000","3561"
"2330","台積電","62079701","57978440842","925.00","945.00","923.00","945.00","5.0000","103844"
"2331","精英","4798034","157284516","32.90","33.00","32.30","32.85","-0.0500","2096"
"2332","友訊","1133522","20493435","18.30","18.30","17.90","18.20","0.0000","802"
"2337","旺宏","6708757","179205900","27.05","27.05","26.45","26.65","-0.3000","2891"
"2338","光罩","7249835","554318584","78.70","78.80","73.30","78.60","0.3000","5222"
"2340","台亞","3033585","124505439","41.60","41.60","40.50","41.30","-0.5500","2333"
"2342","茂矽","528802","17088414","32.70","32.75","31.80","32.75","0.0500","532"
"2344","華邦電","19529108","505456903","26.20","26.25","25.70","25.95","-0.3500","7383"
"2345","智邦","2770273","1458266242","531.00","534.00","521.00","532.00","-5.0000","3057"
"2347","聯強","8042450","599205203","74.20","75.30","73.60","75.00","0.7000","4215"
"2348","海悅","720125","169245218","235.50","238.50","233.00","233.50","-1.5000","1521"
"2348A","海悅甲特","25100","847075","33.80","33.80","33.70","33.75","0.0500","15"
"2349","錸德","2320667","21474576","9.38","9.38","9.16","9.27","-0.1200","1030"
"2351","順德","3067651","390860576","130.00","130.50","125.50","129.00","-1.5000","2126"
"2352","佳世達","33212356","1306282212","38.85","40.10","38.55","39.75","1.4000","17035"
"2353","宏碁","40212592","1886629910","47.15","47.60","46.50","46.80","-0.2000","13146"
"2354","鴻準","41625067","2993913980","70.70","74.00","69.60","73.40","3.1000","24015"
"2355","敬鵬","7428744","358251293","48.25","48.75","47.20","48.65","0.1500","5274"
"2356","英業達","29069261","1628425061","57.00","57.00","55.00","56.70","-0.3000","17840"
"2357","華碩","4711311","2376846208","510.00","511.00","500.00","506.00","-7.0000","7566"
"2359","所羅門","7882500","1229871391","158.00","159.00","152.50","158.50","1.5000","6378"
"2360","致茂","2164063","676299582","312.50","318.50","304.50","318.50","5.5000","2369"
"2362","藍天","2032124","107421140","53.40","53.70","51.80","53.50","0.2000","1467"
"2363","矽統","10108209","580676291","57.60","58.50","56.40","58.50","0.9000","6135"
"2364","倫飛","101246","8378268","83.20","83.50","82.30","83.10","-0.1000","110"
"2365","昆盈","18704577","701218966","37.85","38.60","36.35","37.85","0.0000","10135"
"2367","燿華","23972630","836626478","35.80","35.80","34.10","35.30","-0.4000","11351"
"2368","金像電","7469755","1494950196","203.50","204.00","197.50","200.00","-4.5000","7167"
"2369","菱生","7815854","188676072","24.45","24.65","23.45","24.30","-0.1000","3838"
"2371","大同","33117805","1926796410","57.10","59.20","56.40","58.90","1.8000","16578"
"2373","震旦行","64385","4885720","76.30","76.30","75.40","76.00","0.0000","102"
"2374","佳能","10651220","527662394","48.95","50.70","48.00","49.80","0.7500","6317"
"2375","凱美","790303","56513614","73.80","73.80","70.60","71.50","-1.0000","738"
"2376","技嘉","4828811","1485502126","311.00","311.50","303.00","310.00","-2.0000","13973"
"2377","微星","8103540","1430973857","181.00","181.00","175.00","176.50","-5.0000","7246"
"2379","瑞昱","2663127","1411558412","534.00","535.00","525.00","532.00","1.0000","3098"
"2380","虹光","275351","1951616","7.11","7.11","7.05","7.09","-0.0900","254"
"2382","廣達","41318995","12373446752","301.00","306.00","293.50","305.00","1.0000","38936"
"2383","台光電","5597039","2565936644","458.50","464.00","445.00","464.00","6.5000","5566"
"2385","群光","4528603","779530326","172.00","173.50","171.00","172.00","1.5000","2861"
"2387","精元","711201","42636725","60.50","60.50","59.60","60.40","0.1000","758"
"2388","威盛","3833263","446629234","118.00","119.00","114.50","116.50","-1.0000","2980"
"2390","云辰","806859","10947418","13.90","13.95","13.40","13.60","-0.3000","615"
"2392","正崴","7842466","590198021","75.30","76.60","73.30","76.30","1.0000","5306"
"2393","億光","6236590","480444043","79.70","79.70","75.70","76.20","-3.5000","5307"
"2395","研華","1022145","379654143","374.00","375.00","366.00","372.00","-3.0000","1267"
"2397","友通","249473","18523823","74.10","75.30","73.20","74.00","1.0000","231"
"2399","映泰","892017","19880503","22.75","22.75","22.10","22.30","-0.3000","572"
"2401","凌陽","20770999","772857863","36.60","37.90","35.70","37.35","0.8000","11191"
"2402","毅嘉","5431271","192414919","35.25","36.00","34.20","35.85","1.0000","2753"
"2404","漢唐","930858","332406973","363.00","363.00","355.00","357.50","-4.0000","1375"
"2405","輔信","4339463","87592020","20.10","20.50","19.75","20.45","0.3500","1818"
"2406","國碩","32064274","765240120","23.75","24.50","23.30","23.65","0.5500","13680"
"2408","南亞科","16930974","1152293462","69.50","69.60","67.20","68.50","-0.6000","10519"
"2409","友達","157070605","2819172416","18.35","18.45","17.75","17.95","-0.4000","29698"
"2412","中華電","9456378","1191990778","126.50","127.00","125.50","126.00","-0.5000","5996"
"2413","環科","121304","2889405","23.90","24.10","23.55","24.10","0.2000","75"
"2414","精技","504628","19778587","39.10","39.50","38.75","39.35","0.4000","460"
"2415","錩新","82761","2205611","27.05","27.05","26.50","26.60","-0.2500","82"
"2417","圓剛","2563835","114973310","44.50","45.50","43.85","45.30","0.6500","2261"
"2419","仲琦","789693","24034348","31.05","31.05","30.15","30.50","-0.3500","567"
"2420","新巨","1037610","70042429","69.10","69.30","66.70","68.00","-0.7000","949"
"2421","建準","2418328","271397530","114.00","114.50","110.50","114.50","0.0000","1966"
"2423","固緯","146217","5919091","40.85","40.95","40.15","40.85","0.2000","181"
"2424","隴華","42078","1318826","32.50","32.70","30.50","31.65","0.0000","34"
"2425","承啟","671361","25842272","38.25","38.90","38.10","38.45","0.2000","447"
"2426","鼎元","736670","14044714","19.10","19.35","18.85","19.20","0.1000","520"
"2427","三商電","10209136","311843231","29.00","31.45","28.50","30.90","2.0000","5435"
"2428","興勤","661134","118233624","181.50","183.00","176.00","179.00","-2.5000","1170"
"2429","銘旺科","455234","11942999","26.55","27.40","25.35","26.65","-0.3500","380"
"2430","燦坤","52461","1871197","35.80","35.80","35.55","35.60","-0.1000","124"
"2431","聯昌","192344","2330911","12.25","12.25","12.10","12.10","-0.0500","86"
"2432","倚天酷碁-創","12000","461600","38.50","38.50","38.40","38.50","0.0500","12"
"2433","互盛電","31459","1682568","53.80","53.80","53.30","53.50","0.1000","40"
"2434","統懋","7932","268387","33.50","33.95","33.50","33.85","0.3000","18"
"2436","偉詮電","1177040","73221457","63.20","63.20","61.50","62.50","-0.7000","943"
"2438","翔耀","1894589","110045739","55.40","60.50","55.00","57.80","1.4000","1538"
"2439","美律","5462990","717715184","133.00","133.50","129.50","132.50","-1.5000","6077"
"2440","太空梭","1136933","20065297","18.25","18.25","17.05","17.80","-0.5000","636"
"2441","超豐","402115","25241546","63.70","63.70","62.30","63.00","-0.1000","395"
"2442","新美齊","1404210","43068941","30.80","30.95","30.30","30.95","0.3500","794"
"2444","兆勁","871859","11632706","13.90","13.90","13.15","13.45","-0.2500","360"
"2449","京元電子","47176235","5382377308","114.00","118.00","109.00","117.50","2.5000","30284"
"2450","神腦","126272","4831728","38.40","38.40","38.10","38.30","0.0500","153"
"2451","創見","1736893","215186116","125.50","126.00","120.50","125.50","-1.0000","1926"
"2453","凌群","771201","47191008","61.90","62.30","60.20","62.30","0.4000","672"
"2454","聯發科","9815912","13570769694","1370.00","1400.00","1365.00","1385.00","-25.0000","15893"
"2455","全新","6964760","1145143309","170.50","172.00","162.00","162.00","-10.5000","6016"
"2457","飛宏","1796291","88120661","49.45","49.45","48.60","49.35","0.1000","1392"
"2458","義隆","2070586","320197957","157.00","157.50","153.50","155.00","-2.0000","2078"
"2459","敦吉","80766","6008161","74.60","74.90","73.90","74.90","0.3000","111"
"2460","建通","915191","30310456","33.65","33.65","32.70","33.15","-0.3500","530"
"2461","光群雷","535115","13168537","24.95","24.95","24.45","24.65","-0.1500","399"
"2462","良得電","306533","10691830","34.90","35.10","34.60","35.05","0.1000","220"
"2464","盟立","30488186","2063727499","68.90","69.90","65.90","68.00","0.0000","19263"
"2465","麗臺","1349487","161585442","120.00","122.50","117.50","122.50","1.0000","1302"
"2466","冠西電","18110","681685","37.75","37.75","37.50","37.75","0.1000","19"
"2467","志聖","5702143","820072361","143.50","148.00","138.00","144.50","2.0000","5852"
"2468","華經","486764","13270812","27.10","27.75","26.65","27.25","0.2000","317"
"2471","資通","147828","8448012","58.00","58.00","56.40","57.60","0.1000","156"
"2472","立隆電","11236893","961654599","86.20","87.00","83.50","85.00","-0.3000","8209"
"2474","可成","2174239","494604089","231.50","231.50","226.00","227.50","-3.5000","1477"
"2476","鉅祥","2719136","285857138","105.50","107.00","102.50","106.50","1.0000","1946"
"2477","美隆電","322793","7087481","22.00","22.20","21.75","22.15","0.4500","153"
"2478","大毅","460078","25138551","55.60","55.60","53.80","54.70","-0.2000","678"
"2480","敦陽科","278982","33330806","120.00","120.00","119.00","119.50","-0.5000","406"
"2481","強茂","833876","47570744","58.10","58.10","56.20","57.60","0.1000","770"
"2482","連宇","1278021","49951757","38.85","40.00","37.95","39.90","1.0500","878"
"2483","百容","142936","3658278","25.85","25.85","25.30","25.70","0.0000","141"
"2484","希華","247185","7859789","32.00","32.00","31.65","31.95","0.0000","188"
"2485","兆赫","1190734","24962439","21.25","21.30","20.70","21.25","0.1500","798"
"2486","一詮","4551000","533744804","116.00","120.00","114.00","120.00","2.5000","2875"
"2488","漢平","369216","17172803","46.80","47.00","46.10","46.70","-0.1000","307"
"2489","瑞軒","10478148","206790008","20.00","20.30","19.40","19.95","-0.0500","4716"
"2491","吉祥全","115405","1725490","15.15","15.20","14.75","15.15","0.2000","87"
"2492","華新科","4002176","476076040","120.50","121.50","117.00","119.50","0.0000","2880"
"2493","揚博","193017","18079606","95.10","95.10","93.20","93.70","-0.5000","224"
"2495","普安","3091490","88504196","28.75","29.10","27.70","29.00","0.2500","1879"
"2496","卓越","19060","1396052","73.20","74.40","73.00","73.10","0.0000","20"
"2497","怡利電","348076","20155468","58.90","58.90","57.40","58.10","-0.6000","274"
"2498","宏達電","6881261","327785919","47.50","48.20","47.05","47.55","0.0500","4511"
"2501","國建","4314323","138325413","32.35","32.50","31.85","31.85","-0.2000","2407"
"2504","國產","19967359","879887325","42.40","45.40","41.80","45.40","0.0000","6392"
"2505","國揚","349072","9306822","27.05","27.05","26.40","26.65","-0.2000","311"
"2506","太設","855623","10125292","12.05","12.05","11.65","11.85","-0.0500","483"
"2509","全坤建","293920","6845515","23.70","23.70","23.05","23.30","-0.0500","251"
"2511","太子","1659309","20384763","12.50","12.50","12.20","12.25","-0.1500","583"
"2514","龍邦","952247","23309937","24.65","24.85","24.20","24.55","0.2000","540"
"2515","中工","9687504","147022086","15.30","15.35","15.00","15.30","0.1000","3403"
"2516","新建","5950258","76860424","12.70","13.35","12.25","13.20","0.3500","1442"
"2520","冠德","3102123","171579267","55.50","56.00","54.70","55.50","0.0000","2121"
"2524","京城","2296682","131197444","56.20","59.00","55.50","55.70","0.3000","1856"
"2527","宏璟","1985138","93255617","48.10","48.80","46.10","46.35","-1.6000","1472"
"2528","皇普","674007","31172293","46.75","46.85","45.90","46.20","-0.4000","342"
"2530","華建","705456","33453039","47.85","47.90","47.10","47.70","0.0500","410"
"2534","宏盛","686854","18326079","26.90","27.15","26.30","26.75","0.0500","435"
"2535","達欣工","322488","17949107","55.50","56.00","55.40","56.00","0.2000","375"
"2536","宏普","166432","5744279","34.80","34.85","34.25","34.55","-0.0500","120"
"2537","聯上發","11326041","246256809","21.45","22.30","21.45","21.45","0.0500","4544"
"2538","基泰","1598766","29163866","18.40","18.50","18.05","18.25","0.0000","331"
"2539","櫻花建","414013","31246040","76.30","76.30","74.40","75.40","0.2000","343"
"2540","愛山林","3715904","727398725","193.50","201.50","188.50","188.50","-5.0000","14583"
"2542","興富發","29602373","1544362981","53.10","53.50","51.60","51.90","-1.3000","19911"
"2543","皇昌","3412021","158077501","47.90","47.90","45.35","45.90","-1.4000","2276"
"2545","皇翔","497203","28282196","57.00","57.50","56.30","56.80","-0.2000","484"
"2546","根基","104207","9726769","94.60","94.70","92.70","93.70","0.0000","249"
"2547","日勝生","2830499","30963703","11.10","11.20","10.80","10.90","-0.1500","858"
"2548","華固","5349885","781712722","151.00","153.00","144.00","144.00","-6.0000","5833"
"2597","潤弘","221837","40574508","183.00","184.50","181.50","183.50","1.5000","286"
"2601","益航","1723460","13793746","8.09","8.09","7.95","8.05","0.0500","809"
"2603","長榮","22932615","4636075306","204.50","205.00","200.00","202.00","1.0000","12835"
"2605","新興","6230609","191556900","30.65","31.10","30.20","31.05","0.4500","3021"
"2606","裕民","12370416","716816883","56.60","59.20","56.40","58.70","1.9000","6367"
"2607","榮運","5795648","186717722","31.95","32.60","31.75","32.60","0.7500","2454"
"2608","嘉里大榮","268214","10890821","41.00","41.00","40.40","40.50","-0.3000","291"
"2609","陽明","71965554","5438834860","75.00","76.50","74.30","76.50","2.3000","35308"
"2610","華航","36295728","849455398","23.55","23.65","23.05","23.65","0.1000","9024"
"2611","志信","2662619","89406172","33.55","34.05","33.00","33.85","0.6000","1588"
"2612","中航","305731","14406700","47.35","47.65","46.40","47.65","0.7500","270"
"2613","中櫃","2706715","117743233","43.60","44.30","42.95","43.95","0.6500","1976"
"2614","東森","1483909","28982941","19.65","19.75","19.35","19.70","0.1000","886"
"2615","萬海","56550122","5110734090","90.10","91.80","88.40","91.70","2.9000","29925"
"2616","山隆","117160","2892947","24.90","24.90","24.60","24.80","0.0500","278"
"2617","台航","1533422","57640809","37.40","38.05","37.00","38.00","0.5500","1001"
"2618","長榮航","51978317","1950725739","37.75","37.75","37.10","37.75","0.0000","19132"
"2630","亞航","941483","37319036","39.95","40.10","39.25","39.45","0.0000","726"
"2633","台灣高鐵","3139530","94376058","30.15","30.20","30.00","30.05","0.0000","1343"
"2634","漢翔","5224591","272838310","52.10","52.90","51.30","52.90","0.8000","3682"
"2636","台驊投控","563543","55746083","98.90","99.70","98.20","99.60","0.7000","670"
"2637","慧洋-KY","4980975","351275182","69.50","71.20","69.10","70.70","1.2000","3078"
"2642","宅配通","47398","1771295","37.45","37.45","37.15","37.40","0.0000","226"
"2645","長榮航太","671686","75465890","113.50","113.50","111.00","113.00","0.0000","624"
"2701","萬企","275509","3640413","13.25","13.30","13.15","13.20","0.1000","143"
"2702","華園","67710","1297956","19.30","19.30","19.10","19.20","0.0000","179"
"2704","國賓","466525","34172866","73.30","73.70","72.30","73.70","0.5000","513"
"2705","六福","368288","7501076","20.55","20.55","20.25","20.40","-0.0500","215"
"2706","第一店","191612","3004369","15.85","15.85","15.60","15.70","0.0500","209"
"2707","晶華","351066","73822324","212.00","212.00","209.50","211.00","-1.0000","584"
"2712","遠雄來","10010","302520","30.05","30.60","30.00","30.20","0.1000","10"
"2722","夏都","189561","10772607","57.30","57.30","56.50","57.00","-0.4000","268"
"2723","美食-KY","482617","42007630","88.00","88.20","86.70","87.20","-0.3000","525"
"2727","王品","450380","108301214","241.50","242.00","239.50","240.50","0.0000","833"
"2731","雄獅","533892","82214532","153.00","155.00","153.00","155.00","0.5000","650"
"2739","寒舍","672635","42728478","63.80","64.50","62.20","64.40","0.6000","555"
"2748","雲品","196085","13683973","70.10","70.40","69.30","70.10","0.0000","201"
"2753","八方雲集","148223","24041074","162.50","163.00","162.00","162.50","0.0000","253"
"2762","世界健身-KY","110778","10038042","91.30","91.30","90.40","91.10","0.5000","191"
"2801","彰銀","16143782","297229473","18.50","18.55","18.35","18.35","-0.1000","3587"
"2809","京城銀","7672214","511353530","67.00","67.30","66.30","66.50","-0.3000","2837"
"2812","台中銀","3668031","67859830","18.60","18.65","18.40","18.50","-0.1000","1626"
"2816","旺旺保","792111","27945378","35.75","35.75","34.85","35.45","0.0500","533"
"2820","華票","775553","12104837","15.65","15.65","15.55","15.65","0.0000","316"
"2832","台產","195368","5348058","27.50","27.50","27.25","27.40","0.0000","161"
"2834","臺企銀","17080938","307966813","18.15","18.15","17.90","18.00","-0.1500","5205"
"2836","高雄銀","4888797","58399604","11.90","12.00","11.90","12.00","0.1000","1978"
"2836A","高雄銀甲特","6148","131637","21.30","21.45","21.30","21.45","0.2000","8"
"2838","聯邦銀","1628636","26603189","16.40","16.40","16.25","16.40","0.0500","553"
"2838A","聯邦銀甲特","20070","1074659","53.60","53.60","53.50","53.60","0.0000","11"
"2845","遠東銀","5620876","93844261","16.60","16.80","16.50","16.75","0.1500","1817"
"2849","安泰銀","127836","1880366","14.75","14.75","14.50","14.75","0.1500","101"
"2850","新產","1992724","198957874","104.00","104.00","97.90","97.90","-7.1000","3930"
"2851","中再保","1622407","42619133","26.40","26.40","26.15","26.30","-0.0500","614"
"2852","第一保","389199","9700648","25.30","25.30","24.80","24.90","-0.3000","304"
"2855","統一證","9608214","285885697","30.20","30.25","29.50","29.55","-0.8500","4332"
"2867","三商壽","9950410","71421516","7.25","7.25","7.13","7.20","0.0200","2500"
"2880","華南金","26677329","707607838","26.85","26.85","26.35","26.35","-0.3000","9947"
"2881","富邦金","12581198","984162411","78.50","78.60","77.80","78.50","0.4000","5228"
"2881A","富邦特","36171","2266235","62.60","62.70","62.60","62.70","0.0000","19"
"2881B","富邦金乙特","29072","1729517","59.30","59.80","59.30","59.80","0.2000","33"
"2881C","富邦金丙特","55560","2973845","53.50","53.60","53.50","53.50","-0.1000","73"
"2882","國泰金","30726941","1854587084","60.80","61.20","60.10","60.50","0.2000","12110"
"2882A","國泰特","44869","2752998","61.50","61.50","61.20","61.30","-0.1000","46"
"2882B","國泰金乙特","185884","10926970","58.90","59.20","58.70","59.20","0.0000","72"
"2883","開發金","61181004","947864082","15.60","15.75","15.40","15.45","-0.1000","8713"
"2883B","開發金乙特","3463187","26423106","7.64","7.64","7.61","7.64","0.0000","351"
"2884","玉山金","25058718","727684261","29.00","29.10","28.90","29.10","0.1000","7976"
"2885","元大金","36275276","1241983745","34.60","34.60","33.95","34.40","-0.1000","7489"
"2886","兆豐金","30271979","1229435409","40.60","40.70","40.30","40.65","0.3000","10886"
"2887","台新金","19707556","372382714","18.85","18.95","18.80","18.95","0.2000","5865"
"2887E","台新戊特","155050","8172240","52.50","52.80","52.50","52.70","0.1000","40"
"2887F","台新戊特二","3264","155058","47.45","47.60","47.40","47.60","0.1000","7"
"2887Z1","台新己特","19932","333797","16.75","16.75","16.75","16.75","0.0000","24"
"2888","新光金","57917318","566034577","9.79","9.87","9.70","9.80","0.0000","7710"
"2888A","新光金甲特","101305","3039578","30.00","30.05","29.95","30.05","0.1000","27"
"2888B","新光金乙特","178105","5378254","30.15","30.25","30.15","30.20","0.0500","58"
"2889","國票金","3375207","53066495","15.85","15.85","15.60","15.80","0.1000","1630"
"2890","永豐金","22671243","583534018","25.55","25.90","25.40","25.90","0.5000","6447"
"2891","中信金","37101447","1412990564","38.30","38.35","37.90","38.00","-0.2500","9966"
"2891B","中信金乙特","29082","1746219","60.00","60.30","60.00","60.30","0.0000","12"
"2891C","中信金丙特","1385","81279","58.80","58.80","58.80","58.80","0.0000","18"
"2892","第一金","10218487","288113762","28.25","28.45","28.10","28.20","0.0500","3950"
"2897","王道銀行","5299316","55438103","10.50","10.50","10.40","10.50","0.1000","724"
"2897A","王道銀甲特","32000","335750","10.50","10.50","10.45","10.50","0.0000","7"
"2901","欣欣","29952","821257","27.75","27.75","27.30","27.45","-0.3000","124"
"2903","遠百","4576379","160640307","35.10","35.60","34.70","35.00","0.1000","2830"
"2904","匯僑","38501","747177","19.40","19.50","19.35","19.45","0.2000","57"
"2905","三商","868184","14228431","16.50","16.60","16.25","16.50","0.0500","492"
"2906","高林","589708","12270441","21.20","21.20","20.70","20.80","-0.3000","387"
"2908","特力","210325","4368449","20.85","20.95","20.65","20.75","0.0500","80"
"2910","統領","20000","553500","27.70","27.75","27.60","27.75","0.1000","20"
"2911","麗嬰房","103047","711843","6.91","6.94","6.88","6.94","0.0500","295"
"2912","統一超","905109","250813799","277.00","278.00","276.00","278.00","2.5000","1199"
"2913","農林","3301361","72034060","22.20","22.20","21.50","21.90","-0.2500","1606"
"2915","潤泰全","3031401","207431331","68.40","68.90","67.60","68.80","1.0000","1744"
"2923","鼎固-KY","111448","3638556","32.20","33.00","31.60","33.00","1.2500","128"
"2929","淘帝-KY","129229","1212854","9.53","9.53","9.33","9.40","0.0100","92"
"2939","凱羿-KY","11000","271600","24.90","24.90","24.25","24.75","0.2000","10"
"2945","三商家購","28319","1258749","44.90","44.90","44.05","44.50","0.2500","39"
"3002","歐格","177244","2751244","15.70","15.70","15.40","15.55","-0.1500","95"
"3003","健和興","275335","20821557","76.50","76.60","75.10","75.80","0.0000","643"
"3004","豐達科","140594","14369318","103.00","103.50","100.50","103.50","1.5000","149"
"3005","神基","9287193","1071845921","118.00","118.00","113.50","117.00","-1.0000","6168"
"3006","晶豪科","10811134","1102509526","104.00","105.00","99.00","104.00","-0.5000","7035"
"3008","大立光","1829159","4904599071","2615.00","2720.00","2600.00","2720.00","115.0000","8548"
"3010","華立","947261","124797299","133.00","133.50","129.50","132.50","0.0000","890"
"3011","今皓","905912","27465531","31.20","31.20","30.05","30.30","-0.4500","396"
"3013","晟銘電","7150893","614337635","85.80","87.00","84.40","87.00","1.2000","5087"
"3014","聯陽","1085124","184878533","171.50","172.00","167.50","172.00","1.5000","1695"
"3015","全漢","440479","26975988","62.00","62.00","60.70","61.60","-0.4000","429"
"3016","嘉晶","1070727","67504370","64.70","64.70","62.10","63.60","-0.4000","1027"
"3017","奇鋐","10997269","7651305947","707.00","710.00","686.00","701.00","-13.0000","15097"
"3018","隆銘綠能","33209","521432","15.75","15.75","15.60","15.60","-0.2000","144"
"3019","亞光","1729817","120559422","70.00","70.50","68.00","70.30","0.9000","1385"
"3021","鴻名","466201","11614679","24.95","25.25","24.45","25.00","0.0500","234"
"3022","威強電","546344","44171911","81.10","81.90","80.10","81.90","0.8000","389"
"3023","信邦","372589","107402132","291.00","291.50","285.00","289.50","-0.5000","1800"
"3024","憶聲","1181142","24464557","20.80","20.95","20.45","20.80","0.1500","632"
"3025","星通","9919963","726927755","76.60","76.60","71.20","72.40","-5.4000","7177"
"3026","禾伸堂","305859","28932280","95.50","95.50","94.10","95.30","0.1000","444"
"3027","盛達","454747","17737886","39.30","39.30","38.30","39.25","0.4500","326"
"3028","增你強","517443","18338919","35.55","35.85","35.10","35.60","0.0000","461"
"3029","零壹","6209630","561388522","86.60","93.40","84.40","92.80","5.5000","5643"
"3030","德律","3239582","534718748","161.00","170.00","157.50","169.00","7.5000","3481"
"3031","佰鴻","353696","7716015","22.00","22.00","21.60","21.95","-0.1000","230"
"3032","偉訓","326851","23272089","72.10","72.10","70.50","71.60","-0.1000","369"
"3033","威健","5303795","195183292","37.15","37.20","36.35","37.10","-0.0500","2972"
"3034","聯詠","4750080","2872286262","617.00","617.00","600.00","604.00","-13.0000","8121"
"3035","智原","7834436","2435510122","310.50","315.50","303.50","314.00","3.5000","9013"
"3036","文曄","15809911","1931524810","121.00","124.50","118.50","122.00","1.0000","9158"
"3036A","文曄甲特","26736","1263194","47.20","47.30","47.20","47.25","0.0000","26"
"3037","欣興","27195348","4924335622","184.50","184.50","179.50","180.00","-6.0000","19143"
"3038","全台","474768","15076557","31.90","32.10","31.40","32.10","0.2500","351"
"3040","遠見","73438","2628947","36.30","36.30","35.50","35.85","0.0000","121"
"3041","揚智","1301824","28717497","22.25","22.60","21.70","22.45","0.1500","981"
"3042","晶技","5748141","650156101","112.00","115.00","111.00","112.50","1.0000","4013"
"3043","科風","89429","2792820","32.05","32.05","31.00","31.25","-0.3500","125"
"3044","健鼎","3977841","867615909","220.00","222.00","214.50","222.00","0.0000","3020"
"3045","台灣大","5583307","591978743","107.00","107.50","105.50","106.50","-0.5000","2370"
"3046","建碁","178575","11392268","64.70","64.70","63.20","64.40","0.0000","481"
"3047","訊舟","26947445","706591682","26.40","26.90","25.50","26.20","0.0000","11598"
"3048","益登","6139516","235877085","38.60","39.10","37.70","38.50","-0.4500","4138"
"3049","精金","4864547","42992292","9.09","9.10","8.74","8.78","-0.3200","2030"
"3050","鈺德","304698","6364148","21.05","21.10","20.70","21.05","-0.0500","178"
"3051","力特","806184","25662180","32.20","32.20","31.40","32.20","0.3000","546"
"3052","夆典","670795","8800214","13.30","13.30","13.00","13.20","0.0000","324"
"3054","立萬利","26000","530600","20.65","20.90","19.90","20.65","0.2000","22"
"3055","蔚華科","7349783","689720378","90.50","96.20","89.60","94.80","4.5000","5806"
"3056","富華新","1476057","51453832","34.95","35.10","34.50","35.00","0.2500","906"
"3057","喬鼎","184506","2576191","14.30","14.30","13.70","14.00","-0.3000","288"
"3058","立德","994002","20024552","20.35","20.35","19.95","20.25","0.0500","587"
"3059","華晶科","2853701","112031541","39.30","39.95","38.45","39.85","0.5500","1901"
"3060","銘異","2921705","90869521","31.75","31.75","30.45","31.60","-0.1500","1918"
"3062","建漢","47770535","1592243060","34.30","34.30","32.10","34.00","-0.4500","22244"
"3090","日電貿","1824029","124179219","68.30","68.80","67.40","68.30","-0.4000","890"
"3092","鴻碩","235052","7513582","31.95","32.45","31.45","32.45","0.7500","202"
"3094","聯傑","149010","4606869","31.55","31.55","30.55","31.05","-0.1500","127"
"3130","一零四","23549","5556698","236.00","237.00","233.50","233.50","-3.0000","142"
"3138","耀登","361456","45303685","128.50","128.50","124.50","126.00","-1.5000","470"
"3149","正達","9797316","295146153","29.55","31.50","28.50","30.70","0.9000","5899"
"3164","景岳","32122","769342","24.20","24.20","23.85","23.95","0.0500","117"
"3167","大量","3344028","209781869","64.10","65.60","60.50","62.30","-1.1000","2390"
"3168","眾福科","122805","7931198","65.50","65.50","64.10","64.70","-0.3000","141"
"3189","景碩","1659519","154872437","93.70","94.10","93.00","93.00","-1.5000","1496"
"3209","全科","481973","17436589","36.25","36.40","35.85","36.35","0.1000","481"
"3229","晟鈦","265381","6859350","25.35","26.50","25.35","26.20","-0.9000","239"
"3231","緯創","43009724","4568787414","107.00","108.00","104.50","108.00","0.0000","23962"
"3257","虹冠電","377451","22253323","59.80","59.80","58.50","59.10","-0.7000","322"
"3266","昇陽","422340","10410731","25.15","25.15","24.40","24.65","-0.1500","311"
"3296","勝德","1009688","27432593","27.00","27.90","26.65","27.10","0.3500","687"
"3305","昇貿","4294038","342787378","80.10","81.50","78.00","81.40","0.6000","3583"
"3308","聯德","654982","19697296","29.35","30.70","28.80","30.00","0.9000","561"
"3311","閎暉","56218","2207198","39.50","39.60","38.90","39.60","0.5000","97"
"3312","弘憶股","9891173","676980743","68.00","70.80","65.80","68.60","0.3000","6272"
"3321","同泰","622794","12841961","21.00","21.00","20.20","20.80","-0.2000","515"
"3338","泰碩","3296819","275589760","82.90","85.90","80.20","85.90","3.4000","2577"
"3346","麗清","570510","23804879","42.40","42.40","41.40","42.00","-0.1500","431"
"3356","奇偶","1110424","76047796","69.30","69.40","67.60","68.80","-0.6000","935"
"3376","新日興","8466132","1875028415","226.50","229.50","216.50","227.00","3.0000","7529"
"3380","明泰","1248312","43285355","35.00","35.10","34.20","34.95","0.1500","870"
"3406","玉晶光","5036174","3328843300","647.00","675.00","637.00","675.00","25.0000","5832"
"3413","京鼎","2441564","739231328","305.00","307.50","299.00","307.50","0.0000","2826"
"3416","融程電","331511","50474455","153.00","153.50","150.50","153.00","0.5000","225"
"3419","譁裕","1070906","19872727","18.60","18.80","18.15","18.80","0.4000","486"
"3432","台端","357925","10306654","29.40","29.50","28.50","28.80","-0.6000","295"
"3437","榮創","694331","19294310","28.00","28.05","27.50","27.90","-0.1500","511"
"3443","創意","3894323","5969796085","1535.00","1585.00","1470.00","1585.00","35.0000","7079"
"3447","展達","28000","910550","33.10","33.10","32.35","32.60","-0.0500","23"
"3450","聯鈞","29547997","3333633984","112.00","116.00","108.50","115.00","1.0000","17152"
"3454","晶睿","163468","22579577","139.50","140.00","136.00","139.00","0.5000","191"
"3481","群創","395736422","5925981917","15.50","15.65","14.65","14.80","-1.1000","82148"
"3494","誠研","140797","974032","6.94","6.94","6.88","6.93","-0.0100","66"
"3501","維熹","531504","40161079","75.60","76.30","74.00","76.30","0.9000","513"
"3504","揚明光","1374482","86711470","62.50","64.50","60.60","64.10","1.7000","1072"
"3515","華擎","398711","89884604","230.00","230.00","223.00","226.50","-1.5000","552"
"3518","柏騰","178766","5363767","30.55","30.55","29.75","30.00","-0.3500","125"
"3528","安馳","18003","890948","49.60","50.10","49.35","49.45","0.3500","18"
"3530","晶相光","227113","23986956","107.00","107.00","104.00","106.50","-0.5000","378"
"3532","台勝科","2524233","437817804","172.50","175.00","169.00","174.00","1.0000","1384"
"3533","嘉澤","1347632","2121008850","1600.00","1620.00","1530.00","1590.00","-20.0000","1979"
"3535","晶彩科","26522509","1103788170","44.15","44.15","40.20","41.65","-2.5500","12808"
"3543","州巧","99045","2208795","22.65","22.65","22.20","22.40","-0.1000","77"
"3545","敦泰","2731700","236794824","88.50","88.50","86.00","86.40","-2.0000","3244"
"3550","聯穎","42122","642060","15.35","15.35","15.20","15.20","-0.0500","52"
"3557","嘉威","219901","16437266","75.60","75.60","73.60","75.20","0.2000","207"
"3563","牧德","327449","125423524","388.50","391.50","376.00","387.50","3.0000","523"
"3576","聯合再生","8007584","96630466","12.05","12.25","11.95","11.95","0.0500","2927"
"3583","辛耘","2201606","738429622","344.50","344.50","329.50","335.00","-7.0000","2943"
"3588","通嘉","1595839","145379228","90.80","93.00","88.10","92.30","1.6000","1459"
"3591","艾笛森","1666439","49184379","30.95","30.95","28.35","29.90","-0.6000","1394"
"3592","瑞鼎","961408","397823871","424.00","424.00","408.00","411.50","-9.0000","1573"
"3593","力銘","42115","553761","13.05","13.30","13.05","13.10","-0.2000","43"
"3596","智易","1020957","164385076","162.00","162.00","159.50","161.50","-0.5000","1046"
"3605","宏致","1570291","73115448","46.40","47.60","44.65","47.60","1.2000","1288"
"3607","谷崧","635104","11826701","18.95","19.00","18.40","18.70","-0.0500","395"
"3617","碩天","662506","185367057","281.50","283.50","275.00","283.00","2.5000","1256"
"3622","洋華","3057696","222243938","73.80","73.90","71.90","72.80","-0.4000","2369"
"3645","達邁","410307","17287934","42.70","42.70","41.60","42.40","0.1000","254"
"3652","精聯","11712384","520671450","47.50","47.50","40.85","45.25","0.6500","7629"
"3653","健策","603026","600465305","999.00","1010.00","988.00","990.00","-10.0000","1026"
"3661","世芯-KY","2417870","6203112175","2600.00","2610.00","2530.00","2575.00","-25.0000","13656"
"3665","貿聯-KY","7210505","2402668576","332.50","340.00","320.00","338.00","8.0000","6162"
"3669","圓展","170824","8829710","52.70","52.70","51.10","52.10","-0.1000","160"
"3673","TPK-KY","6142436","245957860","39.25","41.20","38.45","40.90","1.6500","3346"
"3679","新至陞","116338","15350493","133.50","133.50","131.00","132.00","-1.5000","137"
"3686","達能","682449","13370080","19.50","19.95","19.20","19.70","0.2000","406"
"3694","海華","4142430","218960258","52.00","53.60","50.30","53.40","2.0000","2777"
"3701","大眾控","563753","28761480","51.70","51.70","50.80","51.40","0.0000","397"
"3702","大聯大","5494909","490495947","89.10","90.00","87.30","90.00","1.5000","4006"
"3702A","大聯大甲特","100697","4931796","48.95","49.05","48.90","49.00","0.0500","56"
"3703","欣陸","2080598","75333204","36.80","36.85","35.85","36.35","-0.4000","1500"
"3704","合勤控","635550","25195333","40.15","40.15","39.15","39.95","0.1500","503"
"3705","永信","724371","37475684","52.10","52.10","51.40","51.80","-0.5000","542"
"3706","神達","6293473","278892157","45.00","45.00","43.65","44.80","0.0500","4065"
"3708","上緯投控","2095358","297600538","144.50","145.50","139.50","143.00","-1.5000","1775"
"3711","日月光投控","20782417","3484602940","166.00","170.00","163.00","169.00","-3.5000","10864"
"3712","永崴投控","10338354","549813644","52.90","55.00","51.70","53.30","1.5000","7277"
"3714","富采","2734794","119887144","44.25","44.40","43.40","43.85","-0.3000","1648"
"3715","定穎投控","4432365","281426965","64.40","64.60","62.30","64.50","0.5000","3422"
"4104","佳醫","95249","8577702","90.50","90.50","89.90","90.00","-0.2000","209"
"4106","雃博","93504","2633760","28.40","28.40","28.05","28.15","-0.1000","205"
"4108","懷特","588001","11950846","20.75","20.75","20.10","20.30","-0.3000","458"
"4119","旭富","180528","16095660","90.00","90.00","88.70","89.50","-0.2000","260"
"4133","亞諾法","352356","11721565","34.00","34.00","32.90","33.40","-0.4500","376"
"4137","麗豐-KY","267611","42348720","160.00","160.00","157.00","158.00","-1.5000","339"
"4142","國光生","508002","14247642","28.20","28.25","27.95","28.10","-0.1500","337"
"4148","全宇生技-KY","33022","1639789","50.60","50.60","49.45","49.50","-0.4000","28"
"4155","訊映","272561","6856971","25.50","25.50","25.05","25.15","-0.1500","397"
"4164","承業醫","658810","34698002","53.30","53.40","52.30","52.60","-0.7000","507"
"4190","佐登-KY","31811","1613875","51.50","51.50","50.20","50.80","0.0000","54"
"4306","炎洲","3106436","63920065","20.75","20.85","20.40","20.75","0.0000","1539"
"4414","如興","1286392","3909249","3.10","3.10","3.00","3.08","-0.0200","200"
"4426","利勤","60416","1024360","17.10","17.10","16.80","16.90","0.0500","56"
"4438","廣越","42929","4898912","114.00","114.50","113.50","114.50","0.5000","48"
"4439","冠星-KY","48200","5305789","112.00","112.00","109.00","110.00","-0.5000","143"
"4440","宜新實業","329663","9006475","27.20","27.60","26.90","27.25","0.0500","234"
"4526","東台","30636314","953185086","30.60","31.95","29.50","31.95","1.2500","14880"
"4532","瑞智","13840767","429790714","30.75","31.95","29.65","30.65","0.0500","8256"
"4536","拓凱","154426","31436922","206.00","206.50","202.50","203.00","-1.5000","475"
"4540","全球傳動","366726","11504253","31.85","31.85","31.15","31.60","0.0000","249"
"4545","銘鈺","1116909","64205543","58.70","59.20","56.40","57.10","-0.9000","738"
"4551","智伸科","69386","7740833","113.50","113.50","110.00","112.50","0.5000","65"
"4552","力達-KY","148584","4188349","28.40","28.40","28.05","28.30","0.0000","101"
"4555","氣立","181575","11241573","65.00","65.00","61.00","61.40","-3.1000","185"
"4557","永新-KY","172131","20473879","120.00","120.00","118.50","119.00","0.0000","154"
"4560","強信-KY","240000","8920950","37.35","37.45","36.95","37.00","-0.3500","56"
"4562","穎漢","16058060","795180776","48.25","51.60","48.00","49.50","0.8000","10632"
"4564","元翎","627228","15162711","23.90","24.50","23.65","24.25","0.3000","494"
"4566","時碩工業","23414762","2238049874","92.80","98.20","91.60","95.30","3.1000","15877"
"4569","六方科-KY","21260","2144940","101.00","102.00","100.50","100.50","0.5000","21"
"4571","鈞興-KY","499368","61021057","119.50","125.00","118.00","124.50","5.5000","479"
"4572","駐龍","79691","12303959","156.00","156.00","153.50","156.00","1.5000","245"
"4576","大銀微系統","287677","20570952","73.00","73.00","70.50","72.20","0.2000","269"
"4581","光隆精密-KY","13012","816859","62.70","63.40","62.50","63.10","0.4000","14"
"4583","台灣精銳","98976","27378214","278.00","279.00","274.00","277.50","-3.0000","1129"
"4588","玖鼎電力","777658","89080712","113.00","118.00","108.00","118.00","6.5000","1058"
"4720","德淵","576143","11509406","20.05","20.20","19.75","20.10","0.0500","261"
"4722","國精化","254414","11794945","46.50","46.80","45.70","46.50","0.3500","205"
"4736","泰博","97286","16324037","169.00","169.00","167.00","168.50","0.5000","191"
"4737","華廣","46017","3229046","70.50","70.50","70.00","70.10","-0.3000","40"
"4739","康普","358959","23939728","67.00","67.30","65.20","67.20","1.2000","359"
"4746","台耀","1082009","105792699","98.00","99.00","96.70","98.00","1.4000","894"
"4755","三福化","119027","16398671","140.00","140.00","136.00","139.50","1.5000","171"
"4763","材料-KY","2637823","2318043427","885.00","896.00","855.00","889.00","7.0000","5658"
"4764","雙鍵","32101","1380359","43.20","43.20","42.75","42.75","-0.0500","31"
"4766","南寶","957338","333118049","344.00","351.50","338.00","350.00","11.0000","937"
"4770","上品","733048","293758915","392.50","407.50","387.00","403.00","14.5000","1077"
"4771","望隼","108354","31525560","294.50","295.50","289.50","294.50","2.5000","177"
"4807","日成-KY","4013","69521","17.40","17.40","17.10","17.10","-0.1500","8"
"4904","遠傳","4108536","350440583","86.00","86.00","84.70","85.30","0.2000","3598"
"4906","正文","8274101","312257194","37.90","38.40","37.20","37.90","0.0000","3817"
"4912","聯德控股-KY","170516","20520626","120.00","122.00","118.50","121.00","1.0000","172"
"4915","致伸","2584820","247685627","96.70","96.70","95.20","95.90","-0.2000","2786"
"4916","事欣科","324826","9706317","30.40","30.40","29.50","30.15","0.0500","225"
"4919","新唐","10048342","1304395324","129.50","132.00","127.50","131.00","2.0000","4566"
"4927","泰鼎-KY","1034665","39316430","38.40","38.70","37.55","38.70","0.6500","567"
"4930","燦星網","37030","1244093","33.70","33.70","33.55","33.55","-0.1000","77"
"4934","太極","646943","14633130","22.90","22.90","22.50","22.60","-0.2500","452"
"4935","茂林-KY","146308","9422225","64.80","64.90","63.60","64.70","-0.5000","120"
"4938","和碩","15194662","1755113495","117.00","117.00","114.00","116.00","-1.0000","6022"
"4942","嘉彰","213369","10011077","47.15","47.15","46.70","47.00","-0.1000","158"
"4943","康控-KY","23670","481547","20.40","20.40","20.35","20.35","-0.1000","18"
"4949","有成精密","72000","1960776","27.50","27.60","27.10","27.30","-0.2000","68"
"4952","凌通","864569","54411953","63.20","63.60","62.10","63.20","0.0000","739"
"4956","光鋐","13925661","391849830","28.00","29.30","27.25","27.80","0.0000","6709"
"4958","臻鼎-KY","7653001","951034577","125.00","126.00","122.50","126.00","0.0000","4962"
"4960","誠美材","1243703","17368344","14.20","14.20","13.85","13.95","-0.1500","601"
"4961","天鈺","1159668","312947165","274.50","275.00","265.50","271.00","-2.0000","13742"
"4967","十銓","10692196","1547429780","146.00","148.50","141.00","146.50","0.0000","7399"
"4968","立積","4659634","1079153635","234.00","236.00","227.00","233.50","-3.0000","7179"
"4976","佳凌","746604","33996465","45.75","46.20","44.70","46.20","0.4500","550"
"4977","眾達-KY","2181675","175993552","81.20","82.00","78.70","81.70","0.5000","2105"
"4989","榮科","115147","2861785","25.20","25.25","24.75","25.00","-0.1000","89"
"4994","傳奇","479110","59864518","127.00","127.50","121.00","125.50","2.5000","461"
"4999","鑫禾","94171","3346344","36.10","36.10","35.25","35.65","-0.1000","207"
"5007","三星","95498","5459686","57.30","57.30","57.00","57.30","0.3000","76"
"5203","訊連","205941","21424991","106.00","106.00","102.50","104.50","-1.5000","466"
"5215","科嘉-KY","52666","2694683","52.00","52.00","50.90","51.00","-0.3000","94"
"5222","全訊","198833","32058658","162.50","162.50","160.00","161.50","0.5000","285"
"5225","東科-KY","670500","71730310","107.50","108.50","105.50","108.50","1.0000","525"
"5234","達興材料","2292586","339718793","151.00","152.00","145.50","149.50","-0.5000","1749"
"5243","乙盛-KY","1868323","112410782","60.80","61.10","59.20","61.00","0.2000","1206"
"5244","弘凱","94654","4410912","47.50","47.50","46.35","46.35","-0.7000","103"
"5258","虹堡","1111885","143343111","129.00","131.00","127.00","131.00","1.0000","870"
"5269","祥碩","829880","1716248935","2070.00","2120.00","2030.00","2090.00","40.0000","1538"
"5283","禾聯碩","214461","22982852","107.50","107.50","107.00","107.50","0.0000","277"
"5284","jpp-KY","407487","50958297","127.00","127.50","122.00","127.50","1.5000","321"
"5285","界霖","111271","7585642","68.60","68.90","67.30","68.20","-0.4000","215"
"5288","豐祥-KY","53750","10850587","205.00","205.00","200.00","201.50","-1.0000","68"
"5292","華懋","212286","36388574","173.50","174.50","168.00","173.50","2.0000","275"
"5306","桂盟","120756","16962166","142.00","142.00","139.50","140.50","0.0000","154"
"5388","中磊","3343211","388945571","117.50","118.00","115.50","117.50","0.0000","2368"
"5434","崇越","1458964","386160473","264.00","268.00","259.50","268.00","5.5000","1601"
"5469","瀚宇博","4503055","239693284","53.50","54.00","52.30","53.90","0.3000","2481"
"5471","松翰","443238","22722038","52.60","52.60","50.80","51.30","-0.7000","436"
"5484","慧友","772000","53404662","68.00","72.00","67.00","72.00","0.3000","605"
"5515","建國","914602","22205635","24.35","24.50","24.00","24.40","0.0500","533"
"5519","隆大","1682156","80892900","48.45","49.10","47.40","48.20","0.2000","1499"
"5521","工信","2597662","32898433","12.70","12.85","12.50","12.80","0.1500","675"
"5522","遠雄","1170836","100000589","87.10","87.50","84.70","85.00","-1.7000","1218"
"5525","順天","82509","2987090","36.50","36.50","35.90","36.35","0.2500","65"
"5531","鄉林","1789948","19761712","11.25","11.30","10.90","11.10","-0.0500","736"
"5533","皇鼎","459310","11003997","24.20","24.20","23.80","24.10","0.0500","219"
"5534","長虹","966746","113070923","118.00","119.50","116.00","116.00","-2.0000","1022"
"5538","東明-KY","23258","749351","32.05","32.80","31.90","32.45","0.8500","24"
"5546","永固-KY","89012","2758225","31.70","31.85","30.50","30.85","-0.2000","44"
"5607","遠雄港","671900","38073957","56.80","57.20","55.90","57.00","0.6000","506"
"5608","四維航","3188143","67415314","20.90","21.50","20.70","21.35","0.5000","1621"
"5706","鳳凰","521483","40659633","78.80","79.00","77.00","79.00","1.1000","472"
"5871","中租-KY","14429298","2264808725","160.00","161.00","156.00","156.00","-2.5000","8149"
"5871A","中租-KY甲特","23112","2248696","97.30","97.30","97.20","97.30","0.0000","13"
"5876","上海商銀","4672410","215587431","46.15","46.25","45.85","46.15","0.3000","2067"
"5880","合庫金","9428529","247005105","26.30","26.30","26.05","26.25","0.1500","3357"
"5906","台南-KY","41900","2660470","63.40","64.50","62.40","63.60","-0.5000","28"
"5907","大洋-KY","74999","692790","9.33","9.33","9.18","9.25","0.0500","60"
"6005","群益證","4763126","120471432","25.55","25.55","25.15","25.30","-0.1500","3257"
"6024","群益期","429642","25477063","59.20","59.90","58.50","59.50","0.7000","519"
"6108","競國","452134","9195235","20.70","20.70","20.25","20.35","-0.2000","257"
"6112","邁達特","1471498","98180031","66.30","67.70","65.00","67.50","0.9000","1368"
"6115","鎰勝","160241","9189394","57.90","57.90","56.70","57.70","0.0000","128"
"6116","彩晶","13387497","132907580","10.10","10.10","9.86","9.95","-0.1500","3932"
"6117","迎廣","2343561","273573458","117.50","119.00","114.50","117.50","-0.5000","1894"
"6120","達運","4403713","69570096","16.25","16.25","15.65","15.80","-0.3000","1565"
"6128","上福","158426","6046397","38.50","38.50","37.90","38.10","-0.0500","133"
"6133","金橋","357308","5376929","15.25","15.25","14.85","15.25","0.1500","191"
"6136","富爾特","286066","6723740","23.50","23.70","23.20","23.70","0.3000","160"
"6139","亞翔","3634935","798741886","221.00","225.00","214.50","224.50","3.5000","4538"
"6141","柏承","129699","2129865","16.80","16.80","16.30","16.45","-0.1500","113"
"6142","友勁","303046","3077414","10.25","10.30","10.05","10.05","-0.2000","156"
"6152","百一","3086372","41433633","13.50","13.85","13.15","13.85","0.1000","1236"
"6153","嘉聯益","5324571","114165052","21.25","21.80","20.75","21.75","0.5000","2580"
"6155","鈞寶","476533","14108624","29.95","30.30","29.20","29.75","-0.2000","298"
"6164","華興","1169431","19200764","16.60","16.70","16.15","16.45","-0.1000","556"
"6165","浪凡","280595","11195942","41.00","41.00","39.30","39.60","0.0000","202"
"6166","凌華","1137177","86996124","77.10","77.60","75.60","77.00","-0.6000","1003"
"6168","宏齊","545598","12907687","24.20","24.20","23.40","23.80","-0.2000","346"
"6176","瑞儀","3636627","685850192","188.50","190.00","186.00","189.50","1.5000","3213"
"6177","達麗","2500126","150037379","61.00","61.10","59.50","59.50","-0.7000","1827"
"6183","關貿","24862","1861851","75.00","75.00","74.50","75.00","0.4000","52"
"6184","大豐電","40288","2164815","54.00","54.00","53.60","53.70","0.0000","62"
"6189","豐藝","1999909","180348367","90.40","91.10","88.90","90.90","-0.1000","2214"
"6191","精成科","3050092","211683468","69.90","70.30","68.20","70.30","0.4000","2189"
"6192","巨路","160591","19286822","122.00","122.00","118.00","122.00","1.5000","190"
"6196","帆宣","820837","133814517","165.50","165.50","161.00","165.00","0.5000","2137"
"6197","佳必琪","4386380","799300636","183.00","187.00","177.50","186.00","0.5000","3826"
"6201","亞弘電","41344","2622277","63.50","63.70","63.10","63.40","-0.1000","52"
"6202","盛群","801429","48268381","60.70","61.00","59.40","61.00","0.5000","984"
"6205","詮欣","219607","15764839","72.50","72.50","71.00","72.20","-0.3000","193"
"6206","飛捷","422888","39214585","92.60","93.80","91.50","93.80","1.1000","329"
"6209","今國光","1312862","39896609","30.90","30.90","29.95","30.70","-0.2000","884"
"6213","聯茂","4681416","520066800","111.50","113.00","109.00","113.00","1.5000","3111"
"6214","精誠","2483784","312704242","127.00","129.00","123.00","129.00","0.0000","1907"
"6215","和椿","2013280","107217444","53.90","54.40","51.90","53.80","-0.4000","1779"
"6216","居易","1795820","85519633","46.80","48.45","46.20","48.30","1.1500","1310"
"6224","聚鼎","122628","6438037","53.40","53.40","52.10","52.70","-0.1000","151"
"6225","天瀚","4170","65500","15.55","16.35","15.15","16.35","0.8000","10"
"6226","光鼎","328698","3558286","10.95","10.95","10.70","10.85","0.0500","154"
"6230","尼得科超眾","1194807","386605630","336.00","339.00","316.00","320.50","-7.5000","2751"
"6235","華孚","8338148","774335016","92.80","95.50","90.20","90.20","-1.0000","7201"
"6239","力成","4603265","864016675","190.00","190.50","185.50","188.00","-0.5000","4925"
"6243","迅杰","619732","37564529","61.60","61.60","59.10","60.90","0.0000","495"
"6257","矽格","6568397","515428264","79.80","79.80","76.60","79.40","-0.5000","4352"
"6269","台郡","7756357","705778198","91.80","91.80","90.10","91.30","-0.2000","8045"
"6271","同欣電","2154019","325466030","153.50","153.50","149.00","151.50","-2.0000","1790"
"6277","宏正","130055","10776241","83.00","83.10","82.50","83.10","0.3000","126"
"6278","台表科","1288302","157208257","123.50","123.50","121.00","123.00","0.0000","1098"
"6281","全國電","43624","3663525","84.10","84.10","83.90","83.90","-0.1000","66"
"6282","康舒","9153143","355266302","38.75","39.40","37.95","39.40","0.9000","5158"
"6283","淳安","372421","10876060","29.70","29.70","28.75","29.40","0.1000","236"
"6285","啟碁","7396882","1243795168","166.00","170.00","164.50","170.00","4.5000","5420"
"6288","聯嘉","1293093","38795607","30.40","30.40","29.65","30.25","0.1500","708"
"6405","悅城","156308","3916175","25.20","25.45","24.60","25.15","0.2000","110"
"6409","旭隼","195289","354867520","1845.00","1850.00","1780.00","1825.00","5.0000","356"
"6412","群電","1580530","222495092","138.50","144.00","136.00","142.50","6.0000","1332"
"6414","樺漢","1241204","403823595","326.00","332.00","320.50","332.00","3.5000","1556"
"6415","矽力*-KY","1664213","832581585","510.00","510.00","496.00","500.00","-7.0000","1840"
"6416","瑞祺電通","451156","57626117","129.00","129.50","125.50","129.50","1.0000","401"
"6423","億而得-創","25007","2415586","95.60","98.20","95.20","96.80","-0.1000","24"
"6426","統新","73439","4881450","67.10","67.10","66.00","66.80","0.1000","66"
"6431","光麗-KY","1110785","18936285","17.40","17.55","16.50","16.80","-0.9000","513"
"6438","迅得","918411","100471120","110.50","111.00","108.00","109.50","0.0000","938"
"6442","光聖","370727","116823946","311.50","323.00","301.00","321.00","2.0000","460"
"6443","元晶","3099024","84740102","27.45","27.65","27.10","27.20","0.0000","1865"
"6446","藥華藥","2335621","1157379734","497.50","500.00","491.50","494.50","0.5000","4565"
"6449","鈺邦","6389063","1009821667","154.00","163.50","149.00","157.50","0.0000","4869"
"6451","訊芯-KY","1476810","377999474","255.00","263.50","247.00","261.00","5.0000","1514"
"6456","GIS-KY","1312909","90166490","69.20","69.50","67.80","69.40","-0.1000","1012"
"6464","台數科","73271","6210735","85.20","85.20","84.40","85.20","0.4000","65"
"6472","保瑞","1935302","1488273969","777.00","784.00","758.00","763.00","-2.0000","2921"
"6477","安集","702072","26942177","38.00","38.75","37.90","38.15","0.1500","489"
"6491","晶碩","480563","232153060","487.00","488.00","479.00","485.00","0.0000","729"
"6504","南六","16582","1224890","74.50","74.50","73.50","73.80","0.1000","31"
"6505","台塑化","4429067","290483744","66.50","66.50","65.20","65.50","-0.3000","3097"
"6515","穎崴","588816","600278277","1020.00","1040.00","995.00","1025.00","0.0000","839"
"6525","捷敏-KY","89630","6014284","67.70","67.70","66.90","67.20","0.3000","112"
"6526","達發","1040410","773185937","750.00","752.00","733.00","743.00","-9.0000","2505"
"6531","愛普*","5332541","2024510090","383.00","395.00","369.00","391.50","8.0000","6055"
"6533","晶心科","871305","368505298","436.00","437.00","418.50","420.50","-13.0000","1600"
"6534","正瀚-創","22000","1840700","84.70","84.70","83.30","84.20","-0.2000","18"
"6541","泰福-KY","119066","5032378","43.00","43.20","41.60","42.10","-1.7500","155"
"6550","北極星藥業-KY","782032","55745297","71.90","72.20","70.90","71.30","-0.3000","696"
"6552","易華電","866169","49250790","57.40","58.20","55.80","57.80","0.1000","671"
"6558","興能高","233465","6131343","26.65","26.65","25.85","26.60","0.3000","181"
"6573","虹揚-KY","166880","2442975","14.90","14.90","14.35","14.45","-0.4500","112"
"6579","研揚","250280","43961788","178.00","178.00","173.50","176.50","0.0000","358"
"6581","鋼聯","187402","19866263","103.50","108.00","102.50","106.00","3.5000","110"
"6582","申豐","390711","22488843","56.00","58.50","56.00","58.10","2.3000","726"
"6585","鼎基","520852","102784293","196.00","201.50","189.00","199.50","4.5000","500"
"6591","動力-KY","219131","13100932","60.70","60.70","59.20","60.20","-0.2000","212"
"6592","和潤企業","545080","61802227","114.50","114.50","112.50","113.50","0.0000","517"
"6592A","和潤企業甲特","1044","103242","98.90","98.90","98.90","98.90","0.0000","2"
"6592B","和潤企業乙特","9147","874038","95.50","95.60","95.50","95.60","0.1000","13"
"6598","ABC-KY","773150","22957018","31.80","31.80","28.60","30.25","-0.5500","568"
"6605","帝寶","498155","117920094","240.00","240.00","233.50","237.00","-2.5000","786"
"6606","建德工業","174005","4626280","26.70","26.95","26.50","26.50","-0.2000","75"
"6625","必應","164047","16276150","99.80","100.00","98.30","99.10","-0.6000","235"
"6641","基士德-KY","6000","243400","40.50","40.80","40.50","40.80","-0.0500","6"
"6645","金萬林-創","33100","1249039","38.50","38.50","37.35","37.40","-0.4500","34"
"6655","科定","87618","10989606","124.50","128.00","123.00","123.00","1.0000","25"
"6657","華安","80194","4516878","57.10","57.10","55.90","56.00","-1.1000","77"
"6658","聯策","263489","12739433","47.20","50.60","46.35","47.60","0.6000","230"
"6666","羅麗芬-KY","8199","516069","63.20","63.20","62.40","62.90","0.3000","15"
"6668","中揚光","448413","27603354","62.30","62.30","60.90","62.10","0.4000","361"
"6669","緯穎","2475228","6407849680","2615.00","2620.00","2540.00","2605.00","-60.0000","6766"
"6670","復盛應用","120217","34335526","288.50","288.50","283.00","286.50","1.5000","192"
"6671","三能-KY","4183","191064","45.80","45.80","45.35","45.35","-0.2500","9"
"6672","騰輝電子-KY","292258","24427173","84.40","84.80","82.40","84.50","0.2000","310"
"6674","鋐寶科技","75348","2103973","27.90","28.50","27.50","28.00","0.4500","91"
"6689","伊雲谷","363061","38734978","107.00","108.00","105.00","107.00","1.0000","419"
"6691","洋基工程","211142","91496884","438.00","438.00","427.00","431.50","-1.0000","421"
"6695","芯鼎","22490729","1767983520","76.00","82.00","74.50","79.50","4.4000","15023"
"6698","旭暉應材","10116704","417612686","41.80","43.05","40.30","40.40","0.1500","6114"
"6706","惠特","6651629","703118349","110.00","111.00","100.00","107.50","-1.5000","4378"
"6715","嘉基","171647","32044023","189.00","189.00","183.50","188.50","1.0000","215"
"6719","力智","552102","159596812","292.00","292.00","287.00","290.00","-2.5000","884"
"6742","澤米","215069","15059039","70.20","71.00","69.20","70.10","0.0000","227"
"6743","安普新","306342","18605379","61.80","62.00","60.20","60.60","-0.6000","295"
"6753","龍德造船","12662501","1705171367","129.00","138.00","129.00","138.00","10.0000","9098"
"6754","匯僑設計","47016","3003718","64.50","64.50","63.70","63.70","-0.2000","41"
"6756","威鋒電子","277943","55084393","202.00","202.00","195.50","200.00","-1.0000","849"
"6757","台灣虎航-創","2002585","112455270","55.00","57.50","54.50","57.30","3.2000","1116"
"6768","志強-KY","907858","89449941","98.00","99.50","96.50","98.60","0.9000","648"
"6770","力積電","14973801","397540999","26.90","27.10","26.30","26.55","-0.3000","6857"
"6771","平和環保-創","44045","2981846","67.60","68.40","67.30","67.80","0.0000","31"
"6776","展碁國際","121014","7606780","63.30","63.30","62.60","62.90","-0.1000","123"
"6781","AES-KY","218281","134994676","629.00","629.00","612.00","627.00","7.0000","372"
"6782","視陽","840718","237083365","279.50","289.00","268.00","284.50","9.0000","1537"
"6789","采鈺","2434857","824874720","340.50","346.50","330.00","346.00","5.5000","2934"
"6790","永豐實","259860","14038141","54.20","54.40","53.50","54.20","0.1000","317"
"6792","詠業","31198","2548588","82.90","82.90","81.50","81.60","-0.4000","101"
"6794","向榮生技-創","12000","966500","75.10","81.40","75.10","81.10","0.4000","4"
"6796","晉弘","46116","3885015","85.10","85.30","82.60","83.80","-0.5000","56"
"6799","來頡","468598","71348779","153.50","154.50","149.00","154.50","1.0000","463"
"6805","富世達","1021211","785082556","771.00","781.00","756.00","777.00","7.0000","1824"
"6806","森崴能源","25321393","3823634676","148.00","154.50","147.50","148.00","5.0000","21205"
"6807","峰源-KY","139950","8757539","62.60","63.50","61.40","62.80","0.6000","173"
"6830","汎銓","209628","28829480","139.00","140.00","134.50","140.00","2.0000","226"
"6834","天二科技","6360470","313203429","49.90","51.30","47.40","47.65","-1.6500","4633"
"6835","圓裕","290443","14879570","51.00","52.00","50.10","51.90","0.9000","189"
"6854","錼創科技-KY創","20050","1489900","74.80","74.80","74.00","74.00","-0.1000","19"
"6861","睿生光電","1625125","142512270","92.00","92.00","84.00","84.40","-0.5000","1663"
"6863","永道-KY","974978","233223590","247.50","248.00","234.00","241.50","-8.5000","2842"
"6869","雲豹能源","33900412","6669320078","194.00","202.00","187.50","195.00","11.0000","25254"
"6873","泓德能源-創","1169090","224341645","196.00","196.00","189.00","189.50","-4.0000","675"
"6890","來億-KY","2939051","909631332","318.50","321.00","298.00","306.00","0.0000","3424"
"6901","鑽石投資","2345163","98104664","42.10","42.50","41.20","42.25","0.4000","1091"
"6902","走著瞧-創","","","","","","","0.0000",""
"6906","現觀科","29115","4266034","146.50","148.50","145.50","148.50","2.0000","66"
"6914","阜爾運通","311278","49667023","161.50","162.50","158.50","160.00","-0.5000","465"
"6916","華凌","78300","2207938","28.40","28.40","27.90","28.00","-0.3000","59"
"6928","攸泰科技","120384","9161384","76.50","76.60","75.80","75.80","-0.9000","259"
"6933","AMAX-KY","323593","107797167","337.00","337.50","329.00","337.00","-1.0000","484"
"6937","天虹","165629","33245098","206.00","206.00","199.00","199.50","-5.5000","616"
"6949","沛爾生醫-創","35000","4496500","127.00","130.00","127.00","128.50","1.5000","28"
"6951","青新-創","121854","6714170","55.20","55.90","54.80","55.90","0.7000","88"
"6952","大武山","137103","7032081","51.30","51.60","51.10","51.40","0.2000","122"
"6957","裕慶-KY","3910567","1102347542","251.00","301.00","251.00","300.00","0.0000","2552"
"8011","台通","6536440","167516012","26.00","26.10","25.30","25.80","-0.2500","3315"
"8016","矽創","972360","252322683","263.00","263.00","258.50","259.50","-4.5000","1207"
"8021","尖點","581124","18271804","31.85","31.85","31.20","31.50","-0.3500","394"
"8028","昇陽半導體","13670126","1121762461","83.80","84.00","80.00","83.60","1.0000","9439"
"8033","雷虎","2461221","172096252","69.90","71.00","68.60","70.20","1.0000","3087"
"8039","台虹","3288530","188985664","58.70","58.70","56.70","57.70","-0.8000","2558"
"8046","南電","7453865","1393420305","192.50","192.50","185.50","187.00","-4.5000","5555"
"8070","長華*","3624898","170894808","47.30","47.70","46.75","46.80","0.1500","2450"
"8072","陞泰","267711","8244085","31.20","31.30","30.15","31.20","0.1000","259"
"8081","致新","1483055","452639613","311.00","313.00","300.50","304.50","-9.0000","6408"
"8101","華冠","33738","120239","3.60","3.60","3.54","3.54","-0.0500","27"
"8103","瀚荃","1945125","113632743","58.90","59.90","56.90","59.00","0.1000","1718"
"8104","錸寶","761775","27787676","37.00","37.00","36.05","36.60","-0.2500","421"
"8105","凌巨","11594325","190204891","16.90","16.90","16.15","16.45","-0.6000","4709"
"8110","華東","52175889","1131681324","23.00","23.45","20.90","21.40","-1.3500","19794"
"8112","至上","7747800","630941895","81.50","82.80","80.00","82.30","0.8000","6138"
"8112A","至上甲特","45083","1961497","43.50","43.55","43.45","43.55","0.0000","43"
"8114","振樺電","647577","103218207","160.50","163.00","153.00","163.00","1.5000","595"
"8131","福懋科","260224","10131735","39.30","39.30","38.75","38.95","-0.2000","221"
"8150","南茂","2726573","122667391","45.35","45.35","44.45","45.35","0.2500","1604"
"8162","微矽電子-創","18000","713250","39.90","39.90","39.30","39.85","0.3500","16"
"8163","達方","1523591","107821971","71.20","71.20","70.20","71.00","0.4000","979"
"8201","無敵","206089","3841249","19.00","19.05","18.45","18.55","-0.2500","105"
"8210","勤誠","2463831","719166696","289.50","297.00","287.50","290.00","0.0000","2915"
"8213","志超","487938","19080471","39.20","39.35","38.85","39.15","-0.0500","343"
"8215","明基材","410220","13529163","33.10","33.20","32.70","33.20","0.3000","297"
"8222","寶一","257515","11178794","43.90","43.90","43.05","43.70","0.1500","240"
"8249","菱光","233491","6982282","30.00","30.30","29.75","29.80","-0.1000","145"
"8261","富鼎","439797","37007159","84.90","85.10","83.30","85.10","0.5000","417"
"8271","宇瞻","784652","51914342","67.30","67.30","65.50","66.70","-0.1000","715"
"8341","日友","110578","11048827","101.00","101.00","99.30","100.00","0.0000","239"
"8367","建新國際","42480","2075244","49.90","49.90","48.05","48.75","-0.6000","67"
"8374","羅昇","7755425","634889132","80.00","84.50","80.00","82.00","2.5000","5700"
"8404","百和興業-KY","304749","6247522","20.55","20.65","20.30","20.55","0.2000","151"
"8411","福貞-KY","31545","444926","14.15","14.15","14.05","14.05","-0.1000","147"
"8422","可寧衛","380027","72773733","192.00","192.00","190.50","191.50","-0.5000","490"
"8429","金麗-KY","394970","3940767","10.10","10.10","9.94","10.05","0.0500","270"
"8438","昶昕","902452","35956966","41.05","41.50","39.40","39.55","-0.7500","746"
"8442","威宏-KY","208476","24978803","120.50","121.50","118.50","118.50","-0.5000","114"
"8443","阿瘦","21800","263732","12.10","12.10","12.05","12.05","0.0500","122"
"8454","富邦媒","733033","312871260","431.00","431.50","424.00","425.00","-2.0000","1449"
"8462","柏文","36992","4335925","119.00","119.00","116.50","117.00","-0.5000","88"
"8463","潤泰材","90029","2593696","29.10","29.10","28.50","29.05","0.3500","83"
"8464","億豐","942036","351728566","367.00","381.00","367.00","375.00","9.5000","973"
"8466","美吉吉-KY","126011","7939993","63.80","63.90","62.30","62.50","-0.6000","71"
"8467","波力-KY","51349","8868794","176.50","176.50","169.00","174.00","0.0000","73"
"8473","山林水","608496","25472380","42.50","42.80","41.10","42.20","-0.1500","634"
"8476","台境","193027","12073781","62.40","63.20","61.70","63.00","1.5000","459"
"8478","東哥遊艇","742360","285048740","393.00","397.00","378.00","381.00","-6.0000","1657"
"8481","政伸","24312","1324971","54.90","54.90","54.30","54.40","0.1000","26"
"8482","商億-KY","1002","64640","64.50","64.50","64.50","64.50","0.4000","3"
"8487","愛爾達-創","1080","88992","82.40","82.40","82.40","82.40","0.0000","3"
"8488","吉源-KY","36000","580850","16.20","16.25","16.05","16.10","0.1000","21"
"8499","鼎炫-KY","20929","2591181","124.50","124.50","123.50","123.50","0.0000","30"
"8926","台汽電","1680785","80208228","47.80","48.00","47.15","47.90","0.3000","1114"
"8940","新天地","99335","2571522","26.10","26.10","25.70","25.90","0.0000","93"
"8996","高力","3517837","1619470167","459.00","472.50","445.00","469.00","5.0000","3807"
"9103","美德醫療-DR","582535","4241088","7.54","7.54","7.21","7.30","-0.1500","229"
"910322","康師傅-DR","131110","2641290","20.00","20.25","20.00","20.15","0.4000","104"
"9105","泰金寶-DR","39003936","283314254","7.10","7.45","7.10","7.22","0.2300","12126"
"910861","神州-DR","45010","320048","6.93","7.18","6.92","7.17","0.1000","28"
"9110","越南控-DR","145000","1049460","7.02","7.43","7.02","7.28","0.2600","35"
"911608","明輝-DR","827730","3555480","4.01","4.41","4.00","4.41","0.4000","304"
"911622","泰聚亨-DR","1047599","5799093","5.17","5.68","5.17","5.68","0.5100","255"
"911868","同方友友-DR","10126452","16902837","1.55","1.72","1.55","1.72","0.1500","1075"
"912000","晨訊科-DR","14420882","59697597","3.84","4.26","3.83","4.26","0.3800","2490"
"9136","巨騰-DR","3830279","28635000","7.20","7.64","7.07","7.64","0.6900","948"
"9802","鈺齊-KY","264296","33068209","125.00","125.50","124.50","125.50","1.5000","210"
"9902","台火","487421","8066290","16.70","16.85","16.45","16.55","-0.1500","212"
"9904","寶成","18427648","687022014","36.90","37.60","36.75","37.60","0.8500","7046"
"9905","大華","104657","2567158","24.55","24.60","24.45","24.60","0.1000","90"
"9906","欣巴巴","179682","15793202","88.70","88.70","87.40","87.90","-0.8000","245"
"9907","統一實","648402","9919646","15.45","15.45","15.20","15.35","0.0500","356"
"9908","大台北","80906","2621350","32.50","32.50","32.30","32.45","0.0500","77"
"9910","豐泰","1044591","172078801","165.00","165.50","162.50","165.50","1.0000","1187"
"9911","櫻花","343249","30458242","90.00","90.00","88.00","89.10","-0.3000","467"
"9912","偉聯","161557","2097220","13.10","13.30","12.70","13.05","-0.4000","144"
"9914","美利達","1205488","265973302","221.50","223.50","217.50","223.00","2.0000","1430"
"9917","中保科","706848","92762305","134.00","134.00","130.00","131.00","-4.0000","822"
"9918","欣天然","13193","561307","42.70","42.80","42.10","42.80","0.6500","27"
"9919","康那香","2536999","58531842","22.95","23.30","22.90","23.15","0.2000","893"
"9921","巨大","1439899","311694787","214.50","218.50","211.50","217.00","5.0000","1597"
"9924","福興","285403","15212956","53.80","53.80","52.80","53.70","0.5000","208"
"9925","新保","160929","6826700","42.75","42.75","42.30","42.50","0.1500","138"
"9926","新海","11809","648348","55.00","55.00","54.60","55.00","0.8000","28"
"9927","泰銘","369267","28961179","79.00","79.00","78.20","78.40","-0.6000","347"
"9928","中視","102945","2238927","21.85","22.25","21.20","21.75","0.1000","113"
"9929","秋雨","14357","234688","16.40","16.45","16.25","16.45","0.2500","25"
"9930","中聯資源","150863","9864759","66.00","66.00","65.00","65.80","0.1000","159"
"9931","欣高","35000","1295750","37.30","37.30","36.90","37.10","0.0500","34"
"9933","中鼎","7961636","419573108","53.50","53.60","52.30","52.40","-1.1000","4919"
"9934","成霖","1688198","33825437","20.20","20.20","19.85","20.20","0.1500","755"
"9935","慶豐富","473872","11763472","25.10","25.45","24.50","25.40","0.4000","280"
"9937","全國","23114","1552212","67.50","67.50","66.60","67.30","0.7000","25"
"9938","百和","1471960","96855480","65.10","66.80","64.80","66.60","1.7000","971"
"9939","宏全","825382","137161354","166.00","167.50","164.00","166.50","1.5000","882"
"9940","信義","340509","10884392","32.25","32.30","31.65","32.10","0.1000","483"
"9941","裕融","5327044","800204992","154.50","155.50","149.00","149.00","-4.5000","4319"
"9941A","裕融甲特","36494","1856113","51.00","51.00","50.80","50.90","0.0000","26"
"9942","茂順","71818","9191481","128.50","128.50","127.50","128.00","0.5000","95"
"9943","好樂迪","183129","16473361","90.30","90.30","89.80","90.00","-0.1000","189"
"9944","新麗","188764","4185549","22.25","22.25","21.95","22.25","0.0000","108"
"9945","潤泰新","6857367","305640597","45.10","45.10","44.15","44.55","-0.2500","5108"
"9946","三發地產","832100","34433842","41.65","41.95","41.10","41.35","-0.3000","595"
"9955","佳龍","764004","25294052","33.60","33.70","32.70","33.20","-0.5000","708"
"9958","世紀鋼","7282478","2390495032","330.50","336.50","322.00","325.50","-3.5000","7103"
