證券代號,證券名稱,成交股數,成交金額,開盤價,最高價,最低價,收盤價,漲跌價差,成交筆數
"0050","元大台灣50","7681395","1437551892","186.55","188.05","186.25","186.60","0.1500","11579"
"0051","元大中型100","116315","9821077","85.95","85.95","84.15","84.15","-0.3000","304"
"0052","富邦科技","608804","112768989","184.85","186.20","184.25","184.40","-0.4000","1230"
"0053","元大電子","35426","3617542","104.90","104.90","101.75","102.10","0.2500","132"
"0055","元大MSCI金融","211295","5850491","27.55","27.76","27.55","27.69","0.1400","348"
"0056","元大高股息","69434298","2871176751","41.42","41.44","41.25","41.35","0.2300","28657"
"0057","富邦摩台","29162","4022535","137.80","138.35","137.40","137.40","0.1000","127"
"0061","元大寶滬深","189734","3181273","16.83","16.85","16.71","16.80","-0.0800","132"
"006203","元大MSCI台灣","11333","1002945","88.50","88.65","88.45","88.45","-0.1500","121"
"006204","永豐臺灣加權","8339","960928","115.30","115.50","115.15","115.15","0.1500","112"
"006205","富邦上証","464623","13579920","29.40","29.40","29.06","29.24","-0.0500","171"
"006206","元大上證50","57558","1600609","27.76","27.88","27.76","27.85","-0.1500","87"
"006207","復華滬深","76672","1676568","21.89","21.94","21.79","21.94","-0.1600","41"
"006208","富邦台50","7421115","814478810","109.25","110.20","109.20","109.40","0.2000","10268"
"00625K","富邦上証+R","","","","","","","0.0000",""
"00631L","元大台灣50正2","3842465","970140204","251.70","254.50","249.85","250.80","0.0000","4325"
"00632R","元大台灣50反1","77118925","261422306","3.40","3.41","3.37","3.40","0.0000","3514"
"00633L","富邦上証正2","4899098","160504434","32.95","33.04","32.51","32.89","-0.3100","1164"
"00634R","富邦上証反1","35473","166934","4.69","4.73","4.69","4.69","0.0100","19"
"00635U","期元大S&P黃金","204339","5598435","27.38","27.42","27.35","27.35","-0.0200","119"
"00636","國泰中國A50","842244","17072575","20.41","20.41","20.17","20.32","-0.0900","269"
"00636K","國泰中國A50+U","200","1248","6.24","6.24","6.24","6.24","-0.0500","2"
"00637L","元大滬深300正2","55588802","732283947","13.23","13.29","13.06","13.20","-0.1300","4836"
"00638R","元大滬深300反1","93253","921144","9.85","9.91","9.85","9.85","0.0400","37"
"00639","富邦深100","1092288","11014438","10.19","10.19","10.03","10.12","-0.1000","270"
"00640L","富邦日本正2","533396","32284157","60.45","60.65","60.35","60.40","0.6000","362"
"00641R","富邦日本反1","759233","4755900","6.26","6.28","6.26","6.27","-0.0300","114"
"00642U","期元大S&P石油","731295","13518596","18.46","18.51","18.45","18.49","-0.0700","225"
"00643","群益深証中小","1388034","15562258","11.30","11.31","11.18","11.28","-0.0700","178"
"00643K","群益深証中小+R","","","","","","","0.0000",""
"00645","富邦日本","1961242","76425736","39.05","39.05","38.90","38.93","0.1500","763"
"00646","元大S&P500","2888299","160059791","55.40","55.45","55.30","55.45","-0.1000","1356"
"00647L","元大S&P500正2","81904","7337532","89.50","89.75","89.50","89.65","-0.7000","66"
"00648R","元大S&P500反1","337300","1865966","5.54","5.54","5.52","5.54","0.0400","56"
"00650L","復華香港正2","5656310","56081168","9.94","9.97","9.87","9.90","-0.1200","919"
"00651R","復華香港反1","125000","1109610","8.87","8.91","8.87","8.88","0.0200","19"
"00652","富邦印度","386294","15189055","39.49","39.49","39.27","39.39","-0.1500","440"
"00653L","富邦印度正2","198195","12579531","63.85","63.85","63.20","63.65","-0.5000","150"
"00654R","富邦印度反1","95000","611620","6.42","6.45","6.42","6.42","0.0100","12"
"00655L","國泰中國A50正2","2635569","58863345","22.42","22.52","22.14","22.40","-0.2400","509"
"00656R","國泰中國A50反1","140439","1240658","8.82","8.88","8.82","8.85","0.0500","18"
"00657","國泰日經225","425022","19732403","46.46","46.48","46.26","46.26","-0.0500","94"
"00657K","國泰日經225+U","200","2856","14.28","14.28","14.28","14.28","-0.0400","2"
"00660","元大歐洲50","14101","505243","35.82","35.93","35.80","35.93","0.2600","109"
"00661","元大日經225","1400980","71027257","50.85","50.85","50.55","50.55","-0.0500","233"
"00662","富邦NASDAQ","4384937","362004698","82.50","82.70","82.30","82.70","-0.2500","1728"
"00663L","國泰臺灣加權正2","2001","461981","231.80","231.80","229.95","229.95","-1.8500","3"
"00664R","國泰臺灣加權反1","3183180","12254459","3.85","3.87","3.83","3.85","0.0000","242"
"00665L","富邦恒生國企正2","16738251","111047558","6.66","6.67","6.60","6.63","-0.0800","1671"
"00666R","富邦恒生國企反1","1000","14910","14.91","14.91","14.91","14.91","0.1000","1"
"00668","國泰美國道瓊","18184","840787","46.19","46.23","46.19","46.23","0.0400","88"
"00668K","國泰美國道瓊+U","200","2844","14.22","14.22","14.22","14.22","-0.0100","2"
"00669R","國泰美國道瓊反1","746000","5347210","7.17","7.18","7.16","7.18","0.0100","66"
"00670L","富邦NASDAQ正2","953436","121333330","127.25","127.40","127.00","127.25","-1.6000","751"
"00671R","富邦NASDAQ反1","8454000","31755790","3.75","3.76","3.75","3.76","0.0200","182"
"00673R","期元大S&P原油反1","6665018","47159119","7.08","7.09","7.06","7.08","0.0300","500"
"00674R","期元大S&P黃金反1","348043","3731960","10.73","10.75","10.70","10.75","0.0100","97"
"00675L","富邦臺灣加權正2","2494863","252054009","100.75","101.85","100.05","100.45","0.0500","2697"
"00676R","富邦臺灣加權反1","10708650","22872320","2.14","2.15","2.12","2.14","0.0000","200"
"00678","群益那斯達克生技","322955","9489466","29.41","29.42","29.36","29.37","-0.1600","126"
"00680L","元大美債20正2","115536963","973396391","8.40","8.52","8.39","8.44","-0.2900","11557"
"00681R","元大美債20反1","472025","9743286","20.65","20.67","20.62","20.62","0.3400","55"
"00682U","期元大美元指數","16010","342563","21.40","21.41","21.38","21.38","-0.1100","12"
"00683L","期元大美元指正2","72179","1680646","23.35","23.35","23.26","23.28","-0.2200","20"
"00684R","期元大美元指反1","3000","45720","15.24","15.24","15.24","15.24","0.0800","1"
"00685L","群益臺灣加權正2","589062","52998903","89.85","90.70","89.10","89.45","0.0500","308"
"00686R","群益臺灣加權反1","1782300","4092919","2.30","2.31","2.29","2.31","0.0100","30"
"00688L","國泰20年美債正2","45423790","380717778","8.35","8.42","8.35","8.40","-0.2800","4098"
"00689R","國泰20年美債反1","150000","3205330","21.37","21.38","21.35","21.36","0.3700","12"
"00690","兆豐藍籌30","945902","33914240","35.70","36.00","35.69","35.70","-0.0100","355"
"00692","富邦公司治理","3154623","140023229","44.22","44.59","44.22","44.26","0.0400","2032"
"00693U","期街口S&P黃豆","303570","6880262","22.75","22.75","22.64","22.66","-0.1000","152"
"00700","富邦恒生國企","236575","2982957","12.67","12.67","12.58","12.64","-0.0300","135"
"00701","國泰股利精選30","1250606","35581786","28.35","28.55","28.35","28.47","0.0800","390"
"00702","國泰標普低波高息","104346","2446624","23.45","23.45","23.45","23.45","0.0600","108"
"00703","台新MSCI中國","10773","163525","15.22","15.22","15.18","15.19","-0.1700","12"
"00706L","期元大S&P日圓正2","5955231","34390911","5.77","5.79","5.76","5.77","-0.0200","673"
"00707R","期元大S&P日圓反1","","","","","","","0.0000",""
"00708L","期元大S&P黃金正2","330627","10950117","33.05","33.17","32.97","32.99","-0.0800","115"
"00709","富邦歐洲","32302","962563","29.69","29.85","29.69","29.85","0.1000","15"
"00710B","復華彭博非投等債","202196","3927961","19.43","19.43","19.40","19.43","0.0100","81"
"00711B","復華彭博新興債","181774","2966884","16.34","16.34","16.32","16.33","-0.1400","94"
"00712","復華富時不動產","17402601","166180445","9.52","9.57","9.52","9.55","0.0300","3503"
"00713","元大台灣高息低波","11993652","697303018","57.95","58.35","57.80","58.15","0.4000","9701"
"00714","群益道瓊美國地產","660181","13009739","19.71","19.74","19.69","19.72","0.1400","177"
"00715L","期街口布蘭特正2","4560621","78831138","17.22","17.38","17.22","17.36","-0.1000","656"
"00717","富邦美國特別股","169430","2698434","15.98","15.98","15.89","15.93","-0.0500","147"
"00728","第一金工業30","435784","14309664","32.84","32.94","32.70","32.70","-0.1500","169"
"00730","富邦臺灣優質高息","303527","7179246","23.52","23.74","23.52","23.64","0.1400","313"
"00731","復華富時高息低波","800540","62548936","77.90","78.30","77.85","77.95","0.1500","403"
"00733","富邦臺灣中小","1814499","108554511","60.00","60.05","59.60","59.65","-0.3500","2172"
"00735","國泰臺韓科技","121274","4729505","38.85","39.02","38.85","38.89","0.0000","113"
"00736","國泰新興市場","117136","2673372","22.84","22.84","22.82","22.83","-0.0300","12"
"00737","國泰AI+Robo","107983","3290310","30.46","30.49","30.46","30.48","0.0500","108"
"00738U","期元大道瓊白銀","552973","14752466","26.67","26.75","26.57","26.62","-0.0500","138"
"00739","元大MSCI A股","54917","1119200","20.39","20.46","20.35","20.46","-0.0700","83"
"00752","中信中國50","1709470","31012513","18.28","18.28","18.11","18.14","-0.1400","672"
"00753L","中信中國50正2","8648304","65585238","7.64","7.64","7.55","7.56","-0.1100","1481"
"00757","統一FANG+","6273060","556826363","88.95","89.00","88.65","88.80","-1.1500","4968"
"00762","元大全球AI","296406","18987701","63.95","64.15","63.90","64.15","-0.2500","541"
"00763U","期街口道瓊銅","250428","6729351","26.88","26.96","26.76","26.76","-0.1400","108"
"00770","國泰北美科技","561217","26675643","47.68","47.68","47.36","47.63","-0.1000","536"
"00771","元大US高息特別股","15946","277190","17.38","17.40","17.38","17.40","-0.1100","28"
"00775B","新光投等債15+","883212","30109920","33.95","34.13","33.95","34.12","-0.4200","118"
"00783","富邦中証500","76046","1302658","17.11","17.21","17.05","17.21","-0.0100","11"
"00830","國泰費城半導體","16259437","813565263","50.00","50.10","49.99","50.10","0.3500","4897"
"00850","元大臺灣ESG永續","1091859","50358835","46.02","46.25","45.90","45.99","-0.0200","1287"
"00851","台新全球AI","19435","918313","47.25","47.29","47.20","47.25","0.0200","45"
"00852L","國泰美國道瓊正2","246210","5887437","23.96","23.96","23.90","23.92","-0.0200","54"
"00861","元大全球未來通訊","49701","2138903","42.95","43.01","42.95","43.00","0.1700","115"
"00865B","國泰US短期公債","168896","7714619","45.65","45.69","45.65","45.69","0.0100","82"
"00875","國泰網路資安","400410","13027631","32.55","32.57","32.49","32.51","-0.0100","297"
"00876","元大全球5G","1355366","56308560","41.52","41.60","41.35","41.60","0.5000","355"
"00878","國泰永續高股息","32542860","776135979","23.69","23.94","23.69","23.88","0.1900","17080"
"00881","國泰台灣5G+","12145839","311704742","25.58","25.79","25.55","25.58","0.0200","4445"
"00882","中信中國高股息","5539921","65142912","11.80","11.80","11.74","11.76","-0.0400","2182"
"00885","富邦越南","6977132","82404128","11.83","11.84","11.79","11.81","-0.0800","2791"
"00891","中信關鍵半導體","8611527","171701552","19.80","20.03","19.80","19.87","0.0700","2468"
"00892","富邦台灣半導體","5029817","89256608","17.74","17.85","17.66","17.70","-0.0400","1052"
"00893","國泰智能電動車","10078857","221789917","22.03","22.03","21.99","22.01","-0.0200","959"
"00894","中信小資高價30","2541201","55534857","21.85","21.97","21.74","21.75","-0.0600","414"
"00895","富邦未來車","983378","27746937","28.11","28.25","28.11","28.24","0.1300","765"
"00896","中信綠能及電動車","1409797","26110548","18.46","18.58","18.45","18.46","0.0000","524"
"00897","富邦基因免疫生技","545251","4367616","8.03","8.03","8.00","8.01","-0.0200","210"
"00898","國泰基因免疫革命","379467","2664173","6.98","7.05","6.98","7.03","-0.0800","172"
"00899","FT潔淨能源","826961","13666691","16.60","16.60","16.50","16.54","-0.3500","547"
"00900","富邦特選高股息30","8510763","144270523","16.76","17.03","16.76","16.96","0.2000","1867"
"00901","永豐智能車供應鏈","1129352","24277263","21.43","21.57","21.38","21.39","-0.0100","220"
"00902","中信電池及儲能","3735885","34190418","9.17","9.18","9.13","9.18","-0.0400","1180"
"00903","富邦元宇宙","937527","13681443","14.62","14.62","14.57","14.58","-0.0400","235"
"00904","新光臺灣半導體30","2849384","55453779","19.37","19.55","19.37","19.38","0.0100","451"
"00905","FT臺灣Smart","3095205","44067702","14.21","14.30","14.17","14.19","0.0000","1295"
"00907","永豐優息存股","2364142","38922137","16.46","16.53","16.41","16.45","-0.0200","1600"
"00908","富邦入息REITs+","300626","3719276","12.35","12.40","12.32","12.37","0.1300","89"
"00909","國泰數位支付服務","2171991","59272934","27.06","27.45","27.06","27.38","0.0500","758"
"00910","第一金太空衛星","297007","5408216","18.24","18.24","18.20","18.20","0.0100","20"
"00911","兆豐洲際半導體","425135","12903322","30.27","30.36","30.27","30.36","0.1500","756"
"00912","中信臺灣智慧50","615025","12059267","19.55","19.70","19.54","19.59","0.0500","176"
"00913","兆豐台灣晶圓製造","282964","6510312","22.86","23.11","22.86","23.00","0.2300","83"
"00915","凱基優選高股息30","8090841","222275799","27.49","27.55","27.40","27.43","-0.0100","3641"
"00916","國泰全球品牌50","312926","7075120","22.62","22.65","22.50","22.63","-0.2100","428"
"00917","中信特選金融","1340930","26228749","19.55","19.59","19.55","19.56","0.1000","405"
"00918","大華優利高填息30","22938775","585493219","25.48","25.61","25.42","25.50","0.0800","5405"
"00919","群益台灣精選高息","104525328","2732154338","25.86","26.27","25.86","26.14","0.2900","25849"
"00920","富邦ESG綠色電力","162068","2369116","14.62","14.63","14.61","14.62","-0.2100","161"
"00921","兆豐龍頭等權重","2132025","41077128","19.25","19.33","19.22","19.23","-0.0100","2132"
"00922","國泰台灣領袖50","2980443","65489264","21.91","22.07","21.85","21.95","0.0400","1483"
"00923","群益台ESG低碳50","3881923","89158880","22.90","23.05","22.87","22.89","0.0200","2424"
"00924","復華S&P500成長","1236276","28183599","22.95","22.95","22.76","22.79","-0.1600","858"
"00925","新光標普電動車","238327","3793802","15.96","15.96","15.90","15.93","-0.1000","16"
"00926","凱基全球菁英55","250508","5698555","22.80","22.80","22.70","22.75","-0.0800","274"
"00927","群益半導體收益","6808777","144386376","21.03","21.32","21.03","21.20","0.1700","1797"
"00929","復華台灣科技優息","127407100","2666480154","20.92","20.98","20.88","20.91","0.0300","35045"
"00930","永豐ESG低碳高息","2035805","43501930","21.41","21.43","21.30","21.32","-0.1200","1014"
"00932","兆豐永續高息等權","1327107","24126713","18.13","18.24","18.12","18.14","0.0100","578"
"00934","中信成長高股息","10977518","226100435","20.44","20.69","20.43","20.62","0.2400","2134"
"00935","野村臺灣新科技50","6036172","138580320","22.97","23.06","22.83","22.87","0.0000","1925"
"00936","台新永續高息中小","59700753","1111044954","18.55","18.73","18.50","18.61","0.1300","14998"
"00939","統一台灣高息動能","52189865","781772002","14.85","15.02","14.85","14.98","0.1300","7749"
"00940","元大台灣價值高息","228160983","2334953902","10.16","10.29","10.15","10.24","0.0700","26404"
"00941","中信上游半導體","13070970","204706454","15.64","15.69","15.63","15.67","0.0300","2644"
"00943","兆豐電子高息等權","1326977","20764433","15.61","15.70","15.61","15.61","0.0000","231"
"00944","野村趨勢動能高息","4075421","62391667","15.26","15.37","15.26","15.31","0.0700","956"
"00945B","凱基美國非投等債","9082636","137790944","15.17","15.18","15.16","15.17","-0.0200","385"
"00946","群益科技高息成長","36325720","394038249","10.78","10.90","10.76","10.85","0.1200","5882"
"00947","台新臺灣IC設計","11870608","185327409","15.72","15.72","15.51","15.54","-0.0900","4226"
"00949","復華日本龍頭","142672894","2142844714","14.98","15.05","14.98","15.05","0.1100","15979"
"01001T","土銀富邦R1","50181","721106","14.37","14.37","14.37","14.37","0.0000","4"
"01002T","土銀國泰R1","53089","892054","16.80","16.88","16.80","16.88","-0.0500","8"
"01004T","土銀富邦R2","51545","647698","12.56","12.56","12.55","12.55","-0.0100","16"
"01007T","兆豐國泰R2","50030","840528","16.80","16.80","16.80","16.80","0.0000","4"
"01009T","王道圓滿R1","260001","2037448","7.82","7.84","7.82","7.82","-0.0200","16"
"01010T","京城樂富R1","25101","251256","10.02","10.02","10.00","10.01","-0.0100","12"
"020000","富邦特選蘋果N","1000","12710","12.71","12.71","12.71","12.71","-0.0400","1"
"020011","統一微波高息20N","","","","","","","0.0000",""
"020012","富邦行動通訊N","","","","","","","0.0000",""
"020015","統一MSCI美低波N","","","","","","","0.0000",""
"020016","統一MSCI美科技N","","","","","","","0.0000",""
"020018","統一價值成長30N","2000","50790","25.43","25.43","25.36","25.36","0.0000","2"
"020019","統一特選台灣5GN","30000","603500","20.05","20.15","20.05","20.15","0.1200","3"
"02001L","富邦蘋果正二N","49000","1511500","30.54","30.95","30.54","30.69","0.1600","12"
"02001R","富邦蘋果反一N","","","","","","","0.0000",""
"02001S","策元大加權策略N","85000","629000","7.40","7.40","7.40","7.40","0.0700","1"
"020020","元大台股領航N","35000","417680","11.92","11.97","11.89","11.89","0.0200","11"
"020028","元大特選電動車N","101000","986740","9.75","9.80","9.75","9.75","0.0300","17"
"020029","元大ESG高股息N","121000","1130360","9.34","9.37","9.30","9.31","0.0400","21"
"020030","統一智慧電動車N","35000","230300","6.58","6.60","6.56","6.56","0.0100","14"
"020031","統一IC設計臺灣N","237000","1520180","6.42","6.44","6.37","6.39","-0.0200","16"
"020032","元大綠能N","33000","218250","6.62","6.65","6.59","6.59","-0.0100","14"
"020034","元大IC設計N","39000","332630","8.57","8.58","8.50","8.50","-0.0700","9"
"020036","元大金融配息N","1000","6450","6.45","6.45","6.45","6.45","0.0000","1"
"020037","元大金融高股息N","4000","26600","6.65","6.65","6.65","6.65","0.0500","2"
"020038","元大ESG配息N","561000","4526950","8.02","8.08","8.02","8.04","0.0500","20"
"020039","元大加權N","42000","293250","6.96","7.00","6.95","6.95","-0.0100","14"
"1101","台泥","19316005","649726579","33.60","33.85","33.55","33.55","0.0000","9327"
"1101B","台泥乙特","27132","1272010","46.95","46.95","46.80","46.95","0.0000","34"
"1102","亞泥","6000115","265237195","44.20","44.45","43.95","44.20","0.3500","3003"
"1103","嘉泥","271125","4979151","18.30","18.45","18.25","18.45","0.1500","462"
"1104","環泥","1807488","65171718","35.70","36.30","35.70","36.25","0.6000","1227"
"1108","幸福","245804","4128981","16.90","16.90","16.75","16.75","0.0000","140"
"1109","信大","513340","10152868","19.80","19.85","19.70","19.80","0.1000","238"
"1110","東泥","614668","13267211","21.20","21.80","21.20","21.65","0.5500","364"
"1201","味全","316565","5945315","18.80","18.85","18.75","18.75","0.0000","363"
"1203","味王","8545","448250","52.40","52.80","52.40","52.80","0.5000","40"
"1210","大成","1143116","65209863","57.20","57.20","56.90","57.10","-0.1000","1589"
"1213","大飲","72819","536295","7.33","7.40","7.30","7.40","0.0300","36"
"1215","卜蜂","548661","57032126","105.00","105.00","103.50","104.00","-1.5000","952"
"1216","統一","4114955","334846625","81.30","82.00","80.90","81.50","0.2000","3882"
"1217","愛之味","1939211","25061095","12.95","13.00","12.85","12.90","0.0500","823"
"1218","泰山","1313216","28896415","22.10","22.15","21.85","21.90","-0.2000","958"
"1219","福壽","271855","5126837","18.85","18.90","18.80","18.90","0.1000","176"
"1220","台榮","165246","2598388","15.70","15.95","15.65","15.75","0.1000","113"
"1225","福懋油","212866","22556867","104.00","109.50","102.00","108.50","6.5000","199"
"1227","佳格","1218144","52627214","43.00","43.40","42.85","43.25","0.5000","863"
"1229","聯華","700103","47649697","68.30","68.30","67.80","68.00","-0.3000","1886"
"1231","聯華食","159824","18259374","112.50","115.00","112.50","114.50","2.5000","446"
"1232","大統益","64580","9412324","145.50","146.50","145.50","146.00","0.5000","134"
"1233","天仁","26000","889750","34.25","34.25","34.20","34.20","0.0000","17"
"1234","黑松","441006","19037059","42.75","43.50","42.75","43.25","0.0000","475"
"1235","興泰","7966","765107","96.60","96.70","96.00","96.00","-0.6000","23"
"1236","宏亞","55311","1376286","24.95","25.10","24.55","24.80","0.0000","206"
"1256","鮮活果汁-KY","22070","4430693","200.50","202.00","200.00","200.50","0.0000","674"
"1301","台塑","7806892","447256759","58.00","58.00","57.00","57.20","-0.3000","6019"
"1303","南亞","8168417","401817682","49.50","49.55","49.05","49.05","-0.2500","4680"
"1304","台聚","938490","14302805","15.40","15.40","15.15","15.20","-0.1000","920"
"1305","華夏","1069452","17804366","16.85","16.85","16.60","16.60","-0.1500","652"
"1307","三芳","275953","8570288","30.80","31.20","30.80","31.05","0.0500","255"
"1308","亞聚","643466","11184221","17.50","17.55","17.25","17.25","-0.3000","820"
"1309","台達化","2129268","36914422","17.70","17.95","17.20","17.30","-0.3000","1384"
"1310","台苯","667169","8831164","13.35","13.35","13.15","13.20","-0.1000","537"
"1312","國喬","1663339","23370842","14.05","14.15","14.00","14.10","0.1000","669"
"1312A","國喬特","17000","401200","23.60","23.60","23.60","23.60","0.0000","4"
"1313","聯成","822758","10091193","12.30","12.35","12.20","12.30","0.0000","848"
"1314","中石化","11682568","121514553","10.40","10.45","10.35","10.40","0.0500","2063"
"1315","達新","51252","3688822","72.00","72.20","71.70","71.90","-0.1000","156"
"1316","上曜","3958984","75268425","18.90","19.30","18.70","18.85","0.1500","1875"
"1319","東陽","1840380","198556779","109.00","109.00","107.00","108.00","0.0000","1842"
"1321","大洋","126658","4678315","36.85","37.20","36.80","37.10","0.1000","84"
"1323","永裕","25459","771520","30.35","30.35","30.30","30.35","-0.0500","24"
"1324","地球","194626","2685341","13.55","13.95","13.55","13.65","0.1000","243"
"1325","恆大","1718416","62002972","36.55","36.55","35.50","35.50","-0.6500","1337"
"1326","台化","7528608","375548626","50.50","50.60","49.55","49.75","-0.6500","5278"
"1337","再生-KY","322343","2357855","7.31","7.38","7.29","7.30","0.0000","344"
"1338","廣華-KY","97330","3128245","32.35","32.35","32.00","32.15","-0.1000","120"
"1339","昭輝","84580","5653806","67.40","67.60","66.50","66.60","-0.3000","87"
"1340","勝悅-KY","116148","1157484","9.99","9.99","9.95","9.96","-0.0200","330"
"1341","富林-KY","17590","1172034","66.50","66.90","66.30","66.40","0.1000","41"
"1342","八貫","160931","18791779","118.50","118.50","116.00","116.50","-0.5000","191"
"1402","遠東新","14584107","524947853","35.25","36.30","35.05","36.00","0.7500","3495"
"1409","新纖","2029424","33654378","16.65","16.65","16.50","16.60","-0.0500","651"
"1410","南染","31352","1173119","37.55","37.70","37.30","37.40","-0.1500","55"
"1413","宏洲","42296","456514","10.95","10.95","10.70","10.80","0.0500","42"
"1414","東和","3766224","93439242","24.25","25.00","24.00","24.85","2.1000","2070"
"1416","廣豐","368479","4476056","12.00","12.25","12.00","12.10","0.1000","298"
"1417","嘉裕","159972","1815006","11.35","11.40","11.25","11.40","0.0500","225"
"1418","東華","236488","8039675","33.80","34.90","33.00","33.60","0.1000","218"
"1419","新紡","27267","1335064","49.30","49.50","48.55","48.60","-0.3000","38"
"1423","利華","322100","14684959","45.15","46.60","45.15","45.20","0.2000","213"
"1432","大魯閣","273995","4933359","17.80","18.10","17.80","18.05","0.3000","352"
"1434","福懋","721614","16271016","22.50","22.60","22.40","22.55","0.0500","497"
"1435","中福","6101","289654","47.30","48.00","47.20","48.00","0.8000","95"
"1436","華友聯","1146842","188513591","159.00","168.00","156.00","167.00","13.0000","948"
"1437","勤益控","406517","15362030","38.40","38.50","37.50","37.65","-0.6500","429"
"1438","三地開發","384049","23839931","63.70","63.70","60.80","61.80","-1.5000","408"
"1439","雋揚","63785","1874022","29.40","29.65","29.15","29.15","0.0000","50"
"1440","南紡","4775114","85069141","17.25","18.10","17.25","18.00","0.7500","1842"
"1441","大東","60059","847540","14.10","14.20","14.00","14.10","0.0500","117"
"1442","名軒","1548118","97238331","61.60","63.30","61.60","63.20","1.2000","1174"
"1443","立益物流","30152","950092","31.55","31.55","31.50","31.55","0.0000","32"
"1444","力麗","1062553","10339582","9.72","9.77","9.69","9.75","0.0300","457"
"1445","大宇","235038","4497688","19.35","19.35","19.10","19.10","-0.1000","155"
"1446","宏和","660261","34400063","51.00","52.90","50.60","52.60","1.8000","498"
"1447","力鵬","1598948","15206476","9.42","9.58","9.36","9.54","0.0900","754"
"1449","佳和","1367825","26690261","19.55","19.80","19.20","19.45","0.0000","673"
"1451","年興","55737","1141368","20.50","20.60","20.40","20.50","0.0000","199"
"1452","宏益","292450","4921220","16.85","16.90","16.75","16.85","0.0000","111"
"1453","大將","1547189","40190702","25.10","26.70","24.90","25.45","0.5000","1139"
"1454","台富","1177433","21009240","16.95","17.15","16.75","17.05","-0.0500","88"
"1455","集盛","1139937","15400340","13.55","13.65","13.45","13.45","-0.1500","556"
"1456","怡華","85182","1712899","20.20","20.50","19.95","19.95","-0.3000","72"
"1457","宜進","535262","11440807","21.40","21.60","21.25","21.55","0.1500","266"
"1459","聯發","101838","1105141","10.95","10.95","10.70","10.80","0.0000","109"
"1460","宏遠","341007","2727190","7.99","8.02","7.98","7.99","0.0000","161"
"1463","強盛","190982","4238279","22.25","22.30","22.05","22.15","0.0500","199"
"1464","得力","450738","6417424","14.20","14.30","14.15","14.20","0.0000","248"
"1465","偉全","57892","895237","15.45","15.55","15.35","15.50","0.0000","80"
"1466","聚隆","69109","873579","12.65","12.80","12.60","12.60","-0.0500","50"
"1467","南緯","353183","4075497","11.50","11.60","11.50","11.55","0.0500","237"
"1468","昶和","49591","741272","15.00","15.30","14.80","15.30","0.3000","80"
"1470","大統新創","73002","1548840","21.10","21.50","20.90","21.20","0.3000","40"
"1471","首利","466774","7201726","15.45","15.50","15.35","15.35","-0.1500","267"
"1472","三洋實業","110919","7428326","68.00","68.00","66.50","67.80","-0.2000","231"
"1473","台南","1811058","80219833","44.55","45.15","43.85","44.05","-0.8500","1289"
"1474","弘裕","602276","8687114","14.30","14.60","14.20","14.35","0.2000","332"
"1475","業旺","113291","6935668","61.20","61.60","60.60","61.10","-0.3000","122"
"1476","儒鴻","1339841","687527915","525.00","525.00","507.00","513.00","-16.0000","1932"
"1477","聚陽","3112445","1331752341","427.00","434.00","417.50","432.00","11.0000","3077"
"1503","士電","6682369","1962873413","298.00","298.50","290.00","290.00","-6.5000","14947"
"1504","東元","7906796","419745585","53.80","53.80","52.70","52.80","-0.7000","5412"
"1506","正道","380626","6502421","17.25","17.25","17.00","17.00","-0.1500","208"
"1512","瑞利","58185","487788","8.39","8.50","8.35","8.48","0.0300","38"
"1513","中興電","13174405","2483977202","190.50","191.50","185.50","185.50","0.0000","11143"
"1514","亞力","11284603","1665503813","150.00","151.00","145.00","145.50","-3.5000","9875"
"1515","力山","273510","12461799","45.80","45.90","45.40","45.45","-0.3500","404"
"1516","川飛","387827","9475645","25.10","25.10","24.10","24.10","-0.6000","313"
"1517","利奇","441056","7580134","17.20","17.30","17.05","17.15","0.1000","432"
"1519","華城","460184","434818247","949.00","955.00","935.00","936.00","-9.0000","1614"
"1521","大億","21535","827847","38.50","38.55","38.35","38.40","0.0000","56"
"1522","堤維西","4860500","345222234","71.70","72.30","70.40","71.20","-0.4000","4107"
"1522A","堤維西甲特","","","","","","","0.0000",""
"1524","耿鼎","1361146","47114929","34.70","34.75","34.50","34.50","-0.2500","965"
"1525","江申","37472","2765615","74.00","74.00","73.60","73.80","-0.5000","55"
"1526","日馳","131958","4317447","32.15","33.50","32.15","32.50","0.5500","115"
"1527","鑽全","271209","11877964","43.40","44.00","43.30","43.85","0.3500","214"
"1528","恩德","650748","8598443","13.45","13.45","13.15","13.25","-0.0500","423"
"1529","樂事綠能","1135347","38623462","34.20","34.60","33.65","33.65","-0.5000","921"
"1530","亞崴","54488","1743689","32.05","32.05","31.90","31.90","-0.1000","252"
"1531","高林股","202652","3020658","14.85","14.95","14.85","14.90","0.1000","280"
"1532","勤美","2432213","115191105","46.90","47.80","46.75","47.40","0.5000","1441"
"1533","車王電","91911","4141253","45.10","45.40","44.90","44.95","-0.2500","90"
"1535","中宇","473039","33966195","71.00","72.40","70.90","71.50","0.8000","488"
"1536","和大","1203209","66264408","55.00","55.80","54.70","54.90","0.0000","953"
"1537","廣隆","127379","18156904","143.00","143.00","142.00","142.50","-0.5000","204"
"1538","正峰","67419","1374899","20.30","21.00","20.30","20.80","-0.5500","36"
"1539","巨庭","58683","1417192","24.15","24.25","24.05","24.05","0.0000","80"
"1540","喬福","1443025","32067540","22.15","22.55","22.00","22.05","-0.0500","833"
"1541","錩泰","3008","95753","32.05","32.05","31.65","31.80","0.1000","4"
"1558","伸興","31647","3195992","101.00","101.50","100.50","101.00","0.0000","56"
"1560","中砂","6073941","2080785946","332.50","350.00","330.50","345.00","17.0000","6265"
"1563","巧新","1404283","104409284","74.00","75.20","73.60","75.00","0.8000","561"
"1568","倉佑","206215","5879344","28.20","28.75","28.20","28.45","0.3000","189"
"1582","信錦","988986","107553511","109.00","110.00","107.00","108.00","0.0000","950"
"1583","程泰","12130","828328","68.40","68.80","68.10","68.10","-0.1000","17"
"1587","吉茂","2420808","160169982","66.10","67.50","65.00","65.00","-1.1000","1906"
"1589","永冠-KY","445699","20412446","45.70","46.30","45.40","45.75","0.1000","558"
"1590","亞德客-KY","779794","768920701","973.00","996.00","973.00","985.00","-3.0000","1248"
"1597","直得","1485914","112824874","75.70","76.80","74.90","76.70","1.4000","1501"
"1598","岱宇","200189","6306341","31.25","32.20","31.15","31.60","0.3500","159"
"1603","華電","1019594","45844481","45.10","45.55","44.60","44.85","-0.1000","905"
"1604","聲寶","207425","5995892","29.00","29.00","28.85","28.90","0.0500","168"
"1605","華新","5927464","210837414","35.75","35.80","35.45","35.45","-0.0500","2762"
"1608","華榮","3685970","142865569","38.80","39.05","38.50","38.55","0.2000","2238"
"1609","大亞","19050824","1055112390","56.40","56.40","54.80","54.80","-1.0000","12092"
"1611","中電","5322293","103107238","19.75","19.85","19.15","19.15","-0.6000","2567"
"1612","宏泰","4389687","170975881","38.95","39.30","38.70","39.05","0.3000","2319"
"1614","三洋電","377389","17496957","46.25","46.70","45.85","46.05","0.2000","286"
"1615","大山","336555","23680782","70.00","70.90","69.60","70.60","0.6000","295"
"1616","億泰","1616791","38531994","24.25","24.30","23.65","23.70","-0.3500","1019"
"1617","榮星","2100127","51687109","25.45","25.45","24.35","24.35","-0.8500","1502"
"1618","合機","2460536","139557740","57.70","57.80","56.20","57.00","-0.1000","1905"
"1626","艾美特-KY","21575","342418","15.80","15.90","15.80","15.85","0.0500","190"
"1701","中化","639899","14612608","22.80","22.95","22.70","22.90","0.1000","292"
"1702","南僑","1446678","85305053","59.20","59.30","58.30","58.90","0.2000","1520"
"1707","葡萄王","166093","25535042","155.00","155.00","153.00","153.50","0.0000","265"
"1708","東鹼","535410","18117061","33.75","34.00","33.65","34.00","0.3000","454"
"1709","和益","4720566","112416402","23.50","24.10","23.35","23.60","0.1000","2438"
"1710","東聯","818347","14114617","17.30","17.40","17.20","17.20","0.0000","479"
"1711","永光","1052712","20306887","19.35","19.45","19.10","19.15","-0.0500","803"
"1712","興農","1656505","73446910","44.30","44.80","44.05","44.60","0.6000","1273"
"1713","國化","3526406","210879081","60.40","60.50","58.50","59.80","4.3000","1363"
"1714","和桐","3604080","36225515","10.00","10.15","9.98","10.05","0.0900","996"
"1717","長興","1601376","50046440","31.15","31.45","31.10","31.15","0.2500","834"
"1718","中纖","3257539","26413384","8.16","8.16","8.07","8.10","-0.0500","1132"
"1720","生達","631449","47195074","75.00","75.20","73.80","74.90","0.7000","708"
"1721","三晃","682438","9767871","14.30","14.45","14.20","14.35","0.0500","510"
"1722","台肥","1559264","100712630","64.50","64.90","64.20","64.40","0.1000","950"
"1723","中碳","1043032","113081075","109.00","109.50","108.00","108.00","-0.5000","868"
"1725","元禎","247285","11151335","45.60","45.60","44.80","44.90","-0.7500","410"
"1726","永記","24316","1982382","81.60","81.60","81.30","81.40","-0.2000","28"
"1727","中華化","529270","15861616","30.05","30.50","29.60","29.65","-0.2000","499"
"1730","花仙子","16403","922850","56.10","56.40","56.10","56.20","0.0000","49"
"1731","美吾華","594894","15107991","25.00","25.60","25.00","25.35","0.4000","407"
"1732","毛寶","380545","11786537","31.15","31.30","30.65","30.70","-0.3500","374"
"1733","五鼎","371519","13051596","35.10","35.50","34.80","34.80","-0.2000","308"
"1734","杏輝","1078924","41926335","39.00","39.00","38.70","38.90","0.1500","586"
"1735","日勝化","32537","586106","18.00","18.15","18.00","18.15","0.1500","25"
"1736","喬山","1100677","99664068","89.90","91.60","89.10","90.70","1.9000","1209"
"1737","臺鹽","222751","7563664","33.95","34.00","33.90","34.00","0.0500","142"
"1752","南光","485476","26308778","54.30","54.70","53.90","54.20","-0.1000","323"
"1760","寶齡富錦","505006","51942238","104.00","104.00","102.00","102.00","-0.5000","716"
"1762","中化生","242282","12653875","52.50","52.50","52.00","52.20","-0.3000","365"
"1773","勝一","213407","32585963","152.00","153.50","150.50","153.00","3.0000","315"
"1776","展宇","32050","571279","17.85","17.85","17.80","17.80","0.1500","20"
"1783","和康生","2021701","99573172","46.45","50.50","46.15","50.20","4.0000","1686"
"1786","科妍","954935","127200753","134.50","136.00","130.00","132.50","-0.5000","992"
"1789","神隆","1909468","56414523","29.20","29.75","29.20","29.45","0.4500","1204"
"1795","美時","9520912","3029006287","313.00","323.00","310.50","317.00","7.5000","14690"
"1802","台玻","8701969","167002602","19.55","19.65","18.95","18.95","-0.4000","3500"
"1805","寶徠","123764","2467067","19.95","20.15","19.75","19.90","0.0000","90"
"1806","冠軍","6159306","73262749","12.00","12.25","11.55","11.90","0.1000","2814"
"1808","潤隆","1746612","198364995","113.00","114.50","111.50","114.50","2.0000","1529"
"1809","中釉","4217280","106508907","25.30","25.70","24.60","25.15","-0.0500","1919"
"1810","和成","456535","8357929","18.35","18.40","18.25","18.30","-0.1500","335"
"1817","凱撒衛","315023","12591284","40.05","40.05","39.85","39.90","-0.2000","230"
"1903","士紙","129181","7806599","60.70","61.00","60.00","60.10","-0.1000","128"
"1904","正隆","926054","26446421","28.60","28.60","28.50","28.55","0.0000","504"
"1905","華紙","2094109","44675428","21.50","21.60","21.20","21.25","-0.2000","1305"
"1906","寶隆","68544","1092898","15.95","15.95","15.90","15.90","-0.0500","153"
"1907","永豐餘","758370","23331504","30.95","30.95","30.60","30.70","-0.0500","698"
"1909","榮成","945137","13095352","13.85","13.90","13.80","13.80","-0.0500","516"
"2002","中鋼","15622404","360720431","23.15","23.15","23.05","23.05","-0.0500","8245"
"2002A","中鋼特","10113","440154","43.50","43.55","43.50","43.55","0.0000","11"
"2006","東和鋼鐵","2961061","209662716","69.70","71.10","69.70","70.90","1.3000","1865"
"2007","燁興","608705","7050234","11.75","11.75","11.50","11.50","-0.1500","323"
"2008","高興昌","112077","2949116","26.35","26.55","25.70","25.70","-0.6000","151"
"2009","第一銅","1954292","97255244","49.65","50.20","49.30","49.75","0.4000","1314"
"2010","春源","1310188","26777858","20.35","20.55","20.35","20.40","0.1500","456"
"2012","春雨","47780","1163042","24.40","24.45","24.30","24.30","-0.2000","92"
"2013","中鋼構","120598","7053593","58.00","58.60","58.00","58.40","0.4000","128"
"2014","中鴻","2563371","54892475","21.65","21.65","21.35","21.40","-0.1000","1455"
"2015","豐興","337921","25956965","77.10","77.30","75.80","77.10","0.0000","365"
"2017","官田鋼","739163","10656844","14.55","14.55","14.35","14.40","-0.1500","366"
"2020","美亞","549056","19799814","36.05","36.25","35.95","36.00","-0.0500","317"
"2022","聚亨","464315","5185157","11.30","11.30","11.15","11.15","-0.0500","283"
"2023","燁輝","767497","11866795","15.40","15.55","15.40","15.45","0.0500","450"
"2024","志聯","30404","667925","22.40","22.40","21.60","21.60","-0.2000","38"
"2025","千興","1913394","23290405","12.35","12.45","12.05","12.15","-0.2000","616"
"2027","大成鋼","4608394","167172942","36.15","36.45","36.00","36.45","0.5500","2977"
"2028","威致","139905","3638754","26.00","26.20","25.90","26.00","-0.1500","119"
"2029","盛餘","160523","4462541","27.75","27.90","27.70","27.85","0.1000","140"
"2030","彰源","254377","4514458","17.80","17.80","17.70","17.70","-0.0500","177"
"2031","新光鋼","5112951","331916791","64.60","65.70","64.20","64.30","0.3000","2345"
"2032","新鋼","231553","3920896","17.00","17.10","16.80","16.80","-0.2000","110"
"2033","佳大","180750","2789016","15.40","15.60","15.15","15.50","0.2000","103"
"2034","允強","175323","4448508","25.50","25.50","25.30","25.35","0.0500","139"
"2038","海光","219203","4312806","19.65","19.85","19.55","19.55","-0.1000","184"
"2049","上銀","1331223","279379011","211.00","212.50","208.00","208.00","-5.0000","1920"
"2059","川湖","417389","511586405","1245.00","1245.00","1210.00","1220.00","-20.0000","1002"
"2062","橋椿","150276","4207237","27.90","28.15","27.85","28.00","0.1000","110"
"2069","運錩","124204","1997899","16.15","16.20","16.00","16.20","0.0500","79"
"2101","南港","9515396","512535313","52.10","55.00","52.10","54.00","1.9000","5165"
"2102","泰豐","383464","8008254","20.95","21.00","20.65","20.65","-0.1500","207"
"2103","台橡","1924030","45774442","23.90","23.95","23.70","23.75","-0.1500","1072"
"2104","國際中橡","701792","12091424","17.20","17.30","17.15","17.25","0.1000","362"
"2105","正新","4373342","216747080","49.45","49.80","49.25","49.35","-0.1000","1963"
"2106","建大","1053342","35720744","33.95","34.45","33.65","33.80","0.1000","758"
"2107","厚生","1100375","28224101","25.60","25.80","25.55","25.65","0.0000","3586"
"2108","南帝","1159735","43598282","37.25","37.85","37.10","37.85","0.9500","860"
"2109","華豐","600986","11361604","18.95","19.10","18.80","18.90","-0.1000","380"
"2114","鑫永銓","21936","2256459","102.50","103.50","102.50","102.50","-0.5000","43"
"2115","六暉-KY","75277","2509315","33.30","33.45","33.25","33.30","0.0000","68"
"2201","裕隆","4143120","276799680","67.00","67.40","66.60","66.70","-0.1000","3091"
"2204","中華","2717053","344168368","125.00","128.00","124.50","125.50","1.5000","1974"
"2206","三陽工業","2160247","170523943","79.00","79.50","78.60","78.80","-0.1000","1775"
"2207","和泰車","306174","188106848","621.00","623.00","612.00","612.00","-10.0000","543"
"2208","台船","2254264","40064868","18.00","18.00","17.60","17.65","-0.1500","1370"
"2211","長榮鋼","1910567","264405908","139.50","141.50","136.50","137.00","-2.5000","1944"
"2227","裕日車","15892","2168323","136.50","137.50","135.50","136.00","-0.5000","87"
"2228","劍麟","144901","16337409","112.50","113.50","112.00","112.00","-0.5000","145"
"2231","為升","268174","31729939","119.00","120.50","117.00","117.00","-1.5000","295"
"2233","宇隆","225371","32243517","144.50","144.50","142.00","142.00","-1.5000","560"
"2236","百達-KY","1072345","89618126","83.10","84.30","82.10","83.20","0.2000","1165"
"2239","英利-KY","14084","733176","51.90","52.20","51.90","52.20","0.3000","18"
"2241","艾姆勒","1246760","52361321","42.45","42.90","41.40","41.40","-0.5500","911"
"2243","宏旭-KY","107243","1977659","18.45","18.65","18.35","18.40","0.0500","98"
"2247","汎德永業","186347","55292805","296.50","299.00","295.50","296.00","-1.0000","510"
"2250","IKKA-KY","114425","11909159","105.00","105.00","103.00","103.00","-1.0000","143"
"2254","巨鎧精密-創","130000","10677900","81.50","82.80","81.50","81.90","-1.4000","26"
"2258","鴻華先進-創","464070","22410427","48.05","48.55","48.05","48.10","0.1500","190"
"2301","光寶科","40180011","4394245343","107.00","110.50","106.50","110.50","4.5000","19737"
"2302","麗正","252456","4631970","18.30","18.45","18.25","18.40","0.1500","167"
"2303","聯電","145605297","8252906214","55.90","57.30","55.90","56.90","1.2000","37390"
"2305","全友","311333","7229619","23.40","23.45","23.00","23.15","-0.1500","282"
"2308","台達電","8321690","3254897312","388.50","396.00","385.00","390.50","3.0000","8732"
"2312","金寶","8062576","143705894","18.00","18.05","17.70","17.75","-0.1500","3235"
"2313","華通","66867846","5158113323","81.40","81.50","75.60","76.30","-5.1000","39434"
"2314","台揚","849764","27499243","32.50","32.65","32.20","32.20","-0.2000","496"
"2316","楠梓電","5841626","318369776","56.60","56.60","53.40","53.60","-2.4000","4105"
"2317","鴻海","74505315","16078735485","215.00","217.00","214.50","216.00","2.0000","43491"
"2321","東訊","35473","578246","16.35","16.65","16.00","16.20","-0.3500","32"
"2323","中環","10187598","129845205","12.75","12.85","12.65","12.65","0.0000","2609"
"2324","仁寶","20368309","701346402","34.70","34.75","34.30","34.30","-0.4000","10188"
"2327","國巨","3107438","2254630291","730.00","732.00","721.00","724.00","-6.0000","5193"
"2328","廣宇","3364043","134102426","40.40","40.40","39.55","39.60","-0.4500","2336"
"2329","華泰","3765898","220826917","58.90","59.10","58.40","58.50","-0.4000","2618"
"2330","台積電","20936005","20320957284","968.00","977.00","965.00","968.00","2.0000","38293"
"2331","精英","3119136","102494882","33.05","33.35","32.55","32.55","-0.4500","2060"
"2332","友訊","1215558","22148683","18.30","18.30","18.10","18.15","-0.1500","885"
"2337","旺宏","45378697","1174036219","26.15","26.60","25.60","25.95","-0.1000","13230"
"2338","光罩","2737662","211560994","77.60","78.70","76.00","76.00","-0.1000","2279"
"2340","台亞","4361705","185661348","42.50","42.90","42.05","42.10","0.2500","3173"
"2342","茂矽","190248","6164054","32.50","32.65","32.15","32.20","-0.2500","250"
"2344","華邦電","18215520","466665779","25.70","25.80","25.35","25.50","-0.2000","5936"
"2345","智邦","2203571","1219234912","555.00","563.00","547.00","549.00","-6.0000","2645"
"2347","聯強","12084485","874458111","73.10","73.60","71.70","72.60","-0.5000","7438"
"2348","海悅","2457121","595913049","232.50","248.00","232.50","243.00","11.5000","3352"
"2348A","海悅甲特","33050","1115587","33.80","33.80","33.75","33.75","-0.0500","17"
"2349","錸德","40625161","501397666","12.35","12.45","11.95","12.45","1.1000","8991"
"2351","順德","5314580","706440202","138.50","139.50","130.00","130.00","-9.5000","4645"
"2352","佳世達","40685880","1572554154","38.60","39.05","38.15","38.90","0.5000","16979"
"2353","宏碁","30993684","1473564768","47.00","48.15","46.65","47.45","0.6000","14992"
"2354","鴻準","16168338","1144054717","71.40","71.50","70.20","70.40","-0.9000","10236"
"2355","敬鵬","8113866","399739255","49.70","49.70","48.80","48.80","-0.2000","5826"
"2356","英業達","13413912","754929851","56.20","56.70","55.60","56.20","0.4000","7084"
"2357","華碩","3307473","1646248774","502.00","502.00","494.50","495.50","-2.5000","4472"
"2359","所羅門","55703973","9626479281","174.50","178.00","166.00","167.00","1.0000","36576"
"2360","致茂","1642364","521440018","320.50","322.00","313.00","317.50","-0.5000","1989"
"2362","藍天","8386654","458156786","55.20","55.80","53.10","53.10","-0.4000","5383"
"2363","矽統","9090922","508953586","56.70","56.90","55.20","55.20","0.0000","6441"
"2364","倫飛","57353","4834491","84.80","85.00","83.60","84.40","0.3000","107"
"2365","昆盈","162192750","6677484120","39.80","42.65","39.20","40.60","1.8000","75298"
"2367","燿華","38214588","1404648780","37.10","37.55","36.05","36.15","-0.7500","18596"
"2368","金像電","11293419","2324439170","210.00","210.50","203.00","203.50","-3.5000","10436"
"2369","菱生","2591665","60310565","23.50","23.75","23.05","23.05","-0.6000","1521"
"2371","大同","14207641","805812755","57.50","57.50","56.40","56.40","-0.6000","8162"
"2373","震旦行","131670","9983913","75.70","76.00","75.60","75.90","0.2000","101"
"2374","佳能","21714787","1146696407","53.80","53.90","51.70","52.00","-2.2000","13171"
"2375","凱美","808697","56146602","70.50","70.50","68.70","68.90","-1.6000","724"
"2376","技嘉","3374735","1035446180","307.00","310.00","304.50","306.50","1.0000","8743"
"2377","微星","4183673","757689106","181.00","182.50","179.50","180.50","2.5000","4646"
"2379","瑞昱","6583698","3511763015","540.00","548.00","526.00","531.00","-15.0000","8586"
"2380","虹光","218902","1550552","7.12","7.13","7.03","7.09","-0.0300","276"
"2382","廣達","16182302","5011646115","313.00","313.00","307.50","308.50","-3.5000","23294"
"2383","台光電","4174255","1956020181","475.00","477.50","463.50","466.00","-9.0000","6990"
"2385","群光","3902473","666710454","172.50","174.00","170.00","170.00","-1.0000","3719"
"2387","精元","789706","48072715","60.70","61.30","60.60","61.00","0.9000","503"
"2388","威盛","2815308","325084160","117.50","117.50","114.00","114.00","-2.5000","2134"
"2390","云辰","2110255","30217262","14.10","14.65","14.00","14.05","0.1000","1287"
"2392","正崴","9670050","759488779","79.20","79.70","77.80","77.80","-1.2000","6409"
"2393","億光","7616103","587399222","77.40","78.30","76.10","76.60","0.2000","5015"
"2395","研華","857851","317491841","372.00","373.00","368.00","368.00","-2.0000","960"
"2397","友通","1540326","121144845","76.40","79.70","75.70","77.90","4.1000","1382"
"2399","映泰","728349","15905582","22.15","22.15","21.60","21.60","-0.3500","472"
"2401","凌陽","6169936","220450204","36.25","36.45","35.35","35.40","-0.8000","4154"
"2402","毅嘉","3541297","123742223","35.45","35.45","34.70","34.80","-0.5000","1942"
"2404","漢唐","2415477","897842106","367.50","375.00","364.50","373.50","7.5000","3099"
"2405","輔信","4104125","85267120","20.85","21.05","20.50","20.50","-0.2000","2126"
"2406","國碩","23218587","616073819","26.45","27.30","26.05","26.20","-0.1500","10891"
"2408","南亞科","11824407","817550031","69.80","70.20","68.80","69.00","-0.7000","6425"
"2409","友達","20124615","357376655","17.90","17.95","17.70","17.70","-0.1000","5494"
"2412","中華電","14758694","1865307260","126.00","127.00","126.00","126.50","1.0000","5953"
"2413","環科","68397","1639262","23.90","24.25","23.90","23.90","-0.1000","63"
"2414","精技","1114836","46555063","41.05","42.35","41.00","42.30","1.5500","891"
"2415","錩新","121358","3254531","27.15","27.45","26.75","26.75","-0.4000","180"
"2417","圓剛","18744287","913924400","48.10","49.90","47.80","48.70","0.9000","11843"
"2419","仲琦","320064","9687033","30.20","30.50","30.10","30.20","0.0000","412"
"2420","新巨","361649","24213269","66.70","67.30","66.20","67.30","0.6000","320"
"2421","建準","3217180","364265157","115.00","115.00","112.00","112.50","-2.5000","2602"
"2423","固緯","153740","6359338","41.60","41.60","41.20","41.30","-0.3000","197"
"2424","隴華","8039","241855","30.10","30.60","29.80","30.60","0.0000","10"
"2425","承啟","507480","19145999","38.20","38.30","37.50","37.90","-0.1500","430"
"2426","鼎元","578073","11240402","19.75","19.75","19.25","19.25","-0.2500","428"
"2427","三商電","2310661","70085399","30.55","30.65","30.05","30.10","-0.5500","1503"
"2428","興勤","190659","33881609","178.00","179.00","177.00","177.00","-1.0000","218"
"2429","銘旺科","783587","29281238","36.20","38.90","36.15","38.90","3.5000","512"
"2430","燦坤","41050","1458427","35.55","35.60","35.50","35.50","-0.0500","76"
"2431","聯昌","270202","3346563","12.30","12.50","12.30","12.50","0.2000","154"
"2432","倚天酷碁-創","8000","308450","38.50","38.70","38.50","38.60","-0.2000","4"
"2433","互盛電","108641","5808299","53.40","53.60","53.30","53.40","0.0000","130"
"2434","統懋","31249","1067382","34.05","34.75","34.00","34.00","0.1000","30"
"2436","偉詮電","559172","34665236","62.20","62.40","61.70","61.90","0.0000","504"
"2438","翔耀","795767","47337175","57.30","60.80","57.30","60.00","3.0000","542"
"2439","美律","3882444","534774012","139.00","141.00","136.00","136.50","-1.5000","2705"
"2440","太空梭","778338","13954549","17.90","18.25","17.60","17.60","-0.2000","438"
"2441","超豐","623171","38886543","62.70","62.80","62.20","62.40","-0.5000","634"
"2442","新美齊","3372932","106919621","30.55","32.40","30.35","32.15","1.6000","1630"
"2444","兆勁","287483","3880637","13.60","13.65","13.45","13.45","-0.1500","168"
"2449","京元電子","29207953","3413985753","118.50","120.00","115.00","116.50","-2.5000","14088"
"2450","神腦","149159","5672322","38.10","38.20","37.90","37.95","-0.1500","174"
"2451","創見","2441570","278734402","116.00","117.00","112.50","112.50","-2.5000","2240"
"2453","凌群","844082","53409416","64.00","64.00","62.50","62.70","-1.0000","810"
"2454","聯發科","5231972","7460027114","1405.00","1440.00","1405.00","1415.00","15.0000","8582"
"2455","全新","4745994","775204555","166.50","167.00","160.00","160.00","-5.0000","4928"
"2457","飛宏","1565156","75784646","48.80","49.00","48.20","48.20","-0.5000","1746"
"2458","義隆","920662","142239390","155.50","155.50","154.00","154.00","0.0000","1091"
"2459","敦吉","69795","5268298","75.60","75.70","75.00","75.60","-0.3000","263"
"2460","建通","473763","15741332","33.55","33.55","33.00","33.05","-0.1500","291"
"2461","光群雷","548670","13371555","24.50","24.70","24.25","24.30","-0.0500","387"
"2462","良得電","193680","6802070","35.05","35.30","35.05","35.15","0.1000","255"
"2464","盟立","48235849","3499938192","70.60","75.00","69.30","69.90","1.1000","31538"
"2465","麗臺","863785","106553233","125.00","125.50","122.50","122.50","-1.5000","897"
"2466","冠西電","12003","447361","37.80","37.80","36.90","37.20","-0.0500","13"
"2467","志聖","13482679","2270253002","158.50","170.50","156.50","170.50","15.5000","7641"
"2468","華經","144743","3870643","26.65","26.80","26.65","26.70","-0.0500","146"
"2471","資通","115235","6639143","57.50","57.80","57.50","57.50","0.1000","129"
"2472","立隆電","4337450","365295504","85.60","85.70","83.10","83.20","-3.3000","4552"
"2474","可成","3552112","815434890","232.00","232.00","227.50","227.50","-4.5000","2449"
"2476","鉅祥","2465830","272656853","111.50","112.50","109.50","110.50","0.0000","1942"
"2477","美隆電","106139","2331916","21.90","22.05","21.90","22.00","0.1000","72"
"2478","大毅","416765","21677822","52.70","52.70","51.40","51.70","-1.2000","723"
"2480","敦陽科","507594","59442469","118.00","118.00","116.50","117.00","-1.0000","697"
"2481","強茂","1090073","61146624","56.50","56.70","55.80","55.80","-0.6000","920"
"2482","連宇","2769061","113527183","40.45","41.80","39.55","40.55","0.5500","1901"
"2483","百容","782836","21263365","27.00","27.70","26.65","26.65","-0.1000","552"
"2484","希華","206898","6609913","32.00","32.00","31.85","31.90","0.0000","179"
"2485","兆赫","1183055","24969487","21.15","21.30","20.95","21.00","-0.1500","764"
"2486","一詮","4161996","558252543","135.00","136.00","133.00","133.00","-2.0000","4536"
"2488","漢平","169253","7990952","47.00","47.35","47.00","47.35","0.3500","161"
"2489","瑞軒","10499129","213823286","20.70","20.75","20.20","20.40","-0.2000","4500"
"2491","吉祥全","55175","836913","15.00","15.35","15.00","15.10","0.0000","60"
"2492","華新科","1956872","229317997","118.50","119.00","116.00","116.50","-1.5000","1471"
"2493","揚博","349645","33501593","95.70","97.00","94.80","95.70","0.6000","410"
"2495","普安","16164373","573522928","34.80","35.80","34.25","35.80","3.2500","5374"
"2496","卓越","24366","1791320","73.00","73.70","73.00","73.30","0.3000","30"
"2497","怡利電","206742","12104526","59.50","59.50","58.40","58.50","-0.8000","624"
"2498","宏達電","3168502","145807457","46.20","46.60","45.70","45.70","-0.4500","2346"
"2501","國建","8510818","263216623","30.25","31.35","30.20","31.00","0.8000","3772"
"2504","國產","12566253","564486241","43.35","45.60","43.30","45.25","2.1500","5947"
"2505","國揚","1719195","48312867","27.25","28.40","27.25","28.10","0.9500","814"
"2506","太設","1937291","23165530","11.70","12.20","11.60","12.10","0.5000","749"
"2509","全坤建","260138","6052334","22.90","23.50","22.90","23.30","0.2500","299"
"2511","太子","1348738","16408285","12.00","12.30","12.00","12.15","0.1500","559"
"2514","龍邦","1552216","38380232","24.20","25.25","24.15","24.65","0.6000","829"
"2515","中工","13634895","203599240","14.80","15.05","14.70","14.95","0.1500","4103"
"2516","新建","3800702","49661687","12.50","13.35","12.50","13.20","0.7000","1137"
"2520","冠德","10282248","588790730","54.60","58.30","54.10","58.30","3.7000","5617"
"2524","京城","908352","50716032","54.00","56.90","54.00","55.30","1.6000","751"
"2527","宏璟","984502","44910937","45.05","46.40","44.35","45.95","0.9500","733"
"2528","皇普","439734","19960686","45.35","45.90","45.00","45.40","0.0500","274"
"2530","華建","2090444","102541203","48.30","49.45","47.85","49.20","0.9000","1076"
"2534","宏盛","3189279","85789453","26.60","27.20","26.50","27.15","0.5000","1188"
"2535","達欣工","123341","6861947","55.40","55.80","55.40","55.70","0.3000","483"
"2536","宏普","239078","8169227","33.50","34.45","33.50","34.20","0.7000","203"
"2537","聯上發","13399336","282269896","20.15","21.80","19.95","21.25","1.0500","5522"
"2538","基泰","1934051","35957776","18.30","18.80","18.25","18.65","0.3500","538"
"2539","櫻花建","1351909","103345224","74.90","77.50","74.60","77.50","2.0000","1239"
"2540","愛山林","2493692","485454053","189.00","198.00","186.00","196.50","9.5000","2516"
"2542","興富發","7867533","413717071","51.80","53.10","51.70","53.10","1.0000","4896"
"2543","皇昌","9988686","470602861","43.95","48.15","43.85","47.30","3.4500","5516"
"2545","皇翔","2530791","149276546","56.40","60.30","56.40","60.10","4.2000","1939"
"2546","根基","227665","21554616","93.50","95.10","92.90","94.80","1.4000","505"
"2547","日勝生","2074836","22418863","10.65","10.95","10.60","10.85","0.3000","729"
"2548","華固","2931822","410661137","136.50","142.50","136.00","139.50","3.0000","2783"
"2597","潤弘","733559","127696771","178.50","178.50","170.00","174.00","0.0000","1089"
"2601","益航","1459901","11721571","8.00","8.06","8.00","8.01","0.0200","544"
"2603","長榮","21948663","4258939121","195.00","197.00","191.00","192.00","-1.0000","14486"
"2605","新興","5679524","172930062","30.75","31.20","30.05","30.15","-0.4500","2961"
"2606","裕民","5438829","308615584","56.50","57.20","56.30","56.50","0.7000","3745"
"2607","榮運","2686545","85423639","31.95","32.05","31.70","31.70","-0.0500","1532"
"2608","嘉里大榮","185866","7529262","40.50","40.65","40.25","40.50","0.0000","218"
"2609","陽明","65794333","4903049636","75.80","76.30","72.70","73.70","-0.9000","29041"
"2610","華航","74201647","1790200771","23.75","24.30","23.60","24.30","0.6000","19925"
"2611","志信","5849124","193374257","33.00","33.40","32.85","33.00","0.1000","2600"
"2612","中航","318234","15122136","48.00","48.05","47.05","47.10","-0.4000","400"
"2613","中櫃","2000598","82440998","41.85","42.10","40.60","40.85","-0.9500","1921"
"2614","東森","2003108","40231932","19.75","20.30","19.75","20.05","0.3500","1038"
"2615","萬海","50751935","4394394446","89.90","90.50","83.40","86.00","-2.6000","29128"
"2616","山隆","154591","3762775","24.45","24.45","24.25","24.45","0.0000","338"
"2617","台航","1556707","59664519","38.30","38.60","38.05","38.05","0.0000","899"
"2618","長榮航","92597021","3560053747","38.20","38.75","37.85","38.75","0.6000","27435"
"2630","亞航","698001","27160487","39.00","39.25","38.80","38.80","-0.1000","527"
"2633","台灣高鐵","6924793","211460228","30.40","30.65","30.25","30.40","0.0000","2495"
"2634","漢翔","7538641","404783606","53.60","54.00","52.90","54.00","0.6000","3391"
"2636","台驊投控","707011","69362824","98.40","98.90","97.30","97.60","0.1000","717"
"2637","慧洋-KY","4656966","316864728","68.30","69.00","67.20","67.60","-0.4000","3022"
"2642","宅配通","71426","2667479","37.40","37.40","37.25","37.35","0.0500","330"
"2645","長榮航太","1002065","113832504","113.50","114.50","113.00","114.00","1.5000","784"
"2701","萬企","240920","3190192","13.35","13.35","13.15","13.20","-0.0500","125"
"2702","華園","462092","9085089","19.15","20.00","19.15","19.90","0.7000","368"
"2704","國賓","342489","24656413","72.30","72.80","71.20","71.80","-0.7000","278"
"2705","六福","788478","16296351","20.45","20.90","20.45","20.60","0.2500","505"
"2706","第一店","141339","2220535","15.75","15.75","15.65","15.65","-0.0500","343"
"2707","晶華","182712","38236406","209.50","210.00","208.50","210.00","0.5000","282"
"2712","遠雄來","9196","276717","30.20","30.20","30.00","30.20","0.0000","29"
"2722","夏都","174260","9870701","56.00","57.20","56.00","57.20","1.5000","167"
"2723","美食-KY","340041","29234539","86.30","86.30","85.80","85.90","-0.2000","386"
"2727","王品","873944","210660763","241.00","242.50","238.00","238.50","-1.0000","2119"
"2731","雄獅","1099114","165682697","148.50","152.50","148.50","152.50","4.0000","1082"
"2739","寒舍","458831","28268002","60.60","62.20","60.60","62.00","1.4000","388"
"2748","雲品","315313","21644047","68.60","69.30","68.40","68.50","-0.1000","289"
"2753","八方雲集","81577","13256557","162.50","163.00","162.00","162.00","-0.5000","231"
"2762","世界健身-KY","69679","6319266","91.00","91.20","90.40","90.40","-0.3000","141"
"2801","彰銀","8502227","156741731","18.45","18.50","18.40","18.40","-0.0500","2552"
"2809","京城銀","5237497","329670309","60.90","63.80","60.80","63.80","2.9000","3113"
"2812","台中銀","3395624","62219707","18.30","18.40","18.25","18.35","0.0500","1676"
"2816","旺旺保","457533","16066196","35.20","35.35","34.75","35.25","0.5000","263"
"2820","華票","4866836","75991986","15.60","15.65","15.60","15.60","0.0000","1125"
"2832","台產","102388","2787939","27.15","27.30","27.15","27.30","0.1500","106"
"2834","臺企銀","18030171","329774745","18.20","18.35","18.15","18.30","0.1000","4621"
"2836","高雄銀","9783612","118794020","12.00","12.25","11.95","12.20","0.2500","1909"
"2836A","高雄銀甲特","5002","106594","21.30","21.35","21.30","21.35","0.0000","6"
"2838","聯邦銀","1261514","20717584","16.35","16.50","16.35","16.45","0.1000","466"
"2838A","聯邦銀甲特","161549","8626716","53.40","53.40","53.40","53.40","0.1000","46"
"2845","遠東銀","5122867","86141873","16.60","16.90","16.60","16.90","0.3000","1947"
"2849","安泰銀","49094","715960","14.50","14.65","14.50","14.55","0.0500","40"
"2850","新產","357597","34133456","96.20","96.20","95.10","95.10","-1.1000","739"
"2851","中再保","2258198","58271540","25.90","25.90","25.75","25.80","-0.1000","964"
"2852","第一保","153932","3765729","24.45","24.50","24.40","24.45","-0.1000","167"
"2855","統一證","3196315","95075442","29.45","29.95","29.25","29.60","0.1500","1709"
"2867","三商壽","9824027","71764904","7.39","7.40","7.27","7.27","-0.0700","2440"
"2880","華南金","9274725","245981307","26.40","26.60","26.35","26.60","0.2000","3306"
"2881","富邦金","19342649","1550989399","79.80","80.70","79.50","80.40","1.1000","10772"
"2881A","富邦特","379318","23791905","62.70","63.20","62.60","62.70","0.0000","73"
"2881B","富邦金乙特","3873","230246","59.40","59.60","59.40","59.60","0.0000","13"
"2881C","富邦金丙特","24871","1332441","53.80","53.80","53.40","53.40","-0.2000","77"
"2882","國泰金","68688064","3949609791","57.90","58.10","56.70","58.10","0.0000","15689"
"2882A","國泰特","417335","24888167","59.20","59.80","59.20","59.70","0.0000","129"
"2882B","國泰金乙特","151528","8679864","57.10","57.50","57.10","57.50","0.0000","86"
"2883","開發金","58295153","866957096","14.80","14.95","14.75","14.90","0.0000","14254"
"2883B","開發金乙特","3376289","24633047","7.31","7.32","7.28","7.30","0.0000","563"
"2884","玉山金","14929590","428488871","28.55","28.85","28.55","28.75","0.2000","5657"
"2885","元大金","18517447","593476430","32.05","32.35","31.85","32.00","-0.0500","8266"
"2886","兆豐金","15593450","633303323","40.40","40.80","40.30","40.75","0.3500","6915"
"2887","台新金","9306898","175565189","18.90","18.90","18.80","18.85","0.0000","3509"
"2887E","台新戊特","287189","15130398","52.50","52.80","52.50","52.80","0.3000","86"
"2887F","台新戊特二","62101","2940255","47.35","47.35","47.35","47.35","0.0500","45"
"2887Z1","台新己特","149955","2505442","16.75","16.75","16.70","16.70","-0.0500","45"
"2888","新光金","141804261","1413197530","9.88","10.05","9.83","9.96","0.1200","16275"
"2888A","新光金甲特","48394","1459163","30.20","30.20","30.15","30.20","0.0000","30"
"2888B","新光金乙特","63577","1928941","30.40","30.40","30.30","30.30","-0.1000","29"
"2889","國票金","36544106","603144114","16.10","16.80","16.05","16.50","0.4000","7528"
"2890","永豐金","12132264","312683577","25.40","26.05","25.35","25.75","0.3500","5215"
"2891","中信金","46062297","1755983722","38.10","38.25","37.90","38.20","0.3500","8195"
"2891B","中信金乙特","4252","255864","60.20","60.30","60.20","60.30","0.0000","18"
"2891C","中信金丙特","2850","166837","58.60","58.70","58.60","58.70","0.0000","36"
"2892","第一金","6586211","184690352","28.20","28.20","28.00","28.00","-0.1000","3627"
"2897","王道銀行","4031298","42560474","10.55","10.60","10.50","10.60","0.1000","743"
"2897A","王道銀甲特","582000","6111350","10.50","10.55","10.50","10.50","0.0000","70"
"2901","欣欣","10494","290182","27.65","27.80","27.40","27.60","-0.2000","88"
"2903","遠百","3324085","115497206","33.90","35.00","33.80","34.95","0.9500","1876"
"2904","匯僑","115982","2214332","19.25","19.30","18.90","19.10","-0.1500","90"
"2905","三商","536781","8965692","16.60","16.85","16.55","16.80","0.2000","344"
"2906","高林","742545","15664248","21.15","21.30","20.85","21.00","-0.2500","485"
"2908","特力","236757","4925600","20.70","21.05","20.65","20.70","0.1000","68"
"2910","統領","14322","390455","27.35","27.45","27.20","27.30","-0.0500","14"
"2911","麗嬰房","80298","562028","6.98","7.07","6.98","6.99","0.0000","273"
"2912","統一超","615430","169607584","275.50","276.00","274.50","276.00","2.5000","1926"
"2913","農林","2233003","49342653","22.30","22.30","21.90","21.90","-0.0500","1038"
"2915","潤泰全","4813578","332847462","68.40","69.90","68.20","69.50","1.3000","2976"
"2923","鼎固-KY","59612","1909695","31.90","33.30","31.25","31.40","-0.8500","171"
"2929","淘帝-KY","111427","1054760","9.52","9.53","9.44","9.46","-0.0300","105"
"2939","凱羿-KY","35000","838050","24.05","24.05","23.80","24.05","-0.0500","29"
"2945","三商家購","17438","761053","43.95","44.05","43.35","43.60","-0.3500","25"
"3002","歐格","596674","9606600","15.50","16.35","15.50","16.30","0.9000","326"
"3003","健和興","302160","22703524","75.70","76.00","74.40","74.50","-1.2000","1658"
"3004","豐達科","1310073","143917929","109.00","111.50","107.50","110.00","6.5000","1113"
"3005","神基","12542829","1440649541","116.00","116.00","112.50","115.00","1.0000","6014"
"3006","晶豪科","4669896","460606818","100.50","100.50","97.60","97.60","-2.9000","4830"
"3008","大立光","553041","1499271370","2755.00","2760.00","2690.00","2700.00","-45.0000","3266"
"3010","華立","4775220","681205714","144.50","144.50","140.50","143.00","1.0000","4399"
"3011","今皓","1289010","37869092","30.10","30.10","28.90","29.60","-0.4000","626"
"3013","晟銘電","6733311","608404863","90.90","91.80","89.60","89.70","-1.3000","6312"
"3014","聯陽","1032387","176560450","171.00","172.00","170.00","171.00","0.5000","962"
"3015","全漢","287440","17462002","61.10","61.20","60.40","60.40","-0.4000","311"
"3016","嘉晶","608363","39289532","65.80","65.80","63.50","63.50","-0.6000","638"
"3017","奇鋐","15583669","11937347985","765.00","786.00","741.00","743.00","-22.0000","25608"
"3018","隆銘綠能","90446","1722978","19.05","19.05","19.05","19.05","1.7000","114"
"3019","亞光","634245","43986603","70.00","70.00","68.70","68.70","-0.9000","1173"
"3021","鴻名","1152552","30577896","27.10","27.15","26.00","26.65","0.4500","808"
"3022","威強電","419445","34073130","81.60","81.60","81.00","81.10","-0.4000","384"
"3023","信邦","517562","152363315","291.00","296.00","291.00","294.50","2.5000","991"
"3024","憶聲","35063350","835017392","23.40","25.15","22.00","22.30","-1.0000","13536"
"3025","星通","3740651","281485894","73.70","76.50","73.10","75.30","1.8000","3064"
"3026","禾伸堂","233638","21807435","93.80","93.80","93.10","93.30","-0.6000","267"
"3027","盛達","399571","15757941","39.80","39.80","39.15","39.25","-0.5500","324"
"3028","增你強","452146","16052309","35.50","35.60","35.40","35.60","0.1000","365"
"3029","零壹","1166811","110643746","95.50","95.50","94.10","95.10","0.3000","1918"
"3030","德律","2658615","457414485","173.00","176.00","167.50","168.00","-3.5000","5970"
"3031","佰鴻","993171","22664908","22.45","23.00","22.45","22.75","0.3500","556"
"3032","偉訓","569593","41519491","72.70","73.30","72.30","72.60","0.4000","449"
"3033","威健","4398872","163246191","36.90","37.50","36.70","36.95","0.2000","2280"
"3034","聯詠","5421306","3347483976","608.00","620.00","608.00","620.00","14.0000","5820"
"3035","智原","8907137","2997842337","338.00","342.00","331.50","334.50","-1.5000","8911"
"3036","文曄","3679679","455855823","125.00","125.00","123.00","123.50","-0.5000","2724"
"3036A","文曄甲特","64357","3043144","47.35","47.35","47.20","47.35","0.0500","29"
"3037","欣興","5934245","1067868736","181.00","181.50","178.00","179.50","-0.5000","4865"
"3038","全台","1004238","32466455","32.20","32.45","32.20","32.30","0.1000","613"
"3040","遠見","92540","3143790","33.70","34.20","33.70","33.90","0.2000","206"
"3041","揚智","913143","20454546","22.25","22.55","22.25","22.30","0.0500","500"
"3042","晶技","7454772","869139788","116.00","118.00","115.50","115.50","0.5000","4960"
"3043","科風","1204713","44038757","37.15","37.65","35.55","35.90","-1.2000","1162"
"3044","健鼎","2796724","609368507","220.50","220.50","216.00","218.50","0.0000","2348"
"3045","台灣大","38936777","4244914824","107.00","110.00","107.00","109.00","2.0000","7496"
"3046","建碁","233779","15134546","65.70","65.70","64.40","64.50","-0.2000","193"
"3047","訊舟","43626211","1338928925","28.70","31.35","28.60","31.35","2.8500","16256"
"3048","益登","24224487","1007210698","40.75","42.75","39.90","41.65","1.4500","14514"
"3049","精金","2636106","23194545","8.75","8.92","8.67","8.81","0.1600","974"
"3050","鈺德","14401504","332303852","22.70","23.80","22.60","22.75","0.4000","6098"
"3051","力特","541863","17271846","31.85","32.25","31.70","31.70","-0.1500","509"
"3052","夆典","479568","6337679","13.20","13.30","13.10","13.15","0.0000","270"
"3054","立萬利","6035","125330","20.90","20.90","20.60","20.60","-0.2500","7"
"3055","蔚華科","4292776","404853665","93.40","96.40","92.80","94.50","1.0000","3614"
"3056","富華新","3861800","136943611","34.65","36.00","34.30","35.65","1.0000","1916"
"3057","喬鼎","3393912","54684551","15.70","16.80","15.30","16.10","0.4000","1753"
"3058","立德","1175421","23699148","20.30","20.50","20.00","20.00","-0.2000","917"
"3059","華晶科","3157281","125948387","40.00","40.25","39.35","39.35","-0.5500","1811"
"3060","銘異","15865756","534782409","33.80","34.80","32.75","32.95","-0.5000","7932"
"3062","建漢","14440162","457429169","32.25","32.40","31.30","31.30","-0.8000","6874"
"3090","日電貿","606571","38690477","63.80","64.20","63.30","63.90","0.4000","562"
"3092","鴻碩","222953","7446398","33.60","33.65","33.25","33.40","0.1500","276"
"3094","聯傑","205974","6397016","31.50","31.50","30.85","30.90","-0.4000","159"
"3130","一零四","27985","6628145","237.00","237.00","236.00","237.00","-1.0000","180"
"3138","耀登","107996","13613199","126.00","127.00","125.00","125.50","0.5000","148"
"3149","正達","4233197","128238568","30.10","30.90","30.00","30.35","-0.5500","3117"
"3150","鈺寶-創","243100","10149960","43.00","43.00","40.90","42.50","-0.5000","120"
"3164","景岳","80152","1913987","23.80","24.00","23.70","23.95","0.0500","171"
"3167","大量","2224471","152143943","66.40","69.50","66.00","67.20","0.7000","2071"
"3168","眾福科","70009","4180060","59.90","60.70","59.20","59.20","-0.7000","86"
"3189","景碩","5847640","545992021","92.50","94.40","91.70","94.40","2.0000","4732"
"3209","全科","488220","17817267","36.40","36.60","36.35","36.55","0.1500","435"
"3229","晟鈦","411560","10478797","25.45","26.00","25.10","25.35","-0.6500","396"
"3231","緯創","18863883","2014292330","106.50","107.50","106.00","107.50","1.5000","10924"
"3257","虹冠電","163204","9617517","58.60","59.30","58.60","58.70","0.1000","143"
"3266","昇陽","467457","11592272","24.45","25.10","24.40","24.65","0.2000","266"
"3296","勝德","8085568","242569328","32.20","32.20","28.80","28.80","-3.1500","4181"
"3305","昇貿","4070033","332597911","82.30","83.60","79.30","79.30","-1.8000","3927"
"3308","聯德","199281","5750824","28.90","29.10","28.60","28.75","-0.3000","208"
"3311","閎暉","141671","5634913","39.50","40.10","39.45","39.55","0.0500","220"
"3312","弘憶股","40261649","3616535513","87.40","92.90","87.20","88.10","1.1000","26386"
"3321","同泰","901265","19461713","21.35","21.80","21.35","21.50","0.1000","459"
"3338","泰碩","9978556","907553746","92.90","93.30","89.00","89.30","-2.7000","10203"
"3346","麗清","403636","16825143","41.85","42.05","41.55","41.65","-0.2000","352"
"3356","奇偶","4307608","308656460","69.10","73.20","68.40","71.10","3.1000","3334"
"3376","新日興","6513817","1560047422","243.50","244.00","237.00","237.00","-8.0000","12423"
"3380","明泰","840671","29413883","35.00","35.15","34.85","35.00","0.2000","599"
"3406","玉晶光","1694012","1118812795","670.00","671.00","649.00","656.00","-6.0000","2814"
"3413","京鼎","5548720","1833763499","312.50","339.00","308.50","338.00","29.5000","5611"
"3416","融程電","224838","34140074","153.00","153.00","151.00","151.50","-1.5000","256"
"3419","譁裕","1158890","22582328","19.85","19.90","19.30","19.35","-0.3000","605"
"3432","台端","619461","18980097","31.50","31.50","30.20","31.20","-0.8000","842"
"3437","榮創","594248","16429587","27.80","28.05","27.30","27.30","-0.4000","520"
"3443","創意","1859295","2974079780","1625.00","1630.00","1580.00","1580.00","-25.0000","3994"
"3447","展達","134954","4496678","33.05","34.00","33.05","33.50","-0.6500","169"
"3450","聯鈞","44145274","5737494677","123.50","135.00","121.00","130.00","6.5000","25872"
"3454","晶睿","76004","10569358","139.00","140.00","138.00","138.00","-2.0000","118"
"3481","群創","76471783","1091969658","14.40","14.45","14.20","14.20","-0.1500","17900"
"3494","誠研","353913","2411969","7.19","7.19","6.50","7.00","-0.1000","110"
"3501","維熹","563699","45172943","81.50","81.50","79.40","79.60","-0.7000","877"
"3504","揚明光","489318","30465029","63.80","63.80","61.80","61.80","-2.0000","902"
"3515","華擎","390987","89108176","231.00","231.00","227.00","227.50","-1.5000","473"
"3518","柏騰","554800","17082997","30.55","31.80","30.30","30.45","0.4000","393"
"3528","安馳","217921","10880972","50.20","50.20","48.95","49.65","0.8500","130"
"3530","晶相光","467388","49426420","104.00","108.00","103.00","104.00","0.5000","389"
"3532","台勝科","3438412","620691200","174.50","183.50","173.50","180.00","6.0000","2960"
"3533","嘉澤","948340","1504672225","1630.00","1630.00","1555.00","1565.00","-65.0000","2083"
"3535","晶彩科","19714830","916535201","47.50","48.05","44.25","48.05","4.3500","9468"
"3543","州巧","78619","1747590","22.25","22.40","22.10","22.40","0.0500","59"
"3545","敦泰","1378613","118007148","86.10","86.40","85.20","85.20","-1.0000","1209"
"3550","聯穎","264359","4120043","15.40","15.70","15.40","15.60","0.1000","141"
"3557","嘉威","366421","27740911","76.50","77.10","75.00","75.60","-0.9000","438"
"3563","牧德","455466","182150493","396.00","404.50","395.50","399.00","5.0000","641"
"3576","聯合再生","25040246","334718144","13.65","13.75","13.10","13.25","-0.4000","9807"
"3583","辛耘","12036655","4574510259","353.50","388.50","347.00","388.50","35.0000","10623"
"3588","通嘉","577698","52221894","90.60","91.50","89.60","90.40","0.8000","597"
"3591","艾笛森","867637","25029173","28.80","29.30","28.65","28.70","-0.1000","636"
"3592","瑞鼎","948880","377603347","400.00","402.00","395.00","396.50","0.0000","1613"
"3593","力銘","1121006","15812768","13.00","14.20","13.00","14.20","1.2500","832"
"3596","智易","1171259","190197237","163.00","163.50","161.50","163.00","1.0000","1006"
"3605","宏致","2196989","106516621","49.35","49.40","47.75","48.00","-1.2000","1766"
"3607","谷崧","789647","15289017","19.60","19.60","19.15","19.25","0.0500","454"
"3617","碩天","1087053","322791741","298.00","303.00","291.00","293.00","-1.0000","5677"
"3622","洋華","3393705","250865643","75.60","75.80","72.60","72.80","-2.7000","2706"
"3645","達邁","223388","9376250","42.25","42.25","41.75","41.90","-0.1000","181"
"3652","精聯","1367269","64659130","47.15","48.65","46.20","47.60","-0.5500","973"
"3653","健策","847447","1000058590","1200.00","1210.00","1165.00","1170.00","-30.0000","2594"
"3661","世芯-KY","1843413","4573201995","2470.00","2510.00","2425.00","2495.00","40.0000","6157"
"3665","貿聯-KY","3275665","1210040902","376.50","378.00","364.00","365.50","-8.5000","3582"
"3669","圓展","147613","7655567","51.90","52.30","51.50","51.60","0.3000","133"
"3673","TPK-KY","3243032","130953917","41.00","41.15","39.65","40.00","-0.3500","1881"
"3679","新至陞","87595","11659552","134.50","135.00","132.50","133.00","-1.5000","112"
"3686","達能","11888810","326162849","28.75","28.75","25.15","28.05","1.9000","5908"
"3694","海華","879441","44769969","51.40","51.40","50.60","50.70","-0.4000","689"
"3701","大眾控","198800","10306201","52.30","52.40","51.60","51.70","-0.3000","181"
"3702","大聯大","8467661","765335270","90.00","91.00","88.90","90.90","1.1000","5198"
"3702A","大聯大甲特","73491","3599758","49.00","49.00","48.90","49.00","0.0000","38"
"3703","欣陸","5177406","191539419","36.65","37.25","36.15","37.25","0.6000","3185"
"3704","合勤控","560896","22452440","39.90","40.25","39.85","39.90","0.0000","477"
"3705","永信","319118","16758556","52.50","52.90","52.10","52.70","0.0000","290"
"3706","神達","3018419","133715375","44.50","44.70","44.10","44.10","-0.2000","2141"
"3708","上緯投控","6870162","980008754","134.00","145.50","133.50","144.50","0.0000","5151"
"3711","日月光投控","21560822","3540301176","162.00","166.00","161.50","164.50","0.0000","12306"
"3712","永崴投控","5305532","294317495","55.50","56.70","54.30","54.60","-0.9000","4161"
"3714","富采","1805851","77984997","43.40","43.45","43.00","43.00","-0.4500","1504"
"3715","定穎投控","3457179","216404623","63.70","63.80","62.20","62.20","-1.1000","2528"
"4104","佳醫","66541","5988495","90.20","90.20","89.90","90.00","0.1000","247"
"4106","雃博","256402","7356901","28.50","28.90","28.45","28.75","0.2500","234"
"4108","懷特","285346","5781867","20.50","20.50","20.00","20.30","-0.1000","349"
"4119","旭富","119552","10719659","89.40","89.90","89.40","89.90","0.0000","198"
"4133","亞諾法","1394752","49238158","34.50","35.85","34.50","35.10","1.1500","1031"
"4137","麗豐-KY","54728","8735952","160.00","160.00","159.00","159.50","-1.0000","134"
"4142","國光生","983435","28333187","28.55","29.00","28.55","28.65","0.1000","584"
"4148","全宇生技-KY","14049","679817","48.30","48.60","48.30","48.40","-0.1000","15"
"4155","訊映","322797","8289340","25.35","25.90","25.30","25.70","0.4000","415"
"4164","承業醫","327469","17517635","53.80","53.90","53.20","53.20","-0.5000","353"
"4190","佐登-KY","76892","3963168","52.50","52.50","51.00","51.70","0.0000","143"
"4306","炎洲","1925468","39760809","20.60","20.80","20.55","20.60","0.1000","849"
"4414","如興","779896","2344812","3.04","3.05","2.98","3.03","-0.0100","139"
"4426","利勤","175992","2927156","16.70","16.70","16.55","16.60","-0.1000","217"
"4438","廣越","74361","8502379","113.50","115.00","113.50","115.00","1.5000","70"
"4439","冠星-KY","16195","1793709","111.00","111.50","110.50","110.50","-1.5000","79"
"4440","宜新實業","286760","7927234","28.00","28.00","27.45","27.55","-0.0500","250"
"4526","東台","3746565","119208957","31.60","32.50","31.15","31.65","0.1500","2422"
"4532","瑞智","4545776","137431657","30.95","30.95","29.70","29.80","-0.7000","2447"
"4536","拓凱","74346","15007244","201.00","203.00","201.00","201.50","1.0000","452"
"4540","全球傳動","370384","11608398","31.20","31.55","31.20","31.20","0.0000","290"
"4545","銘鈺","1682301","94504978","57.80","58.10","54.30","55.40","-2.7000","1576"
"4551","智伸科","150563","16896662","112.00","113.50","110.50","113.50","2.5000","123"
"4552","力達-KY","176535","5014827","28.80","28.80","28.25","28.30","-0.2500","159"
"4555","氣立","149127","9239060","64.10","64.10","61.40","61.60","-2.3000","150"
"4557","永新-KY","141494","15954858","113.50","113.50","111.00","112.50","-2.0000","153"
"4560","強信-KY","203403","7570559","37.50","37.50","37.00","37.20","-0.3000","71"
"4562","穎漢","22693829","1232336006","53.10","55.60","51.60","55.60","5.0000","11451"
"4564","元翎","472201","11204917","23.80","24.00","23.60","23.70","-0.1000","606"
"4566","時碩工業","22231588","2161908708","97.90","101.00","94.60","95.40","-2.1000","13442"
"4569","六方科-KY","11350","1132900","99.80","100.00","99.00","99.00","0.3000","15"
"4571","鈞興-KY","394221","49224910","128.00","128.50","122.50","123.50","-4.5000","434"
"4572","駐龍","668105","109043140","164.00","165.50","161.00","162.00","2.5000","912"
"4576","大銀微系統","140282","10421162","74.60","75.10","73.90","74.10","-0.3000","153"
"4581","光隆精密-KY","20220","1272236","62.70","63.20","62.30","63.10","0.1000","30"
"4583","台灣精銳","79698","22601228","284.00","286.50","282.00","282.50","-4.5000","479"
"4588","玖鼎電力","261929","29914976","116.00","116.00","113.00","114.00","0.0000","264"
"4720","德淵","4268173","95675975","22.00","22.85","21.70","22.50","1.0500","2370"
"4722","國精化","1043374","54592453","52.60","53.80","51.10","52.50","3.1000","1047"
"4736","泰博","209148","35761184","170.00","172.00","169.50","170.50","1.5000","270"
"4737","華廣","198040","13674861","70.20","70.20","68.50","69.00","-0.6000","93"
"4739","康普","1467603","104475487","71.40","72.50","70.20","70.20","1.0000","1595"
"4746","台耀","2288584","234468404","102.00","104.00","101.00","102.50","1.0000","1795"
"4755","三福化","88805","12419778","140.00","140.50","139.00","139.50","-0.5000","130"
"4763","材料-KY","1436171","1298088876","893.00","918.00","885.00","896.00","5.0000","2650"
"4764","雙鍵","27132","1163947","43.50","43.50","42.90","43.35","0.3500","739"
"4766","南寶","645887","226099240","343.50","354.00","340.50","351.00","9.0000","729"
"4770","上品","450548","190947854","433.00","433.00","419.00","421.00","-4.0000","636"
"4771","望隼","170071","49924296","290.50","298.00","289.00","294.00","4.0000","224"
"4807","日成-KY","16005","273833","17.00","17.15","17.00","17.15","0.1000","14"
"4904","遠傳","26233364","2244895516","84.70","86.40","84.10","86.40","2.3000","10347"
"4906","正文","4904178","181345397","37.15","37.30","36.65","36.95","0.1500","2852"
"4912","聯德控股-KY","203944","25180273","123.00","125.00","122.00","122.50","-1.0000","198"
"4915","致伸","5344606","492888785","94.10","94.10","91.10","92.30","-1.9000","4819"
"4916","事欣科","266908","8038226","30.50","30.50","29.95","29.95","-0.3500","178"
"4919","新唐","10541197","1317151036","128.00","128.00","123.00","124.50","-3.5000","6234"
"4927","泰鼎-KY","688229","26459653","38.80","39.20","38.05","38.10","-0.6000","473"
"4930","燦星網","49025","1633124","33.35","33.50","33.15","33.35","0.0000","212"
"4934","太極","1369728","33280614","24.95","24.95","24.00","24.00","-0.2500","908"
"4935","茂林-KY","88326","5729765","65.70","65.70","64.10","64.40","-0.5000","251"
"4938","和碩","18350696","1923535813","105.50","106.00","104.00","104.00","-0.5000","7187"
"4942","嘉彰","85152","4030824","47.40","47.45","47.15","47.30","0.0500","133"
"4943","康控-KY","59186","1190569","20.30","20.30","20.00","20.00","0.0000","48"
"4949","有成精密","803210","25436147","32.50","33.00","30.80","31.70","-0.2500","743"
"4952","凌通","461687","29594980","64.00","64.50","63.80","63.80","-0.1000","554"
"4956","光鋐","2981739","82637479","27.90","28.30","27.45","27.55","-0.5500","1681"
"4958","臻鼎-KY","19098714","2423701377","129.00","130.50","125.50","127.00","-2.5000","7683"
"4960","誠美材","1259432","17622303","13.95","14.05","13.90","14.05","0.1000","488"
"4961","天鈺","3009737","809741196","270.50","275.50","266.00","266.00","-5.5000","10494"
"4967","十銓","9099358","1350504534","151.00","152.00","145.00","146.00","-2.5000","7025"
"4968","立積","4392851","985273953","232.00","232.00","221.00","221.50","-8.0000","8520"
"4976","佳凌","2352927","117603218","49.80","51.10","49.00","49.00","-0.5500","2280"
"4977","眾達-KY","2161215","177790403","84.50","84.50","81.30","81.30","-2.9000","4751"
"4989","榮科","191651","4737633","24.75","24.95","24.55","24.70","-0.2500","150"
"4994","傳奇","282492","35846767","131.50","131.50","125.00","125.00","-2.0000","265"
"4999","鑫禾","40675","1441493","35.50","35.50","35.30","35.50","0.0000","216"
"5007","三星","41541","2368073","57.00","57.30","56.80","57.00","0.3000","43"
"5203","訊連","507732","52757033","107.00","107.00","102.00","102.00","-5.0000","774"
"5215","科嘉-KY","193450","10212636","53.60","53.60","52.20","52.30","0.8000","189"
"5222","全訊","227640","36939353","163.00","163.50","161.50","162.00","-0.5000","318"
"5225","東科-KY","2286821","266281746","114.00","118.00","112.50","117.50","4.0000","1608"
"5234","達興材料","1652309","247464767","149.00","153.50","147.00","149.50","2.0000","984"
"5243","乙盛-KY","12834639","871433625","66.50","69.50","66.40","68.70","2.8000","7933"
"5244","弘凱","479767","23038166","46.50","49.00","46.50","48.45","1.9500","278"
"5258","虹堡","423644","55242542","130.00","131.00","129.50","131.00","0.0000","436"
"5269","祥碩","632853","1375975885","2235.00","2235.00","2155.00","2170.00","-70.0000","1615"
"5283","禾聯碩","114989","12310794","107.50","107.50","106.50","107.00","-0.5000","192"
"5284","jpp-KY","563309","75269452","132.00","135.50","131.00","133.50","1.5000","536"
"5285","界霖","98649","6724312","68.80","69.00","67.70","67.70","-1.1000","252"
"5288","豐祥-KY","11120","2308118","207.50","208.50","207.00","207.00","1.5000","18"
"5292","華懋","314435","55994178","176.50","179.50","175.00","179.00","5.0000","982"
"5306","桂盟","124644","17337934","140.50","140.50","138.50","138.50","-1.5000","252"
"5388","中磊","6149911","730726253","119.00","120.50","117.50","117.50","-0.5000","3918"
"5434","崇越","764134","212730766","275.00","280.00","273.50","278.50","3.5000","1188"
"5469","瀚宇博","6700255","371871833","55.00","56.30","54.40","56.20","0.3000","5227"
"5471","松翰","267282","13749712","51.40","51.80","51.10","51.60","0.2000","265"
"5484","慧友","4861456","372291280","70.20","81.40","68.90","81.40","7.4000","8431"
"5515","建國","957150","22425145","23.30","23.60","23.20","23.50","0.3000","730"
"5519","隆大","3105861","146331265","45.05","48.35","44.85","48.00","2.7500","2105"
"5521","工信","3121228","38993946","12.55","12.65","12.35","12.45","0.0000","850"
"5522","遠雄","2144688","177446702","80.50","84.40","80.10","84.00","3.5000","1747"
"5525","順天","147194","5485644","36.95","37.55","36.95","37.40","0.4500","103"
"5531","鄉林","1611085","17958562","11.00","11.30","10.95","11.15","0.2500","572"
"5533","皇鼎","981700","23465372","23.55","24.00","23.55","24.00","0.4500","176"
"5534","長虹","2158117","242851996","109.50","114.50","108.00","114.50","5.0000","1790"
"5538","東明-KY","35025","1121559","31.80","32.25","31.70","31.90","-0.1000","46"
"5546","永固-KY","87067","2678692","31.60","31.70","30.10","30.80","-1.2500","78"
"5607","遠雄港","738387","43149600","58.50","59.20","57.90","58.20","-0.2000","669"
"5608","四維航","2657157","56055000","21.35","21.55","20.80","20.85","-0.3000","1522"
"5706","鳳凰","914449","70944717","77.00","78.30","76.30","78.10","1.8000","748"
"5871","中租-KY","10040029","1568324752","154.50","158.00","154.00","155.50","2.0000","6796"
"5871A","中租-KY甲特","18908","1844803","97.60","97.60","97.50","97.60","0.0000","24"
"5876","上海商銀","1535516","70385378","46.05","46.15","45.70","45.75","-0.3000","995"
"5880","合庫金","8208900","213513574","26.05","26.10","25.95","26.00","0.0000","4578"
"5906","台南-KY","6000","400400","66.00","68.00","66.00","66.30","0.8000","6"
"5907","大洋-KY","306251","3062256","9.96","10.15","9.88","9.92","0.1000","167"
"6005","群益證","7273901","184398471","25.10","25.50","25.10","25.35","0.2500","2579"
"6024","群益期","197385","11600667","58.30","59.10","58.20","58.90","0.4000","240"
"6108","競國","162477","3301345","20.35","20.50","20.25","20.25","-0.1000","133"
"6112","邁達特","1030191","68849787","66.80","67.40","66.10","66.20","0.7000","924"
"6115","鎰勝","308937","17947401","58.00","58.40","57.70","58.30","0.3000","206"
"6116","彩晶","5303006","52007191","9.85","9.86","9.78","9.78","-0.0400","1809"
"6117","迎廣","11271074","1418562382","129.00","129.00","121.50","124.00","-1.0000","7269"
"6120","達運","3124736","49138561","15.95","16.00","15.55","15.60","-0.2000","1352"
"6128","上福","261780","9993575","37.90","38.50","37.85","38.25","0.3500","164"
"6133","金橋","3498037","57008898","15.40","16.75","15.20","16.75","1.5000","1665"
"6136","富爾特","276206","6582194","23.80","23.90","23.70","23.90","0.1500","153"
"6139","亞翔","14456281","3690935346","247.50","264.50","240.00","264.50","24.0000","18738"
"6141","柏承","182100","3011342","16.45","16.65","16.30","16.60","0.1500","100"
"6142","友勁","571049","5998325","10.55","10.65","10.40","10.45","-0.0500","248"
"6152","百一","7380326","126812219","16.75","17.80","16.50","17.50","0.7500","3067"
"6153","嘉聯益","1431182","30457860","21.70","21.70","21.05","21.05","-0.5000","876"
"6155","鈞寶","272538","7970211","29.55","29.55","28.90","29.35","-0.2000","194"
"6164","華興","2405947","40664076","16.90","17.30","16.55","16.60","-0.1000","1087"
"6165","浪凡","356574","14049920","39.80","40.50","38.90","38.90","-0.6500","244"
"6166","凌華","2460965","198887967","82.40","82.60","79.30","79.60","-2.3000","2709"
"6168","宏齊","593708","14119877","23.65","23.95","23.55","23.55","-0.0500","260"
"6176","瑞儀","3210344","598042399","190.00","190.00","185.00","185.50","-4.0000","3222"
"6177","達麗","9841966","609333441","59.30","62.90","59.10","62.80","3.5000","5334"
"6183","關貿","9081","686777","75.00","76.00","74.90","75.90","0.9000","41"
"6184","大豐電","27545","1475703","53.70","53.70","53.50","53.70","0.0000","54"
"6189","豐藝","15698023","1535595587","97.30","99.20","95.40","98.70","3.7000","14272"
"6191","精成科","4564759","333679813","74.40","74.40","72.40","73.30","-1.0000","4578"
"6192","巨路","172990","21490537","126.50","126.50","123.00","124.00","-1.5000","210"
"6196","帆宣","2317126","402139576","173.00","175.00","171.50","173.00","3.5000","6421"
"6197","佳必琪","4626616","867854978","191.50","194.00","184.00","184.00","-9.0000","6545"
"6201","亞弘電","29161","1862485","63.90","63.90","63.70","63.70","0.0000","27"
"6202","盛群","611564","36477352","60.00","60.20","59.30","59.60","-0.4000","652"
"6205","詮欣","386962","28701719","72.60","74.90","72.60","74.70","2.1000","266"
"6206","飛捷","1006466","98228715","95.90","98.50","95.90","98.50","3.7000","1006"
"6209","今國光","1168124","36645852","31.60","31.80","30.90","30.90","-0.5000","806"
"6213","聯茂","22814688","2766805347","120.00","124.50","118.00","118.50","2.5000","14264"
"6214","精誠","1353179","166084272","124.50","124.50","121.50","122.00","-2.5000","1370"
"6215","和椿","12365813","737255970","58.50","60.50","58.20","59.80","0.7000","8457"
"6216","居易","935110","44648632","48.50","48.50","47.30","47.50","-0.4000","740"
"6224","聚鼎","106466","5648910","53.10","53.50","52.80","52.80","0.2000","108"
"6225","天瀚","479","7601","","","","","0.0000","5"
"6226","光鼎","898325","10176666","11.20","11.40","11.20","11.40","0.2500","443"
"6230","尼得科超眾","642112","210142405","330.00","334.50","322.00","323.00","-8.0000","873"
"6235","華孚","1886747","175321442","92.70","93.50","92.00","92.90","0.6000","3141"
"6239","力成","4174656","779153474","189.50","190.00","185.00","187.00","-1.0000","3442"
"6243","迅杰","242111","14036488","58.50","58.50","57.70","57.70","-0.5000","230"
"6257","矽格","3402952","260081427","77.10","77.10","76.10","76.10","-0.7000","2758"
"6269","台郡","6935084","638494285","91.70","92.80","91.30","91.50","0.8000","5162"
"6271","同欣電","1142076","170329146","150.50","151.00","148.00","148.50","-1.5000","1331"
"6277","宏正","92716","7671229","83.10","83.10","82.50","83.00","-0.2000","122"
"6278","台表科","6860096","844686290","121.00","124.00","120.00","123.50","3.5000","4077"
"6281","全國電","57785","4864688","84.50","84.50","84.00","84.40","-0.1000","97"
"6282","康舒","5093164","195948187","39.10","39.10","38.20","38.30","-0.5500","3509"
"6283","淳安","259348","7553313","29.00","29.40","29.00","29.20","0.2000","173"
"6285","啟碁","6929254","1094120427","162.50","162.50","156.50","157.00","-4.0000","5740"
"6288","聯嘉","1863164","55746283","30.00","30.30","29.75","29.75","-0.5500","1115"
"6405","悅城","294099","7606921","26.35","26.35","25.65","25.90","-0.5500","207"
"6409","旭隼","166034","302570745","1905.00","1905.00","1780.00","1785.00","-140.0000","2125"
"6412","群電","406079","55799568","138.50","139.00","136.00","136.00","-0.5000","518"
"6414","樺漢","1280080","426929559","336.00","337.50","331.50","331.50","-4.0000","1555"
"6415","矽力*-KY","3344153","1501043380","462.00","465.50","442.00","444.50","-17.5000","4355"
"6416","瑞祺電通","666014","93053352","140.00","141.00","138.50","138.50","-0.5000","874"
"6423","億而得-創","34533","3332520","97.00","97.50","96.20","96.30","-0.5000","34"
"6426","統新","56006","3747415","66.90","67.90","66.10","66.10","-0.8000","51"
"6431","光麗-KY","286495","4770649","17.00","17.00","16.50","16.65","-0.2000","161"
"6438","迅得","4084849","492249758","118.50","123.00","118.00","121.50","4.0000","3399"
"6442","光聖","7179116","2499134652","340.00","370.00","316.00","365.00","28.5000","6043"
"6443","元晶","9897312","285273750","29.00","29.30","28.50","28.50","-0.4500","5155"
"6446","藥華藥","6326215","3692920045","565.00","596.00","561.00","582.00","22.0000","9306"
"6449","鈺邦","2457251","387885629","162.00","162.50","155.00","157.00","-5.5000","2793"
"6451","訊芯-KY","1085860","294311022","276.00","276.00","267.00","267.00","-9.0000","1263"
"6456","GIS-KY","649338","43988818","68.60","68.60","67.30","67.30","-0.7000","1488"
"6464","台數科","65235","5506761","84.80","84.90","84.10","84.70","-0.1000","61"
"6472","保瑞","5215221","4501872114","831.00","891.00","825.00","880.00","51.0000","8339"
"6477","安集","4081552","177529593","43.60","44.85","42.70","42.75","-0.8500","3806"
"6491","晶碩","521325","252232850","478.00","487.00","478.00","484.00","5.0000","707"
"6504","南六","74229","5511035","74.30","74.70","73.60","74.30","0.0000","74"
"6505","台塑化","2682026","173975304","65.20","65.20","64.60","65.00","0.2000","2260"
"6515","穎崴","615516","654069185","1050.00","1085.00","1025.00","1085.00","35.0000","907"
"6525","捷敏-KY","120299","8019283","67.00","67.00","66.40","66.50","-0.7000","101"
"6526","達發","846089","632704537","743.00","756.00","740.00","742.00","3.0000","1667"
"6531","愛普*","1445519","557086786","389.50","389.50","382.00","383.00","-3.5000","2132"
"6533","晶心科","653632","279463034","435.00","436.50","422.00","423.00","-9.5000","1212"
"6534","正瀚-創","31250","2660650","85.40","85.80","84.70","84.70","-0.3000","33"
"6541","泰福-KY","607552","30499094","50.20","50.20","50.20","50.20","4.5500","383"
"6550","北極星藥業-KY","4026464","301968286","74.10","75.90","73.60","75.10","1.0000","3089"
"6552","易華電","659752","36674834","56.30","56.80","54.60","54.60","-1.7000","883"
"6558","興能高","209667","5645823","27.05","27.25","26.60","26.60","-0.4500","175"
"6573","虹揚-KY","96330","1388222","14.40","14.45","14.35","14.40","0.0000","42"
"6579","研揚","875578","158272467","179.00","183.00","176.00","182.00","5.0000","1139"
"6581","鋼聯","14618","1546979","105.50","106.00","105.50","105.50","-0.5000","48"
"6582","申豐","1204391","77458048","64.00","66.10","62.60","65.90","3.7000","2046"
"6585","鼎基","470928","94467369","202.00","203.00","198.50","200.00","1.5000","401"
"6591","動力-KY","263839","16077476","61.80","61.80","60.50","60.60","-0.8000","252"
"6592","和潤企業","789883","90530995","113.50","115.50","113.00","114.50","2.0000","741"
"6592A","和潤企業甲特","10137","1007689","98.90","99.90","98.90","99.90","0.8000","14"
"6592B","和潤企業乙特","14152","1356137","95.60","95.90","95.60","95.90","0.3000","17"
"6598","ABC-KY","758528","23684536","30.95","32.30","30.90","31.00","0.4000","543"
"6605","帝寶","506186","124510769","238.50","249.00","238.50","247.00","8.5000","1757"
"6606","建德工業","555793","15299701","26.70","27.95","26.70","27.85","1.1500","276"
"6625","必應","197886","19574901","100.00","100.00","98.70","98.70","-0.9000","198"
"6641","基士德-KY","11045","454007","41.20","41.30","41.05","41.30","0.1000","11"
"6645","金萬林-創","68210","2596237","38.45","38.45","37.65","38.20","0.5500","40"
"6655","科定","2120","256820","121.00","121.00","121.00","121.00","0.0000","3"
"6657","華安","151795","8662090","57.30","57.90","56.20","57.30","1.3000","115"
"6658","聯策","1189905","68139315","54.40","58.70","54.30","58.70","5.3000","570"
"6666","羅麗芬-KY","18009","1138472","63.40","63.40","63.10","63.10","-0.3000","18"
"6668","中揚光","906565","55732889","62.10","62.10","61.00","61.00","-1.2000","842"
"6669","緯穎","1160769","3030625855","2650.00","2650.00","2575.00","2605.00","-40.0000","2728"
"6670","復盛應用","352010","99112473","282.00","284.00","280.50","281.00","-3.0000","506"
"6671","三能-KY","67062","3081749","46.00","46.05","45.50","46.00","0.0000","39"
"6672","騰輝電子-KY","381505","32120406","84.30","84.80","83.80","84.40","0.2000","405"
"6674","鋐寶科技","31148","862866","27.50","27.95","27.50","27.50","0.0000","43"
"6689","伊雲谷","800754","81679822","105.00","105.00","100.50","101.50","-2.5000","767"
"6691","洋基工程","414729","186707166","441.50","455.00","441.50","449.50","8.5000","682"
"6695","芯鼎","3857536","283306306","75.40","75.80","72.10","72.20","-3.2000","3031"
"6698","旭暉應材","8344797","384182822","44.80","46.90","44.50","46.90","4.2500","3760"
"6706","惠特","3605515","396824622","109.50","114.00","105.50","110.50","1.5000","2441"
"6715","嘉基","186701","35844793","195.00","195.00","190.00","190.50","-2.5000","668"
"6719","力智","784076","225317250","290.50","292.50","284.50","284.50","-4.5000","1146"
"6742","澤米","341647","24359899","72.60","72.60","70.90","70.90","-1.7000","664"
"6743","安普新","2688684","181470757","65.30","69.30","64.30","67.60","3.0000","2609"
"6753","龍德造船","33119393","5293197846","172.50","175.50","148.50","150.00","-15.0000","24475"
"6754","匯僑設計","85630","5556821","64.30","66.90","64.20","64.80","0.6000","127"
"6756","威鋒電子","96590","19132457","200.00","200.00","196.50","196.50","-1.5000","223"
"6757","台灣虎航-創","1345340","82740202","59.50","62.60","58.60","61.80","2.8000","726"
"6768","志強-KY","386800","34743418","90.10","91.10","89.00","89.00","-2.5000","547"
"6770","力積電","26183052","714379045","27.00","27.60","26.90","27.15","0.3500","11500"
"6771","平和環保-創","80220","5551360","69.50","69.90","68.80","69.10","-0.3000","59"
"6776","展碁國際","79697","5061545","63.50","63.70","63.40","63.60","0.2000","62"
"6781","AES-KY","106017","66695845","635.00","635.00","626.00","626.00","-5.0000","304"
"6782","視陽","559836","160122742","283.00","290.00","281.00","282.50","1.5000","1489"
"6789","采鈺","1880886","663803324","353.00","359.50","348.00","348.00","0.0000","2073"
"6790","永豐實","679114","37852252","55.40","56.10","55.10","56.00","0.6000","613"
"6792","詠業","34564","2804971","81.60","82.00","81.00","81.00","-0.4000","50"
"6794","向榮生技-創","24000","1937500","81.40","81.40","80.00","81.30","-0.1000","17"
"6796","晉弘","661435","63774771","91.00","97.10","91.00","97.10","8.8000","558"
"6799","來頡","493055","74033542","154.00","154.00","148.50","148.50","-5.0000","1122"
"6805","富世達","1112543","849670055","759.00","780.00","752.00","757.00","-3.0000","1615"
"6806","森崴能源","20796539","3385076338","160.00","166.50","159.00","160.00","2.0000","16947"
"6807","峰源-KY","65991","4104755","61.00","63.00","61.00","62.40","0.2000","66"
"6830","汎銓","233328","34056329","146.50","147.00","144.00","146.00","1.0000","355"
"6834","天二科技","2347204","109477578","47.80","48.50","45.25","45.25","-2.1500","1835"
"6835","圓裕","109000","5748900","53.20","53.20","52.60","52.60","-0.5000","86"
"6854","錼創科技-KY創","9000","666200","73.70","74.30","73.70","73.80","0.1000","9"
"6861","睿生光電","220086","18873967","84.00","87.60","83.90","84.60","0.8000","327"
"6863","永道-KY","1169343","291930913","243.00","253.00","241.50","249.50","10.0000","1053"
"6869","雲豹能源","6168196","1529297609","239.00","254.00","239.00","254.00","23.0000","7122"
"6873","泓德能源-創","625879","131575090","209.00","213.50","205.50","210.00","2.5000","456"
"6890","來億-KY","2306987","722012753","324.50","325.00","304.00","305.50","-24.5000","4361"
"6901","鑽石投資","5668528","255788555","44.70","45.90","44.00","45.20","0.5000","3430"
"6902","走著瞧-創","5048","770771","154.00","154.00","151.00","151.00","-8.0000","8"
"6906","現觀科","42006","6245960","148.50","149.50","148.00","149.00","-1.0000","59"
"6914","阜爾運通","434442","72371447","168.00","171.00","164.00","165.00","-1.0000","573"
"6916","華凌","82061","2305658","28.05","28.20","28.05","28.10","0.0500","43"
"6928","攸泰科技","1472558","139304611","92.40","99.30","88.90","98.00","5.7000","2441"
"6933","AMAX-KY","212181","70970919","337.00","339.50","332.00","333.00","-3.0000","496"
"6937","天虹","1401275","285230061","219.00","228.00","215.00","215.50","1.5000","1169"
"6949","沛爾生醫-創","17000","2295000","136.50","136.50","133.00","133.00","-3.0000","17"
"6951","青新-創","60048","3347912","55.90","56.00","55.20","55.20","-0.6000","43"
"6952","大武山","175977","8952638","50.80","51.10","50.60","50.90","0.3000","136"
"6957","裕慶-KY","694233","177455871","259.00","263.00","251.00","251.00","-15.0000","885"
"8011","台通","3414992","85926117","25.20","25.55","24.80","24.80","-0.4500","1791"
"8016","矽創","1189417","303979971","258.50","258.50","254.50","256.50","-2.0000","1555"
"8021","尖點","382424","11978319","31.45","31.55","31.20","31.30","0.0500","257"
"8028","昇陽半導體","33404592","3022020180","88.90","93.40","87.50","88.70","0.2000","21433"
"8033","雷虎","2609439","182674919","72.30","72.40","69.50","69.50","-2.1000","2255"
"8039","台虹","1146145","66853189","58.20","58.60","57.70","58.50","0.3000","973"
"8046","南電","3103806","569036868","186.00","186.00","182.50","182.50","-3.5000","4111"
"8070","長華*","4120788","185159287","45.35","45.80","44.55","44.80","-0.5500","2669"
"8072","陞泰","757994","24638724","31.00","33.10","30.85","32.85","1.7500","637"
"8081","致新","2022564","604787876","302.00","302.00","295.00","300.50","-5.0000","1886"
"8101","華冠","41425","141043","3.33","3.45","3.33","3.42","-0.0600","36"
"8103","瀚荃","3556505","216735754","60.30","61.90","59.30","61.10","0.8000","2436"
"8104","錸寶","6808134","287810518","42.20","43.20","41.00","42.45","0.9500","4473"
"8105","凌巨","9781050","163834815","17.15","17.35","16.45","16.55","-0.4500","4353"
"8110","華東","6129762","125297744","20.65","20.70","20.25","20.30","-0.4000","2751"
"8112","至上","10103623","822574069","81.80","82.20","80.80","80.90","-0.9000","6419"
"8112A","至上甲特","28773","1197423","41.65","41.65","41.60","41.60","-0.0500","31"
"8114","振樺電","443975","77796207","175.50","177.00","174.00","175.50","1.0000","1055"
"8131","福懋科","210539","8183168","38.80","39.00","38.75","38.80","0.0000","156"
"8150","南茂","1690804","72345455","42.95","43.30","42.50","42.50","-0.4000","1365"
"8162","微矽電子-創","18000","698100","38.70","39.00","38.70","39.00","0.4000","18"
"8163","達方","2536346","177826640","70.60","70.60","69.10","69.90","1.0000","1575"
"8201","無敵","149237","2777162","18.20","18.85","18.20","18.50","0.1500","101"
"8210","勤誠","2060261","619360548","304.00","306.00","297.50","299.00","-2.0000","5372"
"8213","志超","394798","15543431","39.30","39.50","39.20","39.45","0.1500","309"
"8215","明基材","631247","20822323","33.15","33.15","32.85","33.00","0.1000","378"
"8222","寶一","370719","16506439","45.30","45.30","44.30","44.30","-0.5000","419"
"8249","菱光","358605","10749672","30.00","30.20","29.85","30.00","0.1500","153"
"8261","富鼎","549642","47284470","85.70","86.50","85.10","85.60","0.0000","658"
"8271","宇瞻","1800273","121200518","67.70","67.80","66.70","67.30","0.2000","1130"
"8341","日友","121201","11763389","96.80","97.30","96.50","97.30","0.5000","249"
"8367","建新國際","120840","5973501","49.30","49.60","49.30","49.35","0.0500","74"
"8374","羅昇","8642816","766453300","90.40","90.40","83.00","90.40","8.2000","5443"
"8404","百和興業-KY","210060","4273056","20.30","20.50","20.25","20.30","0.0000","134"
"8411","福貞-KY","67701","952084","14.00","14.15","13.95","14.15","0.0500","169"
"8422","可寧衛","704710","126769223","181.50","181.50","179.00","180.00","-1.5000","1098"
"8429","金麗-KY","236158","2353270","10.00","10.00","9.92","9.94","-0.0400","337"
"8438","昶昕","576422","23422472","40.40","41.45","39.95","40.10","-0.2000","465"
"8442","威宏-KY","134626","15740293","117.50","120.00","115.50","116.50","-0.5000","149"
"8443","阿瘦","140045","1680726","12.10","12.10","11.95","11.95","-0.1500","354"
"8454","富邦媒","596887","255733561","429.00","433.00","426.50","427.00","-2.5000","1601"
"8462","柏文","73585","8690031","117.00","120.50","116.50","118.00","0.5000","300"
"8463","潤泰材","352337","10357070","29.30","29.70","29.25","29.40","0.0000","165"
"8464","億豐","357975","139446252","395.00","395.00","385.00","387.00","-3.0000","967"
"8466","美吉吉-KY","168057","10358896","61.30","62.10","61.20","61.50","-0.3000","129"
"8467","波力-KY","56154","9792761","175.50","175.50","173.50","175.50","0.0000","853"
"8473","山林水","4598710","205711162","43.30","45.40","43.30","44.05","1.1500","2919"
"8476","台境","134246","8569604","63.10","64.20","63.10","63.90","1.0000","105"
"8478","東哥遊艇","1463228","601723459","408.00","418.00","403.00","412.50","12.0000","2482"
"8481","政伸","44000","2255900","50.40","52.00","50.40","52.00","0.0000","42"
"8482","商億-KY","51","3311","","","","","0.0000","8"
"8487","愛爾達-創","20045","1679857","83.00","84.00","83.00","83.60","0.8000","15"
"8488","吉源-KY","19433","314166","16.25","16.25","16.15","16.15","0.0500","26"
"8499","鼎炫-KY","15105","1877487","124.00","125.00","124.00","124.50","0.0000","36"
"8926","台汽電","4854428","224311200","46.15","46.55","45.95","46.05","0.0000","2664"
"8940","新天地","71825","1853275","25.70","25.95","25.70","25.85","0.1500","76"
"8996","高力","5516875","2552483260","479.00","484.00","450.00","450.00","-32.0000","8029"
"9103","美德醫療-DR","407888","3058424","7.57","7.66","7.41","7.42","-0.1200","165"
"910322","康師傅-DR","22761","446092","19.70","19.85","19.50","19.85","0.0000","117"
"9105","泰金寶-DR","25893763","183746690","7.20","7.23","6.99","7.08","0.0900","5979"
"910861","神州-DR","79780","566458","7.10","7.25","7.05","7.05","0.0000","60"
"9110","越南控-DR","150000","1105180","7.25","7.43","7.25","7.43","0.0800","28"
"911608","明輝-DR","329832","1592473","5.10","5.10","4.72","4.72","-0.1700","176"
"911622","泰聚亨-DR","481500","2723155","5.88","5.95","5.56","5.65","-0.1000","179"
"911868","同方友友-DR","3611376","7062789","2.01","2.04","1.82","1.94","-0.0700","1021"
"912000","晨訊科-DR","7626876","35439499","4.78","4.83","4.54","4.54","-0.1200","1883"
"9136","巨騰-DR","2620609","20800807","7.86","8.10","7.75","7.86","0.1300","974"
"9802","鈺齊-KY","822487","99042560","123.00","123.00","119.00","119.50","-3.5000","1012"
"9902","台火","508602","8468967","16.55","16.80","16.40","16.50","0.0000","267"
"9904","寶成","18526083","630496915","34.45","34.45","33.75","34.15","-0.8500","7658"
"9905","大華","58115","1421057","24.55","24.55","24.40","24.40","-0.0500","51"
"9906","欣巴巴","392014","35728086","88.90","92.10","88.80","91.50","3.2000","470"
"9907","統一實","903005","13790656","15.30","15.40","15.25","15.25","-0.0500","466"
"9908","大台北","84818","2754928","32.50","32.55","32.40","32.55","0.0500","96"
"9910","豐泰","6027767","888191289","151.00","153.50","145.00","145.50","-9.5000","6516"
"9911","櫻花","441102","40356024","91.00","92.00","90.40","91.70","0.7000","681"
"9912","偉聯","111220","1466720","13.10","13.40","13.00","13.20","-0.1000","133"
"9914","美利達","556722","121174427","216.00","220.50","213.50","218.00","1.5000","758"
"9917","中保科","487078","63993613","131.50","132.00","130.00","131.50","0.0000","349"
"9918","欣天然","62795","2592418","41.55","41.55","41.00","41.50","-0.4500","149"
"9919","康那香","1117816","26579237","24.00","24.10","23.50","23.50","-0.2000","779"
"9921","巨大","702438","147484243","210.50","211.50","208.50","209.50","-2.5000","954"
"9924","福興","354633","18774019","53.20","53.20","52.70","52.90","-0.2000","260"
"9925","新保","175957","7460504","42.55","42.55","42.25","42.45","0.0500","154"
"9926","新海","15961","867753","54.40","54.50","54.30","54.40","-0.5000","27"
"9927","泰銘","220468","17147093","78.30","78.30","77.60","77.60","0.0000","232"
"9928","中視","258308","5549690","21.70","21.90","21.20","21.45","0.3000","157"
"9929","秋雨","16","256","","","","","0.0000","2"
"9930","中聯資源","68477","4515634","66.00","66.10","65.80","66.00","0.2000","131"
"9931","欣高","33563","1211238","36.10","36.25","36.00","36.25","0.1500","58"
"9933","中鼎","2652979","140326441","53.00","53.10","52.30","53.10","0.1000","2066"
"9934","成霖","5802497","103379996","17.70","18.10","17.50","18.05","0.0000","1767"
"9935","慶豐富","863309","23739005","27.50","28.00","27.10","27.50","0.7000","609"
"9937","全國","2007","134159","66.90","66.90","66.80","66.80","0.1000","9"
"9938","百和","3353083","209860076","63.90","63.90","61.50","63.90","0.0000","2516"
"9939","宏全","1374772","239766419","173.00","176.00","171.00","173.50","2.0000","2323"
"9940","信義","343105","10935722","31.60","32.05","31.60","31.90","0.2000","323"
"9941","裕融","1705744","256287650","150.00","152.00","149.00","149.00","-0.5000","1804"
"9941A","裕融甲特","179000","9146300","51.00","51.10","51.00","51.10","-0.1000","18"
"9942","茂順","127441","16383850","128.50","129.00","128.00","128.00","0.0000","159"
"9943","好樂迪","165645","14816091","89.50","89.70","89.00","89.50","0.0000","204"
"9944","新麗","180760","4029981","22.20","22.50","22.20","22.30","0.1000","104"
"9945","潤泰新","6290892","277521008","43.70","44.50","43.35","44.25","0.6500","4399"
"9946","三發地產","2946839","127017074","41.25","44.20","41.05","43.40","2.3000","1798"
"9955","佳龍","378991","12193754","32.30","32.50","32.00","32.00","-0.3000","336"
"9958","世紀鋼","10213019","3024062220","300.00","301.00","291.00","296.00","-6.0000","9740"
