證券代號,證券名稱,成交股數,成交金額,開盤價,最高價,最低價,收盤價,漲跌價差,成交筆數
"0050","元大台灣50","8281952","1501858594","180.95","182.05","180.65","181.35","0.8500","9587"
"0051","元大中型100","28606","2343199","81.60","82.10","81.60","81.85","0.4000","165"
"0052","富邦科技","292515","52028749","178.20","178.65","177.25","177.40","0.1500","703"
"0053","元大電子","15414","1509837","97.75","98.20","97.55","98.20","0.5500","104"
"0055","元大MSCI金融","51925","1491975","28.80","28.84","28.66","28.75","0.0900","166"
"0056","元大高股息","9050448","353841310","39.05","39.15","39.05","39.06","0.0500","7236"
"0057","富邦摩台","14106","1890260","134.05","134.20","133.90","134.05","-0.0500","105"
"0061","元大寶滬深","563491","9386146","16.59","16.74","16.38","16.70","0.3200","207"
"006203","元大MSCI台灣","2088","178639","85.95","85.95","85.95","85.95","0.1000","106"
"006204","永豐臺灣加權","8993","1005940","111.90","112.30","111.70","112.30","0.3500","111"
"006205","富邦上証","730335","21253286","28.70","29.28","28.70","29.21","0.5100","207"
"006206","元大上證50","91279","2550600","27.62","28.18","27.61","28.08","0.4800","104"
"006207","復華滬深","82676","1768588","21.08","21.61","21.08","21.56","0.5100","18"
"006208","富邦台50","4831615","512539302","106.00","106.50","105.75","105.75","0.0000","6346"
"00625K","富邦上証+R","","","","","","","0.0000",""
"00631L","元大台灣50正2","3320526","762574502","229.50","231.00","228.15","229.90","2.4500","3454"
"00632R","元大台灣50反1","71696637","246076327","3.43","3.45","3.42","3.43","-0.0100","2896"
"00633L","富邦上証正2","8425281","267051639","30.99","32.32","30.84","32.25","1.2600","1848"
"00634R","富邦上証反1","484000","2261790","4.75","4.75","4.66","4.67","-0.1000","50"
"00635U","期元大S&P黃金","955111","27949269","29.26","29.28","29.22","29.24","-0.0200","204"
"00636","國泰中國A50","2028410","41330047","20.00","20.51","19.97","20.48","0.4600","418"
"00636K","國泰中國A50+U","200","1284","6.42","6.42","6.42","6.42","0.1500","2"
"00637L","元大滬深300正2","79285570","1007093002","12.40","12.96","12.35","12.92","0.5100","8895"
"00638R","元大滬深300反1","1295497","12780116","9.98","9.99","9.76","9.80","-0.1700","100"
"00639","富邦深100","1817823","17654396","9.47","9.82","9.46","9.82","0.3600","315"
"00640L","富邦日本正2","599180","31191085","52.00","52.20","51.80","51.85","0.5000","242"
"00641R","富邦日本反1","1180182","7395894","6.28","6.28","6.25","6.27","-0.0500","173"
"00642U","期元大S&P石油","4000992","69933204","17.42","17.52","17.42","17.51","0.3000","782"
"00643","群益深証中小","1409043","15439182","10.65","11.13","10.63","11.13","0.4800","229"
"00643K","群益深証中小+R","","","","","","","0.0000",""
"00645","富邦日本","727626","26937934","37.05","37.06","36.92","36.92","0.1100","243"
"00646","元大S&P500","532049","29715348","55.70","55.95","55.70","55.90","0.3500","450"
"00647L","元大S&P500正2","65578","5955811","90.80","91.00","90.65","90.90","0.9500","46"
"00648R","元大S&P500反1","221210","1196836","5.40","5.42","5.40","5.42","-0.0200","33"
"00650L","復華香港正2","23841489","242952668","9.92","10.38","9.90","10.35","0.5300","2886"
"00651R","復華香港反1","927750","7960685","8.70","8.70","8.52","8.54","-0.2300","165"
"00652","富邦印度","223627","8997638","40.13","40.32","40.13","40.31","0.2000","234"
"00653L","富邦印度正2","94447","6388153","67.55","67.90","67.45","67.75","0.5500","98"
"00654R","富邦印度反1","162000","1000760","6.18","6.19","6.16","6.18","-0.0100","38"
"00655L","國泰中國A50正2","4404996","95359592","21.09","22.02","20.99","21.98","0.8900","865"
"00656R","國泰中國A50反1","687000","6092880","8.96","8.97","8.76","8.79","-0.1600","26"
"00657","國泰日經225","16280","737230","45.26","45.33","45.23","45.23","0.2000","63"
"00657K","國泰日經225+U","200","2834","14.17","14.17","14.17","14.17","0.0800","2"
"00660","元大歐洲50","6347","229231","36.08","36.23","36.08","36.22","0.3600","92"
"00661","元大日經225","594699","29358080","49.19","49.42","49.18","49.19","0.1900","147"
"00662","富邦NASDAQ","802082","63964198","79.60","79.95","79.60","79.95","0.9000","439"
"00663L","國泰臺灣加權正2","4076","857499","210.20","210.70","210.20","210.30","2.5000","7"
"00664R","國泰臺灣加權反1","3661174","14130611","3.87","3.87","3.84","3.86","-0.0100","342"
"00665L","富邦恒生國企正2","83419283","552285777","6.45","6.75","6.44","6.75","0.3800","5167"
"00666R","富邦恒生國企反1","60000","865200","14.62","14.62","14.38","14.39","-0.4600","36"
"00668","國泰美國道瓊","184565","8845545","47.98","48.09","47.90","48.07","0.2700","87"
"00668K","國泰美國道瓊+U","200","3006","15.03","15.03","15.03","15.03","0.0700","2"
"00669R","國泰美國道瓊反1","1939000","13144700","6.79","6.79","6.77","6.79","0.0000","185"
"00670L","富邦NASDAQ正2","704983","83710114","118.60","118.95","118.45","118.80","2.0000","455"
"00671R","富邦NASDAQ反1","8729563","33216979","3.80","3.82","3.80","3.81","-0.0300","324"
"00673R","期元大S&P原油反1","10499116","76065055","7.27","7.27","7.23","7.24","-0.1200","973"
"00674R","期元大S&P黃金反1","505026","5037045","9.97","9.99","9.96","9.99","0.0200","80"
"00675L","富邦臺灣加權正2","2227879","204738148","91.85","92.35","91.35","91.95","0.8500","1921"
"00676R","富邦臺灣加權反1","3367330","7241872","2.15","2.16","2.14","2.15","-0.0100","171"
"00678","群益那斯達克生技","505087","15659858","30.95","31.03","30.93","31.01","-0.0300","29"
"00680L","元大美債20正2","49443773","465611480","9.42","9.43","9.41","9.42","-0.0400","5884"
"00681R","元大美債20反1","32000","616020","19.29","19.29","19.24","19.26","0.0700","9"
"00682U","期元大美元指數","3000","61570","20.52","20.53","20.52","20.53","0.0900","2"
"00683L","期元大美元指正2","85000","1828020","21.47","21.53","21.47","21.51","0.1900","22"
"00684R","期元大美元指反1","42001","662085","15.77","15.78","15.76","15.78","-0.0500","13"
"00685L","群益臺灣加權正2","540705","44318110","81.95","82.45","81.50","82.00","0.9000","350"
"00686R","群益臺灣加權反1","1470855","3434562","2.33","2.34","2.32","2.34","-0.0100","45"
"00688L","國泰20年美債正2","34142358","319952833","9.38","9.38","9.36","9.38","-0.0400","3439"
"00689R","國泰20年美債反1","5000","99860","19.97","19.98","19.97","19.98","0.0000","3"
"00690","兆豐藍籌30","685488","23525352","34.37","34.37","34.19","34.29","0.1500","331"
"00692","富邦公司治理","2385782","101341168","42.31","42.59","42.31","42.39","0.0900","1180"
"00693U","期街口S&P黃豆","383151","7834067","20.29","20.57","20.29","20.57","0.5000","230"
"00700","富邦恒生國企","491173","6226018","12.46","12.77","12.46","12.76","0.3500","134"
"00701","國泰股利精選30","585043","16867520","28.84","28.86","28.80","28.83","0.0700","262"
"00702","國泰標普低波高息","106792","2640790","24.72","24.73","24.72","24.73","0.1100","58"
"00703","台新MSCI中國","119037","1759192","14.68","14.88","14.68","14.88","0.3900","39"
"00706L","期元大S&P日圓正2","7429675","51522876","6.94","6.95","6.92","6.93","-0.0100","596"
"00707R","期元大S&P日圓反1","","","","","","","0.0000",""
"00708L","期元大S&P黃金正2","582477","21871739","37.56","37.65","37.45","37.50","-0.0300","158"
"00709","富邦歐洲","21369","657281","30.77","30.77","30.77","30.77","0.2000","8"
"00710B","復華彭博非投等債","217344","4255414","19.59","19.60","19.53","19.60","0.0200","63"
"00711B","復華彭博新興債","111979","1905889","17.01","17.04","17.01","17.03","-0.0200","64"
"00712","復華富時不動產","12031031","120555382","10.00","10.04","9.99","10.03","0.0500","3040"
"00713","元大台灣高息低波","7938259","462631625","58.30","58.45","58.15","58.25","0.1500","4817"
"00714","群益道瓊美國地產","223158","4832532","21.60","21.67","21.60","21.66","-0.0300","105"
"00715L","期街口布蘭特正2","39002581","585473265","14.97","15.10","14.92","15.10","0.4700","4586"
"00717","富邦美國特別股","106219","1702366","15.99","16.05","15.99","16.04","0.0400","113"
"00728","第一金工業30","168399","5470696","32.48","32.57","32.45","32.55","0.2600","141"
"00730","富邦臺灣優質高息","75233","1736943","23.09","23.13","23.05","23.05","0.0300","216"
"00731","復華富時高息低波","904139","66231049","73.15","73.40","73.15","73.15","0.1500","1894"
"00733","富邦臺灣中小","883781","50171597","56.80","57.05","56.45","56.45","0.0000","987"
"00735","國泰臺韓科技","189499","6396460","33.65","33.77","33.65","33.74","0.1100","501"
"00736","國泰新興市場","105739","2449777","23.14","23.23","23.14","23.23","0.2500","8"
"00737","國泰AI+Robo","228269","6921788","30.23","30.34","30.23","30.33","0.4100","95"
"00738U","期元大道瓊白銀","316299","8388979","26.53","26.60","26.47","26.50","-0.0900","102"
"00739","元大MSCI A股","42238","846451","19.85","20.18","19.85","20.12","0.5200","82"
"00752","中信中國50","2372824","42617057","17.70","18.12","17.67","18.12","0.5300","544"
"00753L","中信中國50正2","26239496","189400936","7.06","7.37","7.04","7.37","0.4200","2965"
"00757","統一FANG+","826342","69412902","83.65","84.20","83.65","84.20","1.2500","2893"
"00762","元大全球AI","259791","15135793","58.10","58.45","58.10","58.45","0.7500","360"
"00763U","期街口道瓊銅","84199","2155613","25.55","25.69","25.51","25.69","0.1400","70"
"00770","國泰北美科技","223605","10168793","45.60","45.60","45.35","45.52","0.5000","228"
"00771","元大US高息特別股","4546","80215","17.66","17.69","17.66","17.69","0.0200","64"
"00775B","新光投等債15+","803963","28331376","35.22","35.27","35.22","35.22","-0.0900","109"
"00783","富邦中証500","128028","2091705","16.05","16.41","16.05","16.37","0.4900","15"
"00830","國泰費城半導體","4693823","213276167","45.40","45.60","45.30","45.59","0.9500","2248"
"00850","元大臺灣ESG永續","428713","18930569","44.15","44.26","44.04","44.17","0.1700","632"
"00851","台新全球AI","8081","369597","45.77","45.83","45.68","45.83","0.7300","113"
"00852L","國泰美國道瓊正2","159574","4142488","25.91","25.98","25.91","25.96","0.2100","40"
"00861","元大全球未來通訊","51723","2158631","41.83","41.83","41.65","41.71","0.2300","222"
"00865B","國泰US短期公債","235587","10668231","45.23","45.29","45.11","45.29","0.0300","117"
"00875","國泰網路資安","218820","7229465","32.98","33.09","32.94","33.08","0.4500","121"
"00876","元大全球5G","65093","2494899","38.10","38.42","38.10","38.42","0.5300","214"
"00878","國泰永續高股息","27461235","629559601","23.00","23.00","22.88","22.91","0.0100","12936"
"00881","國泰台灣5G+","11640496","272211016","23.45","23.48","23.32","23.32","-0.0100","4009"
"00882","中信中國高股息","17025549","189117058","11.00","11.19","10.98","11.17","0.2000","3464"
"00885","富邦越南","4741021","56984263","12.00","12.04","11.97","12.02","0.0200","1206"
"00891","中信關鍵半導體","3224374","59584242","18.46","18.54","18.42","18.42","-0.0200","1323"
"00892","富邦台灣半導體","2065576","35482187","17.20","17.22","17.10","17.10","-0.0200","645"
"00893","國泰智能電動車","4244069","89854220","21.05","21.26","21.05","21.24","0.3400","660"
"00894","中信小資高價30","214940","4407859","20.54","20.59","20.45","20.45","0.0000","222"
"00895","富邦未來車","1395681","38416169","27.40","27.59","27.40","27.58","0.2000","501"
"00896","中信綠能及電動車","616481","10956552","17.80","17.84","17.74","17.77","0.0300","299"
"00897","富邦基因免疫生技","1168350","9823735","8.40","8.42","8.40","8.40","-0.0300","756"
"00898","國泰基因免疫革命","822527","6276071","7.60","7.65","7.60","7.65","0.0500","170"
"00899","FT潔淨能源","200794","3296334","16.54","16.54","16.40","16.43","0.0000","102"
"00900","富邦特選高股息30","5537825","83595325","15.10","15.14","15.07","15.09","0.0300","1947"
"00901","永豐智能車供應鏈","744436","15258382","20.53","20.53","20.43","20.48","0.0500","142"
"00902","中信電池及儲能","2615297","23421451","8.87","9.00","8.87","8.98","0.1800","594"
"00903","富邦元宇宙","1258394","17369252","13.77","13.82","13.77","13.82","0.1100","103"
"00904","新光臺灣半導體30","732923","13342479","18.22","18.27","18.13","18.20","0.0500","242"
"00905","FT臺灣Smart","1985119","26556675","13.35","13.41","13.35","13.37","0.0200","862"
"00907","永豐優息存股","1755445","27879725","15.88","15.92","15.86","15.89","0.0800","1079"
"00908","富邦入息REITs+","376158","4991856","13.29","13.29","13.24","13.27","-0.0500","138"
"00909","國泰數位支付服務","415799","10971249","26.33","26.44","26.32","26.42","0.3500","342"
"00910","第一金太空衛星","410178","9178039","22.33","22.45","22.30","22.37","0.3900","45"
"00911","兆豐洲際半導體","414496","10840362","26.06","26.21","26.05","26.21","0.4700","284"
"00912","中信臺灣智慧50","173112","3319529","19.19","19.20","19.14","19.17","0.0300","103"
"00913","兆豐台灣晶圓製造","256904","5433532","21.15","21.18","21.11","21.15","0.0700","162"
"00915","凱基優選高股息30","10834517","295767564","27.20","27.36","27.20","27.29","0.1800","3813"
"00916","國泰全球品牌50","254662","5727515","22.46","22.51","22.45","22.51","0.1600","212"
"00917","中信特選金融","648256","13526838","20.83","20.90","20.82","20.90","0.0900","215"
"00918","大華優利高填息30","10853857","267451238","24.67","24.73","24.59","24.59","0.0100","3421"
"00919","群益台灣精選高息","48584528","1212240798","24.90","25.00","24.88","24.90","0.1000","16128"
"00920","富邦ESG綠色電力","183626","2749783","15.00","15.00","14.94","14.99","-0.0100","73"
"00921","兆豐龍頭等權重","467003","8808582","18.81","18.89","18.81","18.88","0.0800","427"
"00922","國泰台灣領袖50","1490128","32003696","21.45","21.52","21.43","21.46","0.0200","779"
"00923","群益台ESG低碳50","3264110","68514922","21.02","21.03","20.93","20.99","0.0500","2903"
"00924","復華S&P500成長","1068256","23827771","22.28","22.34","22.22","22.31","0.1600","410"
"00925","新光標普電動車","256000","4128200","16.00","16.14","16.00","16.12","0.1900","14"
"00926","凱基全球菁英55","172484","3901429","22.64","22.64","22.57","22.63","0.1200","72"
"00927","群益半導體收益","2590064","50111559","19.37","19.38","19.28","19.33","0.0600","1125"
"00929","復華台灣科技優息","51079076","1006122953","19.70","19.73","19.67","19.68","0.0600","15121"
"00930","永豐ESG低碳高息","1409584","27670637","19.68","19.70","19.60","19.60","0.0500","482"
"00932","兆豐永續高息等權","1526218","26044799","17.10","17.10","17.04","17.05","0.0800","755"
"00934","中信成長高股息","7554646","149504355","19.77","19.83","19.75","19.79","0.0800","2033"
"00935","野村臺灣新科技50","3006737","66598340","22.18","22.20","22.07","22.14","0.0500","1106"
"00936","台新永續高息中小","9259448","156604400","16.90","16.95","16.89","16.90","0.0400","3388"
"00939","統一台灣高息動能","15685953","230372860","14.69","14.72","14.64","14.68","0.0400","2914"
"00940","元大台灣價值高息","37068345","362580617","9.76","9.81","9.76","9.77","0.0200","9400"
"00941","中信上游半導體","2454064","35995415","14.62","14.69","14.62","14.67","0.0900","1183"
"00943","兆豐電子高息等權","521316","7758420","14.80","14.91","14.80","14.88","0.1100","182"
"00944","野村趨勢動能高息","2048027","31050657","15.14","15.18","15.13","15.15","0.1000","692"
"00945B","凱基美國非投等債","7594378","114877850","15.12","15.15","15.10","15.15","0.0300","716"
"00946","群益科技高息成長","9161598","93416289","10.20","10.22","10.17","10.19","0.0500","2446"
"00947","台新臺灣IC設計","2990215","43695656","14.67","14.70","14.54","14.54","-0.0300","740"
"00949","復華日本龍頭","5780996","89231743","15.40","15.47","15.39","15.42","0.1600","1271"
"00951","台新日本半導體","8053510","74748497","9.20","9.33","9.20","9.26","0.1400","1029"
"00953B","群益優選非投等債","19398245","193311529","9.96","9.97","9.95","9.97","0.0100","1318"
"00954","中信日本半導體","2354795","23105490","9.70","9.86","9.70","9.77","0.1200","354"
"00956","中信日經高股息","2185348","22096636","10.07","10.13","10.07","10.10","0.0600","274"
"01001T","土銀富邦R1","","","","","","","0.0000",""
"01002T","土銀國泰R1","","","","","","","0.0000",""
"01004T","土銀富邦R2","34000","415620","12.24","12.24","12.21","12.23","0.0000","13"
"01007T","兆豐國泰R2","","","","","","","0.0000",""
"01009T","王道圓滿R1","605000","4658830","7.70","7.71","7.70","7.70","0.0000","11"
"01010T","京城樂富R1","20000","201200","10.06","10.06","10.06","10.06","0.0000","4"
"020000","富邦特選蘋果N","33000","405160","12.28","12.28","12.26","12.26","0.0000","2"
"020011","統一微波高息20N","2000","20600","10.30","10.30","10.30","10.30","0.0000","1"
"020012","富邦行動通訊N","","","","","","","0.0000",""
"020015","統一MSCI美低波N","1000","18100","18.10","18.10","18.10","18.10","0.0000","1"
"020016","統一MSCI美科技N","","","","","","","0.0000",""
"020018","統一價值成長30N","","","","","","","0.0000",""
"020019","統一特選台灣5GN","","","","","","","0.0000",""
"02001L","富邦蘋果正二N","60000","1663170","27.71","27.91","27.49","27.49","-0.2000","26"
"02001R","富邦蘋果反一N","2000","2870","1.43","1.44","1.43","1.44","0.0100","2"
"02001S","策元大加權策略N","1000","7300","7.30","7.30","7.30","7.30","0.0000","1"
"020020","元大台股領航N","47000","543130","11.56","11.57","11.55","11.55","0.0200","8"
"020028","元大特選電動車N","10000","93570","9.36","9.36","9.34","9.34","0.0200","5"
"020029","元大ESG高股息N","29000","261910","9.05","9.05","8.99","9.02","0.0000","15"
"020030","統一智慧電動車N","29000","184140","6.36","6.36","6.34","6.36","0.0400","5"
"020031","統一IC設計臺灣N","7000","41630","5.99","5.99","5.93","5.93","-0.0300","2"
"020032","元大綠能N","9000","56580","6.28","6.30","6.28","6.28","0.0300","4"
"020034","元大IC設計N","8000","63400","7.93","7.95","7.89","7.89","-0.0400","6"
"020036","元大金融配息N","3000","19860","6.62","6.62","6.62","6.62","0.0000","3"
"020037","元大金融高股息N","7000","47480","6.78","6.79","6.78","6.79","0.0200","2"
"020038","元大ESG配息N","20000","155770","7.81","7.81","7.75","7.76","0.0000","9"
"020039","元大加權N","28000","190120","6.78","6.80","6.78","6.80","0.0300","13"
"1101","台泥","15269463","503281458","33.05","33.10","32.90","32.95","0.0000","4152"
"1101B","台泥乙特","","","","","","","0.0000",""
"1102","亞泥","8945857","402264202","45.00","45.10","44.45","45.10","0.2000","3063"
"1103","嘉泥","550765","10046543","18.20","18.35","18.05","18.35","0.2000","410"
"1104","環泥","551954","16980172","30.40","30.90","30.40","30.90","0.4500","478"
"1108","幸福","170620","2592212","15.20","15.25","15.15","15.20","0.0500","157"
"1109","信大","149930","2752219","18.40","18.40","18.30","18.35","0.0000","89"
"1110","東泥","248522","5672720","22.95","23.10","22.60","22.70","-0.1000","182"
"1201","味全","300560","5538993","18.50","18.50","18.40","18.45","0.0000","244"
"1203","味王","5906","314628","53.30","53.30","53.20","53.30","-0.1000","44"
"1210","大成","1323874","70326108","52.90","53.60","52.60","53.60","0.9000","1078"
"1213","大飲","7017","84657","11.95","12.30","11.90","12.25","0.3000","8"
"1215","卜蜂","233565","23112061","98.70","99.40","98.70","99.00","0.3000","345"
"1216","統一","16886753","1392720499","82.70","83.00","81.90","82.60","0.4000","4382"
"1217","愛之味","5269564","65702864","12.20","12.65","12.20","12.50","0.5500","2257"
"1218","泰山","487527","10152943","20.80","20.90","20.65","20.90","0.1000","324"
"1219","福壽","241599","4180086","17.35","17.35","17.25","17.35","0.0500","173"
"1220","台榮","1320205","22081789","16.65","17.00","16.55","16.70","-0.3000","534"
"1225","福懋油","32999","5197867","158.00","159.50","156.50","159.50","-0.5000","63"
"1227","佳格","553909","21564551","38.80","39.10","38.75","39.10","0.3500","436"
"1229","聯華","834452","52392611","62.10","63.00","62.10","63.00","0.6000","962"
"1231","聯華食","194488","21266621","109.50","110.00","108.50","110.00","2.0000","335"
"1232","大統益","66690","9805075","147.50","147.50","146.50","147.50","0.5000","344"
"1233","天仁","4031","131127","32.50","32.60","32.50","32.60","0.2000","13"
"1234","黑松","56984","2418862","42.55","42.55","42.30","42.50","0.1000","76"
"1235","興泰","11502","1410694","121.00","124.50","121.00","123.50","2.0000","539"
"1236","宏亞","27729","666743","24.05","24.10","23.95","24.10","0.0500","119"
"1256","鮮活果汁-KY","2615","414623","160.00","160.00","160.00","160.00","1.5000","69"
"1301","台塑","11016264","568805394","51.60","52.20","51.40","51.60","0.1000","3880"
"1303","南亞","31831542","1443392791","45.70","46.00","45.30","45.30","-0.3000","4504"
"1304","台聚","1604549","24056038","14.90","15.20","14.85","15.00","0.1000","853"
"1305","華夏","440625","7497434","17.05","17.15","16.95","16.95","-0.0500","316"
"1307","三芳","2173360","73074876","32.75","34.30","32.75","33.80","1.0500","1336"
"1308","亞聚","673885","12139055","17.90","18.10","17.90","18.05","0.3000","403"
"1309","台達化","1352538","24822804","18.50","18.60","18.20","18.20","-0.2000","1232"
"1310","台苯","345541","4544571","13.10","13.25","13.05","13.10","0.0000","331"
"1312","國喬","1769886","23398196","13.25","13.30","13.15","13.25","0.0500","795"
"1312A","國喬特","","","","","","","0.0000",""
"1313","聯成","1128769","13388923","11.85","11.95","11.75","11.95","0.2000","683"
"1314","中石化","37932923","367684841","9.75","9.76","9.65","9.73","-0.0200","9160"
"1315","達新","42561","3000866","70.30","71.20","70.10","71.20","0.7000","85"
"1316","上曜","12877355","261498228","20.05","20.60","19.80","20.35","0.4000","5356"
"1319","東陽","1533767","146969715","95.60","96.50","95.40","95.90","0.3000","1138"
"1321","大洋","591651","23264079","39.65","39.65","39.20","39.40","0.2000","411"
"1323","永裕","67024","1991409","29.75","29.90","29.70","29.70","0.0500","31"
"1324","地球","25452","338799","13.35","13.40","13.25","13.25","-0.0500","68"
"1325","恆大","361822","10814129","30.25","30.30","29.65","29.70","-0.5500","406"
"1326","台化","11736537","514803885","43.70","44.30","43.70","43.80","0.1000","3260"
"1337","再生-KY","88416","632239","7.13","7.18","7.13","7.13","0.0000","105"
"1338","廣華-KY","150414","4911181","32.70","33.00","32.50","32.75","-0.1000","99"
"1339","昭輝","50856","2983353","58.80","58.80","58.50","58.80","0.2000","60"
"1340","勝悅-KY","179693","1759926","9.82","9.82","9.76","9.76","-0.0500","443"
"1341","富林-KY","8023","541156","67.50","67.50","67.20","67.20","0.5000","12"
"1342","八貫","156235","14854002","94.50","95.90","94.30","95.50","1.2000","230"
"1402","遠東新","8614253","312133675","36.35","36.40","35.95","36.25","-0.1500","2278"
"1409","新纖","2320235","37552775","16.15","16.25","16.10","16.25","0.1500","1018"
"1410","南染","46000","1741700","38.00","38.15","37.50","38.05","0.1000","40"
"1413","宏洲","61073","588378","9.58","9.67","9.58","9.67","0.1500","49"
"1414","東和","411967","9061812","21.80","22.15","21.80","22.15","0.3500","274"
"1416","廣豐","689223","8971645","13.10","13.20","12.90","13.00","-0.1500","305"
"1417","嘉裕","129661","1427882","11.05","11.05","10.95","11.05","-0.0500","287"
"1418","東華","19233","653302","34.00","34.00","33.90","34.00","0.0000","29"
"1419","新紡","50076","2426189","47.85","48.90","47.85","48.60","0.6000","44"
"1423","利華","139225","6194723","44.65","44.70","44.10","44.70","0.7000","120"
"1432","大魯閣","73278","1298238","17.65","17.80","17.65","17.75","0.1000","165"
"1434","福懋","908474","19377811","21.35","21.45","21.20","21.40","-0.0500","1029"
"1435","中福","994","43752","","","","","0.0000","22"
"1436","華友聯","1059783","179745994","169.50","174.00","165.50","168.00","0.0000","876"
"1437","勤益控","122517","4397084","36.00","36.00","35.80","35.90","-0.1000","151"
"1438","三地開發","841427","71415924","83.90","86.80","83.50","83.50","1.2000","766"
"1439","雋揚","93643","3224806","34.00","34.70","34.00","34.70","0.6500","123"
"1440","南紡","970764","15929848","16.35","16.50","16.30","16.50","0.2500","562"
"1441","大東","94783","1591404","16.55","17.00","16.55","16.80","0.3000","108"
"1442","名軒","1713593","109462558","62.20","64.80","61.60","64.80","2.8000","1413"
"1443","立益物流","96216","3166589","33.10","33.30","32.70","32.80","-0.3000","86"
"1444","力麗","546957","5185050","9.47","9.51","9.45","9.48","0.0100","458"
"1445","大宇","360877","7020546","19.25","19.80","19.25","19.25","-0.1000","237"
"1446","宏和","1832440","92574020","48.90","51.70","48.50","50.90","3.1000","1291"
"1447","力鵬","1243298","11182483","9.01","9.08","8.96","8.96","-0.0500","581"
"1449","佳和","1006185","19703957","19.80","19.80","19.35","19.50","-0.2500","638"
"1451","年興","187891","3795823","20.15","20.25","20.15","20.20","0.0500","144"
"1452","宏益","71409","1218819","17.10","17.15","17.00","17.15","0.0500","74"
"1453","大將","586819","12299934","20.80","21.25","20.50","21.20","0.7000","419"
"1454","台富","307716","5790701","19.30","19.30","18.60","18.65","-0.6500","262"
"1455","集盛","849476","9747253","11.55","11.55","11.40","11.45","0.0000","344"
"1456","怡華","129609","2725053","20.75","21.50","20.70","21.40","0.7500","108"
"1457","宜進","192691","3936094","20.40","20.55","20.20","20.55","0.4500","154"
"1459","聯發","63513","663108","10.35","10.50","10.35","10.50","0.0500","47"
"1460","宏遠","203248","1484600","7.30","7.34","7.28","7.30","0.0000","82"
"1463","強盛","146869","3778475","25.60","25.85","25.60","25.70","0.1000","121"
"1464","得力","318453","4277131","13.45","13.50","13.35","13.40","-0.0500","256"
"1465","偉全","254934","3951690","15.55","15.60","15.35","15.60","0.0500","189"
"1466","聚隆","44648","551572","12.40","12.45","12.30","12.30","-0.1000","27"
"1467","南緯","111550","1183199","10.60","10.65","10.55","10.65","0.1000","213"
"1468","昶和","36000","512050","14.20","14.30","14.15","14.30","0.1500","34"
"1470","大統新創","94280","2184900","23.50","23.70","22.75","22.75","-1.1500","61"
"1471","首利","774108","11120901","14.15","14.50","14.15","14.40","0.2500","362"
"1472","三洋實業","159921","9691295","57.50","62.00","57.50","60.70","3.2000","327"
"1473","台南","520821","19351751","37.20","37.60","36.85","37.30","0.4000","333"
"1474","弘裕","374383","4721065","12.70","12.70","12.50","12.55","-0.1000","448"
"1475","業旺","106266","6445720","60.90","61.00","60.30","60.60","-0.3000","84"
"1476","儒鴻","1534767","823233069","524.00","540.00","524.00","536.00","11.0000","837"
"1477","聚陽","1515846","581502789","385.00","386.50","382.00","383.50","-1.5000","1410"
"1503","士電","1801359","398822929","225.00","226.00","219.50","220.50","-1.5000","1879"
"1504","東元","5342607","260863977","48.90","49.10","48.50","49.05","-0.1000","2773"
"1506","正道","259276","4069305","15.35","16.10","15.35","15.75","0.4000","144"
"1512","瑞利","67726","518079","7.63","7.90","7.60","7.78","0.1800","38"
"1513","中興電","5478629","940208917","173.50","174.50","170.50","171.00","-1.5000","5475"
"1514","亞力","3389462","456928340","136.50","137.50","133.00","133.00","-3.0000","3017"
"1515","力山","1200342","46023300","37.90","38.90","37.70","38.20","0.5000","784"
"1516","川飛","147918","3056494","20.85","20.95","20.50","20.55","-0.0500","137"
"1517","利奇","243095","3969721","16.25","16.40","16.25","16.30","0.0500","205"
"1519","華城","6387226","4257955710","673.00","679.00","661.00","667.00","-9.0000","6209"
"1521","大億","32002","1252501","39.00","39.40","39.00","39.40","0.7500","30"
"1522","堤維西","6654720","450181018","68.30","68.70","67.20","67.20","-0.6000","2568"
"1522A","堤維西甲特","","","","","","","0.0000",""
"1524","耿鼎","593913","18296814","30.60","30.95","30.55","30.85","0.3500","451"
"1525","江申","5000","346800","69.00","69.90","69.00","69.90","0.9000","5"
"1526","日馳","22702","675868","29.60","30.00","29.55","30.00","0.2500","46"
"1527","鑽全","1622349","76597853","47.95","48.50","46.55","46.70","-1.1500","1986"
"1528","恩德","3762721","55905325","14.70","15.30","14.45","14.50","-0.0500","1674"
"1529","樂事綠能","884373","27145790","30.80","30.95","30.45","30.50","-0.2000","585"
"1530","亞崴","1946661","70134060","33.50","36.30","33.40","36.30","3.3000","911"
"1531","高林股","280636","4102007","14.60","14.75","14.50","14.50","-0.1000","216"
"1532","勤美","1180860","46350778","39.10","39.45","38.85","39.45","0.4000","750"
"1533","車王電","83230","3433992","42.00","42.00","40.55","40.85","0.5000","139"
"1535","中宇","52584","3257382","62.00","62.00","61.80","62.00","0.0000","68"
"1536","和大","2977491","201659478","68.60","68.70","67.30","67.40","-0.8000","2524"
"1537","廣隆","243542","35041547","143.00","144.50","142.50","144.50","1.5000","202"
"1538","正峰","15288","274201","18.00","18.40","17.75","18.40","-0.0500","22"
"1539","巨庭","3831344","112390390","29.30","29.40","28.40","29.40","2.6500","1276"
"1540","喬福","21825205","953596029","45.95","46.20","41.70","41.75","-3.7500","12973"
"1541","錩泰","3014135","112192354","36.40","39.10","34.40","35.95","0.3000","2011"
"1558","伸興","255228","27669963","106.00","109.00","106.00","109.00","3.0000","292"
"1560","中砂","1385738","470491270","340.00","343.50","336.50","338.00","0.0000","1536"
"1563","巧新","198287","12729022","64.10","64.90","63.90","64.00","0.0000","185"
"1568","倉佑","316823","9093522","28.50","28.95","28.50","28.70","0.2500","381"
"1582","信錦","1049477","117028800","111.00","112.50","111.00","111.50","1.0000","1243"
"1583","程泰","506431","33996381","64.80","69.80","64.80","65.90","1.8000","463"
"1587","吉茂","475380","24095302","51.40","51.40","50.30","50.40","-0.6000","401"
"1589","永冠-KY","394586","16499056","41.20","42.30","41.20","42.30","1.2500","359"
"1590","亞德客-KY","558814","482526502","853.00","869.00","853.00","865.00","16.0000","558"
"1597","直得","5020982","526393554","104.00","107.50","102.50","104.50","0.5000","3911"
"1598","岱宇","494173","14357559","28.45","29.70","28.30","29.05","1.1000","418"
"1603","華電","580320","23380603","40.55","40.70","40.05","40.15","-0.2000","488"
"1604","聲寶","208112","5925740","28.55","28.55","28.35","28.50","0.0500","153"
"1605","華新","11545300","405214194","34.70","35.25","34.65","35.15","0.5000","3499"
"1608","華榮","1996611","66921792","33.50","33.70","33.30","33.65","0.1500","1222"
"1609","大亞","7204718","381616609","53.20","53.40","52.70","52.90","-0.1000","4552"
"1611","中電","766299","13726621","17.90","18.10","17.80","17.80","-0.0500","539"
"1612","宏泰","941161","34321902","36.30","36.60","36.20","36.45","0.3000","655"
"1614","三洋電","156784","6424923","41.00","41.20","40.60","41.15","0.2500","109"
"1615","大山","183939","11312185","61.10","61.80","61.10","61.80","0.3000","158"
"1616","億泰","419528","8538950","20.45","20.50","20.25","20.30","0.0500","308"
"1617","榮星","1239976","29727715","24.80","24.80","23.50","23.75","-0.6500","1028"
"1618","合機","1399521","69756092","49.75","50.50","49.25","49.85","0.2500","1036"
"1626","艾美特-KY","341177","5472212","16.00","16.15","15.90","16.15","0.1000","238"
"1702","南僑","322052","17834341","55.30","55.50","55.20","55.50","0.4000","316"
"1707","葡萄王","179339","25622301","142.50","143.50","141.50","143.50","1.5000","264"
"1708","東鹼","7612342","300250833","40.25","40.60","38.85","38.85","-1.5000","4799"
"1709","和益","864591","20426986","23.80","23.80","23.45","23.50","-0.1000","692"
"1710","東聯","1054754","18934000","17.90","18.00","17.90","18.00","0.0500","519"
"1711","永光","96071482","2610798016","27.60","28.10","26.05","26.30","-0.7000","39407"
"1712","興農","1283124","56563771","43.80","44.30","43.65","44.30","1.0000","942"
"1713","國化","105987","6150085","58.70","58.70","57.60","57.60","-0.7000","85"
"1714","和桐","1022753","9182525","8.98","9.02","8.95","8.96","0.0000","569"
"1717","長興","3341936","104541994","31.35","31.50","31.00","31.50","0.3500","1731"
"1718","中纖","2540414","20760662","8.20","8.22","8.13","8.17","0.0100","1040"
"1720","生達","188647","12568083","66.60","66.90","66.40","66.50","0.0000","309"
"1721","三晃","8658536","147109811","17.35","17.60","16.60","16.70","-0.6000","4224"
"1722","台肥","1115119","66770202","59.50","60.10","59.50","59.90","0.6000","691"
"1723","中碳","400255","39928878","99.60","100.50","99.40","100.00","0.7000","391"
"1725","元禎","173201","7342956","42.80","42.80","42.20","42.25","-0.1500","128"
"1726","永記","11192","878070","78.60","78.60","78.30","78.60","0.0000","56"
"1727","中華化","6992914","243746367","35.65","35.85","34.15","34.20","-1.4000","4894"
"1730","花仙子","12188","659965","54.10","54.20","54.10","54.10","0.0000","32"
"1731","美吾華","36765","859370","23.40","23.50","23.30","23.40","0.0500","47"
"1732","毛寶","358288","10318940","29.10","29.30","28.60","28.95","-0.1500","182"
"1733","五鼎","94691","2816089","29.50","29.95","29.50","29.85","0.2500","71"
"1734","杏輝","1046419","39212239","37.45","37.60","37.40","37.45","0.1500","433"
"1735","日勝化","885277","18753600","20.10","21.75","20.10","21.75","1.9500","519"
"1736","喬山","429023","52319560","122.50","123.00","119.50","123.00","1.5000","363"
"1737","臺鹽","1894961","67536123","35.15","35.85","35.15","35.40","0.4500","1501"
"1752","南光","55200","2557384","46.25","46.70","46.15","46.35","0.1500","66"
"1760","寶齡富錦","181839","17028298","92.60","94.40","92.60","93.80","-0.1000","214"
"1762","中化生","96288","4379409","45.50","45.65","45.30","45.45","-0.0500","263"
"1773","勝一","777133","127753084","163.00","166.00","161.00","165.00","4.5000","1001"
"1776","展宇","1568574","35909114","23.55","23.90","22.20","22.20","-1.5500","1110"
"1783","和康生","95074","4428774","46.60","46.90","46.50","46.55","0.0000","116"
"1786","科妍","1220073","165578169","134.00","137.50","132.50","136.50","3.5000","1138"
"1789","神隆","393032","10100940","25.40","25.80","25.40","25.75","0.2000","252"
"1795","美時","2934728","842463119","283.00","289.00","283.00","287.00","5.0000","4033"
"1802","台玻","3554352","58515138","16.30","16.70","16.30","16.50","0.2000","1381"
"1805","寶徠","483110","10714402","22.00","22.45","21.80","22.30","0.4500","251"
"1806","冠軍","818898","9710870","11.95","12.05","11.75","11.75","-0.2000","403"
"1808","潤隆","18090822","2331680436","120.00","131.00","120.00","131.00","11.5000","8510"
"1809","中釉","759293","16603977","22.25","22.25","21.65","21.65","-0.3500","521"
"1810","和成","343631","6135555","18.00","18.00","17.70","17.95","0.0000","303"
"1817","凱撒衛","93007","3804503","40.80","41.05","40.65","40.75","-0.0500","72"
"1903","士紙","222622","12966080","57.40","58.80","57.40","58.80","1.5000","208"
"1904","正隆","858571","22089885","25.60","25.90","25.60","25.90","0.3000","600"
"1905","華紙","1985373","38244070","19.05","19.40","19.00","19.40","0.4000","943"
"1906","寶隆","49105","751425","15.35","15.35","15.20","15.30","0.1000","254"
"1907","永豐餘","1089203","33646724","30.90","31.00","30.70","31.00","0.1500","742"
"1909","榮成","2399641","33411540","13.75","14.05","13.70","14.00","0.3000","652"
"2002","中鋼","34158544","761315659","22.30","22.45","22.25","22.25","-0.0500","6004"
"2002A","中鋼特","21199","906526","42.70","42.80","42.70","42.80","-0.0500","11"
"2006","東和鋼鐵","670931","52521797","78.70","79.20","78.00","78.20","-0.5000","884"
"2007","燁興","342491","3576773","10.40","10.55","10.35","10.45","0.0500","169"
"2008","高興昌","690723","26895800","37.00","39.90","37.00","39.45","2.4500","752"
"2009","第一銅","1005029","43322148","42.95","43.45","42.70","43.20","0.6000","633"
"2010","春源","321796","5872000","18.15","18.30","18.15","18.30","0.1000","243"
"2012","春雨","129635","3500630","26.90","27.20","26.80","26.95","0.1000","80"
"2013","中鋼構","35717","1951282","54.90","54.90","54.30","54.90","0.4000","67"
"2014","中鴻","3063779","59050927","19.00","19.40","19.00","19.35","0.4000","1419"
"2015","豐興","380176","31458839","82.00","82.90","82.00","82.90","0.9000","207"
"2017","官田鋼","343751","4436273","12.90","13.00","12.80","12.85","-0.0500","559"
"2020","美亞","304368","8692502","28.60","28.65","28.45","28.65","0.2500","263"
"2022","聚亨","232731","2330083","10.05","10.10","9.97","10.00","0.0300","172"
"2023","燁輝","1265592","19066207","15.00","15.15","14.95","15.15","0.1500","564"
"2024","志聯","26226","583324","22.70","22.70","22.10","22.25","-0.4500","55"
"2025","千興","1059871","12774092","12.05","12.15","11.95","11.95","-0.1500","310"
"2027","大成鋼","8433546","306741694","36.20","36.60","36.00","36.50","1.0500","3696"
"2028","威致","76550","1825983","23.95","23.95","23.80","23.85","0.0000","50"
"2029","盛餘","118181","3042776","25.75","25.80","25.65","25.80","0.1000","107"
"2030","彰源","159407","2812558","17.65","17.75","17.55","17.65","0.0000","114"
"2031","新光鋼","560559","33443408","59.80","60.10","59.40","59.60","0.0000","354"
"2032","新鋼","132218","2002998","15.15","15.20","15.10","15.15","0.0500","71"
"2033","佳大","523332","8951934","16.50","17.70","16.45","16.85","0.6500","322"
"2034","允強","849471","19972366","23.10","23.75","23.10","23.75","0.6500","502"
"2038","海光","376206","6677937","17.80","17.90","17.60","17.65","0.1500","228"
"2049","上銀","1747744","374326687","211.00","216.00","210.50","216.00","5.0000","2698"
"2059","川湖","415010","525791460","1265.00","1285.00","1255.00","1265.00","5.0000","840"
"2062","橋椿","6356646","244274587","39.50","39.65","37.70","37.90","-0.9500","3536"
"2069","運錩","354781","6432380","18.10","18.25","18.00","18.05","0.0500","226"
"2101","南港","3410782","185029684","54.70","54.80","53.80","54.00","-0.3000","2917"
"2102","泰豐","1159232","25336040","22.35","22.35","21.70","21.75","-0.6000","773"
"2103","台橡","750908","17459741","23.10","23.35","23.10","23.35","0.2000","366"
"2104","國際中橡","1130701","18488540","16.40","16.45","16.25","16.40","0.0500","598"
"2105","正新","5824934","289794590","50.50","50.50","49.65","49.65","-0.6500","2031"
"2106","建大","560318","17497166","31.20","31.45","31.05","31.45","0.3500","555"
"2107","厚生","238676","6362103","26.70","26.85","26.55","26.70","0.0000","491"
"2108","南帝","540627","21183532","39.50","39.55","38.95","39.25","-0.2000","421"
"2109","華豐","452765","8887688","19.70","19.70","19.55","19.60","-0.1500","342"
"2114","鑫永銓","11270","1109962","98.20","99.30","98.10","99.30","0.7000","15"
"2115","六暉-KY","31219","984063","31.50","31.55","31.45","31.55","0.1000","112"
"2201","裕隆","1025506","55679825","54.10","54.50","54.10","54.50","0.4000","777"
"2204","中華","5303253","417298439","80.50","80.50","77.90","78.70","-1.6000","4178"
"2206","三陽工業","981061","74385613","75.80","76.20","75.40","76.20","0.6000","852"
"2207","和泰車","926488","610188010","649.00","660.00","648.00","660.00","9.0000","486"
"2208","台船","3884220","72201372","18.70","18.80","18.45","18.60","-0.1000","2198"
"2211","長榮鋼","342106","42228920","124.00","124.00","122.00","124.00","1.0000","284"
"2227","裕日車","27862","3318147","120.00","120.00","118.50","120.00","-1.0000","131"
"2228","劍麟","2065034","220597462","101.00","110.50","100.50","109.00","8.5000","1609"
"2231","為升","279321","27986352","101.00","101.00","99.80","100.50","0.0000","231"
"2233","宇隆","2722804","431290357","148.50","159.50","148.50","159.50","14.5000","2113"
"2236","百達-KY","377031","38323967","102.50","103.00","99.60","102.00","1.0000","209"
"2239","英利-KY","44000","2087600","47.75","47.90","47.10","47.60","-0.4000","41"
"2241","艾姆勒","2239940","70382033","29.35","32.00","29.20","32.00","2.9000","1376"
"2243","宏旭-KY","2151945","50522216","24.20","24.20","23.15","23.50","-0.4000","1397"
"2247","汎德永業","80027","23857291","295.00","299.50","294.50","299.50","4.5000","151"
"2250","IKKA-KY","82265","8088136","98.60","99.00","97.90","98.20","0.3000","95"
"2254","巨鎧精密-創","153000","13429100","87.80","88.00","87.20","88.00","0.0000","32"
"2258","鴻華先進-創","187006","7867301","42.50","42.50","41.75","41.80","-0.7500","106"
"2301","光寶科","13956803","1494931889","107.00","108.00","106.50","107.00","0.5000","3618"
"2302","麗正","180683","3107799","17.10","17.30","17.10","17.25","0.1500","123"
"2303","聯電","57311419","3170122279","54.60","55.50","54.60","55.50","0.9000","12866"
"2305","全友","364710","7921450","21.70","21.95","21.55","21.55","0.0000","239"
"2308","台達電","9422809","3776008544","403.00","405.50","399.50","399.50","2.0000","4989"
"2312","金寶","29190594","699425683","24.00","24.50","23.65","23.80","0.0500","10046"
"2313","華通","65250434","5423011741","84.00","84.50","82.00","82.00","-0.7000","38441"
"2314","台揚","2787760","87418866","32.00","32.00","31.10","31.45","-0.8000","2140"
"2316","楠梓電","1940878","94861613","48.40","49.50","48.35","48.85","0.9500","1363"
"2317","鴻海","51419840","9488945613","185.00","186.00","183.50","184.50","0.0000","25928"
"2321","東訊","4618","69871","15.35","15.50","14.85","14.85","-0.9500","14"
"2323","中環","12671093","169333220","13.55","13.60","13.25","13.25","-0.2000","3624"
"2324","仁寶","18674729","620497160","33.70","33.75","33.10","33.20","-0.2000","3685"
"2327","國巨","2209076","1454904775","660.00","664.00","656.00","657.00","0.0000","2663"
"2328","廣宇","1852897","64962340","34.90","35.40","34.85","35.05","0.0000","1173"
"2329","華泰","2414186","101439750","41.90","42.35","41.55","41.95","0.4500","1540"
"2330","台積電","64427843","60866039923","944.00","952.00","941.00","944.00","1.0000","34327"
"2331","精英","3217815","85280633","26.75","26.85","26.35","26.35","-0.1500","1461"
"2332","友訊","1497423","28389369","19.00","19.15","18.80","18.90","0.0000","831"
"2337","旺宏","6590011","183229414","27.80","27.95","27.70","27.70","0.0500","2890"
"2338","光罩","2379449","153720754","63.70","65.10","63.70","64.60","1.1000","1579"
"2340","台亞","7587665","304026794","40.75","40.95","39.15","39.55","-0.4500","5036"
"2342","茂矽","326731","10445026","31.80","32.20","31.75","32.00","0.4000","346"
"2344","華邦電","42990730","1035112217","23.55","24.30","23.55","24.05","0.5000","12465"
"2345","智邦","3062253","1567662540","517.00","524.00","508.00","508.00","-6.0000","2192"
"2347","聯強","4345780","312760658","71.40","72.10","71.10","72.10","1.3000","2389"
"2348","海悅","2743637","709509935","250.00","265.50","248.00","264.00","16.0000","3024"
"2348A","海悅甲特","16361","555088","33.80","34.00","33.80","34.00","0.1000","13"
"2349","錸德","16111890","274403089","17.25","17.40","16.70","16.70","-0.4500","6809"
"2351","順德","2783646","381719699","135.50","140.00","133.50","137.50","4.0000","2119"
"2352","佳世達","4646609","166104016","35.75","35.85","35.45","35.85","0.2000","2258"
"2353","宏碁","13857656","606343477","43.75","43.95","43.55","43.75","0.2000","4118"
"2354","鴻準","5269884","361656099","68.80","69.30","68.20","68.40","-0.1000","3700"
"2355","敬鵬","3066110","131873872","42.25","43.30","42.25","43.25","1.2500","2010"
"2356","英業達","14471439","661308530","45.90","46.10","45.55","45.60","-0.2000","6952"
"2357","華碩","4109800","2227667891","547.00","556.00","537.00","537.00","-11.0000","11254"
"2359","所羅門","9518690","1524739334","163.50","164.50","158.00","158.50","-4.5000","14529"
"2360","致茂","2006614","654125921","320.50","329.00","320.00","326.50","7.0000","2251"
"2362","藍天","6084943","364087254","60.50","61.10","58.80","58.90","-1.1000","3856"
"2363","矽統","6234633","434636478","70.80","71.00","69.10","69.10","-1.3000","9416"
"2364","倫飛","3907218","419997261","108.00","114.00","100.50","100.50","-4.5000","3351"
"2365","昆盈","10900842","652463458","60.90","61.30","59.00","59.10","-1.8000","7471"
"2367","燿華","81901597","3181514157","39.00","39.70","38.25","38.40","-0.1500","43991"
"2368","金像電","2093569","444325850","214.50","215.00","210.50","211.00","-2.5000","2098"
"2369","菱生","1509688","31117005","20.50","20.85","20.35","20.50","0.1500","1117"
"2371","大同","7442789","340064830","45.65","46.00","45.40","45.80","0.3500","2729"
"2373","震旦行","15847","1094329","68.90","69.20","68.90","69.10","0.4000","49"
"2374","佳能","4488135","224270511","51.20","51.30","49.60","49.70","-0.9000","3670"
"2375","凱美","551914","38600694","69.00","70.80","68.90","69.60","1.5000","556"
"2376","技嘉","4906969","1284578069","263.00","264.00","260.50","261.00","-1.0000","4581"
"2377","微星","4945775","909136017","185.50","186.00","182.00","183.50","-1.0000","5967"
"2379","瑞昱","2121992","1138661718","537.00","543.00","535.00","535.00","-2.0000","1676"
"2380","虹光","77093","501333","6.45","6.59","6.45","6.48","0.0000","142"
"2382","廣達","21576411","5822219696","272.00","272.50","268.00","268.00","-4.0000","15346"
"2383","台光電","9836460","4516900500","442.00","466.00","442.00","465.00","25.0000","11533"
"2385","群光","2338611","379717624","164.50","164.50","161.50","162.00","-1.0000","1878"
"2387","精元","500303","29814180","59.90","60.10","59.20","59.70","0.1000","412"
"2388","威盛","10924108","1480127296","134.50","140.00","132.00","133.00","-0.5000","9087"
"2390","云辰","495993","6375048","12.70","12.95","12.70","12.90","0.2500","387"
"2392","正崴","18247336","1322867911","71.00","74.30","70.60","71.50","1.1000","11584"
"2393","億光","2246351","178057480","78.80","79.80","78.50","79.00","0.8000","1587"
"2395","研華","1855992","648450276","350.00","351.50","348.50","349.00","-1.0000","1011"
"2397","友通","4082362","340784104","84.30","85.80","81.20","82.10","-1.6000","4299"
"2399","映泰","7818126","190632858","25.05","25.05","24.00","24.10","-0.6000","4135"
"2401","凌陽","2311467","72846985","31.60","31.85","31.30","31.40","-0.0500","1406"
"2402","毅嘉","17540745","803075091","46.70","46.70","45.15","45.50","-0.5500","10105"
"2404","漢唐","553349","190146524","343.00","346.00","341.00","344.50","2.0000","689"
"2405","輔信","6604351","149601086","23.10","23.25","22.25","22.30","-0.6000","3493"
"2406","國碩","1449152","30049787","20.60","20.95","20.60","20.65","0.1500","870"
"2408","南亞科","12003454","636640571","53.80","54.10","52.60","52.70","-0.7000","4803"
"2409","友達","41953084","694228600","16.80","16.90","16.45","16.45","-0.3000","10024"
"2412","中華電","10595756","1314443194","124.00","124.50","123.50","124.00","0.5000","3445"
"2413","環科","64871","1406938","22.20","22.20","21.60","21.65","0.1000","77"
"2414","精技","49137","1777430","36.10","36.30","36.05","36.15","0.1000","71"
"2415","錩新","80356","2141258","26.80","26.80","26.45","26.45","0.0000","51"
"2417","圓剛","3215720","157703476","50.00","50.30","48.40","48.40","-0.6000","2394"
"2419","仲琦","692695","21779081","31.60","31.65","31.25","31.25","-0.3500","839"
"2420","新巨","1916170","127670117","65.30","67.20","65.20","67.00","2.8000","1485"
"2421","建準","1557102","149165577","95.60","96.20","95.20","96.20","0.8000","1300"
"2423","固緯","295189","11501995","38.60","39.40","38.60","38.80","0.2000","273"
"2424","隴華","177622","8621619","48.55","48.95","48.40","48.45","-0.1500","171"
"2425","承啟","38838272","1713504756","46.00","46.40","42.60","43.10","-0.2000","20978"
"2426","鼎元","16396397","374372362","22.10","23.65","22.05","22.65","0.2500","8523"
"2427","三商電","462768","13024465","28.15","28.25","28.05","28.15","0.1000","324"
"2428","興勤","244494","41971455","171.00","173.50","170.50","172.00","2.0000","335"
"2429","銘旺科","1664409","55781025","34.35","35.20","32.90","33.00","-1.2000","932"
"2430","燦坤","49121","1627328","33.15","33.15","33.10","33.15","0.0500","78"
"2431","聯昌","327695","4306202","12.90","13.30","12.80","13.05","0.1500","194"
"2432","倚天酷碁-創","10000","357400","35.50","36.35","35.35","36.35","1.2000","8"
"2433","互盛電","19223","977378","50.80","50.90","50.80","50.90","0.1000","21"
"2434","統懋","4951","159011","31.90","32.25","31.90","32.20","0.3000","8"
"2436","偉詮電","932709","53844080","57.00","58.10","56.90","57.70","0.9000","1241"
"2438","翔耀","263308","16386731","63.50","63.50","61.50","62.30","0.4000","256"
"2439","美律","5750766","784676553","134.00","140.00","132.50","136.50","0.0000","4034"
"2440","太空梭","202884","3135159","15.15","15.65","15.15","15.35","0.0000","128"
"2441","超豐","487934","29281629","59.60","60.30","59.60","60.10","0.2000","400"
"2442","新美齊","2751835","95574656","35.05","35.05","34.35","34.50","0.1500","1256"
"2444","兆勁","890155","12385352","13.40","14.50","13.00","14.05","0.6500","446"
"2449","京元電子","8655779","1042661401","121.00","121.50","119.50","121.00","0.5000","5686"
"2450","神腦","47796","1717758","35.90","36.05","35.80","36.05","0.3500","54"
"2451","創見","470761","48538859","104.00","104.00","102.50","103.50","0.0000","412"
"2453","凌群","413954","23306121","56.40","56.80","55.90","56.20","0.4000","370"
"2454","聯發科","5887560","7302014325","1260.00","1260.00","1225.00","1240.00","-10.0000","6638"
"2455","全新","7124630","1020249685","145.00","145.50","140.50","142.00","0.5000","5347"
"2457","飛宏","1842800","73884121","40.15","40.55","39.65","40.05","-0.1000","1282"
"2458","義隆","2106107","311501604","148.50","150.50","146.50","147.00","-1.5000","1441"
"2459","敦吉","83144","6021904","71.90","72.60","71.90","72.30","0.2000","72"
"2460","建通","415409","12105614","29.05","29.65","28.60","29.05","0.6000","373"
"2461","光群雷","816127","19241400","23.30","23.75","23.30","23.50","0.3000","398"
"2462","良得電","440472","14678929","32.90","33.60","32.85","33.25","0.3500","334"
"2464","盟立","16518600","1388388634","87.00","87.30","81.80","82.10","-4.3000","13097"
"2465","麗臺","922217","90887839","99.60","99.90","98.00","98.00","-1.1000","933"
"2466","冠西電","10078","365966","36.50","36.50","36.25","36.25","0.6500","16"
"2467","志聖","6960621","1688716915","248.00","250.00","236.50","240.00","-2.0000","6861"
"2468","華經","185460","4564134","24.40","24.90","24.40","24.40","0.0000","139"
"2471","資通","69797","3581626","51.20","51.70","50.70","51.70","0.7000","81"
"2472","立隆電","1139838","92383895","80.30","81.90","80.30","80.50","0.6000","910"
"2474","可成","1734777","408919782","237.00","237.00","234.00","236.00","-1.0000","2173"
"2476","鉅祥","5646140","611221921","110.50","111.00","107.50","107.50","-2.5000","2489"
"2477","美隆電","1709631","48388535","28.20","29.20","27.40","27.60","-0.3500","1288"
"2478","大毅","216162","11209334","51.70","52.40","51.20","51.80","0.6000","316"
"2480","敦陽科","83164","9932398","120.00","120.00","119.00","120.00","0.5000","114"
"2481","強茂","1087746","60241177","54.90","55.70","54.90","55.60","0.7000","887"
"2482","連宇","1945555","63055765","31.50","33.50","31.40","31.95","1.0500","1371"
"2483","百容","57143","1344100","23.65","23.65","23.45","23.50","0.0000","50"
"2484","希華","353557","10379473","29.00","29.55","29.00","29.25","0.2500","247"
"2485","兆赫","390641","7102567","18.25","18.40","18.05","18.05","-0.1500","424"
"2486","一詮","4873805","465898924","97.00","97.30","95.00","95.00","-1.0000","4203"
"2488","漢平","440208","21546689","49.00","49.10","48.70","48.85","0.1000","323"
"2489","瑞軒","8541089","195996724","23.10","23.20","22.70","22.70","-0.2500","4950"
"2491","吉祥全","25648","357210","13.90","14.05","13.85","13.90","-0.0500","29"
"2492","華新科","1318802","145203714","110.00","111.00","109.00","110.50","0.5000","931"
"2493","揚博","62456","5531044","88.20","88.90","88.20","88.30","0.1000","367"
"2495","普安","2399728","75953966","32.00","32.05","31.35","31.55","-0.3000","1872"
"2496","卓越","22622","1696214","75.30","75.40","74.70","75.00","0.2000","39"
"2497","怡利電","2809363","184177958","63.20","66.60","63.20","65.30","2.8000","2118"
"2498","宏達電","2371357","105869778","44.90","45.00","44.35","44.50","-0.1500","1690"
"2501","國建","3326818","94350347","28.00","28.65","27.80","28.55","0.6500","1708"
"2504","國產","6306738","345134486","54.30","55.70","53.90","54.80","0.9000","4522"
"2505","國揚","298511","8053083","27.30","27.30","26.60","27.00","0.1000","254"
"2506","太設","793322","9244589","11.65","11.80","11.50","11.65","0.1000","416"
"2509","全坤建","443060","10720891","23.90","24.45","23.65","24.10","0.4000","348"
"2511","太子","1421129","16095903","11.20","11.40","11.20","11.40","0.2000","522"
"2514","龍邦","370798","8370571","22.30","22.75","22.30","22.60","0.3000","280"
"2515","中工","10334023","138174518","13.25","13.50","13.20","13.35","0.0000","3488"
"2516","新建","497732","5869769","11.75","11.85","11.70","11.85","0.1000","150"
"2520","冠德","5580406","316963150","56.10","57.50","55.70","57.10","1.2000","3563"
"2524","京城","7697790","961268067","117.50","127.50","116.50","124.50","8.5000","5351"
"2527","宏璟","696640","27542376","38.90","40.10","38.80","39.40","0.6000","574"
"2528","皇普","1281995","57907157","43.70","45.70","43.45","45.30","1.5000","809"
"2530","華建","1254000","60065546","47.05","48.65","47.00","48.65","1.6000","754"
"2534","宏盛","1590923","43168507","26.95","27.50","26.65","27.50","0.6000","846"
"2535","達欣工","262962","14486181","54.70","55.30","54.60","55.30","0.6000","971"
"2536","宏普","790889","27819596","34.15","35.70","34.15","35.30","1.1500","422"
"2537","聯上發","18579899","410859530","21.10","22.90","20.75","22.65","1.8000","8298"
"2538","基泰","1425446","27608115","19.45","19.60","19.25","19.40","-0.0500","584"
"2539","櫻花建","488753","33974597","68.60","70.20","68.60","70.20","1.6000","469"
"2540","愛山林","4791824","930321361","182.00","199.00","182.00","199.00","18.0000","3434"
"2542","興富發","14494275","791984627","52.60","56.20","52.50","55.70","3.4000","7619"
"2543","皇昌","20140305","1562854598","77.20","79.60","76.10","76.80","0.2000","10752"
"2545","皇翔","5499105","351495894","63.20","64.90","62.50","63.90","2.4000","3080"
"2546","根基","82002","6589970","80.00","80.70","79.70","80.50","0.8000","138"
"2547","日勝生","1741922","18624864","10.65","10.80","10.55","10.75","0.1500","653"
"2548","華固","1717709","253376651","145.00","149.50","143.50","148.50","4.5000","1671"
"2597","潤弘","364386","55712802","150.00","154.00","150.00","154.00","4.5000","863"
"2601","益航","1139544","8414901","7.37","7.45","7.35","7.38","0.0300","477"
"2603","長榮","18081233","3380211230","185.50","188.00","184.50","188.00","3.5000","11589"
"2605","新興","6032487","167864620","27.50","28.20","27.50","27.80","0.6000","3092"
"2606","裕民","4909107","268173989","54.50","55.20","54.10","54.70","0.8000","3059"
"2607","榮運","1039358","32468630","31.10","31.30","31.10","31.30","0.2500","556"
"2608","嘉里大榮","167646","6618702","39.25","39.60","39.25","39.60","0.3500","223"
"2609","陽明","31562837","2019818329","63.40","64.50","63.20","64.50","1.6000","14940"
"2610","華航","29048019","600364608","20.75","20.95","20.60","20.60","-0.0500","5649"
"2611","志信","321384","7841236","24.50","24.50","24.30","24.35","0.1000","269"
"2612","中航","225384","9735267","43.00","43.45","43.00","43.15","0.5500","210"
"2613","中櫃","473467","15059729","31.60","32.15","31.50","31.50","0.0500","341"
"2614","東森","455965","9488934","21.00","21.00","20.70","20.70","-0.1000","724"
"2615","萬海","38005260","3102841585","80.00","82.90","80.00","82.90","3.7000","20964"
"2616","山隆","204414","4435899","21.50","22.00","21.50","21.85","0.5000","253"
"2617","台航","657261","21107505","31.90","32.25","31.85","32.10","0.3000","445"
"2618","長榮航","35344395","1254451795","35.70","35.90","35.30","35.35","-0.2500","13566"
"2630","亞航","570301","19730699","34.70","35.00","34.30","34.30","-0.5000","856"
"2633","台灣高鐵","9853155","293629384","29.40","29.90","29.40","29.90","0.5000","1813"
"2634","漢翔","1381091","68776657","50.30","50.30","49.60","49.60","-0.3000","1159"
"2636","台驊投控","416037","37193879","89.00","89.70","88.60","89.60","1.0000","444"
"2637","慧洋-KY","1883374","127354029","67.70","68.50","67.20","67.20","0.0000","1290"
"2642","宅配通","49756","1730031","34.75","34.80","34.70","34.80","0.0500","162"
"2645","長榮航太","245815","24421689","98.80","99.80","98.80","99.80","1.0000","272"
"2701","萬企","82076","1066556","13.00","13.00","12.95","13.00","0.0000","69"
"2702","華園","48161","859776","17.95","17.95","17.80","17.80","0.0000","116"
"2704","國賓","181560","11043058","60.70","61.10","60.60","61.00","0.3000","167"
"2705","六福","125493","2278685","18.05","18.30","18.05","18.20","0.1500","298"
"2706","第一店","101763","1547249","15.25","15.25","15.05","15.25","0.0500","107"
"2707","晶華","171891","35114309","205.50","205.50","203.50","205.50","0.5000","214"
"2712","遠雄來","1078","30343","28.15","28.15","28.15","28.15","0.0000","6"
"2722","夏都","62699","2639220","41.55","42.45","41.55","42.25","0.7000","58"
"2723","美食-KY","187951","15439212","81.70","82.70","81.60","82.70","1.0000","161"
"2727","王品","413767","91772904","222.00","223.00","219.50","223.00","1.0000","2959"
"2731","雄獅","366680","50250800","137.00","138.00","136.50","136.50","0.0000","404"
"2739","寒舍","413334","23809502","57.90","58.20","57.20","57.30","-0.4000","331"
"2748","雲品","70270","4124601","58.50","59.00","58.50","59.00","0.7000","181"
"2753","八方雲集","45310","6869642","152.00","152.50","151.00","151.00","0.0000","138"
"2762","世界健身-KY","381824","33432076","88.10","88.40","86.30","88.20","0.5000","772"
"2801","彰銀","47289575","836129864","17.90","17.90","17.65","17.65","-0.1500","4510"
"2809","京城銀","1429623","76694485","54.10","54.20","53.30","53.70","-0.2000","922"
"2812","台中銀","5108919","91702010","17.85","18.05","17.80","18.05","0.2500","2185"
"2816","旺旺保","293429","10080534","34.15","34.50","34.15","34.35","0.2500","206"
"2820","華票","621003","9329815","15.00","15.05","14.95","15.05","0.1000","363"
"2832","台產","446812","13306490","30.05","30.05","29.60","29.75","-0.3000","305"
"2834","臺企銀","17970140","283869183","15.85","15.90","15.75","15.80","0.0000","4423"
"2836","高雄銀","3679697","44165553","11.95","12.05","11.95","12.00","0.0500","837"
"2836A","高雄銀甲特","8149","171329","21.10","21.10","21.00","21.00","0.0000","13"
"2838","聯邦銀","1116366","17159904","15.25","15.45","15.25","15.45","0.2000","410"
"2838A","聯邦銀甲特","81000","4235500","52.40","52.40","52.20","52.30","-0.1000","30"
"2845","遠東銀","9687907","137485373","14.30","14.35","14.15","14.15","-0.1000","2808"
"2849","安泰銀","104467","1569116","14.90","15.15","14.85","15.10","0.2500","63"
"2850","新產","435014","41044834","94.20","95.20","93.30","95.20","1.4000","687"
"2851","中再保","4904042","134568623","27.00","27.75","27.00","27.70","0.7000","1812"
"2852","第一保","891602","21350290","23.80","24.10","23.80","24.00","0.1000","453"
"2855","統一證","1147233","30172565","26.25","26.45","26.15","26.45","0.3500","675"
"2867","三商壽","12340500","98092628","7.96","8.01","7.90","7.99","0.0300","2682"
"2880","華南金","24109568","612957313","25.40","25.50","25.20","25.50","0.2000","6978"
"2881","富邦金","27892973","2565887293","91.60","92.50","91.60","91.90","0.6000","10109"
"2881A","富邦特","20089","1243090","61.80","61.90","61.80","61.90","0.0000","8"
"2881B","富邦金乙特","193481","11342277","58.60","58.80","58.40","58.70","0.1000","37"
"2881C","富邦金丙特","8892","455079","51.20","51.20","51.10","51.10","0.0000","44"
"2882","國泰金","30201474","1914565694","63.40","63.70","63.00","63.50","0.4000","7496"
"2882A","國泰特","320260","19311551","60.30","60.30","60.20","60.30","0.0000","44"
"2882B","國泰金乙特","93056","5291988","56.90","57.00","56.80","56.90","0.0000","20"
"2883","開發金","42287841","678870954","16.05","16.10","15.90","16.10","0.1000","5032"
"2883B","開發金乙特","1273522","9406133","7.39","7.40","7.37","7.40","0.0000","227"
"2884","玉山金","35491763","998565694","28.00","28.20","27.95","28.20","0.2500","9236"
"2885","元大金","23422718","745770864","31.55","31.90","31.45","31.90","0.3500","3055"
"2886","兆豐金","32301527","1256720318","38.95","39.20","38.75","38.95","0.0500","8150"
"2887","台新金","33091745","611790209","18.50","18.60","18.40","18.50","0.1000","9002"
"2887E","台新戊特","741441","37943629","51.30","51.30","51.00","51.00","-0.2000","95"
"2887F","台新戊特二","1001","45895","45.85","45.85","45.85","45.85","0.0000","2"
"2887Z1","台新己特","64224","1043650","16.25","16.30","16.20","16.20","-0.0500","18"
"2888","新光金","149912439","1936407621","12.95","13.00","12.90","12.90","-0.1000","16901"
"2888A","新光金甲特","243126","9189962","37.90","37.90","37.70","37.85","-0.0500","82"
"2888B","新光金乙特","161138","6160983","38.25","38.30","38.20","38.25","0.0000","73"
"2889","國票金","5919731","92635838","15.60","15.75","15.50","15.75","0.1500","1895"
"2890","永豐金","21026482","504447137","23.90","24.10","23.75","24.00","0.2500","7596"
"2891","中信金","277532382","9063666777","32.60","32.85","32.60","32.65","0.0500","29311"
"2891B","中信金乙特","3076","185463","60.30","60.30","60.30","60.30","0.0000","6"
"2891C","中信金丙特","1210","69388","57.40","57.40","57.40","57.40","0.3000","10"
"2892","第一金","20959799","570440917","27.10","27.25","27.05","27.25","0.2000","3852"
"2897","王道銀行","2544899","26126792","10.25","10.30","10.20","10.30","0.1000","568"
"2897A","王道銀甲特","44474","453629","10.20","10.20","10.20","10.20","0.0000","28"
"2901","欣欣","37806","1053831","27.90","28.10","27.80","28.00","0.0000","53"
"2903","遠百","2970685","84135751","28.55","28.60","28.20","28.25","-0.2000","1045"
"2904","匯僑","39719","737338","18.55","18.60","18.50","18.60","0.1000","39"
"2905","三商","3435217","70128613","20.70","20.80","20.15","20.40","-0.3500","1994"
"2906","高林","230296","4622286","20.25","20.30","19.95","20.00","-0.2000","211"
"2908","特力","331459","6916012","20.85","20.95","20.80","20.95","0.1000","97"
"2910","統領","16108","465761","28.80","29.00","28.80","28.90","0.1000","16"
"2912","統一超","2659001","749828202","286.50","287.00","281.50","281.50","-5.0000","16136"
"2913","農林","2113428","44563617","21.05","21.20","20.95","21.20","0.2500","887"
"2915","潤泰全","5098589","413334034","80.10","82.20","79.80","81.30","1.4000","3304"
"2923","鼎固-KY","98589","3431029","33.35","35.60","33.35","35.30","1.3500","109"
"2929","淘帝-KY","151377","1340293","8.74","8.88","8.74","8.87","0.1600","121"
"2939","永邑-KY","28094","764273","27.00","27.65","27.00","27.45","0.2000","42"
"2945","三商家購","8482","362896","42.75","43.00","42.70","43.00","0.1500","12"
"3002","歐格","47835","700234","14.65","14.70","14.60","14.60","0.0500","38"
"3003","健和興","2600868","235480075","91.00","92.00","89.40","89.40","-1.0000","2786"
"3004","豐達科","58230","5759415","99.40","99.40","98.50","99.30","0.7000","64"
"3005","神基","1358642","153830586","113.50","114.50","112.00","113.00","-0.5000","1521"
"3006","晶豪科","1620617","129136597","79.40","80.50","79.10","79.40","0.3000","1180"
"3008","大立光","1534647","4851455585","3215.00","3230.00","3120.00","3120.00","-80.0000","4843"
"3010","華立","2788553","382696924","138.00","139.50","135.00","136.00","1.5000","2702"
"3011","今皓","836829","25226481","30.40","30.80","29.60","29.65","-0.6500","538"
"3013","晟銘電","16324237","1893016854","121.50","121.50","113.50","114.00","-4.0000","10610"
"3014","聯陽","903720","132030996","145.50","148.00","145.00","145.00","0.5000","767"
"3015","全漢","10670152","695558186","63.60","66.50","63.50","64.20","3.7000","7148"
"3016","嘉晶","503957","30673887","61.50","61.50","60.40","60.80","-0.4000","548"
"3017","奇鋐","6375199","3845714283","602.00","606.00","597.00","606.00","8.0000","5120"
"3018","隆銘綠能","100282","2695135","26.20","27.50","26.20","26.95","0.7500","131"
"3019","亞光","23753055","2940097525","126.50","127.00","121.50","122.00","-6.0000","20546"
"3021","鴻名","202713","4971008","24.10","24.80","24.10","24.65","0.3500","166"
"3022","威強電","785483","62960114","80.10","80.90","79.80","79.80","-0.3000","585"
"3023","信邦","437635","128782475","292.50","297.00","290.50","297.00","7.0000","671"
"3024","憶聲","2239838","47768797","20.85","21.55","20.85","21.25","0.5000","1145"
"3025","星通","541689","34207375","63.90","64.40","62.60","62.60","-0.4000","519"
"3026","禾伸堂","145690","13261903","90.90","91.20","90.80","91.20","0.3000","174"
"3027","盛達","389780","14276866","36.50","36.85","36.25","36.60","0.5500","368"
"3028","增你強","379540","12114058","31.70","32.10","31.70","31.90","0.2500","340"
"3029","零壹","608968","56642533","92.00","93.80","92.00","92.50","0.7000","556"
"3030","德律","1174951","187600576","163.50","163.50","157.50","159.50","-3.0000","1095"
"3031","佰鴻","2147408","45645024","20.55","21.90","20.40","20.85","0.6000","1257"
"3032","偉訓","1789847","130909056","73.70","74.20","72.30","72.90","-0.8000","1584"
"3033","威健","2499491","87412060","35.25","35.40","34.70","34.75","-0.4000","1636"
"3034","聯詠","2993495","1624805420","550.00","554.00","540.00","540.00","-11.0000","3292"
"3035","智原","2856819","862650224","300.00","304.00","299.50","304.00","1.5000","5759"
"3036","文曄","4420933","524419107","118.50","121.00","117.50","118.00","0.0000","2764"
"3036A","文曄甲特","39207","1830045","46.70","46.75","46.50","46.75","0.0500","20"
"3037","欣興","28757772","4777297903","167.00","170.50","162.50","163.50","-1.0000","19191"
"3038","全台","423970","11827759","27.70","28.10","27.70","27.90","0.3000","279"
"3040","遠見","474345","18480421","39.90","39.90","38.00","39.15","-0.4000","688"
"3041","揚智","850903","17073624","19.80","20.40","19.80","20.25","0.5000","624"
"3042","晶技","3962722","457296605","113.50","117.50","113.50","115.00","2.5000","2919"
"3043","科風","960069","31765781","30.75","33.75","30.70","33.75","3.0500","750"
"3044","健鼎","1604528","333075005","208.00","209.00","206.50","206.50","-0.5000","1186"
"3045","台灣大","6476329","724294090","111.50","112.00","111.00","112.00","1.0000","1671"
"3046","建碁","315590","20661726","65.60","65.90","65.00","65.50","0.1000","323"
"3047","訊舟","10938497","452887099","42.00","42.15","41.05","41.05","-0.8000","6409"
"3048","益登","3616026","160874501","45.50","45.75","44.00","44.00","-1.2000","2744"
"3049","精金","3092504","28782449","9.48","9.54","9.22","9.22","-0.2500","1519"
"3050","鈺德","1785670","38840574","22.10","22.20","21.40","21.40","-0.6000","1034"
"3051","力特","1480454","44512777","29.05","30.50","29.00","30.30","1.4000","1044"
"3052","夆典","341222","4250857","12.40","12.50","12.35","12.45","0.0500","231"
"3054","立萬利","157038","3530748","22.50","22.95","22.20","22.95","-0.4000","134"
"3055","蔚華科","1442020","107325855","75.70","76.50","73.00","73.20","-1.5000","1278"
"3056","富華新","2093890","78382220","36.70","37.70","36.55","37.60","0.9000","1391"
"3057","喬鼎","187159","2468483","13.20","13.40","13.00","13.00","-0.1500","308"
"3058","立德","492146","8253811","16.90","16.90","16.60","16.70","-0.1500","362"
"3059","華晶科","3138880","121187473","38.20","39.00","38.15","38.15","0.0500","1829"
"3060","銘異","1289322","35151971","26.80","27.75","26.80","27.35","0.7000","909"
"3062","建漢","35186825","1222087948","34.95","35.40","34.10","34.70","-0.2500","20002"
"3090","日電貿","342475","21546311","62.50","63.30","62.50","62.60","0.1000","343"
"3092","鴻碩","667633","19768922","27.45","30.10","27.45","30.10","2.7000","424"
"3094","聯傑","1191958","38729137","31.50","33.30","31.40","32.55","1.2500","1009"
"3130","一零四","16116","3710397","232.00","232.00","229.00","231.50","1.5000","78"
"3138","耀登","136791","16985413","122.50","125.50","122.50","123.00","0.5000","143"
"3149","正達","11763436","384038533","30.60","33.05","30.50","33.05","3.0000","4794"
"3150","鈺寶-創","46001","1902640","42.20","42.20","40.15","41.50","0.0500","23"
"3164","景岳","46917","1104619","23.60","23.70","23.40","23.70","0.0500","154"
"3167","大量","6820865","616832011","94.10","94.90","88.00","88.10","-4.9000","5233"
"3168","眾福科","30656","1798099","58.80","59.00","58.40","58.50","-0.3000","41"
"3189","景碩","29315907","3515532442","120.50","124.00","117.00","118.50","0.0000","18915"
"3209","全科","390342","14072935","36.10","36.30","35.85","35.95","-0.1500","587"
"3229","晟鈦","247052","6452778","26.80","26.80","25.15","25.45","-1.3500","271"
"3231","緯創","20758490","2109656217","102.00","102.50","101.00","101.50","0.0000","6210"
"3257","虹冠電","89509","4798937","53.10","54.00","53.10","53.40","0.3000","115"
"3266","昇陽","336644","7938337","22.95","23.90","22.95","23.85","0.8000","216"
"3296","勝德","989357","25738374","26.80","26.80","25.40","26.25","-0.3500","666"
"3305","昇貿","903582","60911673","66.60","68.00","66.60","67.00","0.6000","737"
"3308","聯德","130854","3307166","25.40","25.55","25.10","25.30","-0.1000","368"
"3311","閎暉","46321","1800409","39.30","39.40","38.45","38.85","0.1000","82"
"3312","弘憶股","5533731","489248466","89.90","90.50","87.10","87.20","-2.3000","4762"
"3321","同泰","505239","10065644","20.05","20.15","19.70","19.80","0.0500","273"
"3338","泰碩","675992","50572784","75.60","75.70","74.10","74.10","-1.0000","822"
"3346","麗清","431665","17273729","40.10","40.35","39.75","39.80","0.0000","339"
"3356","奇偶","2960993","205823255","67.30","71.10","67.20","70.60","3.7000","2506"
"3376","新日興","9725420","2203188518","223.00","231.50","222.50","226.00","3.5000","18389"
"3380","明泰","1548150","54403504","35.35","35.60","34.90","35.15","-0.1500","1466"
"3406","玉晶光","4390504","2504283913","585.00","585.00","559.00","565.00","-13.0000","6647"
"3413","京鼎","1840059","646498426","354.00","355.50","347.50","351.00","-4.0000","2006"
"3416","融程電","39182","5405842","139.00","139.00","137.50","138.00","-0.5000","57"
"3419","譁裕","462583","7995630","17.10","17.50","17.10","17.30","0.2000","284"
"3432","台端","28215","704085","24.85","25.10","24.85","25.00","0.1500","20"
"3437","榮創","13887223","390578008","26.55","29.00","26.20","28.10","1.6000","7618"
"3443","創意","1151599","1284776195","1115.00","1125.00","1110.00","1115.00","10.0000","1866"
"3447","展達","260416","10530899","41.00","41.00","39.95","40.55","-0.2500","225"
"3450","聯鈞","50246053","8736585395","172.50","179.00","168.50","173.50","1.5000","37256"
"3454","晶睿","576738","70644345","117.50","124.00","117.50","124.00","6.5000","756"
"3481","群創","129090246","2043436699","16.10","16.25","15.65","15.80","-0.2500","29672"
"3494","誠研","97503","682008","7.19","7.19","6.98","6.99","0.0300","44"
"3501","維熹","292795","20861041","71.40","71.90","70.80","71.00","-0.4000","386"
"3504","揚明光","162381","9587209","59.80","59.80","58.50","58.60","-0.6000","258"
"3515","華擎","347608","71967222","207.00","208.50","205.50","207.50","1.0000","571"
"3518","柏騰","8083301","325863792","38.75","41.20","38.75","40.00","1.3500","4933"
"3528","安馳","212469","11561481","54.70","55.40","53.90","54.20","-0.6000","187"
"3530","晶相光","148815","13667479","91.00","92.60","91.00","91.10","-0.2000","143"
"3532","台勝科","526047","77790179","146.00","149.00","146.00","148.50","3.5000","487"
"3533","嘉澤","826311","1268116750","1485.00","1560.00","1485.00","1530.00","45.0000","1698"
"3535","晶彩科","11453013","850674488","77.90","78.10","71.90","72.40","-4.6000","8377"
"3543","州巧","278010","6413020","23.00","23.30","22.85","23.10","0.2000","169"
"3545","敦泰","723952","59023183","82.40","82.40","80.90","81.20","-0.4000","963"
"3550","聯穎","5123036","125648429","24.95","25.00","24.00","24.65","-0.3500","3052"
"3557","嘉威","128726","9439328","73.40","73.70","73.00","73.10","0.0000","142"
"3563","牧德","530403","193151634","358.00","371.50","354.00","359.00","6.5000","777"
"3576","聯合再生","5836057","70725973","12.05","12.30","12.00","12.00","-0.0500","2044"
"3583","辛耘","3540548","1536239986","439.00","443.00","427.00","431.50","-3.5000","4139"
"3588","通嘉","252081","18393781","72.00","74.00","72.00","72.50","0.7000","275"
"3591","艾笛森","1137183","30023464","26.85","26.85","26.20","26.20","-0.4000","824"
"3592","瑞鼎","489926","175841957","357.00","363.50","355.50","355.50","0.5000","588"
"3593","力銘","290711","4545183","15.60","16.00","15.50","15.60","0.0000","198"
"3596","智易","347015","50674762","146.50","147.00","145.00","146.50","0.0000","428"
"3605","宏致","6139437","337303955","57.10","57.20","52.90","52.90","-3.8000","5714"
"3607","谷崧","741160","15354921","21.00","21.05","20.50","20.50","-0.3000","518"
"3617","碩天","589347","167307288","282.50","287.00","281.00","284.00","1.5000","2820"
"3622","洋華","1639818","100385783","60.20","63.70","59.30","62.00","2.9000","1251"
"3645","達邁","17538265","1052465090","60.80","64.40","57.10","58.90","-0.1000","11363"
"3652","精聯","1053910","50504752","48.60","48.85","47.40","47.75","-0.3500","903"
"3653","健策","915681","1230324230","1315.00","1365.00","1300.00","1355.00","55.0000","1308"
"3661","世芯-KY","1486996","3980454440","2720.00","2730.00","2645.00","2650.00","-60.0000","4623"
"3665","貿聯-KY","3577018","1599955904","443.00","455.50","437.50","455.50","14.0000","3103"
"3669","圓展","313853","15410391","49.80","50.20","48.50","48.60","-0.2500","357"
"3673","TPK-KY","12726394","570408793","44.10","45.25","43.90","45.20","1.1000","7243"
"3679","新至陞","40719","5408028","131.50","133.00","131.50","133.00","1.5000","54"
"3686","達能","697780","19573936","27.90","28.50","27.75","27.75","-0.1000","567"
"3694","海華","436168","19424167","45.10","45.55","43.95","43.95","-0.8500","656"
"3701","大眾控","1056300","43154650","40.00","41.15","40.00","40.95","1.4000","516"
"3702","大聯大","8042949","654427261","81.00","82.60","80.80","81.20","0.7000","3768"
"3702A","大聯大甲特","174000","8505500","48.90","48.95","48.75","48.90","0.0000","60"
"3703","欣陸","1043179","36032049","34.20","34.70","34.20","34.70","0.5000","715"
"3704","合勤控","903499","33975843","37.40","37.90","37.00","37.90","0.7000","763"
"3705","永信","494900","28369386","57.40","57.70","57.00","57.60","0.0000","557"
"3706","神達","2905030","130288627","45.15","45.20","44.65","44.90","0.0500","2841"
"3708","上緯投控","1342321","152262365","111.50","115.00","111.00","112.50","1.5000","1004"
"3711","日月光投控","13091557","2007498143","152.50","155.00","152.00","153.50","1.5000","6507"
"3712","永崴投控","1582032","87848670","55.40","56.50","55.00","55.30","0.1000","1211"
"3714","富采","3591505","149960867","40.50","42.10","40.50","42.10","1.6500","2455"
"3715","定穎投控","7123267","466374522","66.00","66.10","64.90","65.40","-0.2000","6069"
"4104","佳醫","58068","5135444","88.00","88.90","88.00","88.60","0.6000","180"
"4106","雃博","62150","1618942","26.10","26.10","25.90","26.05","0.0000","244"
"4108","懷特","85459","1575602","18.40","18.50","18.40","18.40","-0.0500","167"
"4119","旭富","113623","10050244","89.10","89.10","88.00","88.40","-0.1000","168"
"4133","亞諾法","83914","2627529","31.25","31.50","31.15","31.30","0.0000","119"
"4137","麗豐-KY","188588","25937936","137.50","138.50","137.00","138.50","1.0000","221"
"4142","國光生","581373","16824434","28.90","29.05","28.75","29.05","0.3500","384"
"4148","全宇生技-KY","21000","957950","45.55","45.85","45.30","45.30","-0.1500","19"
"4155","訊映","463980","11797679","25.50","25.80","25.25","25.35","-0.2000","486"
"4164","承業醫","282648","12765120","44.35","45.55","44.35","45.45","1.1000","240"
"4190","佐登-KY","31690","1557572","49.20","49.20","49.00","49.20","0.2000","246"
"4306","炎洲","18048240","379144269","19.60","21.45","19.60","20.95","1.4500","6378"
"4414","如興","447065","1517736","3.48","3.48","3.37","3.39","-0.0200","76"
"4426","利勤","82094","1134432","13.85","13.90","13.80","13.85","0.0500","83"
"4438","廣越","21364","2306511","108.50","108.50","107.50","108.00","-0.5000","39"
"4439","冠星-KY","5000","484000","97.00","97.50","96.50","96.50","-0.4000","5"
"4440","宜新實業","42626","1115584","25.90","26.30","25.90","26.20","0.3000","41"
"4526","東台","135875418","5367580688","39.95","40.80","38.05","39.35","0.7500","63491"
"4532","瑞智","1084822","27516864","25.50","25.50","25.25","25.25","-0.0500","702"
"4536","拓凱","1548039","348232756","216.00","232.50","216.00","226.00","11.0000","2535"
"4540","全球傳動","4293462","196897652","46.90","47.80","44.75","44.90","-1.8000","4038"
"4545","銘鈺","1694262","94880223","52.90","57.40","52.90","55.50","2.3000","1414"
"4551","智伸科","997348","123727421","118.00","126.00","118.00","125.00","7.5000","1416"
"4552","力達-KY","194311","5111752","26.20","26.40","26.15","26.35","0.1000","114"
"4555","氣立","2647570","129731129","49.85","50.80","48.00","48.05","-2.2500","2208"
"4557","永新-KY","89011","10017812","111.00","114.00","111.00","113.00","2.0000","94"
"4560","強信-KY","131004","4453236","34.10","34.10","33.85","34.00","0.0000","54"
"4562","穎漢","8347918","612410190","75.00","76.60","71.40","71.80","-2.5000","5803"
"4564","元翎","3133204","83996658","27.50","27.80","26.30","26.40","-0.7000","2058"
"4566","時碩工業","7190889","697772389","99.40","99.70","95.00","95.70","-3.0000","5806"
"4569","六方科-KY","126490","14293370","113.00","113.00","113.00","113.00","10.0000","78"
"4571","鈞興-KY","1278827","176175919","131.00","143.50","131.00","142.00","11.5000","1166"
"4572","駐龍","195624","31575466","164.00","164.00","160.00","161.00","-2.5000","201"
"4576","大銀微系統","3089039","291096472","95.00","96.50","92.10","95.90","1.4000","2784"
"4581","光隆精密-KY","32177","1803284","56.00","56.90","55.80","56.30","1.3000","36"
"4583","台灣精銳","2849000","1496535303","511.00","548.00","502.00","548.00","49.0000","3413"
"4588","玖鼎電力","55889","5162964","92.10","92.70","92.10","92.70","0.7000","100"
"4720","德淵","4180380","95087815","22.65","23.30","22.20","22.20","-0.0500","2142"
"4722","國精化","87952","3913026","44.55","45.30","44.05","44.35","-0.2000","120"
"4736","泰博","158744","26390162","166.00","166.50","165.50","166.50","1.0000","328"
"4737","華廣","15005","984033","65.40","66.00","65.40","65.50","0.1000","19"
"4739","康普","335766","21111736","61.80","63.60","61.60","63.00","1.7000","612"
"4746","台耀","1155238","111432517","95.00","97.20","94.50","96.80","2.3000","1157"
"4755","三福化","443530","57681792","129.50","131.50","128.00","131.50","2.5000","461"
"4763","材料-KY","1842967","1699257526","931.00","934.00","914.00","921.00","-1.0000","5037"
"4764","雙鍵","16061","707432","43.85","44.30","43.85","44.25","0.1000","24"
"4766","南寶","490526","145930998","297.00","300.00","295.50","296.00","3.0000","526"
"4770","上品","51918","19740088","382.50","382.50","375.50","381.50","4.5000","133"
"4771","望隼","154045","36200296","231.00","237.50","229.00","235.00","6.0000","468"
"4807","日成-KY","105017","2168730","21.40","21.40","20.45","20.45","-0.1000","119"
"4904","遠傳","5277449","477038253","90.60","91.00","89.80","90.50","0.5000","2055"
"4906","正文","13536701","580366914","43.35","43.35","42.30","42.30","-0.7500","7757"
"4912","聯德控股-KY","344498","37137280","105.50","108.50","105.50","107.50","3.0000","256"
"4915","致伸","2230600","200657558","91.00","91.10","89.70","89.70","-1.1000","1710"
"4916","事欣科","502422","13811312","27.50","27.65","27.30","27.60","0.2000","326"
"4919","新唐","1491916","132517148","88.30","89.40","88.20","89.10","1.3000","1262"
"4927","泰鼎-KY","3490309","208846556","58.50","60.70","58.30","59.70","1.3000","2499"
"4930","燦星網","29043","936011","32.10","32.30","32.10","32.30","0.2000","62"
"4934","太極","382783","7728300","20.05","20.50","19.90","20.05","0.0000","278"
"4935","茂林-KY","89547","5326320","59.40","60.10","58.80","60.00","1.1000","133"
"4938","和碩","8077695","829222477","103.00","104.00","102.00","102.50","-0.5000","2624"
"4942","嘉彰","110387","4823019","43.75","43.80","43.60","43.70","0.1000","114"
"4943","康控-KY","56056","1082981","19.20","19.90","19.05","19.75","0.1500","47"
"4949","有成精密","69527","1716002","24.55","24.90","24.55","24.90","0.0500","83"
"4952","凌通","174947","9826031","56.00","56.50","55.80","55.80","0.2000","165"
"4956","光鋐","9555009","275978195","26.90","29.40","26.80","28.60","1.8500","4557"
"4958","臻鼎-KY","11307703","1542475258","139.00","139.50","134.50","135.50","-2.0000","12528"
"4960","誠美材","5082533","71732118","14.00","14.30","13.95","13.95","0.1500","1984"
"4961","天鈺","595957","158900268","269.00","269.00","264.00","267.50","1.0000","5894"
"4967","十銓","3040994","380811930","128.00","128.50","123.50","123.50","-3.5000","2669"
"4968","立積","3815978","702666161","180.50","187.50","179.50","184.00","5.0000","3399"
"4976","佳凌","2072945","101761015","49.00","50.00","48.00","48.00","-0.7000","1602"
"4977","眾達-KY","853544","63987326","76.00","76.30","74.00","74.80","-0.9000","1031"
"4989","榮科","591326","12309088","20.20","21.40","20.15","20.75","0.8000","544"
"4994","傳奇","25086","2792781","111.50","112.50","111.00","111.50","1.0000","36"
"4999","鑫禾","50977","1725745","33.80","34.00","33.70","34.00","0.2500","107"
"5007","三星","148002","8404713","56.70","57.20","56.50","57.10","0.3000","99"
"5203","訊連","83893","8202911","98.10","98.10","97.40","97.90","0.7000","82"
"5215","科嘉-KY","482695","25795515","52.80","55.00","52.00","52.90","0.6000","462"
"5222","全訊","110397","16566459","151.00","151.00","149.50","150.00","0.5000","174"
"5225","東科-KY","5764263","879994152","156.00","157.50","149.00","150.50","-8.0000","4192"
"5234","達興材料","4889006","848499405","171.00","179.00","167.50","176.00","5.5000","10544"
"5243","乙盛-KY","772806","46864722","60.60","60.80","60.50","60.70","0.3000","652"
"5244","弘凱","17005","729015","42.85","43.00","42.75","42.75","-0.0500","17"
"5258","虹堡","905941","116750339","128.50","130.00","127.00","129.50","1.5000","608"
"5269","祥碩","1077288","1917989555","1755.00","1825.00","1730.00","1770.00","20.0000","1720"
"5283","禾聯碩","88122","9171833","104.00","104.50","103.50","104.00","0.0000","165"
"5284","jpp-KY","125053","14634453","117.50","119.00","115.50","116.00","-1.5000","136"
"5285","界霖","41586","2717068","65.90","65.90","64.80","65.30","0.2000","104"
"5288","豐祥-KY","24469","4936544","202.00","203.00","201.00","201.50","0.0000","31"
"5292","華懋","99453","15133104","155.00","156.50","150.00","150.50","-3.0000","509"
"5306","桂盟","205721","31873899","156.50","157.00","153.50","155.50","0.0000","451"
"5388","中磊","1419858","157433981","109.50","112.00","109.50","111.50","2.0000","1226"
"5434","崇越","512032","144552177","282.50","283.50","280.00","283.00","1.0000","2553"
"5469","瀚宇博","1556585","82743685","53.10","53.40","52.90","53.20","0.4000","1145"
"5471","松翰","167791","7731679","45.95","46.25","45.75","46.05","0.4000","180"
"5484","慧友","1133316","90961222","79.90","82.70","78.50","79.70","0.3000","1185"
"5515","建國","1015040","23525811","22.85","23.40","22.85","23.20","0.4000","446"
"5519","隆大","5842096","272066419","45.20","48.30","44.80","47.60","3.1500","3584"
"5521","工信","1562373","17396197","10.95","11.25","10.95","11.10","0.1500","677"
"5522","遠雄","1449753","115920005","78.80","81.10","78.10","81.10","2.3000","1015"
"5525","順天","131330","5063340","38.15","38.90","38.15","38.60","0.4500","109"
"5531","鄉林","846387","8842078","10.30","10.55","10.30","10.40","0.1000","338"
"5533","皇鼎","259549","5787804","22.20","22.50","22.10","22.30","0.2500","147"
"5534","長虹","1929597","222879181","113.00","117.00","113.00","115.00","2.0000","1245"
"5538","東明-KY","145709","5168692","36.30","36.30","35.00","35.35","-0.4000","129"
"5546","永固-KY","17000","508250","30.10","30.45","29.40","30.25","0.1500","12"
"5607","遠雄港","257238","12593605","48.65","49.15","48.65","49.10","0.3500","304"
"5608","四維航","882803","16173507","18.25","18.45","18.20","18.25","0.1500","587"
"5706","鳳凰","146101","8755574","60.00","60.20","59.60","59.90","0.5000","223"
"5871","中租-KY","7023915","1020644281","144.50","146.00","144.00","145.50","1.5000","4139"
"5871A","中租-KY甲特","153455","14521934","94.30","95.10","94.30","95.00","0.7000","54"
"5876","上海商銀","7829055","314685853","40.35","40.55","40.00","40.25","0.2500","2372"
"5880","合庫金","16827348","435358216","25.80","25.90","25.70","25.90","0.2000","2981"
"5906","台南-KY","43296","2854929","65.00","67.10","64.60","66.40","-0.3000","69"
"5907","大洋-KY","103050","922632","9.00","9.00","8.87","8.97","0.1300","51"
"6005","群益證","2994984","65274444","22.00","22.00","21.75","21.75","-0.2000","1018"
"6024","群益期","122771","6818526","55.30","55.70","55.30","55.70","0.6000","166"
"6108","競國","195403","3850419","19.60","19.80","19.60","19.70","0.1500","125"
"6112","邁達特","262237","12673381","47.95","48.60","47.95","48.20","0.2500","258"
"6115","鎰勝","114522","6031149","52.90","52.90","52.50","52.80","0.1000","102"
"6116","彩晶","3569587","32770515","9.21","9.24","9.16","9.16","-0.0400","1366"
"6117","迎廣","1143507","120991428","107.50","108.50","104.00","104.00","-2.5000","1059"
"6120","達運","5855634","87610289","14.45","15.35","14.45","15.00","0.6500","2146"
"6128","上福","269743","9803474","36.10","36.60","36.10","36.45","0.3000","155"
"6133","金橋","7428659","169865143","22.20","23.65","22.05","22.30","0.5000","4231"
"6136","富爾特","111319","2489917","22.30","22.50","22.25","22.45","0.2000","75"
"6139","亞翔","2653122","651947910","248.00","248.50","244.00","246.00","-0.5000","3618"
"6141","柏承","99291","1414665","14.25","14.35","14.15","14.25","0.0000","78"
"6142","友勁","648396","6802481","10.30","10.70","10.20","10.50","0.2000","264"
"6152","百一","1892162","30948112","16.15","16.55","16.00","16.20","0.1500","937"
"6153","嘉聯益","13016999","310901010","23.20","24.50","23.00","23.65","0.6500","6319"
"6155","鈞寶","176064","4788822","27.05","27.40","27.00","27.05","0.0500","108"
"6164","華興","2293691","34212814","14.55","15.15","14.55","14.70","0.1500","914"
"6165","浪凡","252233","9755863","39.10","39.10","38.50","38.55","-0.4500","203"
"6166","凌華","260402","18816034","73.00","73.00","71.80","72.40","-0.5000","318"
"6168","宏齊","9244380","218284652","22.15","24.00","22.10","23.00","1.1500","3252"
"6176","瑞儀","5258625","1029750155","194.00","199.50","192.00","197.50","7.0000","8521"
"6177","達麗","7232799","447085565","61.50","62.80","60.80","62.40","2.0000","4792"
"6183","關貿","17941","1342766","74.90","75.60","74.70","75.00","0.1000","45"
"6184","大豐電","14658","773776","52.70","52.80","52.70","52.80","0.1000","25"
"6189","豐藝","1682350","154715319","91.00","92.40","90.70","92.00","1.5000","1491"
"6191","精成科","1748652","110522097","62.80","63.60","62.80","63.10","0.8000","1140"
"6192","巨路","75681","9143337","120.50","121.50","120.00","121.50","1.0000","125"
"6196","帆宣","688286","107647230","155.50","157.00","155.00","157.00","2.5000","792"
"6197","佳必琪","7887625","1466267092","185.50","191.00","182.50","183.50","0.0000","13466"
"6201","亞弘電","20863","1246458","59.80","59.80","59.60","59.70","-0.1000","147"
"6202","盛群","343597","17177379","49.95","50.60","49.60","49.90","0.3000","324"
"6205","詮欣","175736","12445748","70.80","71.50","70.10","71.00","1.0000","140"
"6206","飛捷","236949","20505618","87.00","87.30","86.00","86.00","-0.6000","258"
"6209","今國光","775278","20895450","27.45","27.45","26.70","26.70","-0.6000","586"
"6213","聯茂","26569601","2155270178","77.80","82.70","77.60","81.30","4.3000","17255"
"6214","精誠","294266","35448200","119.50","121.00","119.50","121.00","1.5000","289"
"6215","和椿","34227559","2397549812","71.50","72.50","67.40","67.40","-2.3000","22413"
"6216","居易","507090","21773995","42.50","43.35","42.50","42.90","0.2500","363"
"6224","聚鼎","619964","39601002","65.10","65.50","62.80","62.80","-1.7000","581"
"6225","天瀚","6461","99025","15.35","15.65","15.15","15.65","-0.5000","13"
"6226","光鼎","1025725","10671510","9.98","10.90","9.97","10.40","0.4200","418"
"6230","尼得科超眾","434316","107622038","231.50","253.00","231.50","253.00","23.0000","533"
"6235","華孚","2894202","219740231","75.10","76.60","75.00","75.80","1.4000","2346"
"6239","力成","3969511","581638028","146.00","149.00","145.00","145.50","0.5000","2433"
"6243","迅杰","337057","17137624","50.50","51.50","50.30","50.40","0.9500","360"
"6257","矽格","15147228","1207081307","79.90","82.00","77.90","78.10","0.4000","9814"
"6269","台郡","6826259","593015493","86.50","88.30","85.80","86.70","1.4000","8077"
"6271","同欣電","563951","79978192","142.50","143.00","141.00","142.00","0.5000","502"
"6277","宏正","30219","2405602","79.80","79.80","79.40","79.70","0.0000","56"
"6278","台表科","2346151","272260526","113.50","117.00","113.50","117.00","4.0000","1739"
"6281","全國電","23202","1936752","83.30","83.70","83.30","83.70","0.2000","52"
"6282","康舒","3119501","109085794","35.10","35.30","34.60","35.00","0.0500","1760"
"6283","淳安","616039","17521548","27.50","29.40","27.50","27.90","0.7000","452"
"6285","啟碁","1582725","193125719","122.50","122.50","121.50","122.00","0.5000","1004"
"6288","聯嘉","917755","24368802","26.00","27.00","26.00","26.25","0.3500","647"
"6405","悅城","9431219","303403589","31.50","33.80","29.25","29.95","-0.8000","4979"
"6409","旭隼","286464","571462200","2030.00","2030.00","1980.00","1995.00","-10.0000","208"
"6412","群電","643540","82155351","127.00","128.50","126.50","128.00","1.0000","545"
"6414","樺漢","730882","216043891","294.50","297.00","291.50","297.00","3.5000","876"
"6415","矽力*-KY","4800709","2227730839","469.00","472.00","451.00","471.50","6.0000","4142"
"6416","瑞祺電通","1817500","276891820","154.00","156.50","148.50","152.00","0.0000","2065"
"6423","億而得-創","20166","1913369","94.00","96.00","94.00","95.30","-0.2000","20"
"6426","統新","584009","36947865","59.90","64.70","59.50","62.30","3.4000","433"
"6431","光麗-KY","900994","18385866","20.50","20.75","19.75","20.70","0.5000","476"
"6438","迅得","844799","106098360","128.00","128.00","124.50","124.50","-2.5000","1175"
"6442","光聖","8578760","3670868802","455.50","460.00","407.50","408.00","-41.5000","10814"
"6443","元晶","2835556","69109404","24.15","24.50","24.15","24.45","0.3500","1442"
"6446","藥華藥","2404574","1694865621","711.00","717.00","695.00","699.00","-11.0000","3299"
"6449","鈺邦","2229432","368603687","166.50","168.00","161.00","165.50","0.5000","2964"
"6451","訊芯-KY","12295302","3074973706","248.00","258.50","243.00","247.00","7.0000","13683"
"6456","GIS-KY","820261","50508104","61.10","62.20","61.10","61.60","0.4000","515"
"6464","台數科","17511","1409885","80.30","80.70","80.30","80.70","0.3000","22"
"6472","保瑞","2476446","1883277440","749.00","775.00","746.00","748.00","6.0000","3976"
"6477","安集","341889","12585414","36.70","37.15","36.50","36.60","0.1000","311"
"6491","晶碩","144825","62788997","436.00","436.00","431.50","436.00","5.0000","222"
"6504","南六","46063","3236456","70.50","70.50","70.10","70.40","0.1000","47"
"6505","台塑化","110993130","6235127753","56.40","57.40","56.10","56.10","0.0000","6514"
"6515","穎崴","384318","450662120","1175.00","1185.00","1155.00","1180.00","5.0000","617"
"6525","捷敏-KY","91935","6069334","66.20","66.40","65.60","66.00","0.3000","184"
"6526","達發","1240272","810260391","660.00","668.00","642.00","646.00","-6.0000","2179"
"6531","愛普*","2858080","923966392","324.50","327.50","319.00","323.50","0.0000","2815"
"6533","晶心科","508848","187280987","359.00","374.50","358.50","368.00","10.0000","694"
"6534","正瀚-創","9000","683500","75.50","76.20","75.50","76.00","0.5000","9"
"6541","泰福-KY","1777038","135377980","80.00","80.00","73.00","74.40","0.6000","1538"
"6550","北極星藥業-KY","2741026","170251975","59.50","63.60","59.50","63.60","4.5000","2191"
"6552","易華電","901387","45770670","48.90","52.60","48.45","50.30","1.6500","831"
"6558","興能高","82103","1880525","23.05","23.05","22.75","23.00","-0.0500","61"
"6573","虹揚-KY","32040","467536","14.80","14.80","14.50","14.65","0.0000","26"
"6579","研揚","108208","16924237","157.00","158.00","155.50","155.50","-1.0000","190"
"6581","鋼聯","15136","1631043","107.50","109.00","107.00","108.00","1.0000","18"
"6582","申豐","144643","9065312","62.70","63.40","62.00","62.60","0.5000","122"
"6585","鼎基","910694","169592884","178.50","188.00","178.50","188.00","9.5000","1469"
"6591","動力-KY","220155","11302374","51.60","51.80","50.90","51.10","0.0000","206"
"6592","和潤企業","262344","25799743","97.90","99.00","97.70","99.00","1.2000","352"
"6592A","和潤企業甲特","2000","190000","95.00","95.00","95.00","95.00","0.0000","2"
"6592B","和潤企業乙特","22901","2186901","95.40","95.60","95.40","95.60","0.2000","21"
"6598","ABC-KY","956649","23216006","25.00","25.15","23.80","23.85","-1.3000","873"
"6605","帝寶","487239","120633639","249.00","249.00","245.50","248.00","3.0000","496"
"6606","建德工業","477878","13643855","28.50","28.85","28.30","28.55","-0.0500","300"
"6625","必應","140409","12216736","87.30","87.50","86.40","87.50","0.2000","231"
"6641","基士德-KY","11000","454300","41.30","41.30","41.30","41.30","0.0000","2"
"6645","金萬林-創","32384","962444","29.75","29.90","29.65","29.85","0.1000","30"
"6655","科定","1220","177158","147.50","147.50","147.50","147.50","0.5000","8"
"6657","華安","14123","736586","52.00","52.50","51.90","52.50","0.0000","17"
"6658","聯策","8751883","704371084","76.00","82.90","75.90","82.90","7.5000","6421"
"6666","羅麗芬-KY","12104","716110","59.30","59.30","59.10","59.10","-0.4000","17"
"6668","中揚光","372614","18682973","50.00","50.80","49.60","49.60","-0.4000","367"
"6669","緯穎","1274102","2416272010","1910.00","1920.00","1870.00","1900.00","-5.0000","3287"
"6670","復盛應用","261281","73946815","281.50","284.50","281.00","284.00","2.5000","262"
"6671","三能-KY","15000","661000","44.05","44.15","44.00","44.05","0.0000","13"
"6672","騰輝電子-KY","244199","17634222","71.30","72.80","71.30","72.40","1.5000","237"
"6674","鋐寶科技","5010","123746","24.90","24.90","24.50","24.65","0.3500","7"
"6689","伊雲谷","177562","17978242","101.50","102.00","100.50","101.00","-0.5000","198"
"6691","洋基工程","284720","96433644","341.00","341.50","335.00","340.50","-0.5000","453"
"6695","芯鼎","797598","48105012","60.20","61.90","59.40","59.40","-0.4000","651"
"6698","旭暉應材","8725408","390445078","47.10","47.15","42.20","43.15","-3.0500","5500"
"6706","惠特","9221494","1252238704","129.00","140.00","127.00","139.00","11.5000","5913"
"6715","嘉基","49484","8155164","164.00","165.50","164.00","165.00","2.0000","266"
"6719","力智","435616","112950805","259.50","264.50","257.00","257.00","0.0000","1327"
"6742","澤米","441039","24425629","53.80","57.00","53.70","54.90","0.9000","397"
"6743","安普新","11236736","808782675","76.00","76.80","67.40","69.40","-1.6000","7350"
"6753","龍德造船","2015066","286607561","146.50","146.50","140.00","140.00","-5.0000","1954"
"6754","匯僑設計","1072866","93826674","89.30","94.90","83.00","83.40","-4.2000","1242"
"6756","威鋒電子","88660","15669954","176.00","179.00","174.50","176.50","2.0000","524"
"6757","台灣虎航-創","2426252","135336112","54.70","56.50","54.60","56.30","2.1000","928"
"6768","志強-KY","246272","21170381","85.60","86.60","85.20","86.50","0.5000","159"
"6770","力積電","7924740","171046186","21.60","21.75","21.45","21.60","0.1000","3122"
"6771","平和環保-創","33075","2183287","66.50","66.50","65.70","65.70","-0.8000","22"
"6776","展碁國際","21344","1216526","57.10","57.10","56.80","56.90","0.1000","33"
"6781","AES-KY","146733","75276159","507.00","516.00","507.00","515.00","11.0000","266"
"6782","視陽","218291","49289636","221.50","227.50","221.50","226.00","4.0000","279"
"6789","采鈺","1455287","451459492","314.50","316.00","306.00","309.00","-2.0000","3249"
"6790","永豐實","136895","6658396","48.30","48.85","48.30","48.65","0.3000","121"
"6792","詠業","29252","1983943","67.90","67.90","67.70","67.70","0.0000","44"
"6794","向榮生技-創","8000","632600","79.90","80.00","78.10","80.00","0.1000","7"
"6796","晉弘","31288","2713894","86.20","87.70","86.20","86.80","0.2000","29"
"6799","來頡","279358","33575069","118.00","122.00","117.50","118.50","1.0000","356"
"6805","富世達","1859415","1468738135","798.00","806.00","776.00","801.00","7.0000","2930"
"6806","森崴能源","1611153","218251826","135.50","137.00","134.50","135.00","1.0000","1756"
"6807","峰源-KY","215397","16144587","74.40","75.90","74.20","75.20","2.3000","239"
"6830","汎銓","989765","137939007","139.00","142.00","136.50","138.50","3.5000","980"
"6834","天二科技","242914","9349155","38.35","39.00","38.25","38.30","0.1500","195"
"6835","圓裕","194373","10329300","53.30","53.80","52.40","52.40","-0.7000","176"
"6838","台新藥","505876","20152129","39.65","40.00","39.65","39.95","0.4500","384"
"6854","錼創科技-KY創","90000","6820800","77.00","77.10","75.00","75.90","-0.7000","55"
"6861","睿生光電","38755","2707236","70.40","70.40","69.60","69.90","0.0000","104"
"6863","永道-KY","2572635","643267482","242.50","258.50","236.00","254.50","17.0000","4107"
"6869","雲豹能源","3741530","884983257","242.00","242.50","231.50","238.00","0.0000","4138"
"6873","泓德能源-創","710153","181157627","248.50","259.00","245.00","259.00","8.0000","467"
"6890","來億-KY","2229756","766995819","329.00","353.50","322.50","350.00","28.0000","2437"
"6901","鑽石投資","1897666","79237546","40.75","42.20","40.50","42.05","1.7000","1307"
"6902","走著瞧-創","1000","144500","144.50","144.50","144.50","144.50","4.5000","1"
"6906","現觀科","525225","86107573","162.00","166.50","160.50","164.50","6.5000","1133"
"6914","阜爾運通","39223","5383694","137.00","138.00","136.50","137.50","-0.5000","71"
"6916","華凌","7100","169450","23.60","24.00","23.60","24.00","0.2000","8"
"6928","攸泰科技","140232","8802541","63.40","63.50","61.70","63.00","-0.6000","242"
"6933","AMAX-KY","136619","31200469","225.00","234.50","225.00","227.00","4.5000","265"
"6937","天虹","5749068","1715420443","288.00","304.00","284.00","298.50","22.0000","5638"
"6949","沛爾生醫-創","5000","494500","99.00","99.00","98.50","99.00","-0.2000","5"
"6951","青新-創","18100","1067270","59.10","59.20","58.80","59.00","0.0000","15"
"6952","大武山","22129","1129473","51.00","51.30","51.00","51.00","0.0000","25"
"6957","裕慶-KY","256470","65669142","258.00","259.00","252.00","258.00","-1.0000","390"
"6958","日盛台駿","230909","7340902","32.00","32.00","31.50","31.65","0.0000","187"
"8011","台通","3277678","90554166","27.85","28.10","27.35","27.35","-0.4000","2339"
"8016","矽創","600905","141780510","232.50","239.50","232.00","234.00","3.5000","688"
"8021","尖點","3255261","124782166","39.15","39.40","37.75","37.80","-1.0000","2347"
"8028","昇陽半導體","17752527","2349819675","136.00","137.00","129.50","131.00","-3.5000","11588"
"8033","雷虎","897931","53521602","60.00","60.30","59.20","59.20","-0.5000","837"
"8039","台虹","5370328","370619347","70.10","70.10","68.20","68.60","-1.5000","4029"
"8046","南電","2280060","337721502","148.50","149.50","147.00","147.00","0.0000","1761"
"8070","長華*","23430183","1459690335","60.00","64.50","59.30","62.30","3.1000","15821"
"8072","陞泰","122119","3354117","27.40","27.70","27.25","27.55","0.1000","232"
"8081","致新","691383","158755436","228.50","231.50","228.50","228.50","0.0000","570"
"8103","瀚荃","915311","62512464","69.40","69.80","67.50","67.50","-1.2000","941"
"8104","錸寶","1164466","50495827","44.00","44.45","42.90","42.90","-0.6500","961"
"8105","凌巨","12575140","245620727","18.60","19.95","18.60","19.95","1.8000","4852"
"8110","華東","1702583","30753926","17.90","18.20","17.85","18.05","0.2000","847"
"8112","至上","3518164","264907342","74.10","76.20","74.10","75.00","1.1000","2418"
"8112A","至上甲特","14427","613097","42.55","42.55","42.45","42.50","0.0000","14"
"8114","振樺電","283148","51637529","179.50","184.50","179.00","183.00","4.5000","312"
"8131","福懋科","372681","13682950","36.15","36.85","36.15","36.85","0.6000","212"
"8150","南茂","5060057","193206031","37.65","38.45","37.65","38.15","0.6000","2796"
"8162","微矽電子-創","22050","825115","37.50","37.50","37.30","37.30","-0.1000","19"
"8163","達方","427160","22628329","52.50","53.10","52.50","53.10","0.6000","350"
"8201","無敵","47259","819529","17.35","17.40","17.25","17.35","0.1500","42"
"8210","勤誠","2107438","623561267","302.50","303.00","292.50","292.50","-7.5000","7881"
"8213","志超","274479","10322335","37.40","37.70","37.40","37.55","0.1500","220"
"8215","明基材","560200","16687848","29.55","29.95","29.40","29.90","0.5500","489"
"8222","寶一","260731","9487222","36.10","36.90","36.00","36.40","0.4000","227"
"8249","菱光","1050736","33795249","33.00","33.00","31.60","31.70","-0.9500","898"
"8261","富鼎","183321","14546327","79.30","79.90","78.90","79.00","-0.2000","299"
"8271","宇瞻","230381","12593682","55.20","55.20","54.40","54.50","-0.4000","260"
"8341","日友","145409","13695797","93.90","94.40","93.80","94.40","0.5000","334"
"8367","建新國際","114974","5790108","50.90","50.90","50.10","50.60","-0.3000","243"
"8374","羅昇","5418257","747462745","139.00","142.50","135.50","138.00","0.0000","4285"
"8404","百和興業-KY","290715","5238549","18.10","18.20","17.95","17.95","-0.0500","137"
"8411","福貞-KY","21045","300684","14.30","14.30","14.20","14.30","0.0500","62"
"8422","可寧衛","278142","52929129","190.00","191.00","189.00","191.00","1.5000","333"
"8429","金麗-KY","193622","1916736","9.88","9.95","9.86","9.91","0.1100","186"
"8438","昶昕","1075533","52111469","47.50","49.70","47.50","47.85","0.5000","974"
"8442","威宏-KY","299659","35746513","120.50","121.00","118.00","118.00","-1.5000","271"
"8443","阿瘦","31509","369880","11.70","11.80","11.70","11.80","0.1000","100"
"8454","富邦媒","216751","84699214","391.00","394.00","389.50","390.00","0.0000","775"
"8462","柏文","970742","129129057","125.00","136.50","123.00","136.50","12.0000","925"
"8463","潤泰材","102549","2927880","28.45","28.75","28.40","28.50","0.2000","95"
"8464","億豐","648197","304817076","472.50","474.50","465.50","470.00","-6.0000","539"
"8466","美吉吉-KY","341490","19570940","56.50","58.20","56.50","58.00","1.5000","165"
"8467","波力-KY","78397","17524437","225.00","225.50","222.00","223.00","-0.5000","661"
"8473","山林水","1852251","86577808","46.30","47.35","45.75","46.90","1.0500","1588"
"8476","台境","38812","2257980","57.90","58.70","57.90","58.20","0.0000","78"
"8478","東哥遊艇","618118","193808962","312.00","318.00","308.50","310.00","0.0000","2157"
"8481","政伸","8000","405100","50.80","50.80","50.10","50.70","0.1000","8"
"8482","商億-KY","6000","383000","63.60","64.00","63.60","63.90","-0.5000","6"
"8487","愛爾達-創","13010","979640","73.20","75.50","73.20","75.40","2.2000","10"
"8488","吉源-KY","9000","144900","16.15","16.15","16.05","16.10","0.0500","9"
"8499","鼎炫-KY","20228","2390396","117.50","118.50","117.50","118.50","0.5000","123"
"8926","台汽電","1600295","71668163","44.95","45.35","44.55","44.55","-0.3000","1278"
"8940","新天地","88668","2013424","22.70","22.90","22.60","22.60","-0.2000","119"
"8996","高力","4495257","1675048026","364.50","385.00","359.50","371.50","9.0000","4113"
"9103","美德醫療-DR","215681","1529876","7.08","7.13","7.06","7.08","0.0000","124"
"910322","康師傅-DR","98235","2091069","21.40","21.50","21.15","21.35","0.0000","74"
"9105","泰金寶-DR","3148276","18062842","5.74","5.78","5.71","5.71","0.0200","1470"
"910861","神州-DR","17276","111551","6.45","6.55","6.45","6.55","0.0000","10"
"9110","越南控-DR","128000","919560","7.22","7.22","7.15","7.22","0.0700","25"
"911608","明輝-DR","146000","488920","3.34","3.41","3.34","3.41","0.0100","49"
"911622","泰聚亨-DR","12100","63553","5.30","5.30","5.21","5.29","0.0000","12"
"911868","同方友友-DR","535962","856219","1.60","1.61","1.58","1.59","-0.0100","117"
"912000","晨訊科-DR","849056","2688870","3.13","3.20","3.13","3.13","0.0000","201"
"9136","巨騰-DR","109085","706501","6.51","6.52","6.45","6.49","0.0000","52"
"9802","鈺齊-KY","338872","40760247","120.00","121.00","119.00","121.00","2.0000","335"
"9902","台火","1811616","39557705","21.40","22.45","21.30","21.50","0.2500","1071"
"9904","寶成","10811125","375197096","34.60","34.75","34.50","34.75","0.2500","2172"
"9905","大華","72882","1676654","23.00","23.05","22.95","23.05","0.0500","76"
"9906","欣巴巴","3082624","633570475","202.00","212.50","198.50","202.00","4.5000","2817"
"9907","統一實","3018727","50131324","16.60","16.80","16.50","16.60","0.0500","1267"
"9908","大台北","103038","3183758","30.90","30.95","30.85","30.95","0.0000","182"
"9910","豐泰","1630921","238034937","146.00","146.50","145.00","146.00","1.0000","744"
"9911","櫻花","259566","23214138","88.50","90.00","88.50","90.00","1.5000","300"
"9912","偉聯","102511","1351493","13.30","13.35","13.00","13.30","0.0000","123"
"9914","美利達","575658","139044581","240.00","244.50","238.50","241.00","0.0000","801"
"9917","中保科","314315","46072260","146.00","147.50","144.50","147.50","0.5000","510"
"9918","欣天然","1156","47884","41.50","41.50","41.50","41.50","0.0000","12"
"9919","康那香","415564","8586225","20.65","20.80","20.55","20.65","0.0500","274"
"9921","巨大","830118","197996268","236.50","239.50","236.50","239.00","2.0000","1461"
"9924","福興","130032","7127258","55.00","55.30","54.50","54.60","-0.1000","137"
"9925","新保","455002","18857648","41.20","41.90","41.20","41.90","0.7000","267"
"9926","新海","5104","277865","54.40","54.80","54.20","54.80","0.7000","6"
"9927","泰銘","275939","21703189","78.50","79.00","78.30","78.60","0.1000","556"
"9928","中視","72731","1447787","20.05","20.05","19.85","19.85","0.0000","55"
"9929","秋雨","139287","2480813","17.40","18.00","16.90","17.15","0.2000","33"
"9930","中聯資源","108929","7208293","65.90","66.60","65.90","66.20","0.1000","158"
"9931","欣高","8000","279350","34.85","35.00","34.75","35.00","0.1500","8"
"9933","中鼎","3239687","161223301","48.85","50.20","48.75","50.10","1.5000","2026"
"9934","成霖","635623","12311679","19.45","19.45","19.25","19.30","-0.1500","400"
"9935","慶豐富","754708","22953626","30.65","30.90","30.10","30.15","-0.4500","657"
"9937","全國","121668","8012014","65.10","66.10","65.10","65.50","0.2000","71"
"9938","百和","923175","56856985","61.50","62.00","61.00","61.50","0.5000","925"
"9939","宏全","882093","141058986","158.00","161.00","157.50","161.00","3.5000","719"
"9940","信義","371027","12165055","32.70","32.95","32.60","32.95","0.2500","333"
"9941","裕融","609269","87181359","143.00","144.00","142.00","144.00","1.5000","876"
"9941A","裕融甲特","12000","602400","50.20","50.20","50.20","50.20","0.0000","9"
"9942","茂順","214427","24182537","112.00","114.00","112.00","113.50","2.0000","216"
"9943","好樂迪","53358","4408905","83.00","83.00","82.40","82.90","0.3000","97"
"9944","新麗","159223","3293042","20.60","20.80","20.60","20.70","0.1000","163"
"9945","潤泰新","11487525","563192711","48.50","49.50","48.15","49.25","1.0500","5640"
"9946","三發地產","502456","19236548","38.05","38.75","37.90","38.40","0.7000","459"
"9955","佳龍","2001459","74160979","37.40","37.90","36.60","36.60","-0.4000","1467"
"9958","世紀鋼","10506257","2537026739","240.50","246.50","237.00","237.50","-1.5000","10415"
