證券代號,證券名稱,成交股數,成交金額,開盤價,最高價,最低價,收盤價,漲跌價差,成交筆數
"0050","元大台灣50","7029339","1284103308","182.50","183.05","182.00","183.00","3.0000","12087"
"0051","元大中型100","78144","6557926","83.90","84.55","83.45","84.15","0.2500","319"
"0052","富邦科技","500352","90430545","179.90","181.35","179.90","181.10","3.5500","1065"
"0053","元大電子","30606","3044590","99.50","99.75","99.00","99.60","1.8000","122"
"0055","元大MSCI金融","267100","7262413","27.04","27.30","27.04","27.30","0.2600","494"
"0056","元大高股息","16293465","666243789","40.80","40.98","40.80","40.96","0.1700","11307"
"0057","富邦摩台","18970","2548163","134.20","134.60","134.10","134.55","2.0500","124"
"0061","元大寶滬深","124363","2140852","17.23","17.28","17.18","17.28","0.0500","133"
"006203","元大MSCI台灣","7160","618540","86.45","86.70","86.20","86.70","1.6000","114"
"006204","永豐臺灣加權","9234","1040877","112.80","113.25","112.70","113.25","1.5500","129"
"006205","富邦上証","347323","10276875","29.46","29.72","29.46","29.57","0.0900","356"
"006206","元大上證50","95986","2699084","28.16","28.21","28.02","28.16","0.0000","100"
"006207","復華滬深","27150","609982","22.48","22.51","22.46","22.47","0.0500","80"
"006208","富邦台50","5623222","601344115","106.40","107.25","106.40","106.95","1.7500","7710"
"00625K","富邦上証+R","","","","","","","0.0000",""
"00631L","元大台灣50正2","2257824","548992181","241.95","244.30","241.50","244.15","7.0500","3337"
"00632R","元大台灣50反1","200077443","692360148","3.47","3.48","3.45","3.45","-0.0600","9460"
"00633L","富邦上証正2","2436334","82192981","33.80","33.98","33.60","33.72","0.0900","636"
"00634R","富邦上証反1","30000","138950","4.64","4.64","4.63","4.63","-0.0200","4"
"00635U","期元大S&P黃金","141674","3883749","27.43","27.44","27.38","27.40","-0.0300","160"
"00636","國泰中國A50","510588","10496618","20.53","20.62","20.51","20.54","0.0100","286"
"00636K","國泰中國A50+U","200","1270","6.35","6.35","6.35","6.35","0.0000","2"
"00637L","元大滬深300正2","21253567","287958167","13.58","13.64","13.48","13.53","0.0400","2751"
"00638R","元大滬深300反1","70000","680160","9.71","9.73","9.70","9.73","0.0100","19"
"00639","富邦深100","266300","2814289","10.54","10.60","10.50","10.57","0.0300","313"
"00640L","富邦日本正2","708619","39753576","55.90","56.35","55.90","56.05","0.5500","692"
"00641R","富邦日本反1","443420","2882961","6.53","6.53","6.49","6.50","-0.0600","63"
"00642U","期元大S&P石油","4711668","84715012","18.00","18.01","17.93","17.95","0.4000","1041"
"00643","群益深証中小","405306","4755501","11.72","11.76","11.71","11.72","0.0100","126"
"00643K","群益深証中小+R","","","","","","","0.0000",""
"00645","富邦日本","1123760","42258751","37.50","37.66","37.50","37.56","0.1800","1493"
"00646","元大S&P500","5947469","327902428","55.05","55.25","55.05","55.10","0.4500","1945"
"00647L","元大S&P500正2","61511","5520351","89.75","89.85","89.60","89.80","1.6000","82"
"00648R","元大S&P500反1","481243","2657832","5.53","5.53","5.51","5.53","-0.0400","97"
"00650L","復華香港正2","24693411","252056524","10.29","10.31","10.11","10.15","-0.0700","1865"
"00651R","復華香港反1","638000","5619520","8.76","8.83","8.75","8.81","0.0300","25"
"00652","富邦印度","233119","8964781","38.36","38.50","38.36","38.45","0.1000","443"
"00653L","富邦印度正2","185740","11370432","61.05","61.30","61.05","61.15","0.1500","123"
"00654R","富邦印度反1","1149763","7493157","6.51","6.54","6.50","6.53","-0.0200","48"
"00655L","國泰中國A50正2","1092137","25175321","23.09","23.19","22.92","23.01","0.0600","263"
"00656R","國泰中國A50反1","115000","1002690","8.70","8.75","8.70","8.75","0.0100","7"
"00657","國泰日經225","451076","20394859","45.09","45.24","45.09","45.10","0.3800","84"
"00657K","國泰日經225+U","200","2788","13.94","13.94","13.94","13.94","0.1400","2"
"00660","元大歐洲50","53075","1886524","35.45","35.57","35.45","35.55","0.3000","37"
"00661","元大日經225","1145209","56471440","49.21","49.41","49.20","49.22","0.2800","360"
"00662","富邦NASDAQ","5170489","429509896","83.05","83.15","82.90","83.15","1.1500","1958"
"00663L","國泰臺灣加權正2","2360","524061","221.95","223.30","221.95","223.30","5.5000","10"
"00664R","國泰臺灣加權反1","11597390","45561470","3.93","3.95","3.92","3.92","-0.0600","753"
"00665L","富邦恒生國企正2","55964465","379855989","6.85","6.85","6.72","6.75","-0.0400","3209"
"00666R","富邦恒生國企反1","21000","309420","14.75","14.75","14.70","14.74","0.0000","7"
"00668","國泰美國道瓊","65217","2980182","45.67","45.74","45.67","45.70","0.3000","99"
"00668K","國泰美國道瓊+U","200","2818","14.09","14.09","14.09","14.09","0.0800","2"
"00669R","國泰美國道瓊反1","3134021","22575821","7.20","7.21","7.20","7.20","-0.0600","118"
"00670L","富邦NASDAQ正2","869803","112941570","129.95","130.00","129.60","129.85","2.7500","606"
"00671R","富邦NASDAQ反1","8947500","33315894","3.73","3.73","3.72","3.73","-0.0400","427"
"00673R","期元大S&P原油反1","26339546","191715384","7.27","7.29","7.26","7.29","-0.1700","2035"
"00674R","期元大S&P黃金反1","313999","3360989","10.69","10.72","10.69","10.72","0.0000","44"
"00675L","富邦臺灣加權正2","1583486","154160775","97.00","97.80","96.70","97.75","2.7500","1700"
"00676R","富邦臺灣加權反1","15283802","33371039","2.18","2.19","2.17","2.18","-0.0200","451"
"00678","群益那斯達克生技","416874","11948961","28.71","28.71","28.63","28.68","-0.2200","115"
"00680L","元大美債20正2","34606965","306947726","8.87","8.89","8.85","8.86","-0.0800","3822"
"00681R","元大美債20反1","178000","3572780","20.07","20.10","20.06","20.10","0.0900","24"
"00682U","期元大美元指數","62051","1323558","21.33","21.34","21.33","21.33","-0.0300","6"
"00683L","期元大美元指正2","25165","582582","23.14","23.17","23.13","23.17","-0.0600","19"
"00684R","期元大美元指反1","2000","30520","15.26","15.26","15.26","15.26","0.0300","1"
"00685L","群益臺灣加權正2","521395","45221099","86.20","87.15","86.05","87.05","2.4500","223"
"00686R","群益臺灣加權反1","1667350","3905915","2.35","2.35","2.33","2.34","-0.0400","73"
"00688L","國泰20年美債正2","23543109","207795394","8.84","8.84","8.81","8.82","-0.0600","1824"
"00689R","國泰20年美債反1","4000","83100","20.76","20.78","20.76","20.78","0.0800","3"
"00690","兆豐藍籌30","893591","31234124","34.77","35.03","34.77","35.00","0.5100","1076"
"00692","富邦公司治理","2890834","125323725","43.30","43.44","43.10","43.35","0.6400","2812"
"00693U","期街口S&P黃豆","266815","6216749","23.29","23.33","23.28","23.32","-0.0600","115"
"00700","富邦恒生國企","311977","3983748","12.74","12.84","12.72","12.74","0.0000","180"
"00701","國泰股利精選30","1481675","41580678","27.90","28.19","27.90","28.17","0.2900","1084"
"00702","國泰標普低波高息","101271","2364607","23.35","23.36","23.35","23.36","0.1600","61"
"00703","台新MSCI中國","40882","634262","15.47","15.58","15.46","15.50","-0.0700","77"
"00706L","期元大S&P日圓正2","3387590","20447482","6.04","6.05","6.03","6.03","-0.0300","600"
"00707R","期元大S&P日圓反1","","","","","","","0.0000",""
"00708L","期元大S&P黃金正2","374508","12414428","33.23","33.23","33.07","33.08","-0.0500","154"
"00709","富邦歐洲","109789","3247148","29.56","29.60","29.56","29.58","0.0100","162"
"00710B","復華彭博非投等債","182304","3571555","19.61","19.61","19.57","19.61","0.0500","54"
"00711B","復華彭博新興債","191258","3170723","16.55","16.60","16.55","16.60","0.0000","122"
"00712","復華富時不動產","35370416","346890747","9.79","9.82","9.78","9.82","0.0600","5735"
"00713","元大台灣高息低波","37751507","2240905125","59.50","59.70","59.20","59.40","0.1500","15180"
"00714","群益道瓊美國地產","120842","2351435","19.49","19.49","19.43","19.46","-0.0800","108"
"00715L","期街口布蘭特正2","35218983","581879447","16.55","16.57","16.46","16.48","0.6300","3570"
"00717","富邦美國特別股","372119","5885952","15.84","15.84","15.81","15.81","-0.0300","214"
"00728","第一金工業30","538624","17541663","32.53","32.63","32.43","32.50","0.3300","253"
"00730","富邦臺灣優質高息","127324","2921621","22.97","23.00","22.91","22.91","-0.0600","399"
"00731","復華富時高息低波","1419804","109119496","76.80","77.00","76.65","77.00","0.3000","990"
"00733","富邦臺灣中小","2002840","120579482","60.45","60.60","59.95","60.35","0.1000","2305"
"00735","國泰臺韓科技","13723","519003","37.79","37.90","37.79","37.90","0.4300","76"
"00736","國泰新興市場","2165","48690","22.50","22.54","22.50","22.54","0.0400","54"
"00737","國泰AI+Robo","113864","3445107","30.16","30.30","30.16","30.30","0.1500","117"
"00738U","期元大道瓊白銀","582758","15778923","27.21","27.21","26.98","27.04","0.2100","142"
"00739","元大MSCI A股","19146","400794","20.99","21.00","20.92","20.95","0.0300","246"
"00752","中信中國50","5131025","95300914","18.66","18.71","18.50","18.55","-0.1100","1254"
"00753L","中信中國50正2","12993884","104271213","8.10","8.10","7.95","7.97","-0.0800","1989"
"00757","統一FANG+","7674859","682793462","88.90","89.10","88.75","89.00","1.4000","3814"
"00762","元大全球AI","389660","24874108","63.75","63.95","63.75","63.80","0.0500","917"
"00763U","期街口道瓊銅","144175","3935595","27.40","27.40","27.24","27.29","0.0400","86"
"00770","國泰北美科技","599299","28458875","47.33","47.58","47.33","47.58","0.5000","488"
"00771","元大US高息特別股","70010","1219756","17.43","17.45","17.40","17.42","-0.0200","74"
"00775B","新光投等債15+","800511","27849526","34.79","34.79","34.79","34.79","-0.0200","104"
"00783","富邦中証500","61554","1106337","17.95","18.01","17.94","18.01","0.0400","85"
"00830","國泰費城半導體","6844454","355004460","51.80","51.95","51.75","51.95","0.8500","3808"
"00850","元大臺灣ESG永續","1977641","88857499","44.73","45.00","44.73","44.98","0.5600","1734"
"00851","台新全球AI","90223","4186356","46.18","46.50","46.18","46.49","0.3700","155"
"00852L","國泰美國道瓊正2","606557","14332380","23.61","23.65","23.59","23.65","0.3400","121"
"00861","元大全球未來通訊","1217965","52835354","43.12","43.52","43.12","43.50","0.7000","381"
"00865B","國泰US短期公債","169780","7719245","45.48","45.48","45.42","45.47","0.0800","126"
"00875","國泰網路資安","140302","4434452","31.53","31.72","31.53","31.72","0.0500","120"
"00876","元大全球5G","1497568","62725542","41.57","42.07","41.57","41.85","0.6100","550"
"00878","國泰永續高股息","42152168","989281430","23.38","23.53","23.38","23.51","0.1400","16729"
"00881","國泰台灣5G+","10000781","247535656","24.70","24.81","24.63","24.79","0.3400","4391"
"00882","中信中國高股息","10986961","129274753","11.78","11.84","11.71","11.77","0.0300","2462"
"00885","富邦越南","12153013","147017376","12.08","12.15","12.07","12.13","0.0600","1893"
"00891","中信關鍵半導體","8234451","161661447","19.46","19.72","19.46","19.70","0.3500","3653"
"00892","富邦台灣半導體","9727325","170467995","17.27","17.59","17.27","17.59","0.4200","2148"
"00893","國泰智能電動車","2386939","52914302","22.15","22.20","22.05","22.16","0.1100","1092"
"00894","中信小資高價30","1683164","35749834","21.10","21.30","21.06","21.26","0.3100","385"
"00895","富邦未來車","2747785","77179479","27.90","28.12","27.90","28.11","0.2800","1242"
"00896","中信綠能及電動車","4718754","88361465","18.69","18.78","18.66","18.76","0.1400","1147"
"00897","富邦基因免疫生技","1038123","8295887","8.04","8.04","7.97","7.98","-0.1100","446"
"00898","國泰基因免疫革命","453953","3213505","7.12","7.12","7.07","7.07","-0.0600","220"
"00899","FT潔淨能源","420832","7308842","17.55","17.55","17.33","17.33","-0.2500","396"
"00900","富邦特選高股息30","10259079","172795398","16.74","16.92","16.74","16.90","0.1600","3099"
"00901","永豐智能車供應鏈","770255","15997383","20.65","20.81","20.64","20.79","0.3000","235"
"00902","中信電池及儲能","2195717","20875846","9.53","9.53","9.49","9.51","-0.0200","868"
"00903","富邦元宇宙","1273503","18233756","14.30","14.34","14.29","14.33","0.0800","330"
"00904","新光臺灣半導體30","1978473","37944262","18.97","19.28","18.97","19.28","0.4300","595"
"00905","FT臺灣Smart","2572462","35561085","13.73","13.88","13.72","13.87","0.2100","800"
"00907","永豐優息存股","2797293","46760076","16.73","16.77","16.67","16.74","0.0600","817"
"00908","富邦入息REITs+","286998","3500561","12.20","12.21","12.13","12.20","-0.0100","100"
"00909","國泰數位支付服務","1565754","42806780","27.33","27.39","27.31","27.33","0.0000","706"
"00910","第一金太空衛星","118272","2139703","18.10","18.10","18.08","18.09","0.3800","13"
"00911","兆豐洲際半導體","539052","16945066","31.30","31.47","31.30","31.45","0.5100","222"
"00912","中信臺灣智慧50","1303811","25013448","19.00","19.24","19.00","19.23","0.2900","230"
"00913","兆豐台灣晶圓製造","312313","7013108","22.30","22.55","22.30","22.55","0.4800","74"
"00915","凱基優選高股息30","28089675","792400375","28.23","28.29","28.11","28.28","0.1600","7419"
"00916","國泰全球品牌50","351942","7934055","22.40","22.59","22.40","22.55","0.2100","489"
"00917","中信特選金融","1278296","24699664","19.26","19.35","19.26","19.33","0.1600","2073"
"00918","大華優利高填息30","84629436","2205753808","26.00","26.13","26.00","26.12","0.2400","19011"
"00919","群益台灣精選高息","91358901","2431153439","26.50","26.70","26.47","26.70","0.3000","27525"
"00920","富邦ESG綠色電力","543668","8147615","15.05","15.05","14.96","14.96","-0.1700","269"
"00921","兆豐龍頭等權重","10941942","217073297","19.84","19.88","19.80","19.86","0.1300","2640"
"00922","國泰台灣領袖50","3755734","80662043","21.39","21.53","21.38","21.52","0.2700","1600"
"00923","群益台ESG低碳50","4976535","112197348","22.43","22.63","22.43","22.63","0.3600","2766"
"00924","復華S&P500成長","1179749","26919290","22.72","22.84","22.72","22.82","0.2600","812"
"00925","新光標普電動車","259209","4066470","15.67","15.69","15.67","15.68","0.2000","19"
"00926","凱基全球菁英55","422186","9537721","22.55","22.61","22.55","22.57","0.0900","214"
"00927","群益半導體收益","4298182","89602764","20.72","20.93","20.70","20.93","0.3500","2090"
"00929","復華台灣科技優息","135640363","2872192913","21.19","21.22","21.10","21.21","0.1200","33227"
"00930","永豐ESG低碳高息","2138180","45331691","21.21","21.28","21.12","21.26","0.0700","726"
"00932","兆豐永續高息等權","5508703","99484481","18.00","18.10","18.00","18.07","0.0900","1180"
"00934","中信成長高股息","7140591","144462979","20.18","20.31","20.14","20.30","0.2200","1346"
"00935","野村臺灣新科技50","3748802","83791406","22.30","22.45","22.23","22.45","0.4200","1694"
"00936","台新永續高息中小","100020716","1930504112","19.42","19.49","19.10","19.22","0.0000","33681"
"00939","統一台灣高息動能","36698113","545318609","14.82","14.91","14.82","14.89","0.0800","7441"
"00940","元大台灣價值高息","197870596","2001743737","10.08","10.15","10.08","10.14","0.0700","29626"
"00941","中信上游半導體","16702397","262570996","15.67","15.74","15.67","15.72","0.1900","3234"
"00943","兆豐電子高息等權","1309001","20387252","15.53","15.66","15.51","15.55","0.0400","236"
"00944","野村趨勢動能高息","7060428","106743473","15.07","15.18","15.04","15.17","0.1500","1390"
"00945B","凱基美國非投等債","2058431","31020082","15.07","15.08","15.05","15.07","0.0100","243"
"00946","群益科技高息成長","40584477","437599826","10.74","10.82","10.73","10.81","0.1200","5629"
"00947","台新臺灣IC設計","16919479","269674087","16.00","16.02","15.84","15.94","0.1500","3950"
"01001T","土銀富邦R1","15155","218941","14.46","14.46","14.44","14.44","-0.0200","9"
"01002T","土銀國泰R1","1240482","20911339","16.86","16.86","16.81","16.86","0.0000","25"
"01004T","土銀富邦R2","21042","264470","12.58","12.58","12.52","12.58","0.0000","15"
"01007T","兆豐國泰R2","99000","1680940","16.98","16.98","16.90","16.90","-0.1500","3"
"01009T","王道圓滿R1","628000","4959730","7.95","7.95","7.88","7.89","0.0100","28"
"01010T","京城樂富R1","103000","1031180","10.02","10.02","10.00","10.02","0.0000","27"
"020000","富邦特選蘋果N","3000","36700","12.22","12.24","12.22","12.24","0.1100","3"
"020011","統一微波高息20N","","","","","","","0.0000",""
"020012","富邦行動通訊N","1000","10220","10.22","10.22","10.22","10.22","0.0200","1"
"020015","統一MSCI美低波N","","","","","","","0.0000",""
"020016","統一MSCI美科技N","","","","","","","0.0000",""
"020018","統一價值成長30N","4000","100000","25.00","25.00","25.00","25.00","0.0800","2"
"020019","統一特選台灣5GN","3000","58360","19.38","19.60","19.38","19.60","0.0000","2"
"02001L","富邦蘋果正二N","47000","1334680","28.27","28.52","28.27","28.47","0.5400","21"
"02001R","富邦蘋果反一N","2000","2960","1.48","1.48","1.48","1.48","-0.0200","2"
"02001S","策元大加權策略N","154000","1136520","7.38","7.38","7.38","7.38","0.0200","1"
"020020","元大台股領航N","48000","552720","11.50","11.55","11.45","11.55","0.1700","16"
"020028","元大特選電動車N","50000","469490","9.37","9.40","9.34","9.38","0.0200","19"
"020029","元大ESG高股息N","104000","961450","9.17","9.26","9.17","9.26","0.0800","11"
"020030","統一智慧電動車N","57000","365870","6.43","6.43","6.40","6.42","0.0600","14"
"020031","統一IC設計臺灣N","299000","1946630","6.49","6.54","6.48","6.54","0.0900","14"
"020032","元大綠能N","7000","45230","6.46","6.47","6.46","6.47","0.0300","3"
"020034","元大IC設計N","76000","661200","8.73","8.73","8.68","8.71","0.1400","13"
"020036","元大金融配息N","","","","","","","0.0000",""
"020037","元大金融高股息N","7000","45540","6.47","6.52","6.47","6.52","0.0700","3"
"020038","元大ESG配息N","34000","271090","7.94","8.00","7.94","8.00","0.0600","19"
"020039","元大加權N","60000","409390","6.81","6.83","6.81","6.83","0.0800","15"
"1101","台泥","10652577","360223401","34.00","34.05","33.70","33.90","-0.1000","5899"
"1101B","台泥乙特","4046","195017","48.15","48.35","48.15","48.35","0.0000","6"
"1102","亞泥","4871995","205349283","42.10","42.25","41.90","42.15","0.2000","3239"
"1103","嘉泥","586107","10685895","18.30","18.35","18.15","18.30","0.0000","569"
"1104","環泥","581035","19611970","33.70","33.85","33.65","33.75","0.0500","496"
"1108","幸福","466110","7827325","16.90","16.90","16.75","16.75","-0.0500","277"
"1109","信大","432659","8390552","19.45","19.45","19.35","19.35","-0.1000","242"
"1110","東泥","470615","10151077","21.40","21.75","21.25","21.65","0.4500","317"
"1201","味全","340033","6383442","18.90","18.90","18.70","18.75","0.0000","400"
"1203","味王","42254","2113068","49.60","50.50","49.55","50.20","0.7000","107"
"1210","大成","809998","46335134","57.30","57.40","57.10","57.20","-0.1000","1354"
"1213","大飲","39787","285072","7.15","7.25","7.15","7.23","0.0800","16"
"1215","卜蜂","1138205","124423815","109.00","110.00","108.50","109.50","1.0000","922"
"1216","統一","8607141","700331882","81.70","82.00","80.70","81.50","-0.2000","7344"
"1217","愛之味","1899531","23333390","12.25","12.35","12.20","12.25","0.0000","665"
"1218","泰山","946454","21157282","22.45","22.70","22.20","22.25","-0.1500","761"
"1219","福壽","344667","6553047","19.00","19.05","18.90","19.00","0.0000","210"
"1220","台榮","197822","3021161","15.25","15.35","15.20","15.25","-0.1000","106"
"1225","福懋油","30540","2792419","91.20","91.90","91.20","91.60","-0.3000","45"
"1227","佳格","1638885","69806157","42.70","42.85","42.35","42.55","-0.1500","1651"
"1229","聯華","913297","61275474","67.20","67.30","66.90","67.20","0.0000","902"
"1231","聯華食","146338","15479173","106.50","106.50","105.00","106.00","0.0000","338"
"1232","大統益","60113","8765691","145.50","146.00","145.50","145.50","0.0000","130"
"1233","天仁","6243","212639","34.00","34.15","34.00","34.15","0.1500","27"
"1234","黑松","461555","20626787","44.40","45.20","44.40","44.75","0.7500","432"
"1235","興泰","4307","390889","90.70","90.90","90.70","90.70","0.0000","13"
"1236","宏亞","36939","897570","24.20","24.45","24.20","24.30","0.1500","164"
"1256","鮮活果汁-KY","9479","1892530","200.00","200.00","198.50","199.00","-1.0000","190"
"1301","台塑","20180093","1213176754","60.30","60.70","59.80","60.50","0.3000","11545"
"1303","南亞","15631850","783339200","50.40","50.60","49.90","50.30","0.0000","8101"
"1304","台聚","2132008","32251773","15.25","15.30","15.05","15.10","-0.1500","1716"
"1305","華夏","2538263","42423048","16.80","16.90","16.55","16.90","0.1000","1350"
"1307","三芳","407160","12611895","31.25","31.30","30.75","31.00","0.0000","504"
"1308","亞聚","1172842","20120934","17.30","17.35","17.00","17.20","-0.1000","2168"
"1309","台達化","483039","7422537","15.50","15.55","15.25","15.35","-0.1500","598"
"1310","台苯","611039","8027277","13.20","13.25","13.10","13.15","-0.0500","656"
"1312","國喬","2318302","32291371","14.20","14.20","13.85","13.90","-0.2000","1336"
"1312A","國喬特","16174","382857","23.70","23.70","23.60","23.70","0.0000","10"
"1313","聯成","1373167","17009877","12.50","12.50","12.30","12.40","0.0000","863"
"1314","中石化","21492868","219358300","10.20","10.30","10.10","10.20","0.0500","3430"
"1315","達新","10610","764099","72.30","72.30","71.90","71.90","-0.4000","26"
"1316","上曜","3292656","64236263","19.50","19.65","19.35","19.55","0.2000","1745"
"1319","東陽","7519239","915541851","119.00","126.00","117.00","123.00","4.0000","5761"
"1321","大洋","250241","9543323","38.10","38.40","37.95","38.35","0.1000","164"
"1323","永裕","46029","1398627","30.45","30.45","30.30","30.40","0.0000","66"
"1324","地球","184366","2480643","13.25","13.55","13.25","13.55","0.2500","229"
"1325","恆大","6430068","219115273","34.85","34.90","32.90","33.95","-0.7000","3723"
"1326","台化","8254402","424286251","51.70","52.20","50.90","51.60","0.0000","4738"
"1337","再生-KY","413035","3109326","7.65","7.65","7.46","7.49","-0.0400","332"
"1338","廣華-KY","81033","2670182","33.00","33.15","32.90","32.90","-0.0500","92"
"1339","昭輝","139143","9262860","66.30","67.00","66.30","66.40","0.2000","149"
"1340","勝悅-KY","145246","1447070","10.00","10.00","9.93","9.98","0.0000","389"
"1341","富林-KY","18874","1344372","71.80","71.80","70.80","70.80","-0.7000","155"
"1342","八貫","157745","17781517","113.00","113.50","112.50","112.50","0.0000","245"
"1402","遠東新","7023361","250942009","35.40","35.90","35.40","35.90","0.6500","4093"
"1409","新纖","3011786","49488688","16.55","16.60","16.35","16.40","-0.1000","1122"
"1410","南染","16451","621024","37.65","37.90","37.65","37.80","0.0000","18"
"1413","宏洲","92765","1027352","11.05","11.20","11.00","11.10","0.1000","73"
"1414","東和","595797","13207591","22.50","22.55","21.90","22.05","-0.4500","395"
"1416","廣豐","398288","4989722","12.60","12.60","12.45","12.55","0.0000","308"
"1417","嘉裕","154949","1746554","11.35","11.35","11.25","11.30","-0.0500","312"
"1418","東華","22216","656889","29.95","29.95","29.45","29.60","-0.4000","46"
"1419","新紡","204461","9723588","47.85","48.20","47.00","47.90","0.1000","164"
"1423","利華","90847","3642034","40.20","40.40","39.90","40.10","-0.0500","79"
"1432","大魯閣","128978","2278009","17.60","17.75","17.60","17.70","0.0000","297"
"1434","福懋","975207","22095730","22.75","22.75","22.55","22.75","0.1000","824"
"1435","中福","13526","629384","46.00","48.45","45.95","48.45","2.4500","23"
"1436","華友聯","137724","20527183","148.00","150.50","147.00","149.50","1.5000","144"
"1437","勤益控","339810","13356540","39.10","39.70","38.95","39.50","0.5000","231"
"1438","三地開發","311575","18590518","59.60","60.70","59.00","59.20","-0.3000","236"
"1439","雋揚","67528","2015763","30.00","30.25","29.55","29.65","-0.2500","60"
"1440","南紡","1459925","25726040","17.70","17.75","17.55","17.55","-0.1500","668"
"1441","大東","23407","313460","13.45","13.45","13.30","13.40","-0.0500","144"
"1442","名軒","1106649","68770194","62.20","63.00","61.60","62.00","-0.1000","785"
"1443","立益物流","45897","1462059","31.85","32.05","31.75","31.80","-0.0500","60"
"1444","力麗","827622","8061951","9.76","9.80","9.71","9.71","-0.0400","595"
"1445","大宇","1761216","36068516","20.90","20.95","20.20","20.25","0.0000","997"
"1446","宏和","2537717","133765092","55.40","55.40","51.20","52.00","-3.2000","1817"
"1447","力鵬","3738247","38967707","10.45","10.55","10.30","10.45","0.1500","1255"
"1449","佳和","238152","4314496","18.10","18.20","18.05","18.10","0.0500","126"
"1451","年興","136793","2842583","20.85","20.95","20.65","20.65","-0.2500","186"
"1452","宏益","142668","2449163","17.05","17.25","17.05","17.10","0.0500","63"
"1453","大將","1571216","44247380","28.00","28.55","27.85","28.10","0.3000","1018"
"1454","台富","53267","885745","16.65","16.85","16.55","16.60","-0.2500","36"
"1455","集盛","1295166","18533934","14.50","14.50","14.20","14.20","-0.1500","578"
"1456","怡華","212377","4363969","20.45","20.70","20.40","20.65","-0.0500","88"
"1457","宜進","419773","9374139","22.25","22.45","22.20","22.30","0.0500","264"
"1459","聯發","262834","2882333","10.75","11.25","10.75","10.95","0.0500","167"
"1460","宏遠","744591","5948700","8.06","8.06","7.95","7.98","-0.0800","383"
"1463","強盛","501937","10288580","20.15","20.85","20.15","20.45","0.3000","235"
"1464","得力","328636","4763082","14.65","14.65","14.45","14.45","-0.0500","224"
"1465","偉全","63944","965526","15.05","15.15","15.05","15.15","0.1000","78"
"1466","聚隆","93058","1170867","12.60","12.65","12.55","12.55","-0.1000","54"
"1467","南緯","281745","3187589","11.35","11.35","11.25","11.30","-0.0500","311"
"1468","昶和","49204","715415","14.55","14.65","14.45","14.65","0.1000","43"
"1470","大統新創","15000","303050","20.20","20.50","20.15","20.50","0.0000","9"
"1471","首利","786863","12638046","16.35","16.35","15.95","16.05","-0.0500","385"
"1472","三洋實業","36991","2675542","72.00","72.80","72.00","72.40","0.6000","187"
"1473","台南","3535733","168037769","47.20","48.65","47.00","47.30","-0.5000","2049"
"1474","弘裕","218175","3087911","14.35","14.35","14.00","14.10","-0.2000","170"
"1475","業旺","305748","18591269","61.60","61.60","60.30","61.00","-0.5000","210"
"1476","儒鴻","819833","432455927","532.00","533.00","523.00","527.00","-5.0000","1259"
"1477","聚陽","630872","241832899","383.00","386.00","381.00","381.50","-1.5000","750"
"1503","士電","16805425","4465702760","263.50","273.00","257.00","270.00","8.0000","14222"
"1504","東元","37108779","2007949993","55.20","55.30","53.60","53.90","0.0000","20276"
"1506","正道","200489","3313113","16.75","16.75","16.40","16.55","-0.2000","108"
"1512","瑞利","19799","179375","9.17","9.17","8.99","9.12","-0.0600","29"
"1513","中興電","21726772","4050528609","184.50","189.50","182.00","188.00","4.0000","16541"
"1514","亞力","52123139","7403111551","141.00","146.00","136.00","144.00","5.0000","36525"
"1515","力山","632795","28704253","45.70","45.70","45.15","45.50","0.1500","521"
"1516","川飛","716057","17155358","24.10","24.70","23.60","23.65","-0.1000","573"
"1517","利奇","505489","8533776","17.25","17.25","16.75","16.80","-0.3000","440"
"1519","華城","14062766","13005136332","912.00","951.00","889.00","945.00","40.0000","15829"
"1521","大億","32620","1285283","39.80","39.80","39.35","39.35","0.2000","49"
"1522","堤維西","6912470","474196639","68.30","69.30","67.70","68.80","0.9000","4510"
"1522A","堤維西甲特","8000","368500","46.00","46.10","46.00","46.10","0.0000","4"
"1524","耿鼎","2899092","101771754","35.25","35.40","34.80","35.35","0.4000","1630"
"1525","江申","25460","1958541","77.20","77.40","76.70","77.00","0.0000","37"
"1526","日馳","86701","2779507","31.90","32.30","31.90","32.20","0.3000","90"
"1527","鑽全","416779","18533418","44.70","44.80","44.30","44.45","-0.2000","440"
"1528","恩德","1301615","17122305","13.30","13.35","13.05","13.20","0.0500","762"
"1529","樂事綠能","784281","26277382","33.55","33.80","33.30","33.30","-0.1000","636"
"1530","亞崴","55293","1769793","32.05","32.20","31.90","32.00","0.0000","161"
"1531","高林股","156903","2270136","14.55","14.55","14.40","14.40","-0.1500","215"
"1532","勤美","2879892","143913412","49.40","51.00","49.10","49.50","0.1000","1908"
"1533","車王電","61213","2838308","46.70","46.70","46.10","46.40","-0.1500","77"
"1535","中宇","164136","11429489","70.40","70.40","69.40","69.90","0.0000","212"
"1536","和大","5008012","282746154","55.40","57.30","54.50","56.80","1.8000","3445"
"1537","廣隆","102584","15036819","148.00","148.00","146.00","147.00","0.5000","110"
"1538","正峰","44408","789607","18.80","18.80","17.40","17.50","-0.7000","41"
"1539","巨庭","155114","3725449","24.30","24.30","23.90","24.05","0.0500","103"
"1540","喬福","1153917","24103908","20.60","21.15","20.50","20.70","0.1500","582"
"1541","錩泰","13373","417976","31.15","31.45","31.15","31.45","0.1500","43"
"1558","伸興","66974","6768392","101.50","101.50","100.50","100.50","-1.0000","91"
"1560","中砂","2517998","734957155","290.50","298.00","288.50","288.50","0.0000","2508"
"1563","巧新","2141440","159946473","75.00","76.40","73.00","74.00","-1.0000","1024"
"1568","倉佑","272582","7723805","28.20","28.50","28.20","28.35","0.1500","175"
"1582","信錦","7013552","832423588","119.00","123.00","116.00","117.00","-1.0000","5079"
"1583","程泰","67073","4589687","69.30","69.30","68.00","68.30","-1.0000","87"
"1587","吉茂","5112064","331690251","66.10","67.80","62.70","63.60","-2.7000","3737"
"1589","永冠-KY","330762","14688797","44.95","44.95","44.20","44.55","-0.0500","684"
"1590","亞德客-KY","292815","304538365","1050.00","1050.00","1030.00","1040.00","5.0000","403"
"1597","直得","243113","16478872","68.50","68.80","67.40","67.40","-1.1000","384"
"1598","岱宇","146836","4529990","31.30","31.30","30.75","30.75","-0.2000","222"
"1603","華電","3541548","170663084","48.40","48.70","47.75","48.30","-0.5500","2551"
"1604","聲寶","235065","6731624","28.65","28.75","28.60","28.65","0.0000","240"
"1605","華新","11370556","420056806","37.00","37.15","36.70","37.10","0.2000","4848"
"1608","華榮","14437494","568044426","40.00","40.00","39.00","39.10","-0.8500","7832"
"1609","大亞","21847282","1175197559","54.00","54.40","53.00","54.10","0.4000","13513"
"1611","中電","10309636","191979083","18.65","19.20","18.10","18.80","0.1000","5254"
"1612","宏泰","3055175","118936193","38.85","39.20","38.55","39.20","0.4000","2079"
"1614","三洋電","165941","7473949","45.40","45.40","44.80","45.05","0.0500","149"
"1615","大山","519109","36213575","70.00","70.60","69.20","70.60","1.0000","588"
"1616","億泰","8897426","230894196","25.55","26.45","25.10","26.30","0.6000","5088"
"1617","榮星","3867058","100745640","26.65","26.65","25.70","26.10","-0.4500","2243"
"1618","合機","21181368","1243387099","58.50","60.00","57.10","60.00","1.3000","13811"
"1626","艾美特-KY","290359","4633668","15.90","16.10","15.75","16.10","0.2000","1013"
"1701","中化","919267","20877891","22.60","22.80","22.60","22.65","0.0500","508"
"1702","南僑","519236","30148261","58.00","58.40","57.60","58.10","0.5000","511"
"1707","葡萄王","450087","72882344","162.00","163.00","161.00","162.00","0.0000","764"
"1708","東鹼","692524","23098376","33.90","33.90","33.25","33.25","-0.4500","991"
"1709","和益","342346","7108361","20.75","20.85","20.60","20.75","-0.0500","304"
"1710","東聯","1197066","20552097","17.20","17.30","17.05","17.20","0.0000","720"
"1711","永光","941265","17984231","19.20","19.20","19.05","19.15","0.0500","613"
"1712","興農","665249","28291414","42.20","42.80","42.20","42.35","0.1000","707"
"1713","國化","531568","30014363","55.40","57.40","55.30","57.20","1.7000","437"
"1714","和桐","3191719","32065388","10.05","10.10","10.00","10.10","0.1000","1038"
"1717","長興","1911947","58574932","30.65","30.80","30.50","30.80","0.2500","904"
"1718","中纖","2169520","17179964","7.99","7.99","7.90","7.91","-0.0200","840"
"1720","生達","392453","27961737","70.80","71.50","70.80","71.50","0.8000","405"
"1721","三晃","572038","8234753","14.45","14.50","14.30","14.45","0.1000","381"
"1722","台肥","1778500","114551348","64.10","64.80","64.00","64.40","0.2000","1052"
"1723","中碳","642643","70074142","109.50","110.00","108.50","108.50","-0.5000","682"
"1725","元禎","519624","24285350","46.40","47.65","45.80","46.10","0.1000","450"
"1726","永記","13019","1057039","81.00","81.50","80.90","81.10","0.2000","21"
"1727","中華化","322970","9489083","29.70","29.70","29.20","29.40","-0.0500","229"
"1730","花仙子","27074","1521317","56.20","56.30","56.10","56.30","0.1000","55"
"1731","美吾華","270621","6979784","25.70","25.85","25.70","25.75","0.0500","171"
"1732","毛寶","1922061","58711710","31.00","31.15","30.00","30.55","-0.8000","1307"
"1733","五鼎","156643","5225894","33.70","33.70","33.20","33.25","-0.2000","172"
"1734","杏輝","1146875","43996193","38.55","38.55","38.20","38.35","0.1000","1195"
"1735","日勝化","31719","567680","17.90","18.05","17.85","17.90","0.0000","27"
"1736","喬山","422591","36616943","87.60","87.60","86.10","86.40","-0.7000","1102"
"1737","臺鹽","468760","15819412","33.80","33.85","33.70","33.80","0.0000","402"
"1752","南光","221230","11777728","53.60","53.60","53.00","53.10","-0.4000","238"
"1760","寶齡富錦","310108","30609257","99.20","99.80","98.30","98.30","0.3000","430"
"1762","中化生","448424","22495429","49.60","50.50","49.60","49.90","0.2500","417"
"1773","勝一","556638","89144671","163.00","163.00","158.50","160.50","-1.0000","700"
"1776","展宇","100658","1783661","17.50","18.20","17.45","18.00","0.5000","115"
"1783","和康生","540011","24931301","45.60","46.80","45.35","46.35","1.1000","743"
"1786","科妍","1416983","181616899","127.00","130.00","126.00","127.50","1.5000","1863"
"1789","神隆","706792","20477826","29.15","29.20","28.85","29.10","0.0000","542"
"1795","美時","5139359","1505583010","291.00","295.00","290.00","291.50","4.5000","7815"
"1802","台玻","59252120","1210688873","20.65","21.00","19.90","19.90","-0.3500","20573"
"1805","寶徠","298823","6085628","20.90","20.90","20.10","20.35","-0.0500","171"
"1806","冠軍","492577","5308617","10.90","10.95","10.75","10.75","-0.0500","253"
"1808","潤隆","1684330","192778581","115.50","115.50","113.50","114.00","-1.0000","1989"
"1809","中釉","2180234","53797834","25.00","25.30","24.40","24.65","-0.2000","1249"
"1810","和成","816627","15164925","18.80","18.80","18.50","18.50","-0.2500","475"
"1817","凱撒衛","131831","5249752","39.85","39.95","39.70","39.75","-0.0500","82"
"1903","士紙","354812","21926695","62.40","62.40","61.50","61.90","-0.2000","304"
"1904","正隆","589080","17081083","29.00","29.05","28.95","29.05","0.0500","757"
"1905","華紙","1490834","32446435","21.85","21.90","21.65","21.85","0.0500","892"
"1906","寶隆","129689","2051957","15.90","15.90","15.75","15.80","-0.1000","277"
"1907","永豐餘","1115161","33519131","30.00","30.30","29.90","30.00","0.1000","761"
"1909","榮成","3360538","46753474","14.05","14.05","13.85","13.90","-0.1500","1283"
"2002","中鋼","21144628","495287555","23.45","23.55","23.35","23.40","-0.0500","9734"
"2002A","中鋼特","20120","878136","43.70","43.70","43.60","43.70","0.0500","17"
"2006","東和鋼鐵","2999877","205609874","69.70","69.70","68.20","68.20","-1.0000","2531"
"2007","燁興","774316","9079163","11.95","11.95","11.60","11.75","-0.1000","354"
"2008","高興昌","35629","883001","24.70","25.00","24.70","24.85","0.0000","49"
"2009","第一銅","2033621","102315738","51.00","51.00","50.10","50.10","-0.6000","2030"
"2010","春源","1055870","21266325","20.30","20.30","20.05","20.10","-0.1500","505"
"2012","春雨","78006","1903118","24.30","24.70","24.15","24.70","0.4000","104"
"2013","中鋼構","239626","14011838","58.90","58.90","58.20","58.50","-0.1000","272"
"2014","中鴻","2581364","56640073","22.10","22.15","21.85","21.95","-0.1000","1486"
"2015","豐興","217560","15879605","72.90","73.10","72.50","73.10","0.6000","161"
"2017","官田鋼","1003925","14863785","15.00","15.05","14.70","14.75","-0.2000","561"
"2020","美亞","775455","27914335","35.90","36.10","35.85","36.00","0.1000","628"
"2022","聚亨","721576","8174385","11.40","11.45","11.20","11.40","0.1000","444"
"2023","燁輝","1187412","18060900","15.40","15.40","15.15","15.20","-0.1000","793"
"2024","志聯","32859","717708","22.05","22.05","21.80","21.80","-0.2500","77"
"2025","千興","14114361","178832517","13.55","13.55","12.35","12.40","-1.3000","4696"
"2027","大成鋼","5088928","187431534","37.00","37.00","36.75","36.90","-0.1000","3113"
"2028","威致","258320","6765980","26.25","26.50","26.05","26.50","0.3000","197"
"2029","盛餘","139703","3876079","27.70","27.90","27.65","27.90","0.2000","110"
"2030","彰源","352530","6398692","18.25","18.30","18.05","18.10","-0.1000","321"
"2031","新光鋼","13527951","899563165","69.00","69.00","64.90","65.30","-4.3000","12556"
"2032","新鋼","155913","2677239","17.35","17.35","17.10","17.10","-0.3000","136"
"2033","佳大","198771","3156753","15.95","16.20","15.70","16.00","0.1500","124"
"2034","允強","350753","8880190","25.55","25.55","25.25","25.35","0.0500","282"
"2038","海光","516646","10486975","20.70","20.70","20.15","20.25","-0.3000","393"
"2049","上銀","1964606","409317932","212.00","212.50","206.50","209.00","-1.5000","2537"
"2059","川湖","865091","1023525000","1200.00","1220.00","1165.00","1170.00","-25.0000","1859"
"2062","橋椿","242414","6790263","28.10","28.20","27.90","28.10","0.0000","193"
"2069","運錩","56218","924997","16.50","16.50","16.40","16.45","-0.0500","44"
"2101","南港","5579597","313589554","56.10","56.80","55.50","56.70","0.8000","3087"
"2102","泰豐","290600","5935059","20.50","20.55","20.35","20.50","0.0000","174"
"2103","台橡","1356269","32349931","23.95","24.00","23.75","23.95","0.0000","544"
"2104","國際中橡","999567","17340760","17.40","17.45","17.25","17.45","0.0500","568"
"2105","正新","7949658","394305468","49.95","50.10","49.05","50.00","0.4500","5048"
"2106","建大","539110","17803333","33.60","33.60","32.90","33.10","0.0500","635"
"2107","厚生","470843","12645514","26.85","27.00","26.75","26.90","0.1000","304"
"2108","南帝","639165","23022420","36.20","36.25","35.80","36.05","0.0000","575"
"2109","華豐","941997","17789379","19.20","19.25","18.70","18.80","-0.3500","689"
"2114","鑫永銓","59157","6025450","101.50","102.00","101.50","101.50","0.5000","103"
"2115","六暉-KY","57254","1916052","33.75","33.75","33.40","33.45","0.0000","45"
"2201","裕隆","3362010","232190283","69.00","69.70","68.50","69.30","0.8000","2317"
"2204","中華","1181445","149477112","128.00","128.00","125.50","126.50","0.0000","1172"
"2206","三陽工業","13103679","1046046003","79.00","80.70","78.10","80.30","1.8000","8720"
"2207","和泰車","368528","234229971","633.00","638.00","632.00","636.00","3.0000","635"
"2208","台船","2119678","37339816","17.70","17.75","17.55","17.65","0.0500","1352"
"2211","長榮鋼","1288887","192191582","146.50","150.50","146.50","149.00","2.5000","950"
"2227","裕日車","54853","7536505","135.50","138.50","135.50","138.50","2.0000","153"
"2228","劍麟","375540","42312897","112.00","114.00","111.50","113.00","1.0000","356"
"2231","為升","330658","42051814","126.50","128.50","126.50","127.00","0.0000","370"
"2233","宇隆","276419","38048480","137.00","138.50","136.00","138.00","1.5000","313"
"2236","百達-KY","1106189","88579336","79.10","81.50","78.20","80.40","2.0000","619"
"2239","英利-KY","89713","4830160","54.00","54.00","53.60","54.00","0.0000","83"
"2241","艾姆勒","2273067","102713817","45.90","46.35","44.25","44.75","-1.0000","1667"
"2243","宏旭-KY","713767","14110383","19.80","20.20","19.50","19.50","0.0500","486"
"2247","汎德永業","154366","49741125","322.00","323.50","321.00","321.50","-1.0000","315"
"2250","IKKA-KY","342941","35706249","105.00","106.00","103.00","103.50","0.0000","347"
"2254","巨鎧精密-創","19188","1536964","80.70","80.80","79.30","79.30","-0.3000","14"
"2258","鴻華先進-創","562130","25691445","45.45","46.50","44.85","46.50","1.5500","244"
"2301","光寶科","16427505","1740474774","108.00","108.00","105.00","105.50","-2.5000","10247"
"2302","麗正","276138","5038326","18.45","18.50","18.15","18.20","-0.1500","250"
"2303","聯電","47867829","2712852151","56.70","57.00","56.20","56.80","0.1000","21448"
"2305","全友","618181","14751144","24.00","24.20","23.55","23.55","-0.4000","421"
"2308","台達電","11262783","3917633543","345.50","351.50","343.50","348.00","0.0000","11694"
"2312","金寶","16636051","302908893","18.50","18.50","18.05","18.10","-0.1500","6532"
"2313","華通","21035785","1530101523","72.40","73.70","71.70","73.50","1.9000","8783"
"2314","台揚","3307739","111263670","34.10","34.50","33.00","33.90","0.0500","2528"
"2316","楠梓電","2654422","129587797","49.20","49.30","48.10","49.10","0.5500","2773"
"2317","鴻海","91639720","18241736778","200.50","201.00","197.00","198.50","-1.5000","65643"
"2321","東訊","18558","308177","16.60","17.35","16.00","16.65","0.3500","20"
"2323","中環","7813989","96666501","12.50","12.55","12.30","12.35","-0.1000","2281"
"2324","仁寶","13214795","477115187","36.05","36.30","36.00","36.05","0.2000","6176"
"2327","國巨","2804146","1995563988","705.00","717.00","704.00","712.00","7.0000","5774"
"2328","廣宇","5174796","206655672","40.25","40.30","39.65","39.85","0.1500","2970"
"2329","華泰","3895316","238097672","61.90","61.90","60.70","61.00","-0.2000","2912"
"2330","台積電","39064419","36880056901","944.00","950.00","940.00","943.00","22.0000","55783"
"2331","精英","6114550","208982790","34.60","34.60","33.95","34.00","-0.3000","3391"
"2332","友訊","1232862","22427962","18.25","18.30","18.10","18.15","-0.0500","688"
"2337","旺宏","16615789","450339973","27.00","27.50","26.55","27.45","0.7000","8076"
"2338","光罩","1257470","92784044","75.30","75.30","73.30","73.60","-0.6000","1981"
"2340","台亞","3630955","150604286","41.50","42.15","40.90","41.50","0.8000","2559"
"2342","茂矽","638100","21467908","34.00","34.00","33.25","33.80","0.2500","581"
"2344","華邦電","115729482","3041966233","25.95","26.85","25.50","26.80","1.3000","35918"
"2345","智邦","1334394","724590384","543.00","549.00","536.00","545.00","2.0000","1618"
"2347","聯強","8116731","688387502","83.20","85.70","82.80","85.00","2.2000","4446"
"2348","海悅","3301038","780772096","225.00","244.50","225.00","239.50","16.0000","5678"
"2348A","海悅甲特","23543","791042","33.60","33.60","33.60","33.60","0.0000","22"
"2349","錸德","2037560","18613601","9.22","9.23","9.07","9.16","0.0000","836"
"2351","順德","15251119","2058754485","140.00","144.00","128.00","138.50","-1.0000","11232"
"2352","佳世達","8096832","306405743","38.05","38.10","37.70","37.95","0.0500","4709"
"2353","宏碁","43034770","2137301815","50.70","50.80","49.30","49.40","-1.1000","22286"
"2354","鴻準","12956271","890087325","68.80","69.50","68.10","68.20","0.1000","8684"
"2355","敬鵬","12499884","595121516","47.40","48.50","46.80","47.25","0.6000","7712"
"2356","英業達","12632319","692451611","54.90","55.30","54.40","54.80","0.3000","7352"
"2357","華碩","3598073","1781377218","492.00","497.50","490.50","496.00","7.0000","4126"
"2359","所羅門","16695217","2816656189","169.00","173.00","165.00","165.50","-2.5000","19158"
"2360","致茂","5150362","1626711535","310.50","324.00","308.50","322.50","11.5000","3917"
"2362","藍天","2954825","163956760","56.00","56.20","55.10","55.20","-0.3000","1908"
"2363","矽統","32152039","1918681342","59.90","60.60","58.80","58.80","-0.4000","19263"
"2364","倫飛","154183","13174671","86.60","86.60","84.10","84.10","-2.1000","182"
"2365","昆盈","10640344","408897655","38.50","38.50","37.60","38.50","3.5000","4915"
"2367","燿華","15083235","542927075","36.10","36.45","35.75","35.85","0.0000","7045"
"2368","金像電","5456472","1041727051","191.00","195.00","188.50","191.00","2.0000","5493"
"2369","菱生","1811373","41307578","23.00","23.20","22.60","22.80","0.0000","1169"
"2371","大同","89613565","5407703435","61.20","61.30","59.50","60.10","-0.2000","46655"
"2373","震旦行","37219","2771517","74.50","74.60","74.30","74.50","0.2000","100"
"2374","佳能","10733740","564153650","53.60","54.30","51.50","52.10","-1.0000","6889"
"2375","凱美","533011","38143501","72.40","72.50","71.00","71.20","-0.8000","532"
"2376","技嘉","6619713","2029177899","308.00","309.50","304.00","308.50","1.5000","6870"
"2377","微星","4937119","878982146","180.00","181.00","177.00","178.00","-1.5000","3843"
"2379","瑞昱","2633464","1474699202","561.00","567.00","556.00","561.00","0.0000","5169"
"2380","虹光","255637","1832114","7.35","7.35","7.08","7.16","-0.1300","319"
"2382","廣達","20750060","6030325838","290.00","293.00","287.00","291.00","2.5000","19567"
"2383","台光電","2393407","1082104029","456.00","458.00","448.00","451.00","1.0000","3104"
"2385","群光","12395631","2188822086","185.00","185.00","173.00","175.00","0.0000","11040"
"2387","精元","466793","27946366","60.20","60.20","59.60","59.80","-0.2000","420"
"2388","威盛","14251814","1831507289","130.00","132.00","126.00","128.50","2.5000","10886"
"2390","云辰","435191","5979340","13.95","13.95","13.65","13.70","-0.1000","373"
"2392","正崴","28119423","2240421667","79.20","82.70","77.00","77.40","-1.3000","18454"
"2393","億光","4948999","393609554","78.50","80.30","78.20","79.70","2.2000","3902"
"2395","研華","939018","347177851","368.50","372.00","367.00","370.00","2.5000","1299"
"2397","友通","327481","24666301","75.50","76.00","74.60","75.00","-0.1000","307"
"2399","映泰","966062","21042609","22.10","22.20","21.60","21.75","-0.1500","569"
"2401","凌陽","4418951","156188003","35.90","35.95","35.10","35.25","-0.3500","2647"
"2402","毅嘉","3333532","117527441","36.20","36.20","34.95","35.00","-0.6000","2265"
"2404","漢唐","868467","313926367","364.00","365.50","358.00","360.00","0.0000","1322"
"2405","輔信","7492291","156015521","20.70","21.20","20.40","20.90","0.3000","3247"
"2406","國碩","3094639","68470274","22.50","22.50","21.90","22.15","-0.2000","1751"
"2408","南亞科","57862868","4077572355","68.50","72.00","68.40","72.00","4.1000","32273"
"2409","友達","34915606","643320142","18.55","18.60","18.25","18.45","-0.1000","8244"
"2412","中華電","5801601","741840751","128.00","128.00","127.00","128.00","0.5000","3606"
"2413","環科","160375","3858087","24.40","24.40","23.90","24.15","-0.0500","143"
"2414","精技","188011","7169249","38.10","38.25","38.05","38.20","0.0000","194"
"2415","錩新","58006","1565729","26.95","27.15","26.75","26.95","0.0000","73"
"2417","圓剛","1887024","83969463","44.55","45.25","44.15","44.25","-0.4500","1685"
"2419","仲琦","660291","20284891","30.90","31.25","30.60","30.70","-0.2000","613"
"2420","新巨","3194696","221727748","68.70","70.80","67.50","68.70","0.8000","2696"
"2421","建準","2312570","253913260","110.00","111.00","108.50","111.00","2.0000","1691"
"2423","固緯","625155","27152255","43.70","43.95","43.10","43.20","-0.5000","506"
"2424","隴華","22623","688212","29.70","30.90","29.70","30.65","0.9500","25"
"2425","承啟","437095","16627086","38.10","38.35","37.85","38.00","0.1000","342"
"2426","鼎元","824231","15811551","19.50","19.50","19.00","19.20","-0.2000","563"
"2427","三商電","2897207","86678919","29.95","30.25","29.70","29.70","-0.2500","1930"
"2428","興勤","874933","159546567","183.00","184.00","181.00","183.00","0.0000","2692"
"2429","銘旺科","2054095","53694220","26.55","26.95","23.80","26.70","2.2000","1146"
"2430","燦坤","72448","2575790","35.55","35.60","35.50","35.55","0.0000","123"
"2431","聯昌","274066","3324021","12.20","12.20","12.10","12.10","-0.1000","148"
"2432","倚天酷碁-創","28250","1075425","38.05","38.35","37.95","38.35","0.0000","22"
"2433","互盛電","34645","1847038","53.30","53.50","53.20","53.30","0.0000","79"
"2434","統懋","16523","550385","33.60","33.60","33.25","33.40","-0.1000","25"
"2436","偉詮電","1188556","76110262","65.00","65.00","63.50","64.30","-0.7000","1451"
"2438","翔耀","3667679","148204412","41.20","41.65","38.65","38.65","-0.7000","1984"
"2439","美律","1700569","217200942","128.00","128.50","126.50","128.50","1.0000","1433"
"2440","太空梭","363567","6097728","17.05","17.05","16.60","16.85","0.0000","244"
"2441","超豐","446927","27829401","62.40","62.40","62.10","62.30","0.2000","416"
"2442","新美齊","1268323","39572574","31.20","31.70","31.00","31.00","-0.0500","799"
"2444","兆勁","882560","11913801","13.60","13.60","13.40","13.60","0.1500","361"
"2449","京元電子","44412540","4582499890","102.00","105.00","101.00","104.50","5.0000","22264"
"2450","神腦","434912","17476656","40.45","40.45","40.00","40.15","-0.0500","335"
"2451","創見","3637520","482651491","129.00","134.50","128.50","133.00","6.0000","4229"
"2453","凌群","699788","43415123","62.40","62.50","61.70","62.40","0.5000","619"
"2454","聯發科","7868192","10966483070","1375.00","1405.00","1375.00","1405.00","25.0000","11141"
"2455","全新","4887059","797539378","165.00","166.50","161.00","161.50","-1.0000","4382"
"2457","飛宏","2323249","119108875","51.50","51.90","50.60","51.50","0.2000","2163"
"2458","義隆","1059826","170929592","162.00","163.00","160.00","161.00","1.0000","999"
"2459","敦吉","191995","14215678","73.20","74.60","73.20","74.60","1.1000","196"
"2460","建通","853352","28878744","34.05","34.40","33.60","33.75","0.0500","571"
"2461","光群雷","553791","13835135","25.10","25.25","24.90","24.95","-0.1000","400"
"2462","良得電","424047","15186295","36.35","36.35","35.60","35.70","-0.5000","381"
"2464","盟立","13102295","850654135","65.80","67.00","63.60","64.10","-1.1000","9436"
"2465","麗臺","1224787","154600744","126.50","128.50","125.00","126.00","0.5000","1243"
"2466","冠西電","26140","964849","37.00","37.20","36.70","37.15","0.3000","42"
"2467","志聖","1418812","190257797","134.50","136.50","132.00","134.50","1.0000","1349"
"2468","華經","164164","4382641","26.80","27.00","26.60","26.60","0.0000","128"
"2471","資通","95724","5490808","57.50","57.50","57.20","57.30","0.0000","156"
"2472","立隆電","994755","79703674","80.50","80.90","79.50","79.80","-0.4000","931"
"2474","可成","1283926","294209463","229.50","230.50","227.50","229.50","1.5000","2155"
"2476","鉅祥","15762547","1806695489","111.00","118.00","111.00","114.00","6.5000","10050"
"2477","美隆電","48887","1070972","21.75","22.00","21.75","21.90","0.1500","62"
"2478","大毅","331814","17798728","53.70","54.20","53.10","53.80","0.8000","303"
"2480","敦陽科","426684","53998193","127.00","127.00","126.00","126.00","-1.0000","416"
"2481","強茂","1281194","75866143","59.80","60.00","58.80","59.40","-0.1000","1033"
"2482","連宇","1737084","67097111","39.30","39.30","38.20","38.65","-0.5000","1257"
"2483","百容","100001","2538375","25.55","25.60","25.30","25.35","-0.1500","75"
"2484","希華","299604","9597184","32.05","32.15","31.95","32.00","0.1000","239"
"2485","兆赫","1136851","23687384","21.25","21.25","20.65","20.85","-0.2000","869"
"2486","一詮","33319742","4016863615","125.50","126.50","115.00","119.50","-5.5000","19727"
"2488","漢平","248421","11894707","48.35","48.35","47.75","47.80","-0.3500","444"
"2489","瑞軒","9845421","191980358","19.80","19.80","19.25","19.55","-0.1500","4976"
"2491","吉祥全","112486","1714100","15.30","15.35","15.15","15.20","-0.1000","90"
"2492","華新科","3166189","376333530","120.50","120.50","117.50","119.00","-0.5000","3750"
"2493","揚博","169387","15974890","94.10","94.60","94.00","94.10","0.2000","181"
"2495","普安","4841723","137540997","28.40","29.15","27.65","28.20","0.0000","2585"
"2496","卓越","22249","1655932","75.10","75.10","74.20","74.70","-0.3000","47"
"2497","怡利電","282821","16582943","58.70","58.90","58.20","58.90","0.3000","394"
"2498","宏達電","5681932","261622122","46.35","46.65","45.60","45.70","-0.3500","4288"
"2501","國建","5906927","194834292","33.05","33.25","32.65","33.00","0.1500","3058"
"2504","國產","6055596","296537321","49.00","49.35","48.70","48.75","0.3000","4223"
"2505","國揚","691478","18978587","27.50","27.80","27.25","27.35","-0.1000","474"
"2506","太設","1893942","22799755","12.15","12.25","11.95","12.00","-0.1500","706"
"2509","全坤建","322692","7757712","23.95","24.20","23.85","24.00","0.0500","311"
"2511","太子","1815397","22196062","12.35","12.35","12.15","12.20","-0.1000","729"
"2514","龍邦","1141170","27972031","24.55","24.70","24.10","24.50","0.0500","675"
"2515","中工","20681810","325269301","15.90","15.90","15.60","15.70","-0.1000","6346"
"2516","新建","1336783","15689452","12.00","12.05","11.60","11.80","-0.1500","523"
"2520","冠德","6011872","352906387","57.70","59.30","57.10","59.30","1.8000","3692"
"2524","京城","423487","23686658","55.50","56.80","55.50","55.70","-0.1000","300"
"2527","宏璟","1714799","78390519","45.15","46.50","44.95","45.95","0.5500","1145"
"2528","皇普","434277","20446236","47.30","47.75","46.80","47.05","0.1000","286"
"2530","華建","856984","41391736","48.05","48.70","47.80","48.35","0.3000","533"
"2534","宏盛","860517","22773182","26.50","26.70","26.30","26.55","0.0500","425"
"2535","達欣工","216334","12163253","56.70","56.70","56.10","56.20","-0.3000","386"
"2536","宏普","559177","19495034","34.95","35.30","34.70","34.75","-0.3000","458"
"2537","聯上發","9539205","218224187","22.90","23.25","22.60","22.70","-0.2000","3941"
"2538","基泰","4346746","80776741","19.00","19.15","18.30","18.45","-0.5000","1301"
"2539","櫻花建","685829","50624066","73.10","74.40","72.70","74.00","0.9000","453"
"2540","愛山林","1303498","242847690","181.00","190.00","181.00","188.00","6.0000","1930"
"2542","興富發","9949423","515506335","52.30","52.50","51.30","51.60","-0.5000","9904"
"2543","皇昌","4491052","214865900","48.95","49.20","47.20","47.45","-1.3500","3111"
"2545","皇翔","754494","43373621","57.20","58.10","57.00","57.40","0.3000","526"
"2546","根基","181699","17273485","94.70","95.70","94.70","94.70","0.2000","248"
"2547","日勝生","2489299","27827862","11.10","11.30","11.10","11.15","0.1000","744"
"2548","華固","2987910","558472981","189.00","189.50","185.50","186.50","0.5000","15019"
"2597","潤弘","433742","82586578","188.00","192.50","187.50","190.50","3.5000","526"
"2601","益航","1716004","13791910","8.09","8.09","8.02","8.02","-0.0300","822"
"2603","長榮","17698328","3529802102","202.00","202.50","198.00","199.00","-1.0000","12183"
"2605","新興","5248314","159235226","30.60","30.70","30.10","30.30","-0.1500","2921"
"2606","裕民","4701902","262887352","56.10","56.20","55.40","56.00","0.2000","3240"
"2607","榮運","3175602","101137822","32.00","32.05","31.75","31.75","-0.1500","1279"
"2608","嘉里大榮","2924469","122613194","42.00","42.25","41.70","42.00","0.0000","1387"
"2609","陽明","52474711","3889092341","74.30","74.80","73.30","74.10","0.4000","25755"
"2610","華航","113356479","2680205815","23.15","23.90","23.15","23.35","0.4000","26932"
"2611","志信","2606600","87842380","33.75","33.90","33.50","33.85","0.2500","1650"
"2612","中航","236993","11099004","47.10","47.15","46.65","46.70","-0.2000","255"
"2613","中櫃","5612278","250915960","45.25","45.90","44.00","44.50","-0.5500","4098"
"2614","東森","885332","17272870","19.65","19.65","19.40","19.55","-0.1000","685"
"2615","萬海","48055629","4330038946","90.00","91.60","88.80","88.80","-0.3000","28710"
"2616","山隆","597594","14496050","24.10","24.45","24.10","24.35","0.2500","655"
"2617","台航","1765055","64096624","36.75","36.75","36.15","36.35","-0.0500","980"
"2618","長榮航","162897875","6089279249","36.40","37.80","36.40","37.30","1.1000","46414"
"2630","亞航","829677","32424971","39.65","39.65","38.80","39.05","-0.2500","609"
"2633","台灣高鐵","2616342","78285611","29.90","30.00","29.85","29.95","0.0500","1504"
"2634","漢翔","3311852","174903711","53.10","53.20","52.60","52.80","-0.1000","2214"
"2636","台驊投控","854513","85681278","101.00","101.50","99.80","99.90","-0.1000","775"
"2637","慧洋-KY","2385030","165183427","69.70","69.70","69.00","69.30","0.2000","1912"
"2642","宅配通","44154","1667535","37.70","37.80","37.70","37.70","0.0000","241"
"2645","長榮航太","769760","86908702","114.00","114.00","112.50","112.50","-1.0000","806"
"2701","萬企","220188","2878827","13.20","13.20","13.05","13.10","0.0000","116"
"2702","華園","93398","1795420","19.45","19.45","19.15","19.25","-0.1000","315"
"2704","國賓","645163","46975342","72.00","73.40","71.60","73.00","1.4000","648"
"2705","六福","484529","9757366","20.20","20.30","20.05","20.10","-0.2000","367"
"2706","第一店","98534","1549865","15.70","15.75","15.65","15.70","0.0000","143"
"2707","晶華","695441","158265855","228.50","228.50","225.50","227.50","2.5000","492"
"2712","遠雄來","8200","246919","29.55","30.20","29.55","30.20","-0.1500","10"
"2722","夏都","129643","7649602","59.20","59.90","58.60","58.80","-0.4000","168"
"2723","美食-KY","798080","70716935","89.20","89.20","88.20","88.30","0.0000","920"
"2727","王品","274511","65701051","239.00","240.50","238.50","238.50","-0.5000","602"
"2731","雄獅","699747","108090259","155.00","156.00","153.50","154.00","0.0000","1111"
"2739","寒舍","464866","29940576","64.50","65.10","64.10","64.10","0.0000","654"
"2748","雲品","238875","16746652","69.90","70.40","69.90","70.00","0.1000","215"
"2753","八方雲集","207864","34395577","165.50","166.00","165.00","165.50","0.5000","322"
"2762","世界健身-KY","108053","9902359","91.40","92.20","91.40","92.00","0.5000","223"
"2801","彰銀","11523863","209681258","18.25","18.25","18.15","18.25","0.0500","2906"
"2809","京城銀","9105369","593746189","63.40","66.50","63.20","66.00","2.5000","5420"
"2812","台中銀","2700237","49944468","18.45","18.55","18.45","18.50","0.0500","1404"
"2816","旺旺保","379311","12870242","33.80","34.20","33.80","33.80","-0.0500","240"
"2820","華票","1116402","17333372","15.50","15.55","15.45","15.55","0.0500","470"
"2832","台產","1528528","41587569","27.25","27.30","27.10","27.15","0.0000","601"
"2834","臺企銀","38313845","667162895","17.25","17.60","17.20","17.55","0.3000","8546"
"2836","高雄銀","2956554","34873825","11.75","11.85","11.75","11.85","0.1000","954"
"2836A","高雄銀甲特","8070","173505","21.50","21.50","21.50","21.50","0.0000","6"
"2838","聯邦銀","1170328","18514708","15.80","15.90","15.75","15.90","0.1000","480"
"2838A","聯邦銀甲特","34001","1813554","53.40","53.40","53.30","53.40","0.0000","16"
"2845","遠東銀","5568575","87635746","15.75","15.80","15.65","15.80","0.1000","1164"
"2849","安泰銀","54647","783206","14.20","14.40","14.20","14.35","0.1500","50"
"2850","新產","752355","70989579","93.50","94.80","93.50","94.40","0.4000","769"
"2851","中再保","2217034","57794458","26.10","26.15","26.00","26.15","0.0500","879"
"2852","第一保","528353","13024193","24.45","24.80","24.40","24.80","0.2500","272"
"2855","統一證","10143568","286706720","27.65","28.50","27.55","28.50","0.9000","4095"
"2867","三商壽","13581009","100438411","7.35","7.47","7.33","7.39","0.0600","3190"
"2880","華南金","20040360","518150734","25.70","26.00","25.60","26.00","0.3500","5935"
"2881","富邦金","12496913","957159920","76.60","77.00","76.20","77.00","1.0000","7539"
"2881A","富邦特","34481","2165158","62.80","62.80","62.70","62.80","0.0000","24"
"2881B","富邦金乙特","32648","1936906","59.40","59.60","59.20","59.50","-0.1000","68"
"2881C","富邦金丙特","53176","2853615","53.70","53.70","53.60","53.70","0.0000","84"
"2882","國泰金","28883921","1687775769","58.00","58.90","58.00","58.90","1.4000","11009"
"2882A","國泰特","51207","3146220","61.40","61.50","61.40","61.50","0.1000","23"
"2882B","國泰金乙特","119875","7053958","58.90","59.00","58.80","59.00","-0.1000","52"
"2883","開發金","55371989","850902037","15.25","15.50","15.25","15.45","0.3000","10857"
"2883B","開發金乙特","2517478","19166792","7.61","7.63","7.59","7.63","0.0400","428"
"2884","玉山金","20559712","592572673","28.70","28.90","28.65","28.85","0.1500","6536"
"2885","元大金","13744396","449480771","32.50","32.90","32.35","32.90","0.6000","7023"
"2886","兆豐金","14745226","589323858","39.90","40.10","39.85","40.10","0.3000","6691"
"2887","台新金","22384791","417232469","18.75","18.75","18.60","18.65","-0.0500","10302"
"2887E","台新戊特","89193","4686833","52.60","52.70","52.50","52.50","-0.1000","58"
"2887F","台新戊特二","43914","2092895","47.65","47.70","47.65","47.65","0.0000","17"
"2887Z1","台新己特","37886","633822","16.75","16.85","16.70","16.75","-0.1000","52"
"2888","新光金","126024824","1195105917","9.40","9.67","9.35","9.65","0.2300","16323"
"2888A","新光金甲特","78979","2362653","29.90","29.95","29.90","29.95","0.1000","46"
"2888B","新光金乙特","182507","5476158","30.00","30.05","29.95","30.05","0.1000","62"
"2889","國票金","5642522","87579498","15.55","15.55","15.45","15.55","0.0500","1944"
"2890","永豐金","27961336","685724712","24.05","24.75","24.05","24.70","0.6500","7647"
"2891","中信金","38448234","1449852863","37.45","37.90","37.25","37.90","0.6500","13969"
"2891B","中信金乙特","79847","4791615","60.00","60.20","60.00","60.20","0.1000","33"
"2891C","中信金丙特","4459","261744","58.70","58.80","58.70","58.80","0.0000","28"
"2892","第一金","10220707","286432745","28.00","28.10","27.90","28.10","0.1500","3646"
"2897","王道銀行","5318571","55754560","10.45","10.50","10.45","10.45","0.0500","746"
"2897A","王道銀甲特","98000","1024100","10.45","10.45","10.45","10.45","0.0000","22"
"2901","欣欣","44497","1214966","27.10","27.90","27.10","27.85","0.8000","102"
"2903","遠百","4143940","134749293","31.85","32.90","31.80","32.60","0.7000","2243"
"2904","匯僑","62164","1202629","19.40","19.45","19.25","19.30","-0.0500","92"
"2905","三商","905598","14889383","16.35","16.55","16.30","16.50","0.2000","439"
"2906","高林","779668","16198031","20.80","20.95","20.70","20.75","0.0000","385"
"2908","特力","415811","8563301","20.85","20.85","20.40","20.65","-0.1000","250"
"2910","統領","21000","568950","27.40","27.40","27.00","27.15","0.1000","19"
"2911","麗嬰房","129754","898831","6.93","7.02","6.90","6.94","0.0100","282"
"2912","統一超","1282358","350456858","271.50","274.50","271.00","273.50","2.0000","1973"
"2913","農林","2535011","55583168","22.00","22.15","21.75","22.00","0.0500","1073"
"2915","潤泰全","5028774","344213160","67.60","69.30","67.30","68.60","1.1000","2107"
"2923","鼎固-KY","81424","2330382","27.60","29.25","27.60","29.05","1.0500","104"
"2929","淘帝-KY","373810","3569633","9.65","9.66","9.43","9.50","-0.0600","200"
"2939","凱羿-KY","160136","3826092","24.30","24.45","23.55","24.45","-0.0500","115"
"2945","三商家購","12467","551460","44.20","44.45","44.10","44.10","-0.1000","19"
"3002","歐格","129282","2002821","15.60","15.60","15.40","15.40","-0.1500","104"
"3003","健和興","566862","44157695","78.70","79.20","77.20","77.90","-0.6000","1455"
"3004","豐達科","128026","13282050","105.00","105.00","103.00","104.00","0.0000","147"
"3005","神基","6864940","807499115","118.00","119.50","116.50","117.50","0.0000","5571"
"3006","晶豪科","13862370","1392980836","102.50","103.00","98.10","99.40","-0.5000","10013"
"3008","大立光","1808296","4809784850","2640.00","2700.00","2625.00","2660.00","50.0000","5917"
"3010","華立","915882","121776628","134.00","134.00","131.50","133.00","0.0000","955"
"3011","今皓","375405","11286840","30.40","30.40","30.00","30.05","-0.1000","200"
"3013","晟銘電","15635921","1467757774","95.30","96.50","91.80","91.80","-2.7000","12775"
"3014","聯陽","951731","168655427","179.50","180.00","176.00","176.00","-1.0000","1993"
"3015","全漢","927603","62375018","67.80","67.80","66.80","67.50","0.3000","757"
"3016","嘉晶","2374914","160905477","67.00","69.00","66.10","68.00","1.2000","2077"
"3017","奇鋐","10752849","7704775312","734.00","737.00","703.00","713.00","-10.0000","14453"
"3018","隆銘綠能","13426","204819","15.25","15.25","15.20","15.20","0.1000","83"
"3019","亞光","2257412","161015243","72.80","72.80","70.80","71.00","-0.6000","1581"
"3021","鴻名","252441","6099897","23.90","24.45","23.90","24.25","0.4500","163"
"3022","威強電","605266","49717965","83.00","83.00","81.90","82.00","-0.6000","541"
"3023","信邦","404184","117794149","296.50","296.50","290.00","291.00","-4.0000","5207"
"3024","憶聲","1580635","32767262","20.90","20.95","20.65","20.65","-0.2000","885"
"3025","星通","2601446","182868589","68.50","72.00","67.80","70.30","1.9000","2597"
"3026","禾伸堂","299796","29737471","99.40","99.40","98.90","99.00","-0.1000","253"
"3027","盛達","573506","23166287","41.25","41.25","40.05","40.15","-0.6500","469"
"3028","增你強","303342","10840923","35.80","35.80","35.70","35.75","-0.0500","320"
"3029","零壹","2713565","227788408","84.00","85.70","83.10","84.20","1.1000","2222"
"3030","德律","2840472","490347345","174.00","177.00","169.50","172.50","0.0000","4035"
"3031","佰鴻","248594","5312339","21.35","21.60","21.20","21.35","0.0000","172"
"3032","偉訓","583934","41964678","72.00","72.50","71.70","71.80","0.0000","468"
"3033","威健","2739690","103523534","37.80","38.15","37.50","37.90","0.2500","1669"
"3034","聯詠","3956320","2453470916","628.00","630.00","613.00","617.00","-5.0000","8415"
"3035","智原","20587575","6775121400","334.00","339.50","321.00","326.00","0.0000","23828"
"3036","文曄","2427428","278567447","115.00","115.50","114.00","115.00","0.5000","2207"
"3036A","文曄甲特","64101","3032297","47.30","47.35","47.25","47.30","0.0000","29"
"3037","欣興","14937465","2820250018","186.00","191.50","185.00","190.00","6.0000","11939"
"3038","全台","309580","9923545","32.20","32.25","31.95","32.00","0.0500","286"
"3040","遠見","253121","9218686","37.10","37.20","36.10","36.40","-0.7000","292"
"3041","揚智","6227396","148959093","24.20","24.60","23.50","23.80","-0.3000","2937"
"3042","晶技","4649243","554002159","119.50","121.00","118.00","118.50","-0.5000","2760"
"3043","科風","188570","5954550","31.35","31.95","31.05","31.90","0.8000","185"
"3044","健鼎","2598294","559342898","214.50","216.50","213.50","215.50","2.5000","2207"
"3045","台灣大","3731463","400584153","107.50","107.50","107.00","107.50","0.0000","1959"
"3046","建碁","237547","15127062","64.20","64.60","63.20","63.50","-0.6000","331"
"3047","訊舟","10327853","259794734","25.50","25.60","24.85","24.95","-0.2500","5068"
"3048","益登","26860110","1037687070","37.90","39.45","37.40","39.15","1.2500","16719"
"3049","精金","1551290","13221109","8.65","8.67","8.48","8.51","-0.0900","711"
"3050","鈺德","806986","17343974","21.10","21.85","21.10","21.20","0.1500","516"
"3051","力特","976572","32249865","33.50","33.55","32.90","33.00","-0.3500","761"
"3052","夆典","544960","7184874","13.30","13.30","13.10","13.20","0.0500","306"
"3054","立萬利","14164","283687","20.05","20.10","19.90","20.10","0.0500","13"
"3055","蔚華科","5010299","456553398","88.10","92.50","87.80","90.60","2.4000","4157"
"3056","富華新","1054983","36393014","34.60","34.70","34.35","34.65","0.1500","1096"
"3057","喬鼎","319742","4623637","14.50","14.80","14.10","14.60","0.1000","287"
"3058","立德","3259326","70924361","21.75","22.10","21.45","21.60","-0.1000","1711"
"3059","華晶科","3067358","122929078","40.35","40.70","39.75","39.90","-0.3000","2161"
"3060","銘異","3448430","112753253","33.20","33.65","32.20","32.25","-0.7500","2771"
"3062","建漢","40822472","1154287017","27.00","29.15","26.60","29.15","2.6500","17241"
"3090","日電貿","822949","56381958","69.00","69.10","68.20","68.50","-0.3000","685"
"3092","鴻碩","122424","3927733","32.20","32.20","32.00","32.00","-0.0500","139"
"3094","聯傑","525480","16594799","31.80","32.10","31.35","31.50","-0.2500","327"
"3130","一零四","14339","3363541","234.50","235.00","234.50","234.50","0.0000","79"
"3138","耀登","305146","40471693","133.00","135.00","130.00","130.50","-1.5000","417"
"3149","正達","2723633","77013832","28.95","28.95","27.90","28.10","-0.8500","2398"
"3164","景岳","24863","596888","24.00","24.10","23.90","23.95","0.0500","111"
"3167","大量","161560","9326999","57.90","58.40","57.30","57.80","0.1000","149"
"3168","眾福科","87201","5527401","63.30","64.10","63.00","64.10","0.8000","92"
"3189","景碩","1507669","139958072","92.20","93.60","92.00","92.90","0.9000","1189"
"3209","全科","339880","12249335","36.25","36.25","35.95","36.05","-0.0500","382"
"3229","晟鈦","929002","25014861","25.95","27.35","25.60","27.35","2.4500","705"
"3231","緯創","25223356","2699585586","107.50","108.00","106.50","107.00","0.5000","14274"
"3257","虹冠電","171492","10420581","61.50","61.60","60.40","60.40","-0.9000","275"
"3266","昇陽","908667","23012229","25.65","25.85","25.00","25.25","-0.3500","520"
"3296","勝德","1473207","39781271","27.05","27.60","26.20","27.15","0.0500","1009"
"3305","昇貿","1091512","81724714","75.30","75.90","74.50","75.20","0.2000","967"
"3308","聯德","1870241","56268559","28.65","30.85","28.55","30.85","2.8000","1443"
"3311","閎暉","209728","8242905","39.25","39.40","39.15","39.40","0.1500","156"
"3312","弘憶股","6810786","515209136","74.90","77.80","74.20","77.80","4.3000","4748"
"3321","同泰","1039804","20731660","20.35","20.35","19.75","20.20","-0.1500","774"
"3338","泰碩","1785781","150394743","84.60","85.50","83.70","83.90","-0.6000","1575"
"3346","麗清","686950","29529280","43.40","43.50","42.65","42.95","0.0000","586"
"3356","奇偶","1651886","113028668","68.30","69.30","67.60","68.40","0.7000","1450"
"3376","新日興","23007250","5483016659","257.50","261.00","232.00","232.00","-25.5000","22165"
"3380","明泰","1399906","48512362","35.10","35.30","34.40","34.50","-0.2500","1241"
"3406","玉晶光","3720706","2343588764","647.00","647.00","618.00","630.00","2.0000","4200"
"3413","京鼎","535334","163624930","307.00","308.00","304.00","307.00","0.5000","1387"
"3416","融程電","388731","59132781","150.00","153.00","150.00","152.00","2.0000","318"
"3419","譁裕","2481391","45850036","19.00","19.10","18.05","18.05","-0.2000","1257"
"3432","台端","1031755","31135744","29.00","31.60","28.30","31.30","2.4000","782"
"3437","榮創","1174396","33129213","28.40","28.60","28.05","28.15","-0.3500","1094"
"3443","創意","6259164","10469217675","1650.00","1690.00","1640.00","1680.00","140.0000","11733"
"3447","展達","63136","2057929","32.85","33.00","32.20","32.70","0.2500","51"
"3450","聯鈞","47772086","4813689108","96.00","104.00","95.80","104.00","9.2000","28594"
"3454","晶睿","142959","20017047","140.50","141.00","139.50","139.50","-1.0000","207"
"3481","群創","98565768","1394978596","14.30","14.30","14.00","14.25","0.0500","19936"
"3494","誠研","154722","1054473","6.80","6.85","6.80","6.80","-0.0500","66"
"3501","維熹","671811","51414064","77.30","77.30","76.10","76.30","-0.2000","1018"
"3504","揚明光","276899","16268432","60.00","60.00","58.40","58.40","-1.1000","493"
"3515","華擎","1034484","247475464","244.00","244.00","237.00","239.50","-2.5000","9093"
"3518","柏騰","619620","19821620","31.70","32.70","30.90","32.00","0.5000","394"
"3528","安馳","35058","1729865","49.80","49.80","49.20","49.25","0.0000","36"
"3530","晶相光","303534","32717763","109.00","109.00","107.00","107.00","-1.5000","250"
"3532","台勝科","1227243","214483145","173.00","176.00","173.00","174.50","3.5000","1580"
"3533","嘉澤","647291","1120959780","1755.00","1760.00","1710.00","1725.00","-5.0000","1244"
"3535","晶彩科","15667905","551658581","33.20","36.30","33.20","34.50","1.5000","7968"
"3543","州巧","90220","2082772","23.30","23.30","22.95","23.30","0.3500","65"
"3545","敦泰","1590949","142282195","90.00","90.20","88.80","89.40","0.2000","1765"
"3550","聯穎","98352","1500101","15.30","15.45","15.20","15.25","-0.2000","62"
"3557","嘉威","273026","19711400","72.80","72.80","71.80","72.10","-0.6000","360"
"3563","牧德","534167","213660664","409.00","410.50","395.00","395.00","-10.5000","939"
"3576","聯合再生","2591039","30288999","11.80","11.90","11.65","11.65","-0.1000","1470"
"3583","辛耘","2300458","796112678","345.50","351.00","343.00","344.00","3.5000","2563"
"3588","通嘉","523798","45215339","88.10","88.50","85.20","86.00","-1.1000","946"
"3591","艾笛森","2732386","84242964","30.70","31.40","30.20","31.40","0.4000","1841"
"3592","瑞鼎","409415","174636607","426.50","432.00","422.00","423.50","-2.0000","711"
"3593","力銘","433863","5740970","13.90","13.90","12.75","13.40","-0.5000","315"
"3596","智易","1235516","203745717","166.00","166.00","164.00","164.00","-0.5000","1156"
"3605","宏致","2127968","99294464","48.40","48.40","45.65","45.80","-2.1000","1674"
"3607","谷崧","720258","13027167","17.70","18.50","17.55","18.15","0.4500","405"
"3617","碩天","778311","221518534","282.00","288.00","280.50","284.50","6.0000","2133"
"3622","洋華","40312741","3291872885","86.80","87.30","76.30","83.00","-1.1000","23868"
"3645","達邁","467798","19582392","42.60","42.60","41.60","41.85","-0.3000","321"
"3652","精聯","543061","18775809","35.30","35.30","34.25","34.35","-0.6500","390"
"3653","健策","914710","932966780","1080.00","1080.00","1005.00","1015.00","-50.0000","1653"
"3661","世芯-KY","3440991","9478176865","2785.00","2845.00","2690.00","2735.00","-10.0000","9107"
"3665","貿聯-KY","8738582","2935424187","350.00","350.00","325.00","333.50","-17.5000","8360"
"3669","圓展","151833","7937978","53.50","53.50","51.90","52.00","-0.8000","133"
"3673","TPK-KY","13805289","539599227","37.75","39.50","37.50","39.40","2.0500","5169"
"3679","新至陞","99585","13283796","132.00","134.00","132.00","133.50","1.5000","138"
"3686","達能","354181","6767681","19.15","19.30","19.00","19.10","-0.0500","265"
"3694","海華","670436","34402120","52.30","52.30","51.00","51.00","-0.5000","687"
"3701","大眾控","352832","18136714","51.90","51.90","51.10","51.60","0.2000","271"
"3702","大聯大","5860100","514125118","86.90","88.50","86.40","88.40","2.1000","3739"
"3702A","大聯大甲特","81722","4001776","49.00","49.05","48.90","49.00","-0.0500","30"
"3703","欣陸","2188031","80110156","36.85","36.85","36.30","36.65","0.1500","1571"
"3704","合勤控","829236","33384336","40.75","40.80","40.00","40.20","-0.2500","664"
"3705","永信","305813","16602020","54.20","54.50","54.00","54.50","0.3000","272"
"3706","神達","5439639","248436428","45.80","46.10","45.30","45.70","0.1500","3239"
"3708","上緯投控","2597780","353195632","139.00","139.50","134.00","136.50","-1.5000","2436"
"3711","日月光投控","12547295","2127003419","166.50","171.50","166.00","171.00","4.0000","13829"
"3712","永崴投控","2433744","123713565","50.70","51.40","50.30","50.60","0.0000","1993"
"3714","富采","2039919","92574649","45.55","45.65","45.00","45.50","0.2500","1405"
"3715","定穎投控","3697845","229614540","63.00","63.00","61.40","62.40","0.4000","3825"
"4104","佳醫","137174","12405917","90.40","90.70","90.10","90.60","0.2000","286"
"4106","雃博","128773","3599073","28.05","28.15","27.80","27.95","-0.1000","263"
"4108","懷特","186510","3723054","20.00","20.00","19.80","19.95","0.0000","239"
"4119","旭富","95703","8653408","90.80","90.80","90.20","90.40","-0.4000","245"
"4133","亞諾法","452637","15123922","33.50","33.85","33.15","33.45","0.2000","467"
"4137","麗豐-KY","137247","22787180","167.50","167.50","165.00","165.50","-2.0000","226"
"4142","國光生","5576621","161186515","28.20","29.70","28.15","28.55","1.2000","3057"
"4148","全宇生技-KY","49284","2471209","49.80","51.20","49.65","51.00","1.2000","42"
"4155","訊映","468335","12043293","25.65","26.00","25.45","26.00","0.4500","332"
"4164","承業醫","1234451","67240202","55.20","55.40","54.00","54.60","-0.4000","1290"
"4190","佐登-KY","517095","26878210","52.30","53.30","51.10","51.30","-1.3000","618"
"4306","炎洲","3544379","73000205","20.70","20.85","20.45","20.70","0.2000","1359"
"4414","如興","837389","2599615","3.14","3.18","3.09","3.11","-0.0100","138"
"4426","利勤","164990","2803127","17.10","17.10","16.90","16.90","-0.2000","190"
"4438","廣越","39499","4524215","114.00","115.00","114.00","115.00","1.0000","49"
"4439","冠星-KY","49159","5345828","109.00","109.50","108.00","108.00","-1.0000","42"
"4440","宜新實業","124741","3179180","25.40","25.70","25.30","25.50","0.1000","83"
"4526","東台","26387968","668078653","23.55","25.90","23.25","25.90","2.3500","8667"
"4532","瑞智","4874672","142662914","29.75","29.75","29.00","29.55","-0.2500","3089"
"4536","拓凱","161158","32481396","203.00","203.00","200.50","203.00","1.0000","254"
"4540","全球傳動","299579","9658825","32.20","32.70","32.00","32.25","0.0500","211"
"4545","銘鈺","983760","56065220","57.00","57.00","56.50","57.00","5.1000","555"
"4551","智伸科","172904","19850750","117.00","117.00","113.00","114.50","-0.5000","190"
"4552","力達-KY","150321","4226175","28.10","28.20","28.00","28.20","0.1000","106"
"4555","氣立","333343","20277565","58.50","63.80","56.50","63.00","5.0000","381"
"4557","永新-KY","325683","39349673","120.00","122.50","120.00","120.50","1.0000","335"
"4560","強信-KY","130721","4870545","37.10","37.85","36.95","37.40","0.4000","78"
"4562","穎漢","60064211","3189279983","53.20","56.60","50.00","50.00","-1.5000","33084"
"4564","元翎","441041","10345941","23.50","23.60","23.35","23.50","0.0000","369"
"4566","時碩工業","40971255","3922076497","101.00","102.00","89.50","89.50","-9.9000","23834"
"4569","六方科-KY","23507","2435928","101.50","105.50","101.50","103.50","2.5000","28"
"4571","鈞興-KY","813937","113240788","141.00","145.00","135.00","136.50","-3.5000","747"
"4572","駐龍","136685","20857538","153.00","153.50","152.00","152.50","0.5000","188"
"4576","大銀微系統","166838","12756595","77.00","77.50","75.70","75.70","-1.1000","171"
"4581","光隆精密-KY","50803","3160787","62.40","62.40","62.00","62.20","-0.2000","55"
"4583","台灣精銳","686390","204193829","285.00","304.00","284.50","297.00","13.5000","2160"
"4588","玖鼎電力","1005987","116588034","119.00","119.00","113.00","116.50","-2.5000","1004"
"4720","德淵","714847","14606091","20.65","20.65","20.30","20.40","-0.2500","483"
"4722","國精化","196496","8831793","45.30","45.40","44.75","44.85","-0.1000","222"
"4736","泰博","361067","62121778","173.00","173.00","170.50","173.00","1.5000","1373"
"4737","華廣","23000","1584400","68.60","69.20","68.60","68.70","0.3000","17"
"4739","康普","257055","17074118","66.40","66.90","66.10","66.20","-0.2000","265"
"4746","台耀","943808","92779623","98.00","99.00","97.50","98.00","0.5000","803"
"4755","三福化","72515","10060728","139.00","139.50","138.00","138.50","-0.5000","135"
"4763","材料-KY","952047","802208022","848.00","857.00","836.00","836.00","-2.0000","2499"
"4764","雙鍵","40515","1678871","41.00","42.00","41.00","41.95","0.4500","89"
"4766","南寶","943252","339097176","358.00","362.00","354.00","361.00","7.5000","928"
"4770","上品","333376","128009836","387.00","391.50","380.00","384.50","0.5000","751"
"4771","望隼","507384","154386625","296.00","310.00","294.00","306.00","10.0000","1311"
"4807","日成-KY","11208","190049","16.85","17.30","16.85","17.00","0.1000","19"
"4904","遠傳","4430440","372918715","84.70","84.70","83.90","84.00","-0.6000","7639"
"4906","正文","7736215","295109479","38.95","38.95","37.80","37.85","-0.7500","4761"
"4912","聯德控股-KY","3410504","460013929","137.00","140.00","126.00","128.50","-1.5000","2885"
"4915","致伸","6236418","708123081","113.00","115.00","110.00","114.00","1.5000","4691"
"4916","事欣科","246647","7435664","30.55","30.55","30.05","30.15","-0.1500","210"
"4919","新唐","2432032","310614789","129.00","129.00","127.00","128.00","1.0000","2338"
"4927","泰鼎-KY","1092117","41850864","39.00","39.00","38.05","38.20","-0.7000","786"
"4930","燦星網","92735","3146393","34.00","34.20","33.80","33.80","-0.1000","132"
"4934","太極","636371","14030340","22.40","22.40","21.90","22.00","-0.2500","385"
"4935","茂林-KY","197364","12631424","64.20","64.40","63.60","63.60","-0.1000","211"
"4938","和碩","9415639","1099112780","117.00","118.00","115.50","116.50","0.0000","4566"
"4942","嘉彰","159164","7406596","46.55","46.60","46.45","46.60","0.1000","165"
"4943","康控-KY","29073","589227","20.65","20.65","19.95","20.15","0.1500","38"
"4949","有成精密","117200","3249453","28.00","28.00","27.40","27.75","-0.5500","108"
"4952","凌通","1972528","133291215","69.30","69.60","66.70","66.90","-1.6000","1963"
"4956","光鋐","4815146","116749404","23.55","24.85","23.30","24.60","1.3000","2571"
"4958","臻鼎-KY","19660740","2501728999","122.50","130.00","122.50","130.00","8.5000","11832"
"4960","誠美材","1913115","26802425","14.20","14.20","13.90","14.00","-0.1000","1003"
"4961","天鈺","5776675","1646536641","282.00","294.00","278.50","280.50","-1.5000","20186"
"4967","十銓","34841323","5231200634","155.00","157.50","145.50","149.50","-12.0000","25727"
"4968","立積","10162685","2394632179","235.00","240.00","230.00","233.00","-0.5000","8213"
"4976","佳凌","6781619","308535394","47.55","47.55","44.20","45.50","-3.0000","4520"
"4977","眾達-KY","4644537","372895248","79.30","82.40","78.30","78.50","-0.8000","5073"
"4989","榮科","135545","3378201","25.10","25.20","24.80","24.80","-0.3500","177"
"4994","傳奇","491497","63925548","127.00","132.00","127.00","129.00","0.0000","463"
"4999","鑫禾","85720","3076553","35.95","36.30","35.70","35.85","-0.1000","205"
"5007","三星","29221","1661472","56.90","57.00","56.80","56.80","0.0000","30"
"5203","訊連","419138","45091667","109.00","110.00","106.00","106.00","-2.0000","1430"
"5215","科嘉-KY","53101","2728307","51.60","51.80","51.20","51.20","-0.2000","55"
"5222","全訊","309125","49856247","163.00","163.00","160.50","160.50","-1.5000","366"
"5225","東科-KY","1311755","140483036","108.50","108.50","106.00","107.50","-1.0000","1106"
"5234","達興材料","396380","62384669","159.00","159.50","156.50","157.00","-1.0000","476"
"5243","乙盛-KY","5695263","373412535","65.80","67.00","64.70","65.00","-1.2000","4793"
"5244","弘凱","111371","5194980","46.40","47.30","46.30","46.70","0.0000","95"
"5258","虹堡","3228940","434146736","136.00","138.00","130.50","133.50","-0.5000","3116"
"5269","祥碩","1273286","2874024435","2245.00","2295.00","2225.00","2250.00","40.0000","2661"
"5283","禾聯碩","122440","13184037","108.00","108.00","107.50","108.00","-0.5000","257"
"5284","jpp-KY","845810","108635196","129.50","131.00","127.00","127.50","-0.5000","728"
"5285","界霖","236515","16289940","69.90","70.00","68.10","68.60","-1.1000","325"
"5288","豐祥-KY","36132","7419612","205.50","206.00","204.50","205.00","-0.5000","36"
"5292","華懋","145291","25162250","177.00","177.50","171.50","171.50","-3.0000","226"
"5306","桂盟","267309","38078335","143.50","144.50","141.50","141.50","-1.5000","231"
"5388","中磊","3191562","360836636","114.50","115.00","112.50","112.50","-1.5000","2796"
"5434","崇越","967608","270726952","277.50","281.50","276.50","280.00","3.5000","1928"
"5469","瀚宇博","1792811","99320027","55.80","55.80","55.10","55.50","0.0000","1406"
"5471","松翰","280550","14669974","52.50","52.70","52.00","52.30","0.0000","305"
"5484","慧友","2056068","125349170","60.50","65.00","58.70","63.50","2.5000","1534"
"5515","建國","1260132","30510816","24.35","24.55","23.95","24.20","-0.1000","706"
"5519","隆大","4447533","215413594","47.10","49.80","47.10","49.20","0.0000","2662"
"5521","工信","1604650","20300259","12.75","12.75","12.60","12.60","-0.1500","641"
"5522","遠雄","2380411","203201691","85.10","86.60","84.50","85.20","0.0000","2055"
"5525","順天","75383","2697714","35.85","36.05","35.60","36.00","0.4500","63"
"5531","鄉林","1410891","15871288","11.20","11.40","11.20","11.20","0.0500","618"
"5533","皇鼎","298077","7147058","24.10","24.10","23.90","23.90","-0.2500","188"
"5534","長虹","518922","61758536","118.50","120.00","117.50","119.50","1.0000","439"
"5538","東明-KY","14750","475250","32.90","32.90","31.95","32.15","0.0000","25"
"5546","永固-KY","48342","1540162","32.15","32.20","31.60","31.95","-0.2000","38"
"5607","遠雄港","929480","53406974","57.20","57.90","57.20","57.40","0.5000","818"
"5608","四維航","3776905","80486398","21.30","21.50","21.10","21.45","0.3000","1977"
"5706","鳳凰","557842","43668094","78.80","79.50","77.60","77.90","-0.7000","2077"
"5871","中租-KY","5868112","944214962","161.50","162.00","159.50","161.50","0.5000","5817"
"5871A","中租-KY甲特","38224","3706027","97.00","97.00","96.90","96.90","-0.3000","24"
"5876","上海商銀","3856874","176109062","45.60","45.80","45.35","45.75","0.3500","1748"
"5880","合庫金","8934053","232797067","26.00","26.15","25.95","26.15","0.1500","4541"
"5906","台南-KY","55270","3697428","68.30","68.30","65.40","66.00","-0.1000","28"
"5907","大洋-KY","77938","692801","8.85","8.99","8.85","8.86","0.0200","50"
"6005","群益證","10427238","254289964","24.45","24.60","24.20","24.50","0.2000","3284"
"6024","群益期","2502511","142677778","57.30","57.40","56.50","57.10","0.0000","1766"
"6108","競國","150085","3081690","20.55","20.65","20.45","20.50","-0.1500","124"
"6112","邁達特","2492305","160129709","63.20","64.90","62.40","64.80","1.9000","1944"
"6115","鎰勝","500778","29070439","57.90","58.40","57.70","58.40","0.7000","407"
"6116","彩晶","10836829","106587093","9.99","9.99","9.78","9.81","-0.1000","3282"
"6117","迎廣","1677528","223908466","132.50","135.50","132.00","134.50","2.0000","1374"
"6120","達運","3678339","59115729","16.30","16.35","15.90","16.20","0.0000","1461"
"6128","上福","208698","7981279","38.45","38.45","38.10","38.15","-0.3000","207"
"6133","金橋","379313","5854381","15.80","15.80","15.30","15.55","-0.1000","219"
"6136","富爾特","172755","3991030","23.10","23.25","23.00","23.15","0.0500","120"
"6139","亞翔","8703985","2008860103","229.00","236.00","227.00","227.50","1.0000","8195"
"6141","柏承","116210","1900344","16.55","16.55","16.20","16.30","-0.1000","77"
"6142","友勁","236850","2342370","9.88","9.94","9.85","9.90","-0.0200","137"
"6152","百一","9052054","118615755","12.55","13.75","12.25","13.70","1.2000","3138"
"6153","嘉聯益","1113816","23222390","21.00","21.00","20.65","20.90","0.0500","639"
"6155","鈞寶","654721","19199204","29.70","29.75","29.15","29.20","-0.5000","527"
"6164","華興","1793624","29077780","16.35","16.40","16.05","16.30","-0.0500","804"
"6165","浪凡","339815","13626232","40.30","40.95","39.70","39.85","-0.2000","308"
"6166","凌華","4092062","325544286","80.00","82.00","78.00","80.60","1.3000","3375"
"6168","宏齊","567826","13654597","24.40","24.40","23.90","23.90","-0.3500","341"
"6176","瑞儀","4016569","870670039","216.50","220.00","213.50","219.50","3.0000","8314"
"6177","達麗","1344203","79724763","58.70","59.90","58.60","59.30","0.6000","1096"
"6183","關貿","21033","1548323","73.60","73.80","73.40","73.80","0.3000","49"
"6184","大豐電","116322","6471308","55.80","55.90","55.40","55.50","-0.3000","150"
"6189","豐藝","2274325","206034935","90.70","91.20","89.80","91.10","1.0000","1905"
"6191","精成科","2489904","173039257","70.00","70.20","69.00","69.00","-0.9000","2122"
"6192","巨路","362000","46183528","129.50","129.50","126.00","126.00","-3.5000","456"
"6196","帆宣","644177","105955991","165.00","165.50","164.00","165.00","1.0000","992"
"6197","佳必琪","8418812","1636989102","198.00","200.00","191.00","194.00","0.5000","6254"
"6201","亞弘電","41360","2617239","63.60","63.60","63.10","63.20","-0.3000","44"
"6202","盛群","628970","37766176","60.40","60.70","59.70","59.80","-0.2000","716"
"6205","詮欣","94730","7065650","74.70","74.80","74.40","74.60","-0.5000","143"
"6206","飛捷","472341","44397372","93.00","94.60","92.90","94.30","1.5000","484"
"6209","今國光","2613131","83407516","32.45","32.50","31.70","31.70","-0.5500","1529"
"6213","聯茂","9644133","1085915794","115.00","115.50","110.00","113.00","-2.0000","6646"
"6214","精誠","1280464","166476601","128.50","131.50","127.50","130.00","3.0000","1142"
"6215","和椿","3035681","176601965","58.80","59.40","57.40","57.50","-0.8000","2463"
"6216","居易","2172002","100585239","46.80","47.05","45.70","47.05","0.2500","1583"
"6224","聚鼎","71172","3822547","54.20","54.20","53.50","53.70","-0.3000","103"
"6225","天瀚","16997","279704","16.65","17.10","16.25","17.10","-0.9500","22"
"6226","光鼎","552795","6023949","11.05","11.10","10.75","10.90","-0.1500","322"
"6230","尼得科超眾","1059367","337310252","325.00","328.50","314.00","317.00","-6.0000","1395"
"6235","華孚","1604802","141161022","88.70","88.90","87.30","87.60","-0.8000","2682"
"6239","力成","3012659","570749743","190.00","191.50","187.00","190.50","2.0000","5192"
"6243","迅杰","424413","27221503","64.90","64.90","63.80","63.80","-0.4000","432"
"6257","矽格","2811434","227259106","81.10","81.60","80.40","80.50","0.0000","1977"
"6269","台郡","2330270","202612944","86.60","87.90","86.60","86.90","0.5000","1804"
"6271","同欣電","1533827","235089897","154.00","156.00","152.00","153.00","-0.5000","1357"
"6277","宏正","51810","4288094","82.70","82.90","82.70","82.80","0.1000","79"
"6278","台表科","2857592","348537958","123.00","123.50","120.50","122.50","0.5000","2517"
"6281","全國電","73792","6208327","84.10","84.20","84.10","84.20","0.0000","122"
"6282","康舒","36499215","1433112000","38.10","39.75","37.60","39.70","1.8000","18929"
"6283","淳安","381527","11263707","29.55","29.80","29.40","29.60","0.1500","282"
"6285","啟碁","2338370","374527556","160.50","162.00","159.00","160.00","0.0000","2896"
"6288","聯嘉","1282269","39863978","31.35","31.60","30.90","30.95","-0.3000","836"
"6405","悅城","124255","3061259","24.75","24.90","24.50","24.50","-0.3500","82"
"6409","旭隼","190606","335889680","1755.00","1775.00","1745.00","1760.00","0.0000","294"
"6412","群電","1158385","159129217","139.00","140.00","136.00","136.50","-1.5000","1024"
"6414","樺漢","2623063","876067577","338.00","340.00","330.50","330.50","-5.5000","2869"
"6415","矽力*-KY","2801001","1432273349","520.00","525.00","502.00","510.00","-15.0000","3398"
"6416","瑞祺電通","221761","28148304","126.50","127.50","126.00","127.50","1.0000","262"
"6423","億而得-創","66595","6531710","98.90","99.00","97.50","97.50","-1.5000","66"
"6426","統新","170396","11747626","70.00","70.00","68.50","68.50","-0.7000","492"
"6431","光麗-KY","83035","1000465","12.00","12.25","11.95","12.15","0.2000","54"
"6438","迅得","430846","49414344","115.50","115.50","114.00","115.00","0.0000","399"
"6442","光聖","524814","156716533","307.50","307.50","295.00","297.50","-11.5000","681"
"6443","元晶","2236385","60672894","27.35","27.35","27.05","27.05","0.0000","1303"
"6446","藥華藥","2514671","1245620359","489.50","499.00","489.50","493.00","5.5000","3466"
"6449","鈺邦","10482064","1543124002","152.50","154.50","141.00","148.00","-2.0000","7398"
"6451","訊芯-KY","7632517","1870529062","238.50","249.50","236.00","249.50","22.5000","4502"
"6456","GIS-KY","1037813","70744892","68.80","68.80","67.70","68.40","-0.2000","1065"
"6464","台數科","31802","2689759","84.60","84.90","84.40","84.90","0.3000","39"
"6472","保瑞","1587998","1241165848","774.00","788.00","772.00","781.00","9.0000","2238"
"6477","安集","207994","7714096","37.35","37.35","37.00","37.10","-0.1000","178"
"6491","晶碩","1207019","586320530","475.00","493.00","474.50","491.50","16.5000","1783"
"6504","南六","101812","7539098","74.30","74.70","73.20","74.40","0.0000","256"
"6505","台塑化","4722463","308824800","65.50","65.80","65.10","65.20","-0.1000","3163"
"6515","穎崴","707854","721319321","1005.00","1045.00","996.00","1025.00","28.0000","1111"
"6525","捷敏-KY","104293","6900173","66.30","66.50","66.00","66.00","-0.3000","104"
"6526","達發","2307840","1881318924","815.00","834.00","801.00","810.00","5.0000","3796"
"6531","愛普*","1875425","670836567","358.00","361.00","353.50","358.50","4.0000","2119"
"6533","晶心科","1220692","525191476","428.00","434.50","427.00","430.00","7.0000","1735"
"6534","正瀚-創","67050","5670920","84.10","85.90","83.60","85.90","1.4000","53"
"6541","泰福-KY","118491","4700268","39.10","40.60","39.10","39.70","-0.7000","149"
"6550","北極星藥業-KY","867207","61324079","71.00","71.20","70.10","70.70","0.1000","794"
"6552","易華電","2808081","175085629","62.00","63.80","61.00","63.20","0.8000","2553"
"6558","興能高","1018506","26840454","25.40","26.75","25.40","26.55","1.3000","740"
"6573","虹揚-KY","61070","870151","14.20","14.40","14.15","14.25","-0.1000","43"
"6579","研揚","449927","81298295","181.00","182.50","178.50","181.50","1.0000","585"
"6581","鋼聯","7459","771681","103.00","104.00","103.00","103.50","0.5000","17"
"6582","申豐","127735","6913225","54.10","54.70","53.50","54.40","0.6000","153"
"6585","鼎基","726588","140587776","195.50","196.00","191.00","192.00","-3.0000","1840"
"6591","動力-KY","351776","21604400","61.90","62.00","61.10","61.10","-0.5000","421"
"6592","和潤企業","565490","64259258","114.00","114.50","113.00","114.00","0.0000","713"
"6592A","和潤企業甲特","465","45956","","","","","0.0000","6"
"6592B","和潤企業乙特","14987","1432538","95.60","95.60","95.50","95.60","0.1000","26"
"6598","ABC-KY","1017541","25308271","24.10","25.30","24.10","25.30","2.3000","460"
"6605","帝寶","646940","153371329","234.50","240.00","232.00","238.00","5.5000","814"
"6606","建德工業","126101","3514023","27.80","28.00","27.75","27.80","0.1000","99"
"6625","必應","154542","15136796","98.10","98.90","97.60","97.80","-0.4000","227"
"6641","基士德-KY","10000","409650","41.10","41.10","40.85","41.00","0.0000","8"
"6645","金萬林-創","74000","2802700","36.80","38.45","36.80","37.90","1.1500","60"
"6655","科定","6069","753659","123.00","126.00","122.50","124.50","2.0000","11"
"6657","華安","91010","4702220","51.00","52.20","51.00","52.00","1.0000","77"
"6658","聯策","827082","41924610","51.40","53.00","49.50","49.65","-1.8500","632"
"6666","羅麗芬-KY","24561","1544105","63.60","63.60","62.50","62.80","-0.8000","142"
"6668","中揚光","827585","51511210","63.00","63.60","61.40","61.40","-1.2000","772"
"6669","緯穎","1184397","3168289825","2670.00","2715.00","2605.00","2710.00","50.0000","2632"
"6670","復盛應用","184046","52970269","287.50","289.50","286.00","289.00","0.5000","558"
"6671","三能-KY","21030","957063","45.50","45.55","45.50","45.55","0.0500","15"
"6672","騰輝電子-KY","200622","16823814","83.50","84.60","83.30","83.90","0.7000","188"
"6674","鋐寶科技","50200","1384578","28.55","28.55","27.30","27.60","-0.1500","48"
"6689","伊雲谷","881852","94983284","106.00","109.50","106.00","107.00","1.5000","822"
"6691","洋基工程","146715","62448258","424.50","431.00","421.00","421.00","-1.5000","429"
"6695","芯鼎","2003237","143567684","74.00","74.00","70.40","71.30","-1.7000","1673"
"6698","旭暉應材","364347","13602160","37.00","38.10","36.75","37.10","0.5000","341"
"6706","惠特","8434347","930287778","108.50","114.50","105.00","114.50","10.0000","4787"
"6715","嘉基","302257","56948087","188.50","192.00","186.00","186.00","0.0000","1815"
"6719","力智","800479","238886676","301.50","302.50","296.00","298.50","0.0000","1700"
"6742","澤米","178753","12693065","72.90","72.90","70.60","70.70","-0.7000","364"
"6743","安普新","647958","37591708","56.70","60.30","56.50","58.60","2.0000","607"
"6753","龍德造船","2585255","328223083","128.00","128.50","125.00","128.50","1.0000","2904"
"6754","匯僑設計","44766","2885058","64.80","64.90","64.00","64.40","-0.3000","79"
"6756","威鋒電子","244593","51125785","210.00","213.00","207.00","208.50","0.0000","1273"
"6757","台灣虎航-創","1240191","62442300","49.30","51.30","49.05","50.10","0.8000","502"
"6768","志強-KY","128186","11809956","92.10","92.60","91.80","91.80","-0.3000","137"
"6770","力積電","44208657","1218964341","28.05","28.15","27.20","27.55","-0.2500","23194"
"6771","平和環保-創","36253","2445876","67.30","68.10","67.10","68.00","0.9000","23"
"6776","展碁國際","69406","4413623","63.50","63.80","63.40","63.40","0.1000","65"
"6781","AES-KY","486764","291993095","604.00","608.00","593.00","600.00","-3.0000","1102"
"6782","視陽","2475709","710926230","271.00","296.00","267.50","287.00","17.0000","4706"
"6789","采鈺","5093124","1754231472","337.00","352.00","336.00","344.50","9.5000","5359"
"6790","永豐實","622888","33559572","53.70","54.20","53.40","54.10","0.7000","543"
"6792","詠業","20805","1707124","82.00","82.50","81.60","82.00","-0.1000","41"
"6794","向榮生技-創","19120","1560200","81.20","83.30","80.50","81.40","-0.4000","18"
"6796","晉弘","67105","5687425","84.20","86.00","84.00","84.10","0.6000","84"
"6799","來頡","948953","147390616","157.00","157.50","153.00","156.00","-1.0000","892"
"6805","富世達","1412626","1141400520","823.00","832.00","796.00","796.00","-16.0000","9775"
"6806","森崴能源","2774539","380777774","138.50","139.00","135.50","137.50","-1.0000","2671"
"6807","峰源-KY","69870","4115436","59.30","59.60","58.50","58.70","0.2000","64"
"6830","汎銓","290766","40508827","140.00","141.00","138.00","138.50","-2.0000","271"
"6834","天二科技","5404965","259128507","47.50","48.60","46.05","48.60","4.4000","2514"
"6835","圓裕","395301","21305243","54.10","55.10","52.90","53.10","-0.4000","236"
"6854","錼創科技-KY創","69080","5130056","73.40","76.00","73.20","73.20","0.2000","64"
"6861","睿生光電","67541","5093042","73.90","76.30","73.90","75.00","0.9000","85"
"6863","永道-KY","1414033","346256476","244.00","253.50","238.00","243.00","4.0000","2029"
"6869","雲豹能源-創","985811","141295662","146.00","146.00","141.50","142.00","-2.5000","630"
"6873","泓德能源-創","236502","41110344","177.50","177.50","172.00","172.00","-5.5000","181"
"6890","來億-KY","3692687","934919183","249.00","262.00","247.50","254.00","-3.5000","3952"
"6901","鑽石投資","3227539","130768273","40.80","40.90","40.00","40.60","-0.1000","1506"
"6902","走著瞧-創","1095","185150","169.00","169.00","169.00","169.00","0.0000","2"
"6906","現觀科","41864","6402693","152.50","155.00","151.50","151.50","-1.5000","58"
"6914","阜爾運通","434878","70816245","166.00","166.50","161.00","162.00","-4.0000","924"
"6916","華凌","116565","3302953","28.80","28.80","28.15","28.35","-0.3000","148"
"6928","攸泰科技","89830","7061882","79.50","79.50","78.10","78.30","-0.4000","187"
"6933","AMAX-KY","180361","60373908","339.50","340.50","332.50","333.00","-2.5000","348"
"6937","天虹","51919","10152733","195.50","197.00","194.50","195.00","0.0000","106"
"6949","沛爾生醫-創","42000","5249500","124.00","128.50","124.00","128.50","4.5000","33"
"6951","青新-創","731280","39378359","55.40","55.60","53.00","54.10","0.0000","396"
"6952","大武山","468867","24247217","52.90","52.90","50.60","52.00","-0.4000","431"
"8011","台通","5008679","119665650","23.85","24.40","23.10","24.05","0.6000","2620"
"8016","矽創","571324","161570979","282.00","284.00","282.00","283.00","1.0000","4319"
"8021","尖點","1148124","36267678","31.80","31.90","31.25","31.85","-0.3000","942"
"8028","昇陽半導體","44376064","3826453420","84.00","88.30","83.80","84.90","1.9000","29008"
"8033","雷虎","1648107","112217673","69.10","69.20","67.50","67.60","-1.2000","1565"
"8039","台虹","4566052","266348401","58.90","59.10","57.60","57.70","-0.9000","2972"
"8046","南電","2598242","511017517","198.00","198.00","195.00","196.50","1.0000","2344"
"8070","長華*","2672617","137632918","51.60","52.00","51.10","51.10","-0.1000","1824"
"8072","陞泰","252451","7568239","30.20","30.35","29.70","30.00","-0.1500","376"
"8081","致新","613705","188761515","309.00","310.00","304.00","308.00","0.0000","703"
"8101","華冠","41734","149366","3.55","3.60","3.55","3.60","0.0500","36"
"8103","瀚荃","5935110","347065582","59.50","60.20","57.00","57.20","-1.4000","4739"
"8104","錸寶","301360","10536689","35.45","35.45","34.65","35.00","0.0000","318"
"8105","凌巨","10762561","164573732","15.20","15.50","15.10","15.30","0.0500","3392"
"8110","華東","3953591","78579288","20.10","20.10","19.70","19.90","0.0000","1601"
"8112","至上","6469765","555333736","85.70","86.20","85.40","85.80","0.8000","5422"
"8112A","至上甲特","8224","357709","43.50","43.50","43.50","43.50","0.0000","20"
"8114","振樺電","480799","75123516","156.00","158.00","154.50","156.00","0.5000","983"
"8131","福懋科","161783","6266534","38.80","38.80","38.60","38.70","0.0000","130"
"8150","南茂","2139628","95843399","44.90","45.00","44.55","44.75","0.1500","1714"
"8162","微矽電子-創","22000","849750","38.70","38.80","38.50","38.60","0.2000","17"
"8163","達方","1336943","92252199","68.40","69.50","68.40","69.20","0.8000","1154"
"8201","無敵","139010","2642639","19.00","19.15","18.90","19.10","0.1000","123"
"8210","勤誠","3583933","1089317078","309.00","313.50","301.00","301.00","-9.5000","4801"
"8213","志超","401695","15720954","39.30","39.30","39.00","39.10","-0.1000","316"
"8215","明基材","394179","12940825","32.90","33.00","32.75","32.80","-0.0500","270"
"8222","寶一","323924","14283339","44.40","44.40","43.85","44.05","-0.1000","308"
"8249","菱光","231133","6801004","29.75","29.75","29.00","29.00","-0.4000","167"
"8261","富鼎","739570","63417256","86.50","86.50","85.30","85.30","-1.2000","1071"
"8271","宇瞻","857261","58897395","69.00","69.10","68.30","68.80","0.4000","1128"
"8341","日友","273946","27392610","99.50","101.50","99.00","101.50","2.6000","432"
"8367","建新國際","76392","3762882","49.20","49.50","49.00","49.25","-0.3000","216"
"8374","羅昇","1546454","133254000","82.00","87.10","82.00","87.10","7.9000","874"
"8404","百和興業-KY","398992","8325534","21.20","21.20","20.70","20.75","-0.2500","377"
"8411","福貞-KY","66831","930716","14.00","14.00","13.85","14.00","0.0000","148"
"8422","可寧衛","237379","45386635","191.50","192.00","190.50","191.50","0.0000","363"
"8429","金麗-KY","864167","8596496","10.10","10.10","9.90","10.00","-0.0500","453"
"8438","昶昕","1839117","75272465","39.05","42.35","38.60","41.60","2.6500","1561"
"8442","威宏-KY","53416","6465012","121.50","122.00","120.00","120.00","-1.5000","58"
"8443","阿瘦","36207","440294","12.15","12.20","12.10","12.10","-0.0500","137"
"8454","富邦媒","1182185","524310426","445.00","448.00","440.00","442.50","0.5000","3081"
"8462","柏文","49438","5882480","120.00","120.00","118.50","118.50","-1.5000","138"
"8463","潤泰材","192719","5635475","29.45","29.65","29.10","29.15","-0.1500","108"
"8464","億豐","426498","154492912","368.50","368.50","360.00","364.00","-6.0000","604"
"8466","美吉吉-KY","292015","18558235","63.50","65.00","62.20","63.30","-0.1000","189"
"8467","波力-KY","838321","155851256","190.50","192.50","180.00","181.00","-5.5000","2076"
"8473","山林水","3136967","135003188","40.90","44.15","40.20","43.55","3.1500","2041"
"8476","台境","138433","8427218","60.20","61.50","60.20","61.20","1.0000","123"
"8478","東哥遊艇","224220","84608153","377.00","379.50","375.00","377.50","1.0000","424"
"8481","政伸","32260","1749257","55.00","55.00","54.10","54.30","-0.6000","33"
"8482","商億-KY","2000","128100","63.80","64.30","63.80","64.30","0.0000","2"
"8487","愛爾達-創","43100","3533249","82.50","82.90","81.50","81.50","0.0000","25"
"8488","吉源-KY","40000","646250","16.20","16.30","16.10","16.25","0.1000","21"
"8499","鼎炫-KY","12513","1545965","124.00","124.00","123.50","123.50","-0.5000","66"
"8926","台汽電","1445244","68511035","47.90","47.90","47.25","47.45","-0.3000","2459"
"8940","新天地","147304","3866164","26.25","26.40","25.85","26.30","0.4000","180"
"8996","高力","6443703","3056455616","507.00","511.00","455.00","474.50","-29.5000","8811"
"9103","美德醫療-DR","25917088","215593795","8.51","8.66","7.90","8.04","0.1600","7326"
"910322","康師傅-DR","94039","1832608","19.60","19.65","19.35","19.45","-0.2000","111"
"9105","泰金寶-DR","75430250","451424950","6.50","6.50","5.57","5.93","-0.0200","18538"
"910861","神州-DR","84100","592260","7.10","7.10","6.92","7.08","0.0300","33"
"9110","越南控-DR","71000","502450","7.10","7.12","6.94","7.06","-0.0500","24"
"911608","明輝-DR","3332579","15133360","4.54","4.59","4.40","4.50","0.3200","760"
"911622","泰聚亨-DR","565916","3034351","5.53","5.54","5.14","5.21","-0.3300","177"
"911868","同方友友-DR","15169903","24392045","1.55","1.63","1.50","1.63","0.1400","1850"
"912000","晨訊科-DR","23797268","93700776","3.98","4.04","3.72","4.02","0.3400","3604"
"9136","巨騰-DR","1542802","10244113","6.85","6.85","6.46","6.58","-0.1400","547"
"9802","鈺齊-KY","322054","40798031","127.00","127.50","126.00","127.00","0.5000","192"
"9902","台火","428799","7214449","17.00","17.05","16.70","16.85","-0.1000","332"
"9904","寶成","13008607","474930469","36.30","36.85","36.10","36.45","0.2000","5994"
"9905","大華","134179","3279868","24.50","24.50","24.40","24.50","0.0500","75"
"9906","欣巴巴","158388","13896294","87.70","88.70","86.20","88.70","1.0000","145"
"9907","統一實","1164877","17748350","15.30","15.30","15.20","15.30","0.0000","533"
"9908","大台北","54800","1771323","32.35","32.35","32.30","32.30","0.0000","67"
"9910","豐泰","1927413","315239260","163.00","165.00","161.50","164.00","2.0000","2412"
"9911","櫻花","485957","41583094","85.50","86.10","84.80","85.80","0.4000","574"
"9912","偉聯","108773","1461239","13.70","13.70","13.30","13.45","0.0500","116"
"9914","美利達","922342","212683749","237.00","238.00","228.50","232.50","-3.5000","1755"
"9917","中保科","403252","50991835","126.00","127.00","126.00","126.50","0.5000","470"
"9918","欣天然","15146","634552","41.75","42.15","41.70","42.10","0.7000","32"
"9919","康那香","7508576","179649049","24.25","24.35","23.55","24.00","-0.2000","3224"
"9921","巨大","1574532","334997798","215.00","215.50","211.00","213.00","-2.0000","1877"
"9924","福興","407856","21557633","52.90","53.20","52.60","52.70","-0.1000","390"
"9925","新保","154879","6533982","42.15","42.30","42.15","42.25","0.1000","133"
"9926","新海","6333","346494","54.80","54.90","54.30","54.30","0.0000","11"
"9927","泰銘","432948","33965359","78.90","78.90","78.20","78.30","-0.3000","384"
"9928","中視","87169","1914912","22.00","22.25","21.70","21.95","-0.0500","80"
"9929","秋雨","27989","454566","16.60","16.60","16.10","16.35","0.0500","25"
"9930","中聯資源","133636","8728403","65.40","65.50","65.10","65.30","-0.1000","141"
"9931","欣高","149645","5503891","37.30","37.30","36.15","37.00","-0.4500","100"
"9933","中鼎","5818168","295632789","50.10","51.40","50.00","50.90","0.9500","3886"
"9934","成霖","2597647","51485135","19.60","20.05","19.45","19.95","0.3500","1418"
"9935","慶豐富","235858","6014557","26.00","26.10","25.25","25.35","-0.6000","250"
"9937","全國","15016","997956","66.60","67.00","66.20","67.00","0.6000","21"
"9938","百和","1498751","99681432","67.20","67.20","65.90","66.60","-0.7000","1268"
"9939","宏全","516620","84335318","164.50","164.50","162.00","162.00","0.0000","567"
"9940","信義","529903","16660661","31.45","31.60","31.20","31.60","0.2500","441"
"9941","裕融","2398148","389767670","162.00","164.50","160.50","162.50","0.5000","2571"
"9941A","裕融甲特","57792","2958742","51.10","51.20","51.10","51.20","0.0000","11"
"9942","茂順","112568","14410836","128.00","128.50","127.50","128.00","0.0000","137"
"9943","好樂迪","101376","9120072","89.90","90.10","89.80","89.90","0.0000","334"
"9944","新麗","202834","4547774","22.45","22.60","22.30","22.40","-0.0500","101"
"9945","潤泰新","11991029","549214096","45.00","46.60","44.70","46.00","1.1500","6190"
"9946","三發地產","1186184","49428375","41.35","42.15","41.25","41.50","0.2500","734"
"9955","佳龍","340485","10748766","31.85","31.85","31.50","31.50","-0.1500","324"
"9958","世紀鋼","8605838","3104323231","370.00","373.50","353.00","354.50","-10.5000","7395"
