證券代號,證券名稱,成交股數,成交金額,開盤價,最高價,最低價,收盤價,漲跌價差,成交筆數
"0050","元大台灣50","11999510","2280157942","190.20","191.25","188.60","188.90","-0.4000","15599"
"0051","元大中型100","52761","4355167","82.25","82.75","82.25","82.65","0.6500","216"
"0052","富邦科技","450376","83609396","186.55","186.95","184.10","184.40","-0.6500","1133"
"0053","元大電子","23333","2374095","101.60","102.50","101.00","101.60","0.1500","135"
"0055","元大MSCI金融","134195","3970557","29.68","29.80","29.41","29.43","-0.1900","320"
"0056","元大高股息","19176401","747531706","38.85","39.02","38.85","39.01","0.2600","11606"
"0057","富邦摩台","39070","5467550","140.85","141.00","139.35","139.80","0.2500","114"
"0061","元大寶滬深","4064164","76074942","18.10","19.35","18.10","19.04","1.3900","1375"
"006203","元大MSCI台灣","10258","919083","89.40","90.00","88.95","88.95","-0.4500","122"
"006204","永豐臺灣加權","2601","300496","115.55","115.55","115.55","115.55","0.2000","103"
"006205","富邦上証","5660421","181473961","31.76","32.91","31.50","32.08","1.4100","1489"
"006206","元大上證50","1723671","53786337","30.80","31.99","30.50","31.19","1.2600","787"
"006207","復華滬深","1552248","37325851","23.12","24.80","23.12","24.05","1.4500","286"
"006208","富邦台50","7617232","845851229","111.15","111.85","110.20","110.30","-0.2500","12140"
"00625K","富邦上証+R","","","","","","","0.0000",""
"00631L","元大台灣50正2","6381807","1559042100","245.40","246.55","241.05","241.50","-0.3000","6335"
"00632R","元大台灣50反1","198250960","652473192","3.29","3.32","3.27","3.31","0.0000","6735"
"00633L","富邦上証正2","53612568","2068405243","38.05","40.85","37.21","38.69","3.2900","7810"
"00634R","富邦上証反1","7003392","29251327","4.32","4.32","4.07","4.18","-0.2400","282"
"00635U","期元大S&P黃金","666902","20595234","30.87","30.94","30.84","30.86","0.0600","332"
"00636","國泰中國A50","13901685","316534897","22.66","23.45","22.35","22.75","0.9700","2746"
"00636K","國泰中國A50+U","400","2880","7.18","7.22","7.18","7.22","0.5300","3"
"00637L","元大滬深300正2","346155052","5351735407","15.24","16.38","14.91","15.51","1.3300","35511"
"00638R","元大滬深300反1","7001923","61171737","8.90","8.92","8.50","8.75","-0.4400","761"
"00639","富邦深100","7807346","87048321","10.65","11.70","10.65","11.21","0.7900","1692"
"00640L","富邦日本正2","1824956","96371303","52.70","53.80","51.75","53.55","1.9500","632"
"00641R","富邦日本反1","3842624","23588764","6.18","6.20","6.09","6.11","-0.1400","389"
"00642U","期元大S&P石油","12422720","194763648","15.68","15.74","15.65","15.71","-0.3400","3346"
"00643","群益深証中小","8303085","100822804","11.70","12.68","11.70","12.21","0.8100","921"
"00643K","群益深証中小+R","","","","","","","0.0000",""
"00645","富邦日本","2335961","87230923","37.28","37.68","37.01","37.56","0.6600","668"
"00646","元大S&P500","2158265","123019123","57.05","57.10","56.90","57.00","-0.3000","1031"
"00647L","元大S&P500正2","63003","5930511","94.25","94.30","93.95","94.20","-0.4500","105"
"00648R","元大S&P500反1","668250","3522826","5.28","5.28","5.27","5.28","0.0100","82"
"00650L","復華香港正2","69186427","905233487","12.88","13.42","12.84","13.04","0.8200","6662"
"00651R","復華香港反1","5386934","40365492","7.74","7.74","7.42","7.50","-0.3100","617"
"00652","富邦印度","1368990","57011870","41.76","41.83","41.55","41.64","-0.1200","316"
"00653L","富邦印度正2","397156","28607116","72.25","72.40","71.85","72.30","0.4500","114"
"00654R","富邦印度反1","312000","1849680","5.92","5.94","5.92","5.92","-0.0300","48"
"00655L","國泰中國A50正2","24156312","636270722","25.92","27.87","25.34","26.36","2.1800","3784"
"00656R","國泰中國A50反1","1580123","12391243","7.98","8.04","7.63","7.87","-0.4100","216"
"00657","國泰日經225","544510","25228070","46.00","46.79","45.92","46.79","1.2700","367"
"00657K","國泰日經225+U","200","2918","14.59","14.59","14.59","14.59","0.4100","2"
"00660","元大歐洲50","12052","440603","36.60","36.81","36.55","36.81","0.7900","101"
"00661","元大日經225","1484019","74687251","50.00","50.95","49.87","50.85","1.2500","798"
"00662","富邦NASDAQ","1416624","116413660","82.55","82.55","81.95","82.15","-0.6000","1024"
"00663L","國泰臺灣加權正2","10422","2310292","221.55","222.20","221.35","222.20","0.8000","17"
"00664R","國泰臺灣加權反1","13659416","50686846","3.71","3.74","3.69","3.74","0.0000","620"
"00665L","富邦恒生國企正2","179434661","1555988166","8.55","8.88","8.45","8.56","0.4800","10670"
"00666R","富邦恒生國企反1","1079300","13410195","12.65","12.65","12.28","12.50","-0.4600","188"
"00668","國泰美國道瓊","51538","2505755","48.66","48.67","48.57","48.62","-0.0200","87"
"00668K","國泰美國道瓊+U","200","3066","15.33","15.33","15.33","15.33","0.1000","2"
"00669R","國泰美國道瓊反1","2004775","13299732","6.65","6.65","6.63","6.64","-0.0200","267"
"00670L","富邦NASDAQ正2","1109231","139532387","126.10","126.20","125.30","125.85","-0.9500","613"
"00671R","富邦NASDAQ反1","10582210","38808862","3.67","3.67","3.66","3.67","0.0100","268"
"00673R","期元大S&P原油反1","43012527","343508811","8.02","8.02","7.94","7.96","0.1500","1694"
"00674R","期元大S&P黃金反1","2806564","26426373","9.42","9.43","9.40","9.43","-0.0300","236"
"00675L","富邦臺灣加權正2","4621380","451310620","98.10","98.55","96.45","96.60","0.0000","3543"
"00676R","富邦臺灣加權反1","5396184","11145940","2.07","2.09","2.06","2.08","0.0000","321"
"00678","群益那斯達克生技","513680","15312887","29.85","29.85","29.79","29.84","0.0400","122"
"00680L","元大美債20正2","72559825","684076767","9.42","9.44","9.40","9.43","0.0100","5765"
"00681R","元大美債20反1","722010","13839402","19.20","19.20","19.15","19.18","-0.0400","20"
"00682U","期元大美元指數","16011","327045","20.44","20.44","20.42","20.42","-0.0600","8"
"00683L","期元大美元指正2","429035","9121446","21.26","21.32","21.25","21.32","0.0200","16"
"00684R","期元大美元指反1","20000","316530","15.85","15.85","15.82","15.82","0.0000","6"
"00685L","群益臺灣加權正2","784967","68361490","87.45","87.85","86.05","86.15","0.0000","480"
"00686R","群益臺灣加權反1","3875859","8680695","2.24","2.25","2.23","2.25","-0.0100","65"
"00688L","國泰20年美債正2","57931220","544016155","9.37","9.41","9.36","9.40","0.0200","4189"
"00689R","國泰20年美債反1","11070","220297","19.90","19.90","19.90","19.90","-0.0600","3"
"00690","兆豐藍籌30","1537871","54044473","35.10","35.40","34.84","34.93","-0.0300","496"
"00692","富邦公司治理","1708850","76107271","44.60","44.79","44.17","44.21","-0.0800","1587"
"00693U","期街口S&P黃豆","449897","9531080","21.22","21.31","21.12","21.29","-0.2200","179"
"00700","富邦恒生國企","3456951","51380061","14.80","15.03","14.55","14.78","0.5300","789"
"00701","國泰股利精選30","445645","13213153","29.74","29.80","29.58","29.62","-0.0200","310"
"00702","國泰標普低波高息","1495","37604","25.15","25.15","25.15","25.15","-0.0500","50"
"00703","台新MSCI中國","570833","9895380","17.15","17.56","17.14","17.47","0.9300","198"
"00706L","期元大S&P日圓正2","26326971","179060410","6.83","6.86","6.73","6.75","-0.1500","3041"
"00707R","期元大S&P日圓反1","12000","337100","27.99","28.19","27.99","28.19","0.4200","4"
"00708L","期元大S&P黃金正2","1429166","59797143","41.74","41.95","41.71","41.75","0.1400","383"
"00709","富邦歐洲","33818","1041385","30.80","30.88","30.80","30.88","0.2300","110"
"00710B","復華彭博非投等債","390033","7568835","19.47","19.47","19.37","19.38","-0.0900","118"
"00711B","復華彭博新興債","182124","3088632","17.00","17.00","16.94","16.94","-0.0800","85"
"00712","復華富時不動產","25560843","251700158","9.88","9.88","9.82","9.87","-0.0100","7207"
"00713","元大台灣高息低波","7918653","456821848","57.80","58.00","57.55","57.60","-0.0500","7468"
"00714","群益道瓊美國地產","761020","16868506","22.37","22.37","22.13","22.14","-0.3400","210"
"00715L","期街口布蘭特正2","79906960","968642410","12.03","12.21","12.03","12.18","-0.5100","11911"
"00717","富邦美國特別股","251734","4154869","16.56","16.56","16.49","16.51","-0.0600","147"
"00728","第一金工業30","139751","4624126","33.10","33.19","32.91","32.91","0.0900","161"
"00730","富邦臺灣優質高息","828426","19600232","23.70","23.83","23.57","23.69","-0.0100","617"
"00731","復華富時高息低波","1246327","92470583","74.10","74.35","74.05","74.10","0.3500","753"
"00733","富邦臺灣中小","1162851","65441770","56.00","56.65","55.95","55.95","0.4000","1509"
"00735","國泰臺韓科技","282291","9512551","33.81","33.88","33.59","33.64","0.1600","237"
"00736","國泰新興市場","212698","5201108","24.37","24.54","24.37","24.48","0.2200","108"
"00737","國泰AI+Robo","221414","6784726","30.63","30.69","30.59","30.67","0.3700","129"
"00738U","期元大道瓊白銀","1123814","32120133","28.64","28.69","28.45","28.57","-0.1100","456"
"00739","元大MSCI A股","464570","10310819","21.50","22.90","21.50","22.26","1.1900","230"
"00752","中信中國50","37221062","795923380","20.95","21.61","20.95","21.23","0.9000","6165"
"00753L","中信中國50正2","151490549","1497261875","9.69","10.20","9.65","10.05","1.0800","14614"
"00757","統一FANG+","3712024","324167969","87.65","87.65","87.10","87.40","-1.2500","4183"
"00762","元大全球AI","174657","10797285","61.90","61.95","61.65","61.85","0.0000","294"
"00763U","期街口道瓊銅","779428","21789424","27.93","28.06","27.83","27.96","0.6700","317"
"00770","國泰北美科技","201729","9484462","47.16","47.16","46.94","47.01","-0.1500","341"
"00771","元大US高息特別股","30668","558456","18.23","18.23","18.18","18.18","-0.0500","66"
"00775B","新光投等債15+","802974","28589528","35.61","35.61","35.59","35.59","-0.1900","110"
"00783","富邦中証500","1166226","21090750","17.65","18.62","17.65","18.21","1.1800","210"
"00830","國泰費城半導體","14094372","667420720","47.45","47.50","47.26","47.27","-0.0700","3131"
"00850","元大臺灣ESG永續","1419007","64826869","45.65","45.90","45.40","45.43","0.0300","1126"
"00851","台新全球AI","11523","533785","46.33","46.33","46.32","46.33","-0.2100","99"
"00852L","國泰美國道瓊正2","36895","984438","26.74","26.74","26.65","26.72","0.1800","26"
"00861","元大全球未來通訊","50468","2162328","43.14","43.14","42.75","42.75","-0.0900","91"
"00865B","國泰US短期公債","117991","5328573","45.10","45.19","45.09","45.09","-0.3000","101"
"00875","國泰網路資安","90517","3008468","33.30","33.30","33.20","33.25","0.0000","92"
"00876","元大全球5G","407493","15628154","38.43","38.88","38.18","38.37","0.3200","228"
"00878","國泰永續高股息","36385741","836883683","23.05","23.13","22.95","22.97","0.0200","15107"
"00881","國泰台灣5G+","13664024","327272815","23.93","24.07","23.77","23.79","0.0200","5475"
"00882","中信中國高股息","116603715","1434388968","12.15","12.48","12.14","12.26","0.2600","19693"
"00885","富邦越南","5154086","62711610","12.22","12.22","12.13","12.18","-0.0400","1193"
"00891","中信關鍵半導體","7229687","133790746","18.51","18.66","18.36","18.40","0.0100","2478"
"00892","富邦台灣半導體","3486534","60438019","17.39","17.44","17.16","17.18","-0.0100","1121"
"00893","國泰智能電動車","4502194","103561663","22.95","23.10","22.91","23.02","0.1200","1453"
"00894","中信小資高價30","1892155","39698723","21.13","21.14","20.74","20.74","-0.1400","516"
"00895","富邦未來車","1769053","51281884","29.05","29.08","28.89","28.98","-0.0700","864"
"00896","中信綠能及電動車","1432557","25782881","17.86","18.06","17.86","18.01","0.2300","520"
"00897","富邦基因免疫生技","1104141","8995739","8.19","8.19","8.13","8.16","-0.0200","226"
"00898","國泰基因免疫革命","652946","4844316","7.40","7.44","7.40","7.44","0.0600","134"
"00899","FT潔淨能源","100721","1683048","16.72","16.74","16.66","16.66","0.0200","108"
"00900","富邦特選高股息30","10088546","153112622","15.14","15.21","15.13","15.16","0.0700","2889"
"00901","永豐智能車供應鏈","1123355","23767874","21.14","21.21","20.90","20.93","0.0500","492"
"00902","中信電池及儲能","15271088","151464562","9.70","10.04","9.70","9.95","0.3700","2540"
"00903","富邦元宇宙","493050","6916831","14.06","14.06","14.01","14.04","-0.0200","157"
"00904","新光臺灣半導體30","1201811","22038539","18.46","18.47","18.15","18.18","0.0100","442"
"00905","FT臺灣Smart","4575106","63360967","13.87","13.92","13.77","13.79","0.0000","1786"
"00907","永豐優息存股","3686841","60171817","16.31","16.37","16.27","16.35","0.1000","1156"
"00908","富邦入息REITs+","492038","6889766","14.01","14.03","13.99","14.02","0.0100","98"
"00909","國泰數位支付服務","1014918","27485627","27.09","27.20","27.00","27.11","0.2900","688"
"00910","第一金太空衛星","409881","9517065","23.30","23.30","23.20","23.27","-0.0300","38"
"00911","兆豐洲際半導體","545818","14751546","27.27","27.28","26.89","26.95","-0.1400","309"
"00912","中信臺灣智慧50","208172","4104771","19.77","19.83","19.60","19.60","-0.0300","169"
"00913","兆豐台灣晶圓製造","496791","10581996","21.42","21.45","21.15","21.15","0.0300","88"
"00915","凱基優選高股息30","14279020","385289345","26.94","27.05","26.92","26.94","0.0800","6280"
"00916","國泰全球品牌50","166478","3843202","23.10","23.12","23.06","23.06","-0.0600","236"
"00917","中信特選金融","599009","12603591","21.03","21.06","21.03","21.04","0.0100","54"
"00918","大華優利高填息30","12368542","298125412","24.13","24.18","24.05","24.10","0.0500","3801"
"00919","群益台灣精選高息","47837523","1152021975","24.10","24.19","24.02","24.03","0.0000","18446"
"00920","富邦ESG綠色電力","669956","10335856","15.40","15.46","15.39","15.46","0.0700","113"
"00921","兆豐龍頭等權重","3744123","69901313","18.55","18.78","18.55","18.70","0.2300","1068"
"00922","國泰台灣領袖50","7576336","168325224","22.35","22.35","22.10","22.12","0.0000","2201"
"00923","群益台ESG低碳50","6509093","140541611","21.66","21.74","21.44","21.46","-0.0400","2748"
"00924","復華S&P500成長","2090009","47985084","23.05","23.05","22.93","22.96","-0.1400","752"
"00925","新光標普電動車","245050","4087216","16.73","16.73","16.66","16.68","0.1600","8"
"00926","凱基全球菁英55","214008","4815096","22.55","22.55","22.46","22.52","-0.1400","202"
"00927","群益半導體收益","6093713","117716680","19.34","19.42","19.20","19.22","0.0400","2438"
"00929","復華台灣科技優息","54642071","1050307569","19.26","19.33","19.17","19.20","0.0300","16400"
"00930","永豐ESG低碳高息","2608023","50063195","19.18","19.26","19.15","19.15","0.0500","930"
"00932","兆豐永續高息等權","2537550","42919767","16.88","16.96","16.87","16.89","0.1100","919"
"00934","中信成長高股息","8021778","156782145","19.59","19.62","19.47","19.49","0.0500","2520"
"00935","野村臺灣新科技50","5917428","130106960","22.02","22.15","21.79","21.81","-0.0300","2163"
"00936","台新永續高息中小","6015255","99622607","16.57","16.59","16.53","16.56","0.0400","2064"
"00939","統一台灣高息動能","42378714","632954409","14.90","14.98","14.89","14.91","0.0500","6638"
"00940","元大台灣價值高息","79785136","784348675","9.83","9.89","9.80","9.81","0.0200","15711"
"00941","中信上游半導體","13925809","207427933","14.90","14.95","14.85","14.89","0.1200","2326"
"00943","兆豐電子高息等權","1725623","25544171","14.85","14.85","14.76","14.80","0.0600","455"
"00944","野村趨勢動能高息","2463983","37403267","15.17","15.21","15.15","15.17","0.0900","698"
"00945B","凱基美國非投等債","23050997","347261346","15.10","15.10","15.05","15.08","-0.0300","3840"
"00946","群益科技高息成長","8629430","84806172","9.84","9.86","9.80","9.80","0.0100","3011"
"00947","台新臺灣IC設計","3831895","54667508","14.33","14.39","14.16","14.17","0.0400","1096"
"00949","復華日本龍頭","12009708","186805600","15.52","15.66","15.45","15.59","0.0700","1692"
"00951","台新日本半導體","10233895","90749185","8.76","8.97","8.76","8.96","0.2500","1494"
"00952","凱基台灣AI50","17654833","177730232","10.03","10.10","10.02","10.05","0.0400","1772"
"00953B","群益優選非投等債","11859530","118618428","10.02","10.03","9.99","9.99","-0.0400","1814"
"00954","中信日本半導體","3749669","35262436","9.35","9.49","9.34","9.46","0.2600","533"
"00956","中信日經高股息","2532325","25261226","10.05","10.05","9.94","9.96","-0.0100","221"
"00960","野村全球航運龍頭","90913262","1447110461","15.94","15.99","15.84","15.93","-0.2200","17490"
"01001T","土銀富邦R1","14000","193020","13.82","13.82","13.78","13.78","0.0000","9"
"01002T","土銀國泰R1","514000","8231850","16.01","16.03","16.01","16.03","0.0300","14"
"01004T","土銀富邦R2","31362","382742","12.21","12.21","12.19","12.20","0.0000","22"
"01007T","兆豐國泰R2","29000","469800","16.20","16.20","16.20","16.20","0.0000","3"
"01009T","王道圓滿R1","24000","178290","7.45","7.45","7.40","7.45","0.0000","8"
"01010T","京城樂富R1","210518","2102420","10.00","10.00","9.98","10.00","-0.0100","44"
"020000","富邦特選蘋果N","202000","2471430","12.25","12.31","12.21","12.21","0.0200","10"
"020011","統一微波高息20N","","","","","","","0.0000",""
"020012","富邦行動通訊N","","","","","","","0.0000",""
"020015","統一MSCI美低波N","","","","","","","0.0000",""
"020016","統一MSCI美科技N","","","","","","","0.0000",""
"020018","統一價值成長30N","3000","76430","25.46","25.51","25.46","25.51","0.0000","2"
"020019","統一特選台灣5GN","","","","","","","0.0000",""
"02001L","富邦蘋果正二N","33000","901290","27.52","27.55","27.12","27.26","0.1300","20"
"02001R","富邦蘋果反一N","407000","577860","1.40","1.42","1.40","1.42","0.0000","4"
"02001S","策元大加權策略N","","","","","","","0.0000",""
"020020","元大台股領航N","71000","850180","12.04","12.06","11.90","11.92","0.0000","26"
"020028","元大特選電動車N","26000","247410","9.51","9.52","9.51","9.52","0.0600","8"
"020029","元大ESG高股息N","99000","913050","9.26","9.28","9.16","9.20","0.0400","35"
"020030","統一智慧電動車N","28000","176850","6.33","6.33","6.30","6.30","0.0300","5"
"020031","統一IC設計臺灣N","172000","983160","5.73","5.76","5.71","5.72","0.0600","10"
"020032","元大綠能N","20000","127310","6.36","6.37","6.36","6.37","0.0900","3"
"020034","元大IC設計N","81000","630750","7.83","7.86","7.69","7.69","-0.0200","29"
"020036","元大金融配息N","","","","","","","0.0000",""
"020037","元大金融高股息N","35000","247420","7.09","7.09","7.00","7.00","-0.0700","9"
"020038","元大ESG配息N","36000","287740","7.98","8.00","7.98","7.98","0.0700","8"
"020039","元大加權N","167000","1174090","7.04","7.06","6.99","6.99","0.0000","44"
"1101","台泥","26808523","885782844","32.90","33.30","32.70","33.30","0.7000","8864"
"1101B","台泥乙特","48847","2289172","46.65","46.95","46.65","46.95","-0.1500","24"
"1102","亞泥","7633625","354608982","46.10","46.70","45.95","46.65","0.4500","4593"
"1103","嘉泥","563331","10199933","18.15","18.20","18.00","18.20","0.2000","424"
"1104","環泥","398127","12242780","30.85","30.90","30.60","30.75","0.1000","425"
"1108","幸福","413646","6195839","15.00","15.05","14.90","15.00","0.1000","225"
"1109","信大","291443","5456559","18.60","18.80","18.60","18.80","0.2500","205"
"1110","東泥","346827","7617115","21.80","22.20","21.70","21.95","0.3000","238"
"1201","味全","836382","15231317","18.15","18.30","18.10","18.30","0.2500","374"
"1203","味王","18918","956406","51.10","51.10","50.10","50.50","0.5000","47"
"1210","大成","1418485","73703888","51.80","52.30","51.50","52.20","0.9000","1185"
"1213","大飲","158001","1854552","12.00","12.00","11.50","12.00","0.0000","45"
"1215","卜蜂","991492","99293739","99.20","102.00","98.90","102.00","3.1000","1366"
"1216","統一","7152025","634461621","90.20","90.20","88.00","88.70","-0.9000","15880"
"1217","愛之味","666397","8272761","12.40","12.45","12.35","12.45","0.1000","313"
"1218","泰山","727496","14965572","20.55","20.70","20.45","20.65","0.3000","485"
"1219","福壽","323442","5577841","17.20","17.30","17.20","17.25","0.1000","230"
"1220","台榮","153206","2518269","16.40","16.50","16.35","16.45","0.0500","79"
"1225","福懋油","148544","20966230","138.50","144.00","137.00","143.00","8.0000","253"
"1227","佳格","1086331","42598364","38.95","39.45","38.80","39.30","0.6000","787"
"1229","聯華","1050582","64642076","61.70","61.80","61.30","61.80","0.7000","1150"
"1231","聯華食","118472","12885258","109.00","109.50","108.00","108.50","0.5000","280"
"1232","大統益","56973","8468424","149.00","149.00","148.00","149.00","0.0000","246"
"1233","天仁","7165","236694","33.05","33.10","33.00","33.05","0.1000","21"
"1234","黑松","76202","3220696","42.50","42.50","42.10","42.30","0.1000","111"
"1235","興泰","31861","4683238","147.50","148.00","145.00","148.00","4.0000","106"
"1236","宏亞","12126","285379","23.45","23.50","23.45","23.50","0.0500","129"
"1256","鮮活果汁-KY","111250","16904164","152.50","153.00","148.50","153.00","13.5000","222"
"1301","台塑","32996604","1736802333","50.40","53.70","50.20","53.50","3.4000","18176"
"1303","南亞","23985629","1091894558","43.95","46.50","43.50","46.40","2.9000","13527"
"1304","台聚","11699416","189719286","15.55","16.60","15.50","16.30","0.9000","4894"
"1305","華夏","6475475","111453318","16.30","17.75","16.25","17.70","1.5500","3001"
"1307","三芳","2423266","93322232","37.55","39.20","37.40","39.10","1.7000","1484"
"1308","亞聚","7453739","141921600","18.30","19.45","18.30","19.35","1.3000","3490"
"1309","台達化","14350791","303523436","19.90","21.60","19.70","21.60","1.9500","5080"
"1310","台苯","2520059","32482526","12.55","13.10","12.50","13.05","0.6000","1170"
"1312","國喬","10005797","134634557","12.95","13.90","12.95","13.65","0.7000","3204"
"1312A","國喬特","4000","94350","23.55","23.60","23.55","23.60","0.3500","2"
"1313","聯成","13866529","172073739","11.80","12.75","11.80","12.55","0.9500","4659"
"1314","中石化","45002208","427423181","9.25","9.63","9.23","9.58","0.4100","9560"
"1315","達新","18280","1296480","71.70","71.70","70.70","71.00","0.4000","18"
"1316","上曜","3638740","62305899","17.05","17.30","16.90","17.20","0.3500","1435"
"1319","東陽","5188260","550749721","110.00","110.00","104.50","105.50","-3.5000","4198"
"1321","大洋","277140","10407762","37.50","37.90","37.00","37.40","0.4500","214"
"1323","永裕","84502","2292595","27.00","27.25","27.00","27.20","0.0000","69"
"1324","地球","123727","1660694","13.25","13.50","13.25","13.40","0.1500","113"
"1325","恆大","430214","11975763","27.15","28.25","27.10","28.15","1.0500","246"
"1326","台化","20867958","910423139","42.20","44.50","42.05","44.30","2.4500","10022"
"1337","再生-KY","845105","6097191","7.14","7.37","7.11","7.28","0.1300","460"
"1338","廣華-KY","252071","7947597","31.60","31.90","31.30","31.80","0.5000","137"
"1339","昭輝","89711","5257654","58.50","59.10","58.20","58.50","0.3000","90"
"1340","勝悅-KY","144292","1479367","10.30","10.35","10.15","10.35","0.1000","165"
"1341","富林-KY","7019","477093","67.70","68.80","67.30","68.20","0.4000","11"
"1342","八貫","144059","14165126","98.10","99.50","97.10","97.70","0.4000","623"
"1402","遠東新","7641778","291067466","38.35","38.55","37.55","38.20","0.0000","4269"
"1409","新纖","6583635","107468453","16.15","16.45","16.10","16.40","0.4000","2238"
"1410","南染","56460","2093779","37.15","37.45","36.90","36.90","-0.5500","96"
"1413","宏洲","75397","753449","9.99","10.00","9.95","10.00","0.0000","50"
"1414","東和","378057","8473220","22.25","22.60","22.15","22.60","0.6000","298"
"1416","廣豐","1271420","16499341","12.75","13.20","12.70","13.10","0.4500","558"
"1417","嘉裕","638367","6575733","10.30","10.30","10.25","10.30","0.0000","335"
"1418","東華","17381","566331","32.65","32.65","32.30","32.45","-0.2000","44"
"1419","新紡","66352","3244826","49.00","49.00","48.30","49.00","-0.1500","82"
"1423","利華","235472","10622359","45.40","45.40","45.05","45.20","0.2000","103"
"1432","大魯閣","737929","13762377","18.40","18.80","18.40","18.75","0.4000","667"
"1434","福懋","2150223","44405069","20.40","20.85","20.25","20.80","0.6000","1405"
"1435","中福","5137","246653","48.00","48.10","47.90","48.10","0.2000","13"
"1436","華友聯","486685","67708492","137.00","141.50","134.50","140.00","4.5000","555"
"1437","勤益控","63293","2314239","36.50","36.70","36.45","36.65","0.2000","63"
"1438","三地開發","354674","22426940","63.00","63.80","62.20","63.00","0.3000","264"
"1439","雋揚","13180","410757","31.65","31.65","30.95","31.25","0.3000","27"
"1440","南紡","3330028","53735181","15.95","16.45","15.80","16.30","0.5000","1152"
"1441","大東","162235","2695183","16.65","16.90","16.30","16.85","0.2000","220"
"1442","名軒","1344122","91476333","69.00","69.20","67.30","67.70","-0.7000","1569"
"1443","立益物流","24854","822359","33.65","33.65","32.75","33.00","0.2000","29"
"1444","力麗","1396806","13169262","9.41","9.48","9.33","9.46","0.1400","780"
"1445","大宇","86498","1676310","19.45","19.50","19.30","19.30","-0.1000","87"
"1446","宏和","640131","28796954","44.70","45.35","44.50","45.10","0.6500","440"
"1447","力鵬","1442945","12515832","8.51","8.76","8.51","8.73","0.2300","752"
"1449","佳和","449790","8445529","18.60","18.90","18.55","18.85","0.3000","265"
"1451","年興","124418","2495553","19.95","20.15","19.95","20.15","0.2000","82"
"1452","宏益","180082","3048423","16.90","17.00","16.85","17.00","0.1000","81"
"1453","大將","195564","3599227","18.35","18.60","18.15","18.45","0.3500","187"
"1454","台富","82812","1507527","18.30","18.35","18.10","18.20","0.0500","75"
"1455","集盛","1068987","12016904","11.00","11.40","11.00","11.40","0.4500","545"
"1456","怡華","104160","1913550","18.20","18.60","18.20","18.45","0.2500","67"
"1457","宜進","109945","2229661","20.25","20.40","20.20","20.25","0.0000","92"
"1459","聯發","167827","1701599","10.10","10.15","10.10","10.15","0.0000","114"
"1460","宏遠","719716","5202775","7.19","7.27","7.19","7.27","0.1100","318"
"1463","強盛新","67855","1567065","23.05","23.20","23.00","23.20","0.2000","61"
"1464","得力","540216","7647235","14.10","14.30","14.00","14.20","0.2000","322"
"1465","偉全","307418","4715685","15.35","15.45","15.25","15.25","-0.0500","237"
"1466","聚隆","212514","2796865","12.90","13.30","12.90","13.10","0.2500","134"
"1467","南緯","150485","1555387","10.25","10.40","10.25","10.35","0.1000","150"
"1468","昶和","37000","534450","14.45","14.50","14.30","14.50","0.1000","32"
"1470","大統新創","43431","949019","21.65","22.15","21.60","22.15","0.4500","31"
"1471","首利","461313","6246614","13.30","13.75","13.30","13.65","0.3500","240"
"1472","三洋實業","24311","1459762","60.10","60.30","59.60","59.60","-0.5000","85"
"1473","台南","356354","13285561","37.35","37.50","36.95","37.15","0.3000","292"
"1474","弘裕","216049","2741096","12.65","12.80","12.60","12.70","0.1500","169"
"1475","業旺","85670","5338035","61.60","62.80","61.60","62.70","1.1000","85"
"1476","儒鴻","575379","323400189","562.00","566.00","558.00","564.00","-5.0000","729"
"1477","聚陽","3525747","1239604085","355.00","356.00","347.00","352.00","-0.5000","3596"
"1503","士電","1858808","424631199","230.00","232.00","226.00","227.50","0.5000","6273"
"1504","東元","3251852","161474540","50.00","50.00","49.30","49.65","0.1500","2508"
"1506","正道","188122","2868516","15.20","15.35","15.10","15.30","0.1000","74"
"1512","瑞利","4025","28982","7.20","7.20","7.20","7.20","0.0000","8"
"1513","中興電","8658394","1524659715","175.50","178.00","175.00","176.00","2.0000","7208"
"1514","亞力","3810408","482970565","126.50","129.00","125.50","125.50","0.5000","3189"
"1515","力山","1009658","37888320","36.90","38.15","36.90","38.00","1.3500","691"
"1516","川飛","15212","294869","19.30","19.55","19.25","19.45","0.1500","35"
"1517","利奇","286148","4516958","15.75","15.85","15.70","15.85","0.3000","221"
"1519","華城","8186247","5459181176","684.00","685.00","651.00","660.00","-18.0000","15397"
"1521","大億","47409","1853565","38.95","39.40","38.85","39.40","0.5000","59"
"1522","堤維西","4820253","311598964","65.00","65.60","64.10","64.10","-0.9000","3704"
"1522A","堤維西甲特","9026","417002","46.20","46.20","46.20","46.20","0.0000","6"
"1524","耿鼎","6204486","222193217","36.40","36.40","35.30","35.65","-0.5000","4239"
"1525","江申","24172","1682613","70.20","70.20","69.00","69.50","-0.7000","33"
"1526","日馳","83720","2415449","29.05","29.05","28.65","28.85","0.0500","76"
"1527","鑽全","1682672","80218681","47.00","48.00","46.75","48.00","1.5500","1302"
"1528","恩德","579720","8178030","14.15","14.35","14.00","14.00","-0.1000","406"
"1529","樂事綠能","894375","26588299","29.60","30.10","29.35","30.00","0.5500","1543"
"1530","亞崴","263279","8641608","33.20","33.20","32.60","32.85","0.1500","246"
"1531","高林股","236038","3475816","14.60","14.90","14.60","14.70","0.2500","135"
"1532","勤美","1199269","46691981","39.10","39.15","38.75","38.90","0.0000","1072"
"1533","車王電","71102","2921217","41.40","41.40","40.80","41.10","0.3500","216"
"1535","中宇","84522","5232226","61.80","62.10","61.70","62.00","0.4000","92"
"1536","和大","1660823","95425992","57.30","57.80","57.00","57.50","0.3000","1172"
"1537","廣隆","166236","25174225","152.50","152.50","150.50","152.00","0.0000","240"
"1538","正峰","1563","28166","18.30","18.30","18.30","18.30","0.1500","6"
"1539","巨庭","1871852","58987629","31.80","32.30","31.00","31.00","-0.6000","1405"
"1540","喬福","25847888","1194826915","46.50","47.65","45.45","45.60","-0.9000","13930"
"1541","錩泰","86034","2916855","33.65","34.20","33.40","34.00","0.7000","81"
"1558","伸興","95669","11155524","116.50","117.00","116.00","117.00","1.0000","131"
"1560","中砂","3168647","1019016547","325.50","333.00","313.50","315.00","-8.0000","4561"
"1563","巧新","290759","18123857","62.70","62.70","61.90","62.60","0.4000","258"
"1568","倉佑","178814","5219345","28.95","29.40","28.95","29.05","0.0500","155"
"1582","信錦","1356970","145890097","109.00","109.00","106.50","107.00","-0.5000","1155"
"1583","程泰","74793","4665984","62.60","62.60","62.00","62.20","-0.2000","102"
"1587","吉茂","857273","39956458","47.00","48.00","45.50","45.80","-0.7500","849"
"1589","永冠-KY","279008","12387956","43.30","44.90","43.30","44.90","1.4000","272"
"1590","亞德客-KY","1142982","1061355257","902.00","939.00","896.00","939.00","85.0000","1917"
"1597","直得","2516043","248109977","97.50","101.50","96.20","97.20","1.1000","2147"
"1598","岱宇","166130","4744235","28.95","28.95","28.40","28.65","0.2500","148"
"1603","華電","446627","17223230","38.70","38.90","38.00","38.75","0.7500","359"
"1604","聲寶","222461","6346840","28.55","28.65","28.40","28.50","0.1000","234"
"1605","華新","36203959","1267769419","34.00","35.80","33.85","35.55","2.1000","15410"
"1608","華榮","6392525","216484540","33.35","34.40","33.25","34.10","1.4000","3540"
"1609","大亞","14179303","732436399","51.10","52.20","50.90","52.00","1.4000","10527"
"1611","中電","843329","14811933","17.35","17.70","17.35","17.60","0.2000","470"
"1612","宏泰","1034521","35889213","34.60","35.00","34.30","34.95","0.8500","737"
"1614","三洋電","149427","6081080","40.85","40.90","40.45","40.75","0.1500","97"
"1615","大山","376045","23818770","63.90","64.00","62.70","63.70","-0.1000","556"
"1616","億泰","1256110","26420623","20.60","21.45","20.55","21.20","0.8500","820"
"1617","榮星","592399","12929559","21.70","22.05","21.60","21.95","0.5500","403"
"1618","合機","1893217","90450588","47.40","48.30","47.00","48.00","0.6000","1365"
"1626","艾美特-KY","375966","6477643","17.65","17.65","17.00","17.10","0.2000","377"
"1702","南僑","1440823","78905102","53.70","55.50","53.70","55.30","1.8000","1013"
"1707","葡萄王","240201","34805444","144.50","146.00","144.00","145.50","1.5000","272"
"1708","東鹼","8448819","349492367","40.10","42.15","40.00","41.95","2.2000","5070"
"1709","和益","4166024","104108206","24.50","25.30","24.50","25.20","0.9500","1779"
"1710","東聯","4639366","86803078","18.30","18.90","18.25","18.80","0.6000","1716"
"1711","永光","23564260","632258373","26.40","27.25","26.25","26.60","0.6000","10759"
"1712","興農","486756","20940606","43.20","43.40","42.80","43.00","0.2000","401"
"1713","國化","127167","6885807","55.30","55.30","54.00","54.00","-0.2000","79"
"1714","和桐","2800750","25080426","8.83","9.00","8.83","8.97","0.1400","979"
"1717","長興","19872476","689219158","33.30","35.15","33.30","35.00","2.0500","9553"
"1718","中纖","10580261","90098424","8.37","8.62","8.37","8.58","0.2500","3159"
"1720","生達","284492","18347892","64.40","64.70","64.30","64.50","0.0000","292"
"1721","三晃","6001092","151389313","24.80","25.50","24.75","25.05","0.6000","3375"
"1722","台肥","1340536","78351296","58.50","58.60","58.20","58.50","0.5000","904"
"1723","中碳","478666","48775553","101.00","102.50","100.50","102.00","1.0000","516"
"1725","元禎","166606","7030679","42.50","42.85","41.75","42.20","0.1000","177"
"1726","永記","37635","3004725","79.90","80.40","78.60","79.70","0.2000","88"
"1727","中華化","11038475","449771535","38.85","41.75","38.80","40.60","1.8000","6767"
"1730","花仙子","27987","1487921","53.10","53.30","53.00","53.20","0.2000","53"
"1731","美吾華","213458","5094218","23.80","23.95","23.70","23.95","0.2500","139"
"1732","毛寶","155242","4315558","27.70","28.10","27.55","27.95","0.4500","110"
"1733","五鼎","136993","4033374","29.35","29.85","29.30","29.80","0.4500","107"
"1734","杏輝","271675","8907197","32.70","32.90","32.70","32.85","0.1500","239"
"1735","日勝化","609305","15488906","25.20","26.00","24.90","24.90","-0.0500","556"
"1736","喬山","3224975","481018820","144.50","153.00","143.50","149.50","2.5000","2630"
"1737","臺鹽","187850","6578572","35.25","35.25","34.95","35.00","-0.0500","256"
"1752","南光","82814","3693128","44.90","44.90","44.40","44.60","0.2000","88"
"1760","寶齡富錦","146157","13262616","89.90","91.80","89.50","90.50","1.4000","181"
"1762","中化生","102130","4335725","42.30","42.80","42.20","42.70","0.6500","146"
"1773","勝一","607597","109334363","178.50","181.50","177.50","180.00","4.0000","1369"
"1776","展宇","688060","16396082","23.80","24.30","23.50","23.60","0.0500","611"
"1783","和康生","72073","3063287","42.60","42.85","42.30","42.35","-0.1500","166"
"1786","科妍","390735","50434836","127.50","131.00","127.00","128.50","2.0000","386"
"1789","神隆","289565","7361747","25.45","25.55","25.35","25.45","0.2000","219"
"1795","美時","1308982","353637724","266.50","272.50","266.50","270.00","2.5000","1847"
"1802","台玻","29466585","514132829","16.35","17.75","16.30","17.75","1.6000","7763"
"1805","寶徠","1901869","40092336","21.40","21.95","20.00","21.10","-1.1000","979"
"1806","冠軍","3107746","37370065","11.55","12.35","11.50","12.05","0.6000","1286"
"1808","潤隆","5846533","313989735","53.70","54.40","53.20","53.60","0.1000","4689"
"1809","中釉","3883133","88606101","22.50","23.40","22.20","22.85","0.7000","2133"
"1810","和成","1167339","22372498","19.00","19.30","19.00","19.10","0.3000","626"
"1817","凱撒衛","240338","10188375","42.15","42.60","41.95","42.55","0.4000","141"
"1903","士紙","438085","24969431","56.60","57.60","56.20","57.30","0.8000","291"
"1904","正隆","3684364","91411803","24.60","25.00","24.40","24.85","0.5000","1729"
"1905","華紙","9617701","209852041","21.20","22.25","21.00","22.00","1.0000","4500"
"1906","寶隆","198841","3118550","15.40","15.90","15.40","15.90","0.5000","152"
"1907","永豐餘","5572516","183369142","32.15","33.35","31.85","33.00","1.1000","3258"
"1909","榮成","16365524","234018267","13.60","14.60","13.60","14.55","1.0000","4657"
"2002","中鋼","99589936","2268759515","21.95","23.45","21.85","23.10","1.3500","33409"
"2002A","中鋼特","28366","1207126","42.55","42.60","42.50","42.60","0.0500","28"
"2006","東和鋼鐵","2396670","187112516","77.40","78.50","77.20","78.50","2.1000","1893"
"2007","燁興","3144675","34402729","10.30","11.20","10.30","11.20","1.0000","1062"
"2008","高興昌","295410","9639738","32.00","33.95","32.00","33.55","1.6500","297"
"2009","第一銅","23527005","1134672639","46.60","49.55","46.05","48.75","3.7000","12559"
"2010","春源","3423356","63244542","17.90","18.95","17.85","18.50","0.6500","1899"
"2012","春雨","368772","9775043","25.95","26.70","25.95","26.55","0.7000","249"
"2013","中鋼構","202119","11048240","53.80","55.20","53.50","55.00","1.2000","193"
"2014","中鴻","32566867","687183506","19.95","21.45","19.90","21.45","1.9500","10489"
"2015","豐興","846000","71265673","83.10","85.00","83.10","84.60","1.6000","518"
"2017","官田鋼","3635561","47472601","12.50","13.50","12.40","13.25","0.9500","1665"
"2020","美亞","1907840","56813375","29.10","30.50","28.95","30.10","1.2500","1317"
"2022","聚亨","9389248","99339279","9.95","10.80","9.91","10.80","0.9600","3265"
"2023","燁輝","14974165","238875703","15.30","16.40","15.25","16.10","1.0000","5678"
"2024","志聯","140558","3173786","21.15","22.95","21.00","22.95","2.0500","137"
"2025","千興","3367612","40473864","11.75","12.50","11.65","12.05","0.4500","1159"
"2027","大成鋼","19532097","684645745","34.10","35.90","34.00","35.50","1.9000","7869"
"2028","威致","2511617","65615868","24.75","26.70","24.60","26.70","2.4000","1286"
"2029","盛餘","1193895","31033718","25.25","26.55","25.25","26.00","0.8500","710"
"2030","彰源","6257397","115664658","17.45","18.85","17.45","18.85","1.7000","2819"
"2031","新光鋼","3626623","217978809","58.60","60.90","58.60","60.60","2.0000","2477"
"2032","新鋼","2382222","39229222","15.40","16.80","15.40","16.80","1.5000","1013"
"2033","佳大","1167199","26873367","22.55","23.50","22.30","23.00","0.4500","728"
"2034","允強","1910783","46719596","23.95","24.95","23.70","24.70","0.9500","1246"
"2038","海光","3093582","58496973","17.70","19.25","17.70","19.25","1.7500","1419"
"2049","上銀","5850282","1298415357","213.50","227.50","213.50","220.50","9.5000","5728"
"2059","川湖","1500532","1814329630","1190.00","1230.00","1190.00","1205.00","35.0000","1994"
"2062","橋椿","7704549","318583932","41.20","42.20","40.80","40.90","0.0000","4715"
"2069","運錩","2982133","59424061","19.15","20.60","19.15","20.35","1.3500","1541"
"2101","南港","1996255","97622825","48.45","49.20","48.45","49.00","0.5500","1129"
"2102","泰豐","471356","10340552","21.85","22.15","21.75","21.95","0.1000","275"
"2103","台橡","2673758","62595109","23.25","23.50","23.20","23.45","0.3500","978"
"2104","國際中橡","2955133","48024560","15.90","16.45","15.85","16.30","0.5500","1368"
"2105","正新","4566542","226854973","49.95","50.00","49.35","49.35","-0.0500","2469"
"2106","建大","1113814","33926273","30.45","30.60","30.30","30.55","0.3500","731"
"2107","厚生","153427","3958798","25.75","25.85","25.75","25.80","0.0500","248"
"2108","南帝","1257016","47466269","37.15","38.00","37.15","37.85","0.7000","769"
"2109","華豐","253884","4832214","19.20","19.20","18.85","19.05","0.0500","289"
"2114","鑫永銓","61964","5944237","97.80","97.80","95.40","96.40","1.1000","66"
"2115","六暉-KY","21456","669476","31.20","31.25","31.05","31.20","-0.0500","38"
"2201","裕隆","6672729","396757186","58.90","60.40","58.50","60.10","2.1000","4426"
"2204","中華","3172750","229782484","71.10","73.30","70.60","73.00","2.5000","2505"
"2206","三陽工業","1294236","96738965","74.80","75.30","74.40","74.40","-0.2000","1340"
"2207","和泰車","482560","343017254","705.00","715.00","703.00","713.00","10.0000","1101"
"2208","台船","3949576","70207711","17.50","17.95","17.45","17.90","0.5500","1617"
"2211","長榮鋼","374027","45204463","120.50","122.00","120.50","120.50","0.0000","371"
"2227","裕日車","136383","16474832","113.50","124.00","113.50","124.00","6.0000","253"
"2228","劍麟","1247934","149297170","118.50","122.50","117.00","118.50","1.0000","2031"
"2231","為升","271841","26735942","98.00","99.20","96.00","98.60","0.8000","557"
"2233","宇隆","802924","137067117","170.00","172.50","169.00","170.00","0.0000","1232"
"2236","百達-KY","337069","37254846","110.00","112.50","109.00","109.50","0.0000","217"
"2239","英利-KY","112075","4881093","43.90","43.90","43.10","43.80","0.5000","69"
"2241","艾姆勒","5625379","187919686","31.15","33.75","31.15","33.10","2.4000","2713"
"2243","宏旭-KY","1910267","49619849","25.70","26.45","25.35","26.25","0.6000","1241"
"2247","汎德永業","75642","22096944","292.00","293.50","291.50","291.50","0.5000","128"
"2250","IKKA-KY","248207","25653723","103.50","105.00","102.00","102.50","-0.5000","241"
"2254","巨鎧精密-創","152749","13496167","88.80","89.80","86.90","87.00","-0.6000","41"
"2258","鴻華先進-創","1435433","66809804","46.25","47.20","46.00","47.15","1.4500","586"
"2301","光寶科","7827698","786853298","101.00","101.50","100.00","100.00","0.0000","3320"
"2302","麗正","335532","6028091","18.00","18.10","17.85","18.05","0.2500","212"
"2303","聯電","40025086","2206836431","55.40","55.40","55.00","55.00","0.1000","12339"
"2305","全友","307773","6400646","20.70","20.95","20.60","20.85","0.4500","219"
"2308","台達電","8453004","3389992189","398.00","404.00","397.50","400.00","4.0000","8953"
"2312","金寶","13855972","299646353","21.30","21.90","21.30","21.75","0.4500","5850"
"2313","華通","12709575","896367272","71.00","71.50","70.10","70.10","-0.4000","7926"
"2314","台揚","538530","16187570","30.20","30.30","29.85","30.00","0.1500","521"
"2316","楠梓電","1204220","56917845","47.15","47.70","46.75","47.40","0.8500","804"
"2317","鴻海","68336488","13101208965","192.00","194.00","190.00","191.00","1.5000","57432"
"2321","東訊","8311","123411","15.75","15.75","14.40","14.40","-0.8500","20"
"2323","中環","15956085","198459058","12.35","12.65","12.25","12.55","0.3000","4052"
"2324","仁寶","5747135","193240278","33.40","33.80","33.40","33.50","0.2000","2783"
"2327","國巨","4968071","3180439456","655.00","655.00","632.00","635.00","-17.0000","19792"
"2328","廣宇","858553","30453519","35.40","35.70","35.20","35.40","0.3500","883"
"2329","華泰","4121696","169223378","40.10","41.60","40.10","40.90","0.9000","2642"
"2330","台積電","37167070","37568636650","1020.00","1025.00","1000.00","1000.00","-15.0000","52085"
"2331","精英","1702171","43108929","25.30","25.50","25.15","25.25","0.2500","963"
"2332","友訊","1644002","31698706","19.40","19.50","19.15","19.30","0.1500","744"
"2337","旺宏","14544916","398224290","27.15","27.60","27.05","27.35","0.5500","6154"
"2338","光罩","1885890","111504554","58.30","59.80","58.30","59.30","1.5000","1380"
"2340","台亞","1557429","58844246","37.65","38.10","37.50","37.70","0.4500","1320"
"2342","茂矽","1473183","50127989","33.60","34.20","33.60","34.00","0.8500","1158"
"2344","華邦電","36237098","776436932","21.30","21.55","21.25","21.45","0.5500","9810"
"2345","智邦","4526106","2454145896","542.00","548.00","536.00","542.00","10.0000","4025"
"2347","聯強","7559829","553218865","72.50","74.80","71.70","73.00","1.4000","3158"
"2348","海悅","1331285","236075320","178.00","179.50","174.50","178.50","2.5000","1496"
"2348A","海悅甲特","43000","1495150","34.40","35.00","34.40","35.00","0.6000","19"
"2349","錸德","9994235","162843959","16.40","16.55","16.15","16.15","-0.1500","3704"
"2351","順德","3518369","531167931","155.50","156.50","147.00","147.00","-7.5000","2863"
"2352","佳世達","6167810","233138884","37.75","38.00","37.50","37.95","0.5000","3385"
"2353","宏碁","17225408","721590824","42.20","42.30","41.65","41.65","-0.2000","6794"
"2354","鴻準","5978947","399787722","67.00","67.30","66.50","66.60","0.0000","4692"
"2355","敬鵬","1712680","71795371","42.00","42.35","41.70","41.75","-0.0500","1447"
"2356","英業達","16362576","726339228","44.10","44.80","44.05","44.35","0.7000","8960"
"2357","華碩","3099582","1770156185","578.00","583.00","567.00","568.00","-7.0000","4930"
"2359","所羅門","14924370","2366554134","152.50","165.50","152.00","152.00","-1.0000","10856"
"2360","致茂","6423375","2465477862","377.00","391.00","373.50","373.50","3.5000","6038"
"2362","藍天","27629386","1692693109","58.50","63.20","58.30","62.40","4.8000","16082"
"2363","矽統","70312946","5055545256","71.10","74.50","69.00","71.00","0.4000","69041"
"2364","倫飛","497970","49669973","101.00","101.50","98.80","99.20","-0.7000","576"
"2365","昆盈","10875257","595533910","54.80","56.10","53.80","53.80","-0.9000","7306"
"2367","燿華","7885750","271896626","34.80","34.95","34.10","34.35","-0.1500","4309"
"2368","金像電","4050185","831955025","206.00","208.00","203.00","204.00","1.0000","2977"
"2369","菱生","1290336","25027189","19.30","19.60","19.20","19.30","0.2000","660"
"2371","大同","25093344","1265888209","51.20","51.80","49.30","49.85","-0.1500","13099"
"2373","震旦行","38120","2631667","68.80","69.40","68.80","69.30","-0.1000","319"
"2374","佳能","3694014","176900602","47.10","48.70","47.00","47.50","0.6000","2507"
"2375","凱美","150793","10208200","68.30","68.30","67.40","67.50","0.0000","159"
"2376","技嘉","4519911","1201926646","266.00","268.00","264.50","266.00","2.5000","17373"
"2377","微星","2473927","432080024","174.50","177.00","173.00","173.50","0.0000","1899"
"2379","瑞昱","2610472","1287347350","497.00","497.00","490.00","494.00","3.0000","2814"
"2380","虹光","100382","643411","6.52","6.52","6.37","6.42","0.0100","227"
"2382","廣達","29533559","8228688093","278.00","283.00","275.50","277.00","1.5000","46070"
"2383","台光電","3354042","1570093495","471.50","474.50","464.00","468.00","2.0000","4111"
"2385","群光","3386323","568068944","171.00","171.00","166.50","166.50","-2.0000","4951"
"2387","精元","635982","35938307","56.90","57.00","56.20","56.50","-0.1000","488"
"2388","威盛","28442148","3826988601","138.00","140.00","130.00","130.50","-8.0000","22381"
"2390","云辰","545985","7391825","13.30","13.75","13.30","13.65","0.4500","390"
"2392","正崴","2585981","169029966","65.70","66.00","64.50","65.80","1.0000","2116"
"2393","億光","2444536","189300555","78.40","78.40","76.80","77.40","0.0000","1487"
"2395","研華","1060710","358641197","344.00","344.00","335.00","338.00","-0.5000","1285"
"2397","友通","222481","17654384","79.40","80.30","78.60","78.80","-0.2000","248"
"2399","映泰","22290214","683485043","30.85","31.45","30.20","30.55","0.1500","11333"
"2401","凌陽","4342581","139272305","31.95","32.65","31.55","31.90","0.1500","3133"
"2402","毅嘉","6403688","270943838","42.70","43.10","41.85","42.05","-0.3500","4107"
"2404","漢唐","867102","282751691","334.00","334.00","323.50","323.50","-6.5000","1119"
"2405","輔信","2052270","41232623","20.25","20.25","19.95","20.05","0.1000","987"
"2406","國碩","4929991","100309222","19.95","20.85","19.80","20.30","0.7500","2408"
"2408","南亞科","21771372","1048371160","47.70","48.65","47.65","48.15","0.8500","10561"
"2409","友達","36531346","627963297","17.20","17.30","17.00","17.20","0.1000","6786"
"2412","中華電","5577045","708000886","127.50","127.50","126.50","126.50","-0.5000","2989"
"2413","環科","127968","2685916","21.00","21.25","20.85","20.95","0.0000","83"
"2414","精技","97395","3477030","35.70","35.80","35.60","35.75","0.3500","133"
"2415","錩新","4769149","153082863","34.10","34.45","31.30","31.30","-3.4500","2840"
"2417","圓剛","2268384","105088518","46.20","47.25","45.55","45.60","-0.2000","2390"
"2419","仲琦","693689","21682892","31.10","31.60","31.00","31.25","0.2500","526"
"2420","新巨","1234784","91290626","75.00","75.00","73.40","73.50","-0.7000","1446"
"2421","建準","1396719","133973168","96.30","96.50","95.20","96.00","1.0000","2602"
"2423","固緯","196570","7701823","39.55","39.60","38.80","39.15","0.2500","327"
"2424","隴華","20907","1328536","64.50","64.50","62.50","62.80","0.1000","35"
"2425","承啟","2748365","121965072","44.50","45.35","44.00","44.10","0.0000","2011"
"2426","鼎元","4427615","103734680","23.00","23.75","22.85","23.55","0.8000","2388"
"2427","三商電","440217","11528514","25.80","26.40","25.80","26.35","0.6000","303"
"2428","興勤","207432","37025544","178.50","180.50","177.50","178.50","0.5000","1170"
"2429","銘旺科","262768","7676434","29.50","29.55","28.90","29.30","0.5000","192"
"2430","燦坤","33552","1140146","34.20","34.20","33.85","33.95","-0.0500","120"
"2431","聯昌","153801","2042473","13.40","13.40","13.20","13.25","0.0000","120"
"2432","倚天酷碁-創","1000","34750","34.75","34.75","34.75","34.75","-0.2500","1"
"2433","互盛電","22002","1116236","50.90","50.90","50.50","50.80","0.5000","44"
"2434","統懋","7895","256400","32.45","32.70","32.45","32.70","0.6000","13"
"2436","偉詮電","8144287","531111671","66.50","66.60","64.10","64.80","-2.0000","9928"
"2438","翔耀","180279","8721563","48.80","49.05","47.95","48.55","-0.1500","190"
"2439","美律","3886518","517764303","133.50","136.00","131.00","132.00","0.5000","3160"
"2440","太空梭","339246","5012496","14.60","14.90","14.60","14.85","0.3500","172"
"2441","超豐","1267395","74661648","58.50","59.50","58.10","59.40","1.6000","854"
"2442","新美齊","1518292","41937205","27.50","27.85","27.30","27.80","0.4000","831"
"2444","兆勁","546325","7879724","14.65","14.65","14.30","14.35","-0.2500","279"
"2449","京元電子","32275463","3785582415","114.00","119.50","112.50","117.50","5.0000","18531"
"2450","神腦","46558","1679011","36.30","36.30","35.95","36.10","0.2000","79"
"2451","創見","1601562","163965820","102.50","103.50","101.50","103.00","2.0000","1614"
"2453","凌群","335576","18409269","54.70","55.70","54.30","54.60","0.0000","553"
"2454","聯發科","9211433","11742331545","1280.00","1305.00","1250.00","1260.00","-10.0000","15496"
"2455","全新","7384469","1238280258","171.00","171.50","165.00","166.50","-2.0000","10819"
"2457","飛宏","1574498","65038401","41.50","41.70","40.95","41.35","0.2000","1810"
"2458","義隆","1208795","175985226","146.50","147.50","144.50","145.00","0.5000","1655"
"2459","敦吉","32974","2351417","71.60","71.60","71.10","71.40","0.1000","128"
"2460","建通","382943","11446003","29.95","30.10","29.50","30.10","0.5000","260"
"2461","光群雷","294387","6584480","22.45","22.50","22.25","22.45","0.2000","182"
"2462","良得電","180780","5728385","31.65","31.85","31.55","31.85","0.2500","203"
"2464","盟立","9412005","789185087","83.30","85.60","82.50","82.70","-0.2000","6980"
"2465","麗臺","335770","30341131","90.10","91.40","89.60","89.60","-0.5000","400"
"2466","冠西電","35181","1281473","36.70","36.70","36.30","36.30","0.5000","22"
"2467","志聖","3405356","744367739","223.00","226.00","213.00","213.00","-9.0000","4787"
"2468","華經","68091","1600698","23.65","23.75","23.35","23.55","0.2000","57"
"2471","資通","32115","1597124","49.80","49.90","49.55","49.65","-0.2000","84"
"2472","立隆電","449164","34198269","76.70","76.80","75.70","75.90","0.2000","388"
"2474","可成","1998588","472197765","239.50","240.00","235.00","235.00","-2.5000","2188"
"2476","鉅祥","992185","92942347","94.80","94.80","92.90","92.90","-0.1000","826"
"2477","美隆電","2119256","63717125","29.95","30.40","29.70","30.35","0.6500","1080"
"2478","大毅","280511","14852018","53.70","53.70","52.40","52.70","-0.5000","222"
"2480","敦陽科","97193","12074191","124.00","124.50","124.00","124.50","0.5000","178"
"2481","強茂","2703000","159966137","59.60","60.20","58.20","58.80","-0.3000","2373"
"2482","連宇","254370","7906407","31.35","31.35","30.80","31.10","0.2000","195"
"2483","百容","134643","3202075","23.70","23.90","23.60","23.80","0.0000","180"
"2484","希華","170914","5073283","29.55","29.80","29.55","29.75","0.2000","129"
"2485","兆赫","660605","11939892","17.90","18.20","17.90","18.05","0.1500","406"
"2486","一詮","29915593","3070955106","101.00","106.00","99.90","100.00","-0.5000","21224"
"2488","漢平","290467","14091207","48.60","48.90","48.25","48.40","-0.3500","364"
"2491","吉祥全","101239","1407550","13.80","14.05","13.65","14.05","0.2500","88"
"2492","華新科","1535401","167939701","110.50","110.50","108.50","109.50","0.0000","1230"
"2493","揚博","91232","8097556","88.30","89.20","88.30","88.90","0.6000","120"
"2495","普安","11842405","414880543","35.00","35.60","34.60","34.90","-0.2500","5711"
"2496","卓越","28218","2145468","76.30","76.30","75.60","75.80","-0.5000","96"
"2497","怡利電","5237444","448268897","85.80","86.80","84.60","85.30","-0.1000","5921"
"2498","宏達電","4784724","216184293","45.00","45.80","44.70","45.25","1.0500","3327"
"2501","國建","2453169","62181386","25.40","25.55","25.10","25.55","0.4500","1361"
"2504","國產","3924131","204695330","52.40","52.50","51.70","52.40","0.0000","2877"
"2505","國揚","249061","5800748","23.50","23.50","23.05","23.45","0.5500","185"
"2506","太設","459249","5145599","11.10","11.30","11.00","11.25","0.2000","257"
"2509","全坤建","167297","3358380","20.40","20.40","19.95","20.10","0.1000","212"
"2511","太子","1657761","17873149","10.70","10.90","10.65","10.80","0.2000","626"
"2514","龍邦","318675","6416196","20.15","20.20","20.05","20.20","0.2000","209"
"2515","中工","11372620","139400890","12.15","12.40","12.10","12.40","0.3500","2801"
"2516","新建","393639","4707919","12.10","12.10","11.80","12.00","0.1000","146"
"2520","冠德","4081265","198417595","48.70","48.95","48.30","48.45","0.1500","2501"
"2524","京城","4593228","444774417","99.80","99.80","93.30","98.30","-0.2000","3747"
"2527","宏璟","645896","22159683","33.90","34.60","33.55","34.60","1.1000","512"
"2528","皇普","280308","11259259","40.70","40.75","39.85","40.15","0.3000","186"
"2530","華建","1019760","40944138","40.60","40.75","39.80","39.90","-0.1000","887"
"2534","宏盛","891418","22740068","25.70","25.70","25.35","25.55","0.0500","567"
"2535","達欣工","426721","21517914","50.40","50.70","50.30","50.30","0.0000","338"
"2536","宏普","303664","9434841","30.95","31.30","30.90","31.10","0.5000","197"
"2537","聯上發","2169835","37252207","17.10","17.30","17.00","17.25","0.2000","1011"
"2538","基泰","542401","9546148","17.40","17.70","17.40","17.65","0.4000","342"
"2539","櫻花建","918792","46463093","51.00","51.00","50.30","50.40","-0.6000","1045"
"2540","愛山林","1837504","199539749","107.00","111.00","106.00","109.50","3.5000","1288"
"2542","興富發","4414803","201144415","45.75","45.75","45.30","45.60","0.2000","3216"
"2543","皇昌","11214285","910978343","83.50","83.80","79.80","80.60","-1.1000","10302"
"2545","皇翔","706091","40878796","58.00","58.40","57.40","57.90","0.7000","581"
"2546","根基","212751","15870621","75.90","75.90","74.20","74.40","-0.4000","395"
"2547","日勝生","2009219","20826809","10.20","10.45","10.20","10.40","0.2000","665"
"2548","華固","902592","120485099","134.00","134.50","132.00","134.00","0.0000","1083"
"2597","潤弘","345087","50301757","144.50","147.00","143.50","146.00","2.0000","738"
"2601","益航","5193998","39699112","7.43","7.80","7.43","7.75","0.3800","2110"
"2603","長榮","31568554","6629981603","209.00","212.00","206.50","212.00","6.0000","20949"
"2605","新興","50644629","1499599338","28.70","30.15","28.70","30.15","2.7000","21111"
"2606","裕民","19239085","1064016803","54.30","56.30","54.10","55.60","2.2000","9596"
"2607","榮運","1641382","51256531","31.20","31.40","31.05","31.15","0.1000","728"
"2608","嘉里大榮","270877","10836605","39.95","40.15","39.90","40.05","0.2000","312"
"2609","陽明","98830258","7155449582","72.30","73.40","71.30","72.90","2.0000","59449"
"2610","華航","22952628","498552618","21.80","21.80","21.55","21.75","0.0500","6083"
"2611","志信","2437060","60348539","24.20","25.00","24.20","25.00","0.8500","1354"
"2612","中航","2471183","113599624","44.60","47.90","44.55","46.40","2.4500","2227"
"2613","中櫃","13489279","519570103","38.55","39.75","37.65","38.45","-0.3500","8475"
"2614","東森","476822","9255532","19.30","19.50","19.30","19.50","0.3000","432"
"2615","萬海","86124036","9119483440","105.00","109.00","102.50","107.50","5.5000","53873"
"2616","山隆","115427","2395140","20.75","20.90","20.65","20.80","0.2500","223"
"2617","台航","2470346","80976120","32.45","33.05","32.15","32.85","0.8000","1288"
"2618","長榮航","34831846","1304991910","37.45","37.70","37.15","37.50","0.2000","12307"
"2630","亞航","1240699","43406795","35.35","35.60","34.60","34.65","-0.7000","931"
"2633","台灣高鐵","3984234","117911476","29.70","29.70","29.45","29.70","0.0500","1629"
"2634","漢翔","3330853","162786544","48.70","49.30","48.55","48.65","-0.1500","2028"
"2636","台驊控股","989958","89625105","90.00","91.20","89.80","90.90","1.2000","1004"
"2637","慧洋-KY","19423671","1460028274","72.00","77.40","72.00","76.40","5.8000","12214"
"2642","宅配通","41234","1420293","34.25","34.70","34.25","34.50","0.2000","173"
"2645","長榮航太","513382","50356834","98.00","98.50","97.50","98.50","1.2000","455"
"2701","萬企","62589","797898","12.75","12.80","12.70","12.75","0.0500","66"
"2702","華園","64665","1156121","18.00","18.05","17.65","17.85","0.1000","160"
"2704","國賓","96788","6076758","62.30","63.20","62.30","62.70","0.6000","112"
"2705","六福","339027","6081972","18.00","18.00","17.85","17.95","0.0000","310"
"2706","第一店","124581","1868236","15.00","15.00","14.95","15.00","0.0000","191"
"2707","晶華","229457","46926236","203.00","205.50","203.00","205.00","2.5000","294"
"2712","遠雄來","11100","294600","26.55","26.60","26.50","26.60","0.1000","12"
"2722","夏都","146895","6428755","44.80","44.90","43.30","43.35","-1.4500","361"
"2723","美食-KY","1852466","164128052","85.20","92.20","85.20","89.50","4.6000","2056"
"2727","王品","480488","107201151","224.00","224.00","222.00","222.00","-1.0000","626"
"2731","雄獅","351513","46172341","130.50","132.00","130.50","132.00","1.5000","420"
"2739","寒舍","351520","19965543","56.00","57.50","56.00","57.10","0.2000","324"
"2748","雲品","375765","23210976","61.20","62.40","61.20","61.60","0.8000","502"
"2753","八方雲集","116400","17398910","150.00","150.00","149.00","150.00","0.0000","246"
"2762","世界健身-KY","80853","7454863","93.10","93.10","91.60","91.60","-0.8000","371"
"2801","彰銀","15097710","269406524","17.90","17.95","17.75","17.85","-0.0500","3340"
"2809","京城銀","2484629","140598259","57.00","57.30","56.20","56.20","-0.7000","2526"
"2812","台中銀","3317660","60996156","18.45","18.45","18.30","18.45","0.1000","1616"
"2816","旺旺保","322677","10584184","32.60","33.10","32.60","32.95","0.3500","166"
"2820","華票","778527","11705817","15.05","15.05","15.00","15.00","0.0500","413"
"2832","台產","282656","7989109","28.30","28.40","28.15","28.20","0.1000","204"
"2834","臺企銀","15034804","239812908","16.00","16.00","15.90","15.95","-0.0500","5246"
"2836","高雄銀","1478466","17711077","12.05","12.05","11.95","11.95","0.0000","649"
"2836A","高雄銀甲特","6123","129207","21.10","21.10","21.10","21.10","0.1500","6"
"2838","聯邦銀","1496989","23196193","15.55","15.55","15.45","15.50","0.1000","724"
"2838A","聯邦銀甲特","153024","8017452","52.20","52.60","52.20","52.40","0.2000","30"
"2845","遠東銀","8385013","117662880","13.95","14.10","13.90","14.00","0.1500","2042"
"2849","安泰銀","315199","4813125","15.30","15.30","15.20","15.30","0.1000","131"
"2850","新產","159455","15020009","94.10","94.80","93.70","93.80","-0.6000","258"
"2851","中再保","720625","18668015","26.00","26.00","25.80","25.85","0.0500","495"
"2852","第一保","254860","5781085","22.65","22.85","22.55","22.70","0.0500","192"
"2855","統一證","1667579","44888651","26.80","27.00","26.80","26.85","0.1000","617"
"2867","三商壽","11980822","91121892","7.60","7.65","7.57","7.59","0.0000","2879"
"2880","華南金","10876651","282652348","26.20","26.25","25.80","25.80","-0.2000","4024"
"2881","富邦金","23695021","2176556130","93.90","93.90","91.10","91.30","-1.7000","44934"
"2881A","富邦特","52236","3230704","61.90","61.90","61.80","61.90","0.0000","31"
"2881B","富邦金乙特","27831","1664345","59.80","59.90","59.80","59.90","0.0000","24"
"2881C","富邦金丙特","28115","1468010","52.30","52.30","52.20","52.30","0.0000","87"
"2882","國泰金","36503887","2481436586","69.00","69.00","66.90","67.50","-0.8000","21973"
"2882A","國泰特","100364","6052640","60.30","60.40","60.30","60.30","0.0000","42"
"2882B","國泰金乙特","180249","10333142","57.30","57.60","57.30","57.60","0.1000","37"
"2883","開發金","48392531","795774123","16.60","16.60","16.35","16.40","-0.1500","7604"
"2883B","開發金乙特","1635416","12229507","7.47","7.49","7.46","7.49","0.0000","192"
"2884","玉山金","18171128","516074509","28.85","28.85","28.15","28.30","-0.3500","6987"
"2885","元大金","12387813","393043124","31.95","31.95","31.60","31.75","0.2500","4261"
"2886","兆豐金","22812947","901279670","40.20","40.20","39.25","39.45","-0.5500","10837"
"2887","台新金","33505127","615377170","18.40","18.40","18.25","18.40","0.0000","9713"
"2887E","台新戊特","74110","3796731","51.20","51.30","51.20","51.20","-0.1000","40"
"2887F","台新戊特二","18065","832540","46.10","46.10","46.05","46.10","0.0000","14"
"2887Z1","台新己特","2257","36313","16.05","16.05","16.05","16.05","0.0000","10"
"2888","新光金","100302790","1203176265","12.05","12.05","11.95","12.00","0.0000","9152"
"2888A","新光金甲特","47216","1705619","36.10","36.20","36.05","36.20","0.1500","45"
"2888B","新光金乙特","51523","1860393","36.15","36.20","36.05","36.15","0.0000","47"
"2889","國票金","7138333","108258951","15.15","15.20","15.05","15.20","0.1000","3373"
"2890","永豐金","17160287","413013729","24.35","24.35","23.95","24.00","-0.2500","7869"
"2891","中信金","87325771","3029468145","35.00","35.05","34.50","34.60","-0.4000","26235"
"2891B","中信金乙特","19609","1182070","60.30","60.40","60.20","60.40","0.1000","25"
"2891C","中信金丙特","32487","1839789","56.70","56.70","56.60","56.70","0.0000","21"
"2892","第一金","10608498","294548451","27.85","27.85","27.65","27.80","0.0000","4329"
"2897","王道銀行","4348977","43899712","10.15","10.15","10.05","10.05","-0.0500","792"
"2897A","王道銀甲特","703994","7215888","10.25","10.25","10.25","10.25","0.0000","49"
"2901","欣欣","8211","226455","27.50","27.65","27.50","27.65","0.0500","44"
"2903","遠百","1646221","45216382","27.40","27.65","27.25","27.45","0.1500","1003"
"2904","匯僑","18694","344446","18.40","18.50","18.40","18.50","0.0500","38"
"2905","三商","1475762","27474037","18.80","18.80","18.50","18.60","0.0000","702"
"2906","高林","200451","3839084","19.05","19.25","19.00","19.25","0.4500","157"
"2908","特力","330002","6788386","20.50","20.65","20.50","20.65","0.1500","106"
"2910","統領","36035","1001113","28.00","28.50","27.65","27.80","-0.0500","24"
"2911","麗嬰房","152970","1377153","8.99","9.04","8.94","9.04","0.1400","313"
"2912","統一超","1893356","563109373","302.50","302.50","294.50","298.00","-4.0000","2597"
"2913","農林","11029861","249706883","21.95","23.00","21.95","22.90","1.1500","4152"
"2915","潤泰全","2130994","165700203","77.70","78.30","77.00","78.30","1.2000","1525"
"2923","鼎固-KY","238037","8765139","36.80","37.00","36.10","36.90","1.0000","167"
"2929","淘帝-KY","3784552","37433266","9.25","10.05","9.25","10.05","0.9100","1316"
"2939","永邑-KY","172089","5580545","33.15","33.15","31.95","33.00","0.0000","132"
"2945","三商家購","6002","249684","41.60","41.65","41.50","41.60","-0.3500","7"
"3002","歐格","191851","2994485","15.35","15.80","15.35","15.60","0.2500","92"
"3003","健和興","1956132","178523085","92.00","92.90","90.00","90.00","-1.2000","1560"
"3004","豐達科","60945","5642582","92.50","93.00","92.10","92.90","1.1000","69"
"3005","神基","3302241","371418196","113.00","113.50","111.00","112.00","0.0000","2203"
"3006","晶豪科","2639284","197177096","75.50","75.80","73.60","74.00","-0.7000","2199"
"3008","大立光","1069909","2787149090","2625.00","2635.00","2580.00","2610.00","0.0000","3627"
"3010","華立","819160","106459511","131.50","131.50","129.00","130.00","1.0000","607"
"3011","今皓","345493","9709616","28.05","28.45","27.95","27.95","-0.0500","231"
"3013","晟銘電","41794304","5892687195","145.00","145.00","136.50","137.00","-4.5000","23864"
"3014","聯陽","1336971","191349260","145.00","145.00","142.00","142.00","-1.0000","1120"
"3015","全漢","692256","42320564","60.80","61.70","60.00","61.00","1.2000","475"
"3016","嘉晶","304402","18542178","60.80","61.30","60.40","60.90","0.8000","257"
"3017","奇鋐","15090320","9362269556","623.00","630.00","611.00","624.00","7.0000","15449"
"3018","隆銘綠能","85667","2573671","30.20","30.50","29.80","29.90","-0.1000","62"
"3019","亞光","26735133","3134811663","120.50","121.00","115.00","115.00","-4.0000","19837"
"3021","鴻名","2331007","73102805","31.20","32.55","30.30","30.60","0.0500","1618"
"3022","威強電","505560","39363503","78.40","78.50","77.10","78.00","0.2000","357"
"3023","信邦","626210","191883137","304.00","310.00","303.00","304.50","1.5000","699"
"3024","憶聲","721378","13866539","19.15","19.40","19.15","19.15","0.1500","371"
"3025","星通","2056100","135652799","65.00","66.90","64.70","65.30","0.7000","1495"
"3026","禾伸堂","184759","16878696","91.20","91.50","91.00","91.50","0.3000","233"
"3027","盛達","249763","8941767","35.95","36.05","35.55","35.70","0.1500","189"
"3028","增你強","282504","8856135","31.35","31.50","31.30","31.35","0.0000","269"
"3029","零壹","456507","41536300","91.30","91.60","90.60","90.80","-0.2000","720"
"3030","德律","1491679","218900592","150.00","151.00","144.00","144.50","-3.0000","1419"
"3031","佰鴻","275397","5746333","20.80","21.05","20.70","20.80","0.1000","209"
"3032","偉訓","494559","34288719","70.10","70.20","68.80","69.00","-0.2000","392"
"3033","威健","5207875","182389731","35.05","35.40","34.75","34.85","-0.3000","2975"
"3034","聯詠","2067069","1070205347","528.00","528.00","510.00","510.00","-13.0000","2364"
"3035","智原","6643988","1804584388","267.00","274.50","267.00","268.00","3.5000","6298"
"3036","文曄","5273465","564687957","103.50","110.00","103.50","107.50","5.0000","3228"
"3036A","文曄甲特","151080","7309913","48.40","48.40","48.35","48.40","0.0000","41"
"3037","欣興","35877459","5439482897","148.50","155.50","148.50","149.00","2.5000","21628"
"3038","全台","371007","9817963","26.45","26.65","26.30","26.40","0.1000","288"
"3040","遠見","611221","28214353","44.90","46.90","44.90","46.00","1.3000","472"
"3041","揚智","10893368","257654049","24.05","24.05","22.70","23.65","1.7500","5316"
"3042","晶技","1595480","175374331","110.50","111.00","109.00","109.00","-0.5000","986"
"3043","科風","104946","3487161","33.60","33.60","33.00","33.05","-0.3000","102"
"3044","健鼎","1934449","389414602","203.00","204.00","200.00","200.00","-1.0000","1292"
"3045","台灣大","12569641","1462974219","117.50","117.50","115.50","116.50","-1.0000","3338"
"3046","建碁","121743","7409152","61.00","61.20","60.50","60.90","0.1000","119"
"3047","訊舟","8412484","319555836","38.65","38.65","37.70","37.70","-0.5000","5380"
"3048","益登","1551039","58997145","38.50","38.55","37.65","37.85","-0.1500","1159"
"3049","精金","6641426","71343567","10.50","10.90","10.45","10.70","0.1000","2369"
"3050","鈺德","1123785","22274460","19.60","20.05","19.60","19.75","0.3000","511"
"3051","力特","306296","9074077","30.00","30.00","29.45","29.50","0.1500","247"
"3052","夆典","257964","3143746","12.25","12.25","12.15","12.20","0.0000","170"
"3054","立萬利","56043","1280810","22.75","23.00","22.60","23.00","0.3000","52"
"3055","蔚華科","304582","20483640","68.50","68.50","66.50","66.60","-0.3000","381"
"3056","富華新","888043","28866766","32.95","32.95","32.25","32.60","0.1000","694"
"3057","喬鼎","174742","2137211","12.25","12.35","12.10","12.30","0.0500","224"
"3058","立德","1221090","22761170","18.25","18.95","18.20","18.95","0.8000","598"
"3059","華晶科","744829","26492932","35.40","35.75","35.25","35.55","0.4500","586"
"3060","銘異","850990","22613414","26.50","27.00","26.30","26.40","-0.3000","489"
"3062","建漢","11705559","391637233","33.40","34.00","32.95","33.10","-0.0500","5564"
"3090","日電貿","350516","21925347","62.90","63.00","62.40","62.60","0.1000","366"
"3092","鴻碩","1333835","44078320","32.35","33.50","32.35","32.90","0.5500","609"
"3094","聯傑","3108039","107561764","34.75","35.80","33.80","34.30","-0.4500","1970"
"3130","一零四","82822","18747475","225.50","228.00","225.50","228.00","2.5000","141"
"3138","耀登","103070","12737206","123.50","125.00","122.00","122.00","0.0000","122"
"3149","正達","39949842","1462922013","37.20","37.60","35.50","36.40","0.4500","21863"
"3150","鈺寶-創","15000","563350","38.20","38.25","37.20","37.50","-0.7500","12"
"3164","景岳","31273","714041","22.75","22.85","22.75","22.85","0.1500","116"
"3167","大量","4465502","619823598","136.00","140.50","136.00","140.50","12.5000","2531"
"3168","眾福科","43161","2436900","56.90","56.90","55.60","56.00","-1.0000","33"
"3189","景碩","36518226","4142337183","111.00","117.00","110.50","112.00","4.5000","21583"
"3209","全科","993041","37389460","37.90","38.00","37.45","37.65","-0.0500","706"
"3229","晟鈦","68691","1565861","22.75","23.05","22.65","22.80","0.0500","58"
"3231","緯創","16785325","1753461143","104.50","105.50","103.50","104.00","0.5000","8592"
"3257","虹冠電","795965","47290902","58.10","60.70","57.70","57.70","-1.2000","604"
"3266","昇陽","89000","1774450","19.85","20.10","19.85","19.90","0.2500","58"
"3296","勝德","2015505","56248387","27.70","28.30","27.45","28.00","0.5500","1413"
"3305","昇貿","1137089","84593519","74.80","75.20","73.60","74.50","0.3000","863"
"3308","聯德","47079","1141299","24.40","24.50","24.10","24.20","0.1500","182"
"3311","閎暉","26544","1008109","38.50","38.50","37.75","38.00","0.0000","57"
"3312","弘憶股","3343917","242804568","71.90","74.30","71.50","71.80","0.7000","2401"
"3321","同泰","234808","4302151","18.35","18.50","18.15","18.50","0.1500","155"
"3338","泰碩","723504","51640786","71.70","72.00","70.90","71.20","-0.1000","630"
"3346","麗清","269111","10295231","38.70","38.70","38.05","38.10","0.0000","229"
"3356","奇偶","622761","38282033","61.00","62.00","60.80","61.50","0.3000","514"
"3376","新日興","3484285","713215046","209.00","209.50","202.50","203.00","-3.5000","3477"
"3380","明泰","1055822","36325431","34.50","34.65","34.00","34.35","0.5000","679"
"3406","玉晶光","2483528","1229731039","501.00","502.00","492.00","493.50","-3.5000","3236"
"3413","京鼎","2285234","851254583","377.00","382.50","365.00","365.00","-8.5000","2576"
"3416","融程電","134372","19742797","148.00","148.00","146.00","146.50","0.0000","152"
"3419","譁裕","140606","2317416","16.60","16.65","16.35","16.65","0.2500","100"
"3432","台端","36600","841000","23.50","23.50","22.80","23.25","0.2500","26"
"3437","榮創","972316","26018523","26.45","27.25","26.40","26.55","0.2000","698"
"3443","創意","1600168","1822373230","1140.00","1160.00","1120.00","1120.00","-5.0000","2829"
"3447","展達","88924","3580285","40.00","40.80","39.95","40.00","0.0000","84"
"3450","聯鈞","25066982","4843047620","200.00","202.00","182.50","182.50","-15.5000","18803"
"3454","晶睿","126962","16002066","125.00","127.50","125.00","125.50","1.0000","144"
"3481","群創","123318225","1975643035","15.90","16.20","15.75","16.05","0.3500","26813"
"3494","誠研","154020","1214405","7.85","7.91","7.85","7.90","-0.0300","54"
"3501","維熹","385698","27732734","72.10","72.40","71.40","71.40","-0.3000","308"
"3504","揚明光","551121","30732888","54.60","56.80","54.30","54.90","1.4000","511"
"3515","華擎","599616","128326192","209.00","216.00","209.00","213.00","4.0000","700"
"3518","柏騰","1349432","43494407","32.95","33.00","31.60","31.60","-0.8500","937"
"3528","安馳","88554","4680569","53.80","53.80","52.50","52.70","-0.3000","85"
"3530","晶相光","822020","82482827","99.00","103.50","98.40","99.70","2.5000","757"
"3532","台勝科","448176","61978774","138.00","139.50","137.50","137.50","2.0000","431"
"3533","嘉澤","974557","1467969805","1515.00","1530.00","1485.00","1495.00","-20.0000","1199"
"3535","晶彩科","5809992","367168798","64.20","65.00","61.60","62.30","-1.5000","3936"
"3543","州巧","228950","5499881","24.30","24.30","23.90","24.05","0.1500","158"
"3545","敦泰","865159","70528478","81.00","82.00","80.90","81.90","1.3000","788"
"3550","聯穎","12258314","335678249","28.55","28.55","26.60","26.90","-1.1000","6450"
"3557","嘉威","92149","6776725","73.30","74.20","73.20","73.40","0.4000","77"
"3563","牧德","190103","68256001","364.00","365.00","354.50","355.00","-4.0000","285"
"3576","聯合再生","8820231","109987006","12.30","12.60","12.30","12.50","0.3000","3029"
"3583","辛耘","5581833","2496795802","450.00","461.50","438.00","439.50","-8.0000","5925"
"3588","通嘉","3688694","324338169","88.30","90.50","86.10","87.00","-0.9000","3529"
"3591","艾笛森","246571","5993377","24.45","24.50","24.15","24.25","0.1000","206"
"3592","瑞鼎","412938","142738119","342.00","349.00","341.50","344.50","7.5000","723"
"3593","力銘","946986","14641179","14.80","16.05","14.70","15.65","1.0000","534"
"3596","智易","876414","127431783","149.00","149.00","144.50","144.50","-2.5000","715"
"3605","宏致","13700743","767055921","58.50","58.50","55.00","55.00","-3.0000","8068"
"3607","谷崧","1141022","24136324","21.20","21.40","20.95","21.05","0.0500","638"
"3617","碩天","1036832","346673774","336.50","341.50","327.00","327.00","-7.0000","1182"
"3622","洋華","5178488","382361548","75.10","75.90","72.10","72.40","-2.2000","3860"
"3645","達邁","2060967","99573629","47.35","49.40","47.35","47.85","0.5000","1301"
"3652","精聯","368790","14997575","40.20","41.20","40.20","40.40","0.3500","286"
"3653","健策","582394","775110340","1335.00","1355.00","1310.00","1310.00","-20.0000","776"
"3661","世芯-KY","3043120","6210783515","2035.00","2070.00","2020.00","2020.00","20.0000","9872"
"3665","貿聯-KY","3392538","1592573145","466.50","479.00","460.00","463.50","0.5000","3489"
"3669","圓展","1402596","69507539","49.80","50.90","48.15","49.35","2.6000","1256"
"3673","TPK-KY","5670791","254017015","44.60","45.45","44.30","44.85","0.6000","3569"
"3679","新至陞","38538","5106793","134.00","134.00","131.50","132.50","0.0000","69"
"3686","達能","592836","14267527","24.00","24.50","23.50","24.40","0.9000","421"
"3694","海華","1193061","53332482","44.85","45.50","43.65","44.20","-0.3000","745"
"3701","大眾控","343803","14158872","40.95","41.80","40.50","40.90","0.6000","271"
"3702","大聯大","7627368","590718461","77.30","78.10","76.40","77.50","1.3000","3454"
"3702A","大聯大甲特","232201","11729834","50.60","50.60","50.40","50.40","-0.1000","74"
"3703","欣陸","2155249","67192829","30.90","31.55","30.80","31.25","0.4000","1187"
"3704","合勤控","829292","31353560","38.10","38.45","37.50","37.50","-0.1500","546"
"3705","永信","718568","44527575","61.20","62.70","60.80","62.70","1.4000","641"
"3706","神達","3118205","143098686","45.95","46.10","45.70","45.90","0.4500","2020"
"3708","上緯投控","3143689","378543030","117.50","122.00","116.50","120.50","5.0000","2494"
"3711","日月光投控","26717769","4280778448","163.00","163.50","159.00","159.00","-3.5000","13118"
"3712","永崴投控","1140419","61788347","54.60","54.80","53.70","54.20","0.2000","900"
"3714","富采","2455826","112065470","45.50","45.95","45.35","45.50","0.4500","1681"
"3715","定穎投控","32872412","2545132915","76.80","79.30","75.30","75.50","0.0000","20482"
"3716","中化控股","309374","12294693","39.50","39.90","39.50","39.90","0.6000","334"
"4104","佳醫","111055","9790188","88.20","88.50","87.90","88.20","0.1000","170"
"4106","雃博","179646","4694103","25.90","26.40","25.85","26.40","0.4000","165"
"4108","懷特","206767","3744948","18.15","18.20","18.00","18.20","0.3000","221"
"4119","旭富","55067","4932316","89.80","89.80","89.30","89.80","0.3000","96"
"4133","亞諾法","72335","2207929","30.70","30.70","30.40","30.60","0.2000","94"
"4137","麗豐-KY","592064","85450416","138.00","148.00","138.00","144.00","7.0000","631"
"4142","國光生","610174","16624731","27.20","27.45","27.05","27.20","0.2500","373"
"4148","全宇生技-KY","4000","186550","46.50","46.95","46.50","46.55","0.1500","4"
"4155","訊映","213943","5234633","24.40","24.65","24.30","24.50","0.2500","207"
"4164","承業醫","342559","14754548","43.10","43.65","42.70","43.15","0.1000","453"
"4190","佐登-KY","34454","1661366","48.00","48.50","47.90","47.95","0.0000","195"
"4306","炎洲","1919887","36994936","19.25","19.35","19.15","19.30","0.2000","939"
"4414","如興","453001","1422673","3.15","3.16","3.13","3.15","0.0000","104"
"4426","利勤","204396","2819425","13.70","13.85","13.70","13.80","0.1000","115"
"4438","廣越","147453","15982923","108.00","109.00","108.00","108.00","0.5000","130"
"4439","冠星-KY","12010","1098815","91.30","92.40","91.00","91.20","-0.1000","13"
"4440","宜新實業","146072","3839747","26.20","26.40","26.10","26.25","0.1000","61"
"4526","東台","9129770","325364326","35.40","36.75","35.10","35.10","-0.0500","4838"
"4532","瑞智","3892050","101523515","25.60","26.30","25.60","26.15","0.8000","1914"
"4536","拓凱","247626","54038048","216.50","221.00","216.50","218.00","0.5000","280"
"4540","全球傳動","1216150","52519778","43.00","44.25","42.55","43.20","0.6000","883"
"4545","銘鈺","1120700","63919728","58.20","59.00","55.60","55.90","-2.4000","868"
"4551","智伸科","461642","59611324","129.00","131.00","127.50","129.50","0.5000","453"
"4552","力達-KY","332105","8803665","26.10","27.10","26.05","26.85","0.8000","226"
"4555","氣立","608428","26040184","42.20","43.35","42.15","42.70","0.5500","390"
"4557","永新-KY","134553","16921630","126.00","126.50","124.50","125.50","0.5000","143"
"4560","強信-KY","92069","2947814","32.05","32.10","31.95","32.10","0.1000","53"
"4562","穎漢","8786089","614515142","69.10","73.00","67.50","67.50","-1.6000","6521"
"4564","元翎","513427","12715960","24.80","25.10","24.50","24.70","0.1000","494"
"4566","時碩工業","4924572","462417288","93.10","95.50","92.30","92.40","-0.4000","3723"
"4569","六方科-KY","297947","78658008","264.00","264.00","264.00","264.00","24.0000","186"
"4571","鈞興-KY","3004322","536338525","175.00","184.00","174.00","174.00","2.0000","2460"
"4572","駐龍","90129","14422170","161.00","162.00","158.50","159.00","-1.5000","106"
"4576","大銀微系統","3796943","394384547","102.00","107.00","100.00","101.50","1.9000","2684"
"4581","光隆精密-KY","32039","1815685","57.00","57.00","56.50","56.80","0.0000","21"
"4583","台灣精銳","1579068","1153979754","735.00","757.00","707.00","707.00","-20.0000","2259"
"4588","玖鼎電力","65639","6010040","92.00","93.00","90.70","90.70","-0.4000","71"
"4720","德淵","1419181","30266809","21.00","21.70","20.90","21.45","0.5500","618"
"4722","國精化","1545525","74978328","47.80","49.30","47.00","48.35","2.2000","1190"
"4736","泰博","137385","21322429","155.50","155.50","154.50","155.50","0.5000","199"
"4737","華廣","38101","2635099","70.00","70.00","69.00","69.00","-0.5000","30"
"4739","康普","295768","17970272","60.40","61.30","59.30","60.70","1.7000","316"
"4746","台耀","891409","88487692","98.70","100.50","98.10","99.70","1.6000","824"
"4755","三福化","310519","43375262","137.50","141.50","137.50","139.50","2.5000","338"
"4763","材料-KY","1153535","1033362330","896.00","905.00","889.00","892.00","-1.0000","2864"
"4764","雙鍵","14878","663375","44.00","45.50","44.00","44.55","0.0500","19"
"4766","南寶","630103","193255311","299.50","309.00","299.50","309.00","9.5000","679"
"4770","上品","522701","182168697","355.00","359.50","342.00","344.00","-5.5000","1097"
"4771","望隼","515643","117257319","226.50","232.00","224.50","225.00","4.5000","503"
"4807","日成-KY","170477","3744281","21.50","22.40","21.50","22.05","0.6000","137"
"4904","遠傳","6097853","554854345","92.40","92.40","90.40","91.20","-0.8000","3535"
"4906","正文","4599733","182552577","40.45","40.65","39.40","39.40","-0.5500","3051"
"4912","聯德控股-KY","92087","9445883","102.50","103.50","101.50","102.00","0.5000","78"
"4915","致伸","3595727","327537370","89.40","92.00","88.60","91.90","3.3000","2340"
"4916","事欣科","384279","10903653","28.40","28.60","28.10","28.35","0.3000","296"
"4919","新唐","7777240","672418474","83.50","88.50","83.00","87.60","5.4000","6321"
"4927","泰鼎-KY","601207","34314208","57.00","57.50","56.40","57.50","1.2000","413"
"4930","燦星網","95006","3188616","33.50","33.70","33.50","33.55","0.0500","116"
"4934","太極","691427","12705365","18.20","18.70","18.05","18.55","0.6500","444"
"4935","茂林-KY","366242","25956047","70.60","71.70","70.10","70.60","0.9000","334"
"4938","和碩","4801969","498774705","104.00","104.50","103.00","104.00","1.0000","2206"
"4942","嘉彰","111511","4970354","44.70","44.70","44.45","44.65","0.1500","81"
"4943","康控-KY","18606","319438","17.35","17.35","17.05","17.35","0.3500","27"
"4949","有成精密","116320","2760718","23.65","24.00","23.60","23.60","0.0000","90"
"4952","凌通","9325445","564013106","59.50","62.50","58.10","59.10","0.6000","6186"
"4956","光鋐","1740573","48802090","27.80","28.50","27.70","27.70","0.2000","924"
"4958","臻鼎-KY","6390117","735989520","115.50","117.00","114.00","114.50","0.5000","4302"
"4960","誠美材","705848","9591632","13.65","13.70","13.50","13.60","0.1000","343"
"4961","天鈺","938518","251084614","266.50","269.00","265.00","269.00","2.5000","839"
"4967","十銓","3888388","439829175","115.00","116.50","110.00","110.50","-3.0000","4148"
"4968","立積","3693639","728970691","202.00","203.00","192.50","199.00","-0.5000","3643"
"4976","佳凌","443941","19314917","43.90","44.00","43.20","43.40","0.1000","306"
"4977","眾達-KY","25184497","2825110816","108.50","116.00","106.00","107.50","2.0000","14392"
"4989","榮科","477048","11105135","23.25","23.55","23.00","23.45","0.4500","309"
"4994","傳奇","30765","3550367","117.50","117.50","114.50","115.00","0.0000","40"
"4999","鑫禾","141405","4912844","34.30","35.05","34.30","35.00","0.8000","155"
"5007","三星","40001","2279257","56.60","57.40","56.60","57.20","0.1000","30"
"5203","訊連","138300","13213057","96.40","96.40","94.50","94.90","-0.5000","146"
"5215","科嘉-KY","20195","987225","48.85","49.35","48.55","48.80","0.3500","22"
"5222","全訊","233301","33695240","144.50","146.00","143.50","143.50","-1.0000","347"
"5225","東科-KY","1798473","247330266","139.50","140.00","136.00","137.00","-2.0000","1395"
"5234","達興材料","1012320","245112682","241.50","247.00","236.50","236.50","-2.5000","1071"
"5243","乙盛-KY","1880066","120112487","63.80","64.40","63.30","64.40","0.9000","1166"
"5244","弘凱","35001","1540543","44.55","44.55","43.55","44.40","0.2000","30"
"5258","虹堡","855545","107134093","128.50","128.50","124.00","124.00","-2.5000","684"
"5269","祥碩","1134605","1946039300","1695.00","1740.00","1680.00","1710.00","25.0000","1713"
"5283","禾聯碩","80534","8228539","102.00","102.50","102.00","102.50","0.5000","140"
"5284","jpp-KY","248606","31291790","126.00","127.50","125.00","125.00","1.0000","192"
"5285","界霖","248568","17309825","70.50","70.50","69.10","69.20","-0.7000","233"
"5288","豐祥-KY","251981","48167347","193.50","195.50","188.00","190.00","-2.5000","246"
"5292","華懋","343574","58537908","171.00","173.50","168.00","169.00","-2.0000","1370"
"5306","桂盟","94698","14622133","152.50","156.00","152.50","154.00","1.5000","142"
"5388","中磊","3594216","412625922","116.00","117.50","113.50","113.50","-4.0000","4633"
"5434","崇越","663234","191534483","288.00","290.00","287.50","287.50","0.5000","821"
"5469","瀚宇博","1955043","104130424","53.70","53.80","52.90","53.20","-0.1000","1191"
"5471","松翰","518958","24438876","47.50","47.55","46.60","46.85","0.3500","502"
"5484","慧友","523420","36272031","68.40","70.80","68.40","68.70","-0.3000","528"
"5515","建國","460646","10308906","22.15","22.55","22.10","22.50","0.4500","296"
"5519","隆大","709981","27641135","38.80","39.20","38.40","39.10","0.6500","665"
"5521","工信","1863971","23261403","12.40","12.70","12.30","12.40","0.1000","589"
"5522","遠雄","913648","64957410","71.00","71.60","70.20","71.00","1.1000","771"
"5525","順天","128580","4333702","33.65","33.95","33.45","33.95","0.8500","108"
"5531","鄉林","1122156","11491395","10.10","10.40","10.10","10.30","0.1500","423"
"5533","皇鼎","179446","3822660","21.20","21.40","21.20","21.30","0.2000","123"
"5534","長虹","1112593","110431172","99.40","100.50","98.60","98.60","-0.6000","858"
"5538","東明-KY","198449","7798713","39.60","39.95","38.45","39.30","0.4500","164"
"5546","永固-KY","7001","206579","29.45","29.80","29.45","29.50","0.0500","8"
"5607","遠雄港","442464","20818845","47.00","47.30","46.80","47.20","0.2000","480"
"5608","四維航","13446710","256838420","18.40","19.60","18.35","19.35","1.3500","6125"
"5706","鳳凰","228589","13673765","59.60","60.00","59.40","60.00","0.7000","220"
"5871","中租-KY","45379557","7390545556","158.00","166.00","158.00","163.50","11.5000","27266"
"5871A","中租-KY甲特","52266","4972596","95.00","95.30","95.00","95.20","0.2000","52"
"5876","上海商銀","8488160","334923856","39.85","39.85","39.20","39.20","-0.2500","4371"
"5880","合庫金","11896552","309606582","26.20","26.20","25.85","26.05","0.0500","4238"
"5906","台南-KY","2045","119510","58.90","58.90","58.00","58.00","-0.4000","4"
"5907","大洋-KY","1756463","16941923","9.27","9.84","9.25","9.70","0.4800","787"
"6005","群益證","2930311","63250054","21.65","21.65","21.45","21.65","0.1500","1457"
"6024","群益期","154632","8737206","56.50","56.70","56.30","56.60","0.1000","170"
"6108","競國","696446","12281128","17.75","17.95","17.35","17.45","-0.1500","398"
"6112","邁達特","244130","11540784","47.00","47.70","46.95","47.70","0.8000","250"
"6115","鎰勝","96014","5090871","53.30","53.30","52.70","52.80","-0.2000","87"
"6116","彩晶","14300455","134685819","9.42","9.47","9.35","9.39","0.0500","3964"
"6117","迎廣","1479419","150479274","104.00","104.50","100.00","101.00","-1.5000","1296"
"6120","達運","1762121","26275833","15.15","15.15","14.80","14.90","-0.1000","747"
"6128","上福","142398","5164317","36.20","36.45","36.20","36.30","0.1500","97"
"6133","金橋","2087257","46163102","22.20","22.35","21.85","22.05","0.0500","1090"
"6136","富爾特","98134","2241777","22.90","22.95","22.80","22.80","0.0000","80"
"6139","亞翔","1405103","301902023","217.50","218.00","213.00","213.00","-3.0000","1721"
"6141","柏承","206793","2917243","14.20","14.40","14.00","14.10","0.0000","128"
"6142","友勁","1269117","14005766","11.45","11.45","10.85","10.90","-0.4500","564"
"6152","百一","2736445","46427759","17.05","17.30","16.70","16.90","-0.1500","1548"
"6153","嘉聯益","1612002","34164962","21.00","21.35","20.95","21.30","0.4500","973"
"6155","鈞寶","110698","2984267","27.10","27.20","26.80","26.90","0.0500","82"
"6164","華興","338873","4705397","13.90","13.95","13.80","13.95","0.0500","335"
"6165","浪凡","174679","6742310","38.55","39.00","38.15","38.30","0.0000","126"
"6166","凌華","213862","14949730","70.10","70.70","69.30","69.60","0.4000","211"
"6168","宏齊","4260370","97874043","22.70","23.20","22.50","22.75","0.2500","989"
"6176","瑞儀","1621910","311398932","191.50","193.00","191.00","192.00","1.0000","880"
"6177","達麗","3568234","177796746","49.30","50.50","48.90","50.20","1.3000","2635"
"6183","關貿","30690","2366598","77.80","77.80","76.80","77.10","-0.3000","59"
"6184","大豐電","20946","1099541","52.50","52.60","52.40","52.60","0.2000","41"
"6189","豐藝","1019521","83406250","81.80","82.50","81.30","81.70","0.7000","753"
"6191","精成科","1860859","115111089","62.50","62.50","61.60","61.60","-0.3000","878"
"6192","巨路","73429","8622320","117.50","118.00","116.50","118.00","1.5000","93"
"6196","帆宣","215374","32923937","153.00","154.50","152.00","152.00","-0.5000","273"
"6197","佳必琪","4632998","793619683","174.50","176.50","168.50","168.50","-7.5000","8881"
"6201","亞弘電","27596","1584378","57.40","57.50","57.30","57.30","-0.2000","39"
"6202","盛群","8086230","429506665","52.50","55.40","51.80","55.40","2.9000","5190"
"6205","詮欣","159248","11349563","72.60","73.20","70.60","70.60","-1.4000","137"
"6206","飛捷","147822","12664501","86.40","86.40","85.00","85.90","0.9000","159"
"6209","今國光","464382","12171731","25.90","26.40","25.90","26.20","0.5000","291"
"6213","聯茂","5858229","442934532","74.80","76.60","74.30","75.80","1.9000","4050"
"6214","精誠","387013","49504853","128.00","128.50","127.00","127.50","0.0000","366"
"6215","和椿","5859565","400189957","68.30","70.20","66.80","66.80","-1.1000","3987"
"6216","居易","1077775","52038444","48.20","48.65","47.70","48.50","0.6500","701"
"6224","聚鼎","1889626","138384976","72.10","75.00","71.20","71.20","-0.6000","1546"
"6225","天瀚","2625","39527","15.75","15.75","15.75","15.75","0.0000","9"
"6226","光鼎","179338","1778872","9.99","9.99","9.88","9.90","-0.0200","115"
"6230","尼得科超眾","222312","51617455","235.50","241.00","226.50","227.50","-6.0000","329"
"6235","華孚","1602075","120883103","75.10","77.00","74.50","74.50","0.2000","1264"
"6239","力成","3229807","458122063","142.00","143.50","141.00","141.00","0.5000","2004"
"6243","迅杰","8848326","513608062","58.60","60.60","55.10","57.90","1.0000","6432"
"6257","矽格","4384746","340476345","77.90","78.30","77.20","77.30","0.1000","2904"
"6269","台郡","1711332","135182498","78.70","79.30","78.50","79.00","0.4000","1113"
"6271","同欣電","634861","90559882","144.00","144.00","142.00","142.00","0.0000","581"
"6277","宏正","117205","9190909","78.80","78.90","78.00","78.60","0.2000","125"
"6278","台表科","1412750","157598812","111.50","113.00","111.00","111.00","0.5000","842"
"6281","全國電","35742","2993124","83.80","83.80","83.60","83.80","0.0000","52"
"6282","康舒","3125134","106135384","33.50","34.35","33.40","34.25","1.0500","2174"
"6283","淳安","200464","5762506","28.50","29.05","28.50","28.85","0.5500","136"
"6285","啟碁","3236520","381820515","120.50","120.50","117.00","117.00","-2.0000","1816"
"6288","聯嘉","2437324","70055388","28.60","29.25","28.40","28.80","0.6000","1273"
"6405","悅城","11037688","469308853","42.30","45.00","41.00","41.00","-0.2000","7034"
"6409","旭隼","375245","781300670","2105.00","2130.00","2045.00","2075.00","-105.0000","1057"
"6412","群電","1181720","161908150","139.50","140.00","135.50","136.00","-3.0000","1308"
"6414","樺漢","494512","144512568","293.50","294.00","291.00","291.00","0.0000","455"
"6415","矽力*-KY","6415205","3062276725","475.00","490.50","463.00","484.50","26.0000","6506"
"6416","瑞祺電通","622010","98958707","159.50","161.00","158.00","158.00","-0.5000","502"
"6423","億而得-創","46624","4370807","94.30","94.30","93.50","93.80","-0.6000","36"
"6426","統新","213683","14491085","67.00","68.80","66.90","67.10","0.2000","189"
"6431","光麗-KY","179600","3708742","20.60","20.90","20.55","20.65","0.1000","116"
"6438","迅得","2811069","404442911","146.00","148.50","141.00","141.50","-2.5000","2609"
"6442","光聖","6539448","2512344655","392.00","397.50","368.00","375.00","-6.5000","6861"
"6443","元晶","6784825","164085849","23.85","24.45","23.80","24.30","0.6500","3047"
"6446","藥華藥","2363847","1493552863","637.00","645.00","626.00","632.00","-3.0000","5061"
"6449","鈺邦","2330709","388733395","171.00","172.50","163.50","164.00","-6.0000","3136"
"6451","訊芯-KY","3049573","653806970","217.50","221.00","209.00","209.00","-7.0000","2999"
"6456","GIS-KY","470578","27647713","58.20","59.00","58.20","59.00","0.9000","358"
"6464","台數科","29146","2357818","81.40","81.40","80.60","81.00","0.0000","31"
"6472","保瑞","1274516","971197506","748.00","774.00","748.00","757.00","7.0000","2197"
"6477","安集","634589","22659499","34.95","36.10","34.95","35.65","0.8500","479"
"6491","晶碩","1322133","582339319","422.50","454.00","422.50","436.00","16.5000","1665"
"6504","南六","40611","2881491","70.80","71.10","70.70","71.10","0.3000","44"
"6505","台塑化","12611896","661654544","51.50","53.20","51.00","53.00","2.3000","5749"
"6515","穎崴","465734","590002255","1265.00","1305.00","1245.00","1250.00","5.0000","754"
"6525","捷敏-KY","67678","4427537","65.90","65.90","65.10","65.30","-0.1000","63"
"6526","達發","668375","427149189","650.00","653.00","630.00","631.00","-10.0000","1416"
"6531","愛普*","2545058","784487548","306.00","311.50","305.00","307.50","4.5000","2718"
"6533","晶心科","1610445","603519387","356.00","382.00","356.00","375.50","23.5000","2088"
"6534","正瀚-創","52053","3913380","75.00","76.00","75.00","76.00","1.0000","33"
"6541","泰福-KY","104604","7215146","68.10","70.00","68.10","69.50","1.3000","163"
"6550","北極星藥業-KY","590775","32265630","54.40","54.90","54.30","54.80","0.5000","531"
"6552","易華電","425491","21734486","49.70","52.50","49.70","50.30","0.0000","341"
"6558","興能高","94186","2223260","23.60","23.85","23.50","23.50","-0.1000","62"
"6573","虹揚-KY","1095165","17700584","16.50","16.60","15.80","15.80","-0.4500","584"
"6579","研揚","102104","15770951","156.00","156.00","153.50","153.50","0.0000","145"
"6581","鋼聯","153245","16327234","107.50","108.50","105.50","106.50","-1.0000","82"
"6582","申豐","818025","55121899","63.10","68.80","63.10","68.40","5.6000","728"
"6585","鼎基","235083","40226398","170.50","173.00","169.00","170.00","2.0000","246"
"6591","動力-KY","92934","4584774","49.50","49.60","49.15","49.25","0.1000","100"
"6592","和潤企業","1201668","120064938","98.50","100.50","98.50","100.00","1.9000","1195"
"6592A","和潤企業甲特","3330","315595","94.80","94.80","94.80","94.80","0.0000","7"
"6592B","和潤企業乙特","50419","4799577","95.20","95.30","95.10","95.30","0.0000","43"
"6598","ABC-KY","863527","21113218","24.45","24.45","24.45","24.45","2.2000","353"
"6605","帝寶","453273","118102117","264.00","266.00","258.00","258.00","-4.5000","694"
"6606","建德工業","754619","22680944","30.35","30.55","29.85","30.00","-0.2500","413"
"6625","必應","129527","11177830","86.40","87.00","85.70","86.50","0.4000","160"
"6641","基士德-KY","22008","894224","40.40","41.30","40.40","41.25","0.6000","13"
"6645","金萬林-創","17450","497481","28.60","28.75","28.20","28.75","0.0500","23"
"6655","科定","76258","10424173","140.50","140.50","134.50","135.50","-3.5000","98"
"6657","華安","37069","1941580","52.60","52.70","52.10","52.60","0.1000","37"
"6658","聯策","454102","32057836","71.10","72.50","69.20","70.00","-1.1000","472"
"6666","羅麗芬-KY","64136","3865541","58.50","61.50","58.50","60.00","1.7000","66"
"6668","中揚光","369665","18308755","49.40","50.20","48.90","48.90","0.1000","278"
"6669","緯穎","2108486","3856634830","1835.00","1880.00","1790.00","1825.00","0.0000","4353"
"6670","復盛應用","972080","298379109","300.00","312.00","300.00","304.00","6.5000","999"
"6671","三能-KY","33130","1418782","42.65","43.00","42.60","42.85","-0.1500","25"
"6672","騰輝電子-KY","80945","5716230","70.40","71.10","70.30","70.60","0.4000","96"
"6674","鋐寶科技","23048","590587","25.60","25.90","25.35","25.90","0.5500","21"
"6689","伊雲谷","205386","20870244","101.50","102.50","100.50","101.50","1.5000","181"
"6691","洋基工程","359610","113012537","316.00","318.00","311.00","313.00","-2.5000","670"
"6695","芯鼎","3050030","184903841","58.50","62.50","58.40","59.20","1.2000","2424"
"6698","旭暉應材","797560","37884938","48.00","48.20","47.05","47.10","-0.2000","707"
"6706","惠特","1165055","193746921","166.00","169.00","163.00","166.00","2.5000","1153"
"6715","嘉基","373744","66969512","181.50","181.50","177.50","178.50","-0.5000","324"
"6719","力智","986067","254072364","252.50","263.00","252.50","253.50","0.0000","1108"
"6742","澤米","1504228","93944846","61.00","63.80","60.30","62.90","2.9000","1133"
"6743","安普新","2505688","171024343","67.40","69.70","66.80","67.60","0.6000","1593"
"6753","龍德造船","1159558","151454071","129.00","133.00","128.50","129.00","1.0000","1118"
"6754","匯僑設計","298529","22384936","73.20","76.40","72.90","75.70","2.5000","289"
"6756","威鋒電子","339600","63570624","190.00","191.50","182.50","182.50","-4.5000","435"
"6757","台灣虎航-創","994870","60655994","62.00","62.00","60.50","60.70","-0.6000","555"
"6768","志強-KY","1455481","157877263","107.50","111.00","106.50","107.50","1.0000","1189"
"6770","力積電","29409144","646435602","21.70","22.20","21.65","22.00","0.8500","10151"
"6771","平和環保-創","40000","2591600","64.60","65.20","64.50","64.60","0.0000","31"
"6776","展碁國際","86100","4919499","57.10","57.40","56.80","57.30","0.4000","83"
"6781","AES-KY","199333","102378047","509.00","521.00","508.00","508.00","10.0000","399"
"6782","視陽","472800","112956001","233.00","241.50","232.00","240.00","10.5000","539"
"6789","采鈺","2815673","841684877","292.50","306.50","291.50","294.50","4.5000","3021"
"6790","永豐實","165817","8069668","48.45","49.00","48.35","49.00","1.0000","153"
"6792","詠業","108771","7462149","66.50","70.00","66.50","70.00","3.5000","94"
"6794","向榮生技-創","17000","1307800","77.80","77.80","75.80","77.70","-0.1000","16"
"6796","晉弘","17035","1387065","83.40","83.40","80.30","82.60","0.7000","18"
"6799","來頡","470804","56732132","121.50","123.50","119.00","119.50","-3.0000","482"
"6805","富世達","2196888","1776537831","810.00","819.00","792.00","815.00","12.0000","2673"
"6806","森崴能源","2651595","365543987","138.50","139.50","135.00","138.50","2.5000","2364"
"6807","峰源-KY","51065","3667387","71.10","72.40","71.10","72.40","1.5000","49"
"6830","汎銓","2917495","539757002","188.50","190.00","180.50","181.50","-5.0000","2701"
"6834","天二科技","907045","35649591","40.30","40.60","38.50","39.50","-0.0500","676"
"6835","圓裕","254415","13076940","50.90","51.90","50.90","50.90","0.0000","176"
"6838","台新藥","427173","18736265","43.05","44.50","42.85","43.90","1.1500","339"
"6854","錼創科技-KY創","133473","12545825","92.40","96.80","92.00","95.00","3.2000","103"
"6861","睿生光電","59331","4000019","67.10","67.90","67.00","67.70","0.4000","68"
"6863","永道-KY","395504","114301375","292.00","292.50","285.50","287.00","-2.0000","518"
"6869","雲豹能源","6514401","1543369875","240.00","244.50","230.50","238.00","2.5000","6094"
"6873","泓德能源","4847106","1326460868","280.00","288.00","257.50","275.50","0.5000","4391"
"6890","來億-KY","672375","251152098","383.00","383.50","367.00","367.00","-9.0000","915"
"6901","鑽石投資","893171","35707804","39.90","40.20","39.65","40.15","0.8000","573"
"6902","走著瞧-創","5144","769304","149.00","150.00","149.00","150.00","8.5000","6"
"6906","現觀科","1793318","323208421","173.50","185.00","173.00","178.50","8.0000","1683"
"6914","阜爾運通","39811","5786837","148.00","148.00","144.00","144.50","-1.5000","89"
"6916","華凌","10000","259950","26.15","26.15","25.55","26.15","0.1500","8"
"6923","中台","402037","36224458","89.90","90.90","89.80","89.90","0.5000","412"
"6928","攸泰科技","380607","24912462","62.00","66.00","62.00","66.00","6.0000","248"
"6933","AMAX-KY","131869","30673441","234.00","238.00","229.00","229.50","-3.5000","248"
"6937","天虹","2214563","656837836","295.00","305.00","287.00","288.00","-1.5000","4346"
"6949","沛爾生醫-創","49131","3946193","81.90","81.90","79.50","81.00","1.1000","31"
"6951","青新-創","37089","2157551","58.30","58.50","58.00","58.50","0.2000","29"
"6952","大武山","29100","1439084","49.60","49.70","49.30","49.40","-0.1000","22"
"6957","裕慶-KY","203775","47174964","231.50","235.00","229.00","231.00","0.0000","272"
"6958","日盛台駿","636609","20142073","30.90","31.95","30.90","31.75","0.8500","466"
"6969","成信實業*-創","296000","18309100","60.80","63.00","60.30","62.90","-0.1000","196"
"8011","台通","2387762","62251279","26.40","26.50","25.70","26.00","-0.2000","1589"
"8016","矽創","883058","206008150","232.50","236.50","230.50","232.00","3.5000","821"
"8021","尖點","1676636","60726755","36.95","36.95","35.60","36.00","-0.6500","1328"
"8028","昇陽半導體","42402771","5711784169","131.00","139.50","129.50","130.50","2.5000","26393"
"8033","雷虎","952670","57031356","59.90","60.50","59.60","59.60","-0.3000","874"
"8039","台虹","9518006","587284777","60.40","62.90","59.90","61.30","1.4000","5477"
"8046","南電","2987639","426977251","140.50","145.00","140.00","142.50","4.0000","2658"
"8070","長華*","14061015","906432697","65.00","66.40","63.30","63.70","0.1000","8391"
"8072","陞泰","156186","4252743","26.75","27.65","26.75","27.65","0.8500","165"
"8081","致新","577811","132235523","229.50","231.00","227.00","227.00","-1.0000","632"
"8103","瀚荃","662987","41116856","62.50","63.00","61.60","62.10","0.0000","557"
"8104","錸寶","600942","25268852","41.95","42.50","41.70","42.05","0.6000","407"
"8105","凌巨","2444102","42126575","17.05","17.45","17.05","17.20","0.3000","1123"
"8110","華東","4615768","81258319","17.85","17.85","17.45","17.60","-0.1500","2152"
"8112","至上","2775158","185869492","67.30","67.50","66.70","66.80","0.4000","1733"
"8112A","至上甲特","23410","999718","42.70","42.75","42.70","42.75","-0.0500","16"
"8114","振樺電","764015","156073599","209.00","211.50","200.00","201.50","-4.5000","946"
"8131","福懋科","338347","12340534","36.40","36.65","36.15","36.65","0.5000","303"
"8150","南茂","11081782","418700562","37.35","38.10","37.25","37.65","0.7000","4943"
"8162","微矽電子-創","26000","915900","35.45","35.50","35.05","35.35","-0.6500","15"
"8163","達方","511723","25626111","49.70","50.30","49.70","50.30","0.6500","419"
"8201","無敵","123460","2185129","17.65","17.90","17.60","17.70","0.0500","92"
"8210","勤誠","1520965","423405495","281.50","286.00","273.00","275.00","-3.5000","1812"
"8213","志超","543230","21029272","39.00","39.00","38.55","38.60","-0.3500","340"
"8215","明基材","502353","15628843","30.90","31.30","30.60","31.15","0.6500","367"
"8222","寶一","238187","9249282","38.80","39.00","38.60","38.75","0.2500","159"
"8249","菱光","2331883","141236970","59.40","61.50","58.90","61.20","2.7000","2024"
"8261","富鼎","604919","49791691","81.60","83.20","81.10","82.20","0.6000","468"
"8271","宇瞻","254374","13543175","53.30","53.60","52.80","53.10","0.2000","227"
"8341","日友","336158","30728971","90.20","92.60","90.20","92.20","2.3000","500"
"8367","建新國際","78326","4065604","52.30","52.30","51.70","51.90","0.2000","51"
"8374","羅昇","8524231","1230138893","142.00","149.50","139.00","140.00","-1.5000","6116"
"8404","百和興業-KY","1925940","39448119","20.00","21.00","20.00","20.95","1.2000","977"
"8411","福貞-KY","229828","3208335","14.15","14.15","13.85","14.10","-0.0500","214"
"8422","可寧衛","76676","14286090","187.00","187.00","185.50","186.50","1.0000","137"
"8429","金麗-KY","1055457","10777620","10.35","10.35","10.00","10.20","0.2300","459"
"8438","昶昕","599150","25584815","42.90","43.10","42.10","42.85","0.8000","484"
"8442","威宏-KY","51450","5843900","115.00","115.00","113.00","113.00","-0.5000","49"
"8443","阿瘦","22882","271398","11.85","11.90","11.80","11.80","-0.0500","105"
"8454","富邦媒","575319","227495475","394.00","399.50","390.50","398.00","0.5000","1195"
"8462","柏文","709175","88437957","129.00","129.00","122.50","123.50","-4.0000","782"
"8463","潤泰材","157252","4509934","28.65","29.00","28.50","28.65","0.0000","108"
"8464","億豐","814865","413283733","503.00","513.00","498.00","505.00","-2.0000","837"
"8466","美吉吉-KY","242084","14213482","59.20","59.40","58.10","58.10","-1.0000","199"
"8467","波力-KY","325418","89118061","284.00","284.00","269.00","272.00","-4.5000","368"
"8473","山林水","1162071","53907317","46.25","46.90","45.95","46.35","0.0000","732"
"8476","台境","61310","3355619","55.00","55.00","54.50","54.50","-0.3000","46"
"8478","東哥遊艇","176286","52863784","298.00","302.50","297.50","297.50","1.0000","350"
"8481","政伸","20145","1025829","51.00","51.00","50.90","50.90","0.0000","16"
"8482","商億-KY","30213","2061464","68.30","68.90","67.60","68.90","1.2000","31"
"8487","愛爾達-創","21138","1551574","74.90","74.90","73.00","73.00","-1.7000","23"
"8488","吉源-KY","62139","996551","15.80","17.00","15.50","17.00","1.1000","51"
"8499","鼎炫-KY","33983","3951955","116.50","117.00","115.50","117.00","1.5000","32"
"8926","台汽電","546072","24532016","45.00","45.15","44.70","44.95","0.1500","502"
"8940","新天地","89498","1984347","22.25","22.25","21.80","22.15","0.0500","161"
"8996","高力","775550","326981717","430.00","430.00","415.50","415.50","-14.5000","1402"
"9103","美德醫療-DR","927113","6256159","6.67","6.82","6.65","6.80","0.1800","301"
"910322","康師傅-DR","66529","1500747","22.95","23.10","22.20","22.45","-0.3000","88"
"9105","泰金寶-DR","7174223","36631067","5.13","5.15","5.09","5.10","0.0100","1784"
"910861","神州-DR","173200","1059037","6.22","6.23","6.05","6.20","-0.0400","83"
"9110","越南控-DR","28000","201280","7.18","7.21","7.11","7.21","0.0100","8"
"911608","明輝-DR","28500","91130","3.19","3.20","3.15","3.20","0.1000","14"
"911622","泰聚亨-DR","174000","897050","5.22","5.22","5.15","5.18","-0.0100","45"
"911868","同方友友-DR","202040","299953","1.48","1.50","1.47","1.49","0.0000","63"
"912000","晨訊科-DR","1068823","3208848","2.99","3.05","2.97","3.03","0.0700","225"
"9136","巨騰-DR","120090","773218","6.45","6.47","6.41","6.45","0.0000","67"
"9802","鈺齊-KY","475279","58304197","122.50","124.00","121.50","122.50","0.0000","405"
"9902","台火","288666","5512858","19.20","19.20","18.95","19.15","0.2000","191"
"9904","寶成","7073779","252262497","35.65","35.85","35.35","35.70","0.3000","3052"
"9905","大華","129370","2991196","23.15","23.20","23.00","23.15","0.0500","91"
"9906","欣巴巴","1342261","198983837","150.00","153.50","144.50","152.00","3.0000","1331"
"9907","統一實","5762324","96045406","16.45","16.80","16.30","16.70","0.4500","2092"
"9908","大台北","350320","10638269","30.35","30.45","30.30","30.45","0.0000","270"
"9910","豐泰","778264","119383461","154.50","155.00","152.00","153.00","1.5000","725"
"9911","櫻花","256557","22321566","87.20","87.50","86.70","87.40","0.4000","413"
"9912","偉聯","34584","430260","12.60","12.60","12.35","12.55","0.0500","65"
"9914","美利達","785287","184904419","236.50","239.00","233.50","233.50","-2.5000","819"
"9917","中保科","509034","70372650","138.50","139.00","137.50","138.00","1.5000","615"
"9918","欣天然","13118","541110","41.30","41.30","41.10","41.30","-0.3000","27"
"9919","康那香","573231","11327792","19.70","19.90","19.65","19.80","0.2500","251"
"9921","巨大","3229719","743953327","227.50","234.50","227.00","229.00","4.5000","2581"
"9924","福興","177039","10105840","57.40","57.50","56.80","57.00","0.0000","180"
"9925","新保","186178","7787329","42.00","42.00","41.70","41.90","0.0000","180"
"9926","新海","12113","662635","54.90","55.00","54.30","54.80","0.5000","14"
"9927","泰銘","1286491","90580167","71.20","71.20","70.00","70.20","-1.0000","1019"
"9928","中視","68350","1369050","20.00","20.30","19.85","19.95","-0.0500","48"
"9929","秋雨","17600","283830","16.55","16.55","16.05","16.10","-0.2500","12"
"9930","中聯資源","110507","7324867","66.20","66.50","66.00","66.30","0.3000","125"
"9931","欣高","30188","1041942","34.80","34.80","34.30","34.80","0.1000","28"
"9933","中鼎","1902252","91302874","48.55","48.55","47.65","47.85","-0.1500","1625"
"9934","成霖","741948","13286164","17.95","18.05","17.80","18.00","0.2000","374"
"9935","慶豐富","1040812","34985518","33.55","33.95","33.35","33.55","0.0000","711"
"9937","全國","543004","35834860","65.40","66.20","65.40","66.00","0.3000","232"
"9938","百和","5790141","429057667","72.20","75.30","72.10","73.90","2.1000","3812"
"9939","宏全","509438","84818495","169.00","169.50","165.50","167.00","0.0000","797"
"9940","信義","464097","14362984","31.00","31.10","30.75","31.00","0.2000","350"
"9941","裕融","2919291","440011938","147.00","153.00","147.00","151.50","5.5000","3376"
"9941A","裕融甲特","1893","96221","51.20","51.20","51.20","51.20","0.0000","4"
"9942","茂順","132383","15154021","116.00","116.00","113.50","114.50","-1.5000","184"
"9943","好樂迪","99131","8253252","83.40","83.40","83.10","83.40","0.3000","138"
"9944","新麗","145941","2961925","20.25","20.40","20.25","20.30","0.0500","189"
"9945","潤泰新","7639643","367358631","48.30","48.30","47.70","48.20","0.2000","3550"
"9946","三發地產","528984","15211866","28.45","29.00","28.45","28.85","0.2000","346"
"9955","佳龍","3272253","122225158","38.30","38.50","36.30","37.00","-0.7500","2674"
"9958","世紀鋼","6398810","1508597011","238.00","241.00","232.00","233.00","-3.5000","5465"
