證券代號,證券名稱,成交股數,成交金額,開盤價,最高價,最低價,收盤價,漲跌價差,成交筆數
"0050","元大台灣50","12464313","2339725240","187.70","188.00","187.35","187.75","2.7500","15933"
"0051","元大中型100","67058","5485126","81.80","81.90","81.75","81.75","0.9500","288"
"0052","富邦科技","742667","136081065","183.00","183.50","182.75","183.50","3.2000","1489"
"0053","元大電子","35145","3526022","99.45","100.55","99.45","100.55","1.5000","120"
"0055","元大MSCI金融","278441","8195938","29.44","29.50","29.32","29.50","0.2000","350"
"0056","元大高股息","16028672","619738994","38.49","38.78","38.49","38.73","0.4900","12312"
"0057","富邦摩台","16183","2234502","136.85","138.25","136.85","138.15","2.5500","91"
"0061","元大寶滬深","2305242","40053524","17.33","17.48","17.28","17.38","0.6200","704"
"006203","元大MSCI台灣","9263","816076","88.40","88.50","88.35","88.50","1.5000","131"
"006204","永豐臺灣加權","13685","1564909","114.70","114.70","114.20","114.50","2.1500","170"
"006205","富邦上証","2616794","79285565","30.08","30.50","30.08","30.19","0.8700","993"
"006206","元大上證50","1016318","29759212","29.11","29.73","29.02","29.21","1.0100","454"
"006207","復華滬深","405469","9121747","22.84","22.84","22.32","22.32","0.5600","113"
"006208","富邦台50","7897091","866044615","109.30","109.85","109.25","109.80","1.7500","11356"
"00625K","富邦上証+R","","","","","","","0.0000",""
"00631L","元大台灣50正2","6238315","1489467973","238.50","239.95","237.60","239.20","6.9500","6362"
"00632R","元大台灣50反1","296172107","985851575","3.33","3.34","3.32","3.32","-0.0600","10829"
"00633L","富邦上証正2","25834017","885603049","34.10","34.68","33.65","33.90","1.7200","4664"
"00634R","富邦上証反1","2370654","10621818","4.49","4.53","4.47","4.52","-0.1500","92"
"00635U","期元大S&P黃金","941088","29011062","30.82","30.92","30.75","30.79","0.1900","619"
"00636","國泰中國A50","6834100","146272135","21.84","21.84","21.22","21.31","0.6700","1346"
"00636K","國泰中國A50+U","100","670","6.70","6.70","6.70","6.70","0.3300","1"
"00637L","元大滬深300正2","178599942","2451219464","13.76","13.87","13.47","13.58","0.7200","18367"
"00638R","元大滬深300反1","2277944","21416778","9.33","9.47","9.33","9.45","-0.3200","206"
"00639","富邦深100","2906031","29864934","10.13","10.37","10.13","10.22","0.3000","617"
"00640L","富邦日本正2","823358","41035012","49.63","50.10","49.60","50.00","-0.1500","371"
"00641R","富邦日本反1","771465","4891988","6.35","6.37","6.33","6.34","0.0100","74"
"00642U","期元大S&P石油","4338045","71872544","16.61","16.65","16.52","16.56","0.0200","645"
"00643","群益深証中小","2124574","24091777","11.22","11.42","11.22","11.27","0.3000","411"
"00643K","群益深証中小+R","4000","9720","2.43","2.43","2.43","2.43","0.0800","2"
"00645","富邦日本","1253266","45485623","36.28","36.37","36.21","36.31","-0.0800","382"
"00646","元大S&P500","1982700","113057580","57.15","57.15","56.85","57.00","-0.1500","1076"
"00647L","元大S&P500正2","253578","23814248","93.95","94.00","93.70","93.80","-0.0500","69"
"00648R","元大S&P500反1","669250","3543087","5.30","5.30","5.29","5.30","-0.0100","66"
"00650L","復華香港正2","50340638","604747383","12.20","12.29","11.72","11.75","0.4500","4365"
"00651R","復華香港反1","3081802","24336410","7.88","7.97","7.82","7.97","-0.1500","298"
"00652","富邦印度","290871","12051651","41.63","41.63","41.35","41.36","-0.2900","410"
"00653L","富邦印度正2","257116","18248158","71.75","71.75","70.80","70.80","-0.5000","175"
"00654R","富邦印度反1","571000","3412050","5.98","6.00","5.97","6.00","0.0200","41"
"00655L","國泰中國A50正2","12387819","289316932","23.45","23.60","22.93","23.10","1.2200","1930"
"00656R","國泰中國A50反1","1132795","9553669","8.41","8.50","8.38","8.49","-0.2700","92"
"00657","國泰日經225","150940","6734490","44.52","44.74","44.52","44.67","-0.1100","88"
"00657K","國泰日經225+U","200","2798","13.99","13.99","13.99","13.99","0.0400","2"
"00660","元大歐洲50","1996","71301","35.95","35.95","35.95","35.95","0.2900","103"
"00661","元大日經225","1189516","57788964","48.43","48.79","48.43","48.73","0.0700","168"
"00662","富邦NASDAQ","1326075","108401977","81.85","81.85","81.60","81.70","-0.1500","1002"
"00663L","國泰臺灣加權正2","41568","9068287","218.50","219.10","217.55","218.70","6.2500","24"
"00664R","國泰臺灣加權反1","14533137","54566854","3.76","3.77","3.74","3.74","-0.0700","871"
"00665L","富邦恒生國企正2","133813164","1058698359","8.00","8.11","7.71","7.73","0.3200","8126"
"00666R","富邦恒生國企反1","465151","6097388","13.03","13.27","12.98","13.27","-0.3700","68"
"00668","國泰美國道瓊","61905","3020447","48.84","48.84","48.77","48.79","-0.1100","109"
"00668K","國泰美國道瓊+U","200","3066","15.33","15.33","15.33","15.33","0.0700","2"
"00669R","國泰美國道瓊反1","1879709","12491526","6.66","6.66","6.64","6.65","-0.0300","227"
"00670L","富邦NASDAQ正2","753704","93113359","123.60","123.90","123.35","123.50","0.2500","389"
"00671R","富邦NASDAQ反1","7402599","27387318","3.71","3.71","3.69","3.70","-0.0200","249"
"00673R","期元大S&P原油反1","20818961","157305717","7.55","7.59","7.52","7.58","-0.0100","770"
"00674R","期元大S&P黃金反1","1489315","14088419","9.47","9.48","9.44","9.48","-0.0700","321"
"00675L","富邦臺灣加權正2","4016678","383371594","95.35","95.90","95.00","95.60","2.7500","3800"
"00676R","富邦臺灣加權反1","11173096","23367986","2.10","2.10","2.08","2.10","-0.0200","563"
"00678","群益那斯達克生技","549199","16414795","30.06","30.06","29.86","29.89","-0.3800","132"
"00680L","元大美債20正2","58187210","554677077","9.54","9.55","9.52","9.53","0.0100","4683"
"00681R","元大美債20反1","2000","38170","19.09","19.09","19.08","19.08","-0.0400","2"
"00682U","期元大美元指數","12000","243970","20.34","20.34","20.31","20.33","-0.1000","4"
"00683L","期元大美元指正2","130031","2740685","21.07","21.09","21.07","21.08","-0.2800","33"
"00684R","期元大美元指反1","48000","763840","15.94","15.94","15.90","15.92","0.0800","15"
"00685L","群益臺灣加權正2","1073713","91373798","85.00","85.55","84.75","85.45","2.7000","734"
"00686R","群益臺灣加權反1","2754994","6259677","2.28","2.28","2.26","2.27","-0.0300","93"
"00688L","國泰20年美債正2","33560843","318618331","9.51","9.52","9.48","9.49","0.0100","2692"
"00689R","國泰20年美債反1","","","","","","","0.0000",""
"00690","兆豐藍籌30","2039979","70882128","34.50","34.83","34.50","34.77","0.5600","666"
"00692","富邦公司治理","2489090","109642546","43.98","44.16","43.98","44.08","0.7100","2103"
"00693U","期街口S&P黃豆","665805","14152556","21.28","21.35","21.20","21.23","0.0300","164"
"00700","富邦恒生國企","1522318","21331337","14.13","14.29","13.85","13.89","0.3500","479"
"00701","國泰股利精選30","620802","18339870","29.58","29.61","29.47","29.55","0.1200","762"
"00702","國泰標普低波高息","9785","247429","25.50","25.50","25.20","25.30","0.0000","93"
"00703","台新MSCI中國","122946","1995979","16.19","16.40","16.19","16.24","0.4600","107"
"00706L","期元大S&P日圓正2","17986785","126180715","7.04","7.05","7.00","7.02","0.0700","797"
"00707R","期元大S&P日圓反1","10000","276200","27.62","27.62","27.62","27.62","0.0000","1"
"00708L","期元大S&P黃金正2","2248188","93613887","41.68","41.86","41.44","41.54","0.5400","637"
"00709","富邦歐洲","3212","97964","30.67","30.67","30.65","30.65","0.0700","105"
"00710B","復華彭博非投等債","246966","4803718","19.57","19.57","19.42","19.44","-0.0900","93"
"00711B","復華彭博新興債","211375","3600829","17.04","17.05","17.01","17.03","-0.0900","84"
"00712","復華富時不動產","12435485","124117940","10.00","10.02","9.97","9.98","0.0100","2923"
"00713","元大台灣高息低波","10171491","585863286","57.70","57.80","57.45","57.55","0.2000","8387"
"00714","群益道瓊美國地產","494527","11152360","22.61","22.61","22.53","22.55","-0.0600","126"
"00715L","期街口布蘭特正2","36044798","483459323","13.48","13.50","13.31","13.35","0.0500","3506"
"00717","富邦美國特別股","301848","4997757","16.55","16.58","16.54","16.56","-0.0300","135"
"00728","第一金工業30","195570","6400760","32.72","32.81","32.64","32.64","0.4200","178"
"00730","富邦臺灣優質高息","603507","14029295","23.00","23.32","23.00","23.30","0.3200","440"
"00731","復華富時高息低波","889836","65459374","73.30","73.70","73.30","73.55","0.7500","863"
"00733","富邦臺灣中小","1226943","68691765","55.60","56.25","55.60","55.95","0.9500","1517"
"00735","國泰臺韓科技","331866","10969390","32.95","33.17","32.89","33.12","0.4000","260"
"00736","國泰新興市場","194984","4680463","23.96","24.09","23.96","24.04","0.1600","115"
"00737","國泰AI+Robo","175586","5279973","30.07","30.11","30.07","30.07","0.0100","80"
"00738U","期元大道瓊白銀","2360376","68039932","28.92","29.00","28.68","28.70","0.6900","819"
"00739","元大MSCI A股","242314","5042175","20.50","20.97","20.50","20.71","0.5200","133"
"00752","中信中國50","17479552","347349780","19.85","20.18","19.71","19.73","0.4800","3313"
"00753L","中信中國50正2","72688997","628603998","8.61","8.81","8.51","8.53","0.4400","7154"
"00757","統一FANG+","1874368","164081407","87.85","87.95","87.30","87.50","-0.0500","2240"
"00762","元大全球AI","172398","10427175","60.50","60.60","60.35","60.50","0.2500","272"
"00763U","期街口道瓊銅","622367","17018140","27.38","27.47","27.25","27.30","0.4600","210"
"00770","國泰北美科技","350064","16323684","46.60","46.90","46.54","46.55","-0.0200","356"
"00771","元大US高息特別股","24381","442883","18.17","18.18","18.17","18.18","-0.0200","103"
"00775B","新光投等債15+","823003","29599127","35.92","35.97","35.92","35.96","-0.0500","12"
"00783","富邦中証500","574933","9722109","16.81","17.03","16.80","16.80","0.3800","65"
"00830","國泰費城半導體","15253363","696359518","45.65","45.74","45.60","45.64","0.3000","2614"
"00850","元大臺灣ESG永續","3713517","167442500","45.02","45.27","45.00","45.09","0.5400","3543"
"00851","台新全球AI","17138","791687","46.32","46.32","46.17","46.21","-0.1100","117"
"00852L","國泰美國道瓊正2","304714","8136963","26.75","26.75","26.68","26.68","-0.0700","40"
"00861","元大全球未來通訊","140561","5922275","42.10","42.17","42.10","42.17","0.1500","110"
"00865B","國泰US短期公債","463451","21050088","45.40","45.51","45.34","45.41","-0.1000","447"
"00875","國泰網路資安","49208","1631088","33.12","33.17","33.12","33.16","-0.1000","87"
"00876","元大全球5G","160345","5988678","37.40","37.49","37.31","37.31","0.2500","177"
"00878","國泰永續高股息","35695732","817007161","22.81","22.93","22.81","22.88","0.2100","16899"
"00881","國泰台灣5G+","16397207","387470126","23.59","23.70","23.54","23.61","0.4000","6161"
"00882","中信中國高股息","62677381","745472254","11.85","12.14","11.77","11.78","0.2500","10575"
"00885","富邦越南","6217018","75520058","12.10","12.20","12.09","12.17","0.1000","2291"
"00891","中信關鍵半導體","9774052","177651957","18.03","18.26","18.02","18.19","0.4100","2908"
"00892","富邦台灣半導體","4133544","70250418","16.75","17.07","16.75","17.00","0.5300","1310"
"00893","國泰智能電動車","3268244","73450189","22.47","22.55","22.42","22.47","0.3600","974"
"00894","中信小資高價30","2164537","44604621","20.55","20.66","20.54","20.58","0.4300","513"
"00895","富邦未來車","1843751","52687267","28.58","28.63","28.53","28.59","0.4200","839"
"00896","中信綠能及電動車","819805","14517013","17.62","17.74","17.62","17.72","0.2800","447"
"00897","富邦基因免疫生技","604983","4973679","8.24","8.24","8.21","8.22","0.0000","135"
"00898","國泰基因免疫革命","1098101","8163981","7.49","7.49","7.41","7.41","-0.0900","165"
"00899","FT潔淨能源","131256","2186138","16.66","16.68","16.65","16.67","0.1300","119"
"00900","富邦特選高股息30","8476830","127980366","15.02","15.14","15.02","15.09","0.1000","2366"
"00901","永豐智能車供應鏈","4270811","88841949","20.72","20.87","20.72","20.77","0.3400","510"
"00902","中信電池及儲能","4980814","47660660","9.50","9.61","9.50","9.58","0.2100","1140"
"00903","富邦元宇宙","319736","4436181","13.88","13.89","13.87","13.87","0.0200","149"
"00904","新光臺灣半導體30","909884","16314904","17.73","17.99","17.73","17.91","0.3400","435"
"00905","FT臺灣Smart","5728452","78541634","13.70","13.74","13.68","13.72","0.1800","2227"
"00907","永豐優息存股","4215011","68455283","16.22","16.29","16.19","16.27","0.1400","1401"
"00908","富邦入息REITs+","516902","7238145","13.98","14.03","13.97","14.01","0.0300","115"
"00909","國泰數位支付服務","542341","14539796","26.75","26.85","26.75","26.78","0.1200","520"
"00910","第一金太空衛星","177918","4115183","23.01","23.17","23.01","23.17","0.1600","30"
"00911","兆豐洲際半導體","302767","7900397","26.03","26.18","26.03","26.12","0.1800","219"
"00912","中信臺灣智慧50","1609518","31425288","19.54","19.58","19.47","19.52","0.2400","438"
"00913","兆豐台灣晶圓製造","405920","8510095","20.80","21.05","20.80","20.96","0.3400","106"
"00915","凱基優選高股息30","10250570","274507643","26.68","26.84","26.67","26.84","0.2400","5432"
"00916","國泰全球品牌50","92279","2127654","23.09","23.10","23.03","23.07","-0.0200","302"
"00917","中信特選金融","483082","10183820","21.09","21.10","21.05","21.08","-0.0800","162"
"00918","大華優利高填息30","16081326","387252187","23.99","24.13","23.99","24.10","0.1900","4414"
"00919","群益台灣精選高息","47931459","1147784744","23.87","23.99","23.87","23.95","0.2100","22588"
"00920","富邦ESG綠色電力","50444","776655","15.40","15.40","15.38","15.40","0.0200","84"
"00921","兆豐龍頭等權重","3154204","58346305","18.55","18.55","18.42","18.47","0.1800","1232"
"00922","國泰台灣領袖50","6808347","149685609","21.96","22.03","21.94","21.96","0.2700","2045"
"00923","群益台ESG低碳50","6804184","145273043","21.30","21.41","21.30","21.35","0.3500","3240"
"00924","復華S&P500成長","757544","17358079","22.96","22.96","22.84","22.93","0.0100","553"
"00925","新光標普電動車","273100","4552385","16.73","16.73","16.65","16.65","0.1900","13"
"00926","凱基全球菁英55","79992","1802737","22.58","22.58","22.51","22.54","0.0400","103"
"00927","群益半導體收益","6386618","121428220","18.96","19.06","18.93","19.04","0.3200","2415"
"00929","復華台灣科技優息","93175253","1779825559","19.02","19.16","19.02","19.08","0.1600","23156"
"00930","永豐ESG低碳高息","5222235","99584318","19.01","19.12","19.01","19.06","0.2200","1227"
"00932","兆豐永續高息等權","1551414","26124363","16.84","16.88","16.81","16.81","0.1000","875"
"00934","中信成長高股息","16099807","310232532","19.18","19.33","19.18","19.31","0.3300","3561"
"00935","野村臺灣新科技50","6455202","139352739","21.56","21.64","21.52","21.60","0.3700","2084"
"00936","台新永續高息中小","9664867","159803728","16.46","16.57","16.46","16.54","0.1400","2781"
"00939","統一台灣高息動能","42832113","634689816","14.73","14.85","14.73","14.81","0.1500","7187"
"00940","元大台灣價值高息","92823664","905397568","9.71","9.78","9.71","9.76","0.1100","16336"
"00941","中信上游半導體","3306750","47703873","14.42","14.45","14.40","14.42","0.0400","1089"
"00943","兆豐電子高息等權","1706930","25133268","14.67","14.76","14.67","14.73","0.1200","610"
"00944","野村趨勢動能高息","2846418","43093496","15.13","15.18","15.10","15.10","0.0600","640"
"00945B","凱基美國非投等債","17292787","261402671","15.16","15.16","15.10","15.12","-0.0600","2928"
"00946","群益科技高息成長","12316065","120409684","9.75","9.80","9.74","9.76","0.0800","2987"
"00947","台新臺灣IC設計","6589174","91868651","13.78","14.01","13.78","13.97","0.4100","1974"
"00949","復華日本龍頭","6054793","93174280","15.34","15.43","15.33","15.39","0.0600","957"
"00951","台新日本半導體","2728410","23139532","8.45","8.52","8.44","8.48","0.0500","646"
"00952","凱基台灣AI50","29267890","293121336","10.01","10.03","10.00","10.01","0.0600","2277"
"00953B","群益優選非投等債","13155289","131981592","10.05","10.05","10.02","10.03","-0.0300","1391"
"00954","中信日本半導體","2657446","23746955","8.92","8.98","8.89","8.95","0.0800","323"
"00956","中信日經高股息","1492140","14864314","9.98","9.99","9.94","9.99","-0.0100","194"
"00960","野村全球航運龍頭","50954388","898278054","16.40","19.09","16.30","19.09","3.1600","18000"
"01001T","土銀富邦R1","39000","538390","13.76","13.82","13.75","13.82","0.0000","9"
"01002T","土銀國泰R1","2546000","40745150","16.05","16.05","16.00","16.03","-0.0200","25"
"01004T","土銀富邦R2","183000","2235440","12.22","12.22","12.21","12.21","0.0000","5"
"01007T","兆豐國泰R2","5000","80050","16.01","16.01","16.01","16.01","0.0100","3"
"01009T","王道圓滿R1","99000","746240","7.64","7.64","7.45","7.45","0.0000","8"
"01010T","京城樂富R1","36000","359890","10.00","10.00","9.99","10.00","0.0000","12"
"020000","富邦特選蘋果N","65000","790340","12.14","12.18","12.14","12.15","0.2300","6"
"020011","統一微波高息20N","","","","","","","0.0000",""
"020012","富邦行動通訊N","15000","150500","10.03","10.04","10.03","10.04","0.0000","3"
"020015","統一MSCI美低波N","","","","","","","0.0000",""
"020016","統一MSCI美科技N","","","","","","","0.0000",""
"020018","統一價值成長30N","","","","","","","0.0000",""
"020019","統一特選台灣5GN","","","","","","","0.0000",""
"02001L","富邦蘋果正二N","88000","2369230","26.00","27.17","26.00","26.92","0.9900","39"
"02001R","富邦蘋果反一N","18000","25680","1.43","1.43","1.42","1.43","0.0000","6"
"02001S","策元大加權策略N","","","","","","","0.0000",""
"020020","元大台股領航N","123000","1450890","11.75","11.82","11.75","11.81","0.3100","25"
"020028","元大特選電動車N","33000","311750","9.38","9.49","9.38","9.48","0.1300","11"
"020029","元大ESG高股息N","59000","537300","9.10","9.14","9.09","9.13","0.1300","14"
"020030","統一智慧電動車N","124000","773000","6.16","6.26","6.16","6.24","0.1200","20"
"020031","統一IC設計臺灣N","88000","492000","5.59","5.62","5.57","5.59","0.1800","20"
"020032","元大綠能N","17000","106260","6.24","6.26","6.24","6.26","0.1100","4"
"020034","元大IC設計N","69000","518380","7.48","7.56","7.48","7.55","0.4300","19"
"020036","元大金融配息N","","","","","","","0.0000",""
"020037","元大金融高股息N","9000","63180","7.02","7.02","7.02","7.02","0.0200","2"
"020038","元大ESG配息N","91000","715260","7.84","7.87","7.83","7.87","0.0900","16"
"020039","元大加權N","45000","313280","6.95","6.97","6.94","6.95","0.1100","16"
"1101","台泥","14309719","465470171","32.45","32.75","32.30","32.75","0.5000","6201"
"1101B","台泥乙特","72253","3396787","46.90","47.10","46.90","47.10","0.0000","23"
"1102","亞泥","16166410","736875921","45.25","45.80","45.20","45.80","0.6000","6698"
"1103","嘉泥","795735","14272734","17.75","18.15","17.70","18.05","0.3500","494"
"1104","環泥","432921","13301367","30.65","30.80","30.60","30.75","0.3000","466"
"1108","幸福","219770","3284470","14.90","15.00","14.90","14.90","0.0500","168"
"1109","信大","266576","4918137","18.50","18.55","18.35","18.45","0.0000","184"
"1110","東泥","215109","4653519","21.50","21.80","21.50","21.60","0.1000","164"
"1201","味全","439030","7945906","18.10","18.20","18.05","18.05","0.0000","365"
"1203","味王","49980","2504991","50.00","50.60","49.85","50.00","0.0000","79"
"1210","大成","884393","45507061","51.40","51.70","51.30","51.40","0.1000","942"
"1213","大飲","126072","1504814","12.50","12.55","11.70","12.00","-0.3500","40"
"1215","卜蜂","424033","41195239","96.70","97.50","96.70","97.30","0.9000","545"
"1216","統一","7268290","650445766","90.10","90.10","88.90","89.70","0.2000","6194"
"1217","愛之味","940248","11649878","12.40","12.45","12.35","12.40","0.0000","455"
"1218","泰山","384237","7822708","20.25","20.50","20.25","20.35","0.1000","328"
"1219","福壽","255290","4382458","17.20","17.25","17.10","17.15","0.0000","222"
"1220","台榮","93317","1530904","16.35","16.50","16.35","16.35","0.0500","74"
"1225","福懋油","96478","13997262","143.50","149.00","143.00","146.00","2.5000","475"
"1227","佳格","571376","22087087","38.70","38.90","38.55","38.65","0.0500","565"
"1229","聯華","1033673","63205636","61.00","61.70","60.80","61.00","0.0000","1368"
"1231","聯華食","181762","19584817","108.50","109.00","106.50","109.00","2.5000","324"
"1232","大統益","78689","11670172","148.50","149.00","147.50","149.00","0.5000","284"
"1233","天仁","20026","660475","32.40","33.45","32.40","33.25","0.7500","34"
"1234","黑松","106208","4458200","41.85","42.10","41.85","41.95","0.1000","227"
"1235","興泰","13736","1957529","142.50","143.50","141.50","141.50","3.0000","42"
"1236","宏亞","78584","1835044","23.70","23.70","23.25","23.40","0.1000","193"
"1256","鮮活果汁-KY","109107","14937568","132.00","141.00","132.00","141.00","10.0000","455"
"1301","台塑","24526651","1229150120","49.25","50.60","49.00","50.60","2.1000","11802"
"1303","南亞","13326695","579173842","43.30","43.80","43.00","43.40","0.5500","6321"
"1304","台聚","2177766","33971853","15.45","15.75","15.45","15.70","0.2500","1283"
"1305","華夏","994419","16270735","16.15","16.50","16.15","16.35","0.3000","607"
"1307","三芳","1680011","62075317","37.50","37.60","36.00","37.05","-0.2500","1262"
"1308","亞聚","843159","15409668","18.10","18.40","18.10","18.40","0.3500","722"
"1309","台達化","4438510","86478358","18.90","19.75","18.90","19.75","0.8500","2031"
"1310","台苯","1772338","21975602","12.30","12.55","12.30","12.40","0.1000","713"
"1312","國喬","2150545","27990743","13.00","13.15","12.85","13.05","0.1500","881"
"1312A","國喬特","","","","","","","0.0000",""
"1313","聯成","1823213","21394523","11.65","11.85","11.60","11.70","0.1000","941"
"1314","中石化","11643419","107378648","9.24","9.30","9.18","9.21","0.0200","4234"
"1315","達新","18186","1281296","70.50","70.80","70.40","70.50","0.0000","19"
"1316","上曜","5064814","86790824","17.00","17.50","16.90","17.00","0.3500","2233"
"1319","東陽","2549734","278836647","110.50","111.00","108.50","109.50","-0.5000","2300"
"1321","大洋","312612","11688464","37.35","37.80","37.15","37.20","0.0500","237"
"1323","永裕","107408","2908492","27.05","27.25","27.00","27.20","-0.0500","74"
"1324","地球","434785","5850295","13.10","14.15","13.00","13.30","0.2500","305"
"1325","恆大","127507","3481286","27.25","27.45","27.20","27.30","0.1000","100"
"1326","台化","10557235","440319775","41.50","41.95","41.15","41.95","0.9500","6319"
"1337","再生-KY","231302","1654114","7.09","7.18","7.09","7.13","0.0500","256"
"1338","廣華-KY","115639","3659960","32.20","32.20","31.50","31.65","0.2000","85"
"1339","昭輝","160064","9459804","59.60","59.80","58.70","58.80","-0.6000","166"
"1340","勝悅-KY","154248","1585400","10.25","10.45","10.20","10.35","0.1500","207"
"1341","富林-KY","11063","743338","67.00","67.40","67.00","67.40","0.0000","16"
"1342","八貫","183844","18135597","97.90","99.40","97.60","98.50","1.0000","542"
"1402","遠東新","10907955","410866638","37.20","37.90","36.95","37.75","0.6500","5059"
"1409","新纖","2633525","42268741","16.00","16.20","15.95","16.00","0.0000","1063"
"1410","南染","33270","1237232","37.10","37.40","37.05","37.20","0.0000","37"
"1413","宏洲","252896","2542294","10.05","10.10","9.98","10.05","0.0000","59"
"1414","東和","902220","19790769","21.95","22.25","21.80","22.10","0.2000","472"
"1416","廣豐","672524","8602254","12.65","13.00","12.60","12.75","0.2000","369"
"1417","嘉裕","839882","8663822","10.40","10.45","10.25","10.30","-0.1000","813"
"1418","東華","9981","327705","32.70","33.00","32.70","32.70","-0.0500","40"
"1419","新紡","64654","3123153","48.40","48.65","47.45","48.65","0.4500","78"
"1423","利華","214691","9667683","45.00","45.30","44.80","44.85","0.0500","116"
"1432","大魯閣","210242","3861351","18.30","18.50","18.30","18.30","0.0000","274"
"1434","福懋","1389797","27897007","20.10","20.20","19.95","20.10","0.1500","1099"
"1435","中福","4756","221672","46.80","46.80","46.60","46.60","0.0000","23"
"1436","華友聯","606562","83287119","137.50","141.00","134.00","134.50","-1.5000","2555"
"1437","勤益控","172546","6312961","36.40","36.90","36.25","36.55","0.2000","173"
"1438","三地開發","557355","35316311","62.50","64.90","62.40","62.60","-0.4000","485"
"1439","雋揚","33569","1046181","32.00","32.05","30.95","31.00","0.0500","42"
"1440","南紡","1120489","17884454","15.95","16.15","15.85","15.95","-0.0500","662"
"1441","大東","53418","854546","16.25","16.25","15.95","16.10","-0.1000","154"
"1442","名軒","2004197","133508673","66.40","67.60","65.50","67.30","2.1000","1708"
"1443","立益物流","49646","1618048","32.05","32.95","32.05","32.70","0.7000","79"
"1444","力麗","848333","7944726","9.39","9.42","9.30","9.36","0.0600","608"
"1445","大宇","886084","17561900","19.45","20.20","19.40","19.65","0.2500","413"
"1446","宏和","731817","33094824","45.05","45.70","44.80","44.85","0.2000","524"
"1447","力鵬","1145432","9953217","8.68","8.77","8.63","8.63","-0.0700","825"
"1449","佳和","344237","6411224","18.70","18.85","18.45","18.65","0.1000","254"
"1451","年興","73032","1456775","20.00","20.10","19.85","20.00","0.1000","92"
"1452","宏益","53096","896941","16.90","16.95","16.85","16.95","0.0500","60"
"1453","大將","246781","4574972","18.10","18.70","18.10","18.60","0.4500","248"
"1454","台富","226492","4169453","18.25","18.55","18.15","18.35","0.2500","153"
"1455","集盛","982051","10965021","11.20","11.35","11.05","11.10","-0.1000","619"
"1456","怡華","117309","2164409","18.90","18.90","18.10","18.20","-0.1000","106"
"1457","宜進","87844","1774143","20.30","20.35","20.10","20.20","0.0000","78"
"1459","聯發","134395","1362598","10.10","10.30","10.10","10.15","0.0500","98"
"1460","宏遠","347443","2490630","7.18","7.20","7.13","7.18","0.0500","241"
"1463","強盛新","213644","4954112","23.15","23.40","23.05","23.10","0.1000","136"
"1464","得力","308725","4349068","14.05","14.15","14.00","14.05","0.0500","279"
"1465","偉全","423546","6422971","15.20","15.30","15.10","15.25","0.1000","183"
"1466","聚隆","248538","3224494","13.05","13.10","12.85","12.90","-0.1000","130"
"1467","南緯","94662","974517","10.30","10.30","10.25","10.25","0.0000","191"
"1468","昶和","38001","539114","14.15","14.25","14.00","14.20","0.0500","37"
"1470","大統新創","17001","375872","22.20","22.25","21.95","22.10","0.1000","17"
"1471","首利","263186","3500323","13.35","13.40","13.20","13.40","0.2500","140"
"1472","三洋實業","131961","7893918","58.40","60.10","58.40","59.60","1.0000","67"
"1473","台南","434331","16248871","37.40","37.70","37.15","37.45","0.2000","341"
"1474","弘裕","95452","1202586","12.50","12.70","12.50","12.60","0.1000","175"
"1475","業旺","58479","3597788","61.90","62.00","61.00","61.20","-0.6000","131"
"1476","儒鴻","1432778","817515881","565.00","577.00","561.00","569.00","9.0000","1883"
"1477","聚陽","2885916","1064924614","367.00","373.00","366.50","366.50","-6.5000","2694"
"1503","士電","2444332","559686720","231.00","232.00","226.50","229.00","0.0000","7419"
"1504","東元","4479845","221848655","49.40","49.90","49.25","49.70","1.0000","3211"
"1506","正道","152331","2337446","15.50","15.50","15.20","15.40","-0.1000","90"
"1512","瑞利","36350","261416","7.12","7.25","7.12","7.25","0.1300","31"
"1513","中興電","4814058","836080008","174.00","175.00","172.00","175.00","2.0000","4230"
"1514","亞力","3370566","420986118","125.50","126.50","123.50","125.00","0.0000","2869"
"1515","力山","596608","21985722","36.35","37.10","36.35","36.90","0.5500","331"
"1516","川飛","77457","1510578","19.50","19.65","19.35","19.45","0.2000","77"
"1517","利奇","161068","2519329","15.65","15.70","15.60","15.60","0.0500","213"
"1519","華城","6920272","4413466131","641.00","653.00","620.00","648.00","13.0000","8241"
"1521","大億","57311","2223972","38.95","39.00","38.25","38.80","0.1000","79"
"1522","堤維西","2861887","185569199","65.30","65.80","64.30","64.60","-0.3000","2888"
"1522A","堤維西甲特","","","","","","","0.0000",""
"1524","耿鼎","7606574","275740589","36.35","36.50","35.90","36.50","0.2000","5099"
"1525","江申","21830","1532551","70.50","70.50","69.80","70.40","0.4000","44"
"1526","日馳","57627","1668037","29.00","29.25","28.50","28.90","-0.2000","59"
"1527","鑽全","577676","27437794","47.75","47.80","47.15","47.30","0.4500","560"
"1528","恩德","1587584","23302232","14.40","14.95","14.40","14.65","0.3500","846"
"1529","樂事綠能","531500","15813831","29.80","29.90","29.60","29.85","0.2000","434"
"1530","亞崴","372560","12653948","33.70","34.30","33.50","34.15","0.6000","325"
"1531","高林股","154110","2247174","14.45","14.65","14.45","14.55","0.2000","151"
"1532","勤美","2081184","81313729","38.80","39.25","38.70","39.05","0.5000","1241"
"1533","車王電","78916","3246939","41.35","41.35","40.95","41.20","0.2500","83"
"1535","中宇","61507","3787080","61.70","61.90","61.30","61.40","0.3000","72"
"1536","和大","2941368","171294682","57.80","59.20","57.60","58.00","0.4000","2388"
"1537","廣隆","192175","29369803","155.00","155.00","152.00","153.00","0.5000","260"
"1538","正峰","6189","111066","17.80","18.30","17.80","18.30","0.3500","10"
"1539","巨庭","3587499","117031508","32.30","33.30","32.10","32.50","0.2500","2367"
"1540","喬福","20935186","1026301729","45.90","49.95","45.80","49.95","4.5000","9611"
"1541","錩泰","84202","2909781","34.25","34.80","34.05","34.25","0.0000","79"
"1558","伸興","79419","9308237","117.50","117.50","116.50","117.50","0.0000","144"
"1560","中砂","1736806","563401197","324.00","329.50","320.50","321.00","1.0000","1986"
"1563","巧新","240168","14984428","62.50","62.90","62.00","62.40","0.2000","219"
"1568","倉佑","283262","8344745","29.30","30.05","29.10","29.35","0.0500","390"
"1582","信錦","4411400","488067466","114.00","114.50","108.50","108.50","-4.0000","3881"
"1583","程泰","75774","4706764","62.50","62.50","61.80","62.40","0.3000","75"
"1587","吉茂","687037","31230790","44.80","46.35","44.60","45.35","0.9500","653"
"1589","永冠-KY","414506","18688596","45.50","45.90","44.55","44.70","-0.8000","472"
"1590","亞德客-KY","1545583","1360115331","896.00","896.00","846.00","874.00","55.0000","2357"
"1597","直得","2693623","261283772","94.40","98.80","94.10","98.00","4.9000","2302"
"1598","岱宇","285516","8072213","28.80","28.80","28.05","28.35","-0.3000","194"
"1603","華電","358300","13769142","38.40","38.60","38.20","38.45","0.6500","273"
"1604","聲寶","165482","4702968","28.30","28.50","28.30","28.40","0.1500","180"
"1605","華新","20106457","676772103","32.90","34.15","32.80","33.50","1.0000","7794"
"1608","華榮","2235416","73985962","33.20","33.30","32.95","33.05","0.6000","1428"
"1609","大亞","4995340","252785959","50.60","51.00","50.30","50.50","0.3000","3589"
"1611","中電","713471","12471024","17.30","17.60","17.30","17.55","0.3000","484"
"1612","宏泰","1074099","37040785","34.10","34.70","34.10","34.55","0.6000","896"
"1614","三洋電","71911","2922077","40.70","40.85","40.40","40.65","0.2500","75"
"1615","大山","112166","7263941","64.90","65.30","64.20","64.60","0.3000","279"
"1616","億泰","565998","11494953","20.00","20.45","20.00","20.35","0.5500","388"
"1617","榮星","398164","8613846","21.55","21.85","21.45","21.50","0.2000","275"
"1618","合機","3348884","157718950","46.00","48.20","46.00","47.00","1.3500","2412"
"1626","艾美特-KY","1235771","21310348","17.35","17.95","16.75","16.75","0.0000","1023"
"1702","南僑","353563","18905101","53.60","53.90","53.30","53.30","-0.2000","349"
"1707","葡萄王","263396","37850392","144.00","145.50","142.50","143.50","0.0000","317"
"1708","東鹼","2718367","109201036","40.95","40.95","39.75","40.15","-0.5000","2977"
"1709","和益","3257011","81095598","25.10","25.20","24.70","24.75","0.1500","1803"
"1710","東聯","1506727","27514211","18.30","18.50","18.15","18.20","-0.1000","849"
"1711","永光","27001819","718024342","27.25","27.30","26.25","26.65","-0.3500","13492"
"1712","興農","472122","20355728","43.00","43.40","42.90","42.90","-0.1000","530"
"1713","國化","137144","7555520","55.60","55.90","54.40","54.80","-0.2000","99"
"1714","和桐","1000331","8886966","8.88","8.95","8.85","8.87","0.0100","576"
"1717","長興","4383677","144067272","33.05","33.15","32.65","32.95","0.0000","2200"
"1718","中纖","3041125","25429753","8.41","8.48","8.32","8.33","-0.0400","1318"
"1720","生達","599147","38630941","64.70","65.00","64.10","64.50","-0.2000","559"
"1721","三晃","6018303","152612009","25.55","25.60","25.10","25.55","0.1500","3502"
"1722","台肥","1195395","69597389","58.40","58.50","57.90","58.30","0.4000","849"
"1723","中碳","249944","25408277","102.00","102.00","101.00","102.00","0.5000","344"
"1725","元禎","240176","10136032","42.10","42.70","41.90","42.30","0.1500","200"
"1726","永記","21132","1665064","78.70","78.90","78.50","78.90","0.4000","42"
"1727","中華化","6688877","265229902","40.00","40.65","38.75","39.75","0.1500","4484"
"1730","花仙子","26934","1430580","53.00","53.20","53.00","53.10","0.0000","42"
"1731","美吾華","186093","4446593","23.85","24.00","23.80","23.90","0.1000","134"
"1732","毛寶","97837","2709769","27.80","27.90","27.60","27.70","-0.0500","108"
"1733","五鼎","80661","2391637","29.85","29.85","29.55","29.60","-0.1500","81"
"1734","杏輝","266806","8737266","32.70","32.90","32.60","32.70","0.0500","251"
"1735","日勝化","729487","18089137","24.95","25.30","24.45","25.10","0.2500","681"
"1736","喬山","1307289","173516754","133.00","134.50","129.00","134.00","1.5000","1230"
"1737","臺鹽","170678","5987155","35.00","35.15","35.00","35.05","-0.0500","206"
"1752","南光","145115","6477619","45.20","45.20","44.40","44.45","-0.1500","121"
"1760","寶齡富錦","219693","19773670","89.10","90.80","88.90","90.60","2.0000","230"
"1762","中化生","79338","3367214","42.75","42.75","42.30","42.45","0.1500","226"
"1773","勝一","1378233","249260059","181.00","183.50","178.50","183.00","3.5000","3861"
"1776","展宇","1512621","36528168","24.30","24.80","23.75","23.90","-0.1000","1276"
"1783","和康生","115671","4971071","42.35","43.30","42.35","43.20","1.1000","152"
"1786","科妍","346029","44983524","130.50","132.00","129.00","129.50","0.5000","339"
"1789","神隆","501529","12755474","25.35","25.60","25.20","25.55","0.2500","379"
"1795","美時","840737","227961861","272.50","273.00","269.50","271.00","0.0000","1125"
"1802","台玻","3152199","51167192","16.05","16.45","16.05","16.20","0.2500","1752"
"1805","寶徠","364684","7366610","20.20","20.20","20.20","20.20","1.8000","184"
"1806","冠軍","590581","6803973","11.40","11.60","11.40","11.55","0.2500","343"
"1808","潤隆","12417002","1498576460","121.00","124.00","119.00","119.50","0.0000","11164"
"1809","中釉","2397477","52997151","22.00","22.55","21.70","22.05","0.8500","1337"
"1810","和成","597125","11369986","19.25","19.25","18.90","19.00","-0.1000","378"
"1817","凱撒衛","112621","4744371","42.00","42.40","41.95","42.05","0.1000","121"
"1903","士紙","362850","20370468","56.40","57.00","55.50","56.50","0.1000","344"
"1904","正隆","1473034","35862939","24.35","24.60","24.25","24.35","0.0500","909"
"1905","華紙","1694858","34734728","20.35","20.70","20.30","20.40","0.1000","1042"
"1906","寶隆","95369","1453629","15.15","15.35","15.15","15.35","0.3000","90"
"1907","永豐餘","1306115","41229931","31.30","31.75","31.25","31.45","0.2500","966"
"1909","榮成","985038","13413769","13.50","13.75","13.50","13.65","0.2000","572"
"2002","中鋼","39871895","867574430","21.50","21.90","21.50","21.85","0.5500","12317"
"2002A","中鋼特","25299","1076069","42.65","42.65","42.50","42.50","-0.1500","22"
"2006","東和鋼鐵","1877712","144243356","77.20","77.30","76.50","76.80","0.1000","1262"
"2007","燁興","519833","5279436","10.00","10.35","10.00","10.10","0.1300","321"
"2008","高興昌","59417","1907034","32.20","32.55","31.95","31.95","0.1500","61"
"2009","第一銅","7011082","325821745","47.00","48.00","45.45","45.70","1.0000","4644"
"2010","春源","538786","9590506","17.75","17.95","17.70","17.80","0.1000","383"
"2012","春雨","162560","4219161","25.55","26.45","25.55","25.85","0.4000","117"
"2013","中鋼構","72392","3836874","52.80","53.40","52.20","53.30","0.5000","109"
"2014","中鴻","5414353","104266423","18.95","19.60","18.95","19.25","0.5500","2740"
"2015","豐興","293862","24433170","82.10","83.50","82.10","83.00","0.4000","205"
"2017","官田鋼","1610838","19967464","12.15","12.65","12.15","12.35","0.3000","812"
"2020","美亞","698199","20131828","28.50","29.05","28.50","28.85","0.4500","518"
"2022","聚亨","1139131","11351882","9.92","10.05","9.88","9.91","0.0100","562"
"2023","燁輝","1475018","22568586","15.15","15.40","15.15","15.25","0.1500","778"
"2024","志聯","30016","611770","20.50","20.55","20.25","20.40","-0.0500","34"
"2025","千興","1118652","12890423","11.60","11.65","11.35","11.40","0.0500","584"
"2027","大成鋼","6550852","221593666","33.70","34.30","33.65","33.70","0.2500","2779"
"2028","威致","103013","2511722","24.50","24.80","24.10","24.35","0.2000","97"
"2029","盛餘","151822","3826043","25.20","25.35","25.05","25.15","0.0500","119"
"2030","彰源","190289","3277383","17.10","17.35","17.10","17.20","0.1500","175"
"2031","新光鋼","855583","50180787","58.20","58.90","58.20","58.90","0.9000","640"
"2032","新鋼","152671","2334288","15.10","15.50","15.10","15.30","0.4000","122"
"2033","佳大","318075","7114745","23.00","23.00","22.05","22.05","-0.2500","203"
"2034","允強","372499","8800382","23.50","23.75","23.50","23.60","0.0000","264"
"2038","海光","510063","9047555","17.60","17.95","17.50","17.70","0.2000","297"
"2049","上銀","4557491","981054193","207.50","218.00","207.50","216.00","11.0000","4810"
"2059","川湖","1114609","1326025705","1215.00","1230.00","1160.00","1160.00","-30.0000","2365"
"2062","橋椿","6456990","265172795","41.00","41.60","40.65","41.00","0.2500","4093"
"2069","運錩","1060738","20742055","19.45","19.95","19.20","19.45","0.0000","705"
"2101","南港","2242812","109496881","48.80","49.30","48.45","48.65","0.3500","1452"
"2102","泰豐","200063","4395663","22.00","22.20","21.85","21.85","-0.0500","171"
"2103","台橡","1449471","33682569","23.15","23.35","23.10","23.15","0.1000","749"
"2104","國際中橡","1108395","17524619","15.70","15.95","15.65","15.80","0.2500","754"
"2105","正新","6796336","336411712","49.40","49.80","49.00","49.45","0.6000","3340"
"2106","建大","1229099","37119289","30.30","30.40","30.00","30.15","-0.0500","886"
"2107","厚生","360058","9254646","25.55","25.85","25.55","25.80","0.3000","359"
"2108","南帝","353198","13194233","37.50","37.80","37.05","37.40","0.3500","312"
"2109","華豐","1392784","26768404","18.70","19.50","18.65","19.10","0.4000","501"
"2114","鑫永銓","42301","4048534","96.00","96.00","95.10","95.80","-0.1000","59"
"2115","六暉-KY","31388","974798","31.25","31.30","30.80","31.10","0.0000","57"
"2201","裕隆","5371449","311597508","57.30","58.70","57.10","58.40","2.0000","3600"
"2204","中華","1646692","116977676","70.70","71.40","70.50","71.00","0.9000","1404"
"2206","三陽工業","1256005","93969102","75.30","75.90","74.40","74.40","0.0000","1611"
"2207","和泰車","531173","366706153","685.00","694.00","683.00","691.00","9.0000","938"
"2208","台船","1735095","30377246","17.50","17.65","17.35","17.50","0.1500","997"
"2211","長榮鋼","399691","48673143","122.50","123.00","121.00","121.00","-1.0000","445"
"2227","裕日車","46547","5372036","113.50","116.00","113.50","116.00","2.5000","102"
"2228","劍麟","7010996","869731925","122.50","128.50","121.00","121.00","1.0000","5269"
"2231","為升","904714","89130842","97.90","100.00","97.70","98.30","0.4000","599"
"2233","宇隆","1888446","325469457","169.50","174.50","168.00","173.50","6.0000","1435"
"2236","百達-KY","754844","84880834","108.50","115.50","108.50","110.50","0.0000","854"
"2239","英利-KY","170002","7317491","42.90","44.00","42.60","43.25","0.6000","103"
"2241","艾姆勒","739738","23439935","31.35","31.90","31.35","31.60","0.3500","426"
"2243","宏旭-KY","3742342","102700891","27.90","28.20","27.00","27.40","0.0000","2519"
"2247","汎德永業","46132","13490568","293.00","294.00","291.50","292.50","0.0000","136"
"2250","IKKA-KY","408032","43756460","107.50","109.50","106.00","106.50","0.5000","375"
"2254","巨鎧精密-創","56000","5028300","90.00","90.50","88.30","88.30","-1.7000","30"
"2258","鴻華先進-創","575235","26279412","45.25","46.00","45.25","45.75","0.7500","285"
"2301","光寶科","10471013","1056067612","100.50","102.00","100.00","100.50","0.9000","4681"
"2302","麗正","1724860","31819689","17.70","19.10","17.70","18.30","0.8500","1018"
"2303","聯電","50031766","2725963872","54.30","54.80","54.10","54.50","0.6000","14002"
"2305","全友","293114","6064659","20.70","20.85","20.55","20.55","0.1000","215"
"2308","台達電","8739750","3482627343","395.00","401.50","395.00","398.00","1.0000","9129"
"2312","金寶","9269177","196516876","20.90","21.40","20.90","21.30","0.5000","4111"
"2313","華通","17346766","1231594945","71.20","72.00","70.30","70.80","0.6000","9940"
"2314","台揚","763486","22953649","29.85","30.30","29.80","29.85","0.1000","606"
"2316","楠梓電","1698191","80943588","47.35","48.10","47.25","47.50","0.8000","1306"
"2317","鴻海","118953344","22465682030","186.50","191.00","186.00","188.50","5.5000","81721"
"2321","東訊","8473","123887","14.10","14.85","14.10","14.50","-0.1000","16"
"2323","中環","4896429","59223992","12.10","12.20","12.05","12.10","0.1000","1432"
"2324","仁寶","14614953","495539191","34.15","34.15","33.60","33.90","0.0500","6004"
"2327","國巨","4551107","2914209623","635.00","646.00","632.00","645.00","22.0000","6935"
"2328","廣宇","1414702","50646010","35.70","36.10","35.50","35.55","0.0500","1172"
"2329","華泰","6559736","266406951","39.50","41.25","39.40","40.75","1.6500","4450"
"2330","台積電","42421991","42434259658","1000.00","1005.00","998.00","1005.00","18.0000","82002"
"2331","精英","1375987","34588434","25.00","25.25","25.00","25.20","0.3000","857"
"2332","友訊","2433165","47530832","19.65","19.80","19.35","19.50","0.1000","1122"
"2337","旺宏","6575812","174410985","26.35","26.80","26.30","26.45","0.3000","3242"
"2338","光罩","1090078","63362004","57.90","58.30","57.90","58.10","0.8000","765"
"2340","台亞","1803411","67595381","37.20","37.70","37.20","37.40","0.3000","1165"
"2342","茂矽","607739","20298071","33.30","33.80","33.20","33.35","0.2500","523"
"2344","華邦電","29449596","610769454","20.50","20.85","20.50","20.75","0.3500","8201"
"2345","智邦","7566765","4210271709","580.00","583.00","543.00","550.00","-16.0000","7159"
"2347","聯強","9392738","684446187","73.40","73.40","72.30","72.70","0.5000","4216"
"2348","海悅","1361460","249221708","182.00","186.00","180.50","182.00","1.0000","15136"
"2348A","海悅甲特","11000","382250","34.80","34.85","34.70","34.70","-0.2000","8"
"2349","錸德","11691910","192925963","16.65","16.85","16.35","16.40","-0.2500","4909"
"2351","順德","9710499","1554371039","165.50","168.00","154.50","157.00","-8.0000","6925"
"2352","佳世達","6217191","234259365","37.50","37.90","37.50","37.55","0.1500","3288"
"2353","宏碁","17324607","730563832","42.20","42.60","42.00","42.00","0.0000","6513"
"2354","鴻準","6708826","444860097","66.00","66.70","65.80","66.40","1.1000","5707"
"2355","敬鵬","5298850","228183226","41.55","44.05","41.55","42.95","1.4500","3532"
"2356","英業達","20243730","891774585","43.95","44.35","43.80","43.85","0.5500","9630"
"2357","華碩","4513835","2649351017","597.00","598.00","582.00","586.00","-8.0000","5441"
"2359","所羅門","7790563","1205561912","153.00","157.00","152.00","155.00","5.0000","6095"
"2360","致茂","3248738","1224136989","380.00","383.00","372.50","372.50","-12.0000","3662"
"2362","藍天","7315751","423836532","54.20","59.00","54.20","59.00","5.3000","3483"
"2363","矽統","7357930","474141449","63.10","65.20","63.10","64.20","1.5000","5984"
"2364","倫飛","1828224","189438072","105.50","106.00","101.50","104.00","0.5000","2268"
"2365","昆盈","25002404","1373642830","53.00","56.00","52.70","55.10","2.9000","15704"
"2367","燿華","18388551","637851042","33.65","35.50","33.65","34.90","1.4500","10102"
"2368","金像電","4137165","854165833","203.50","209.00","203.00","207.00","6.0000","3779"
"2369","菱生","736155","14112046","19.05","19.30","19.05","19.20","0.3000","555"
"2371","大同","5212354","252831896","48.75","48.95","48.30","48.35","0.0000","3653"
"2373","震旦行","36658","2507854","68.30","68.70","68.20","68.60","0.4000","93"
"2374","佳能","2988883","141977336","46.80","47.95","46.80","47.55","1.0500","1965"
"2375","凱美","289871","19564978","67.40","68.10","66.90","67.20","0.0000","326"
"2376","技嘉","9103716","2418150905","265.50","269.00","261.50","263.00","0.0000","12642"
"2377","微星","2624249","465311713","178.50","178.50","176.50","177.00","-0.5000","2584"
"2379","瑞昱","3442307","1686327405","485.00","494.50","479.00","490.00","9.0000","3892"
"2380","虹光","95598","616043","6.45","6.48","6.40","6.43","-0.0200","170"
"2382","廣達","48033265","13049171181","263.00","275.00","262.50","272.50","16.0000","37797"
"2383","台光電","4528976","2126625321","467.00","475.00","463.50","473.00","11.5000","4754"
"2385","群光","5927595","994444528","165.00","170.00","164.50","167.00","4.5000","4327"
"2387","精元","240361","13768745","57.10","57.60","57.00","57.20","0.4000","216"
"2388","威盛","17452555","2235173981","129.50","130.00","127.00","127.50","-1.0000","10676"
"2390","云辰","293159","3984922","13.70","13.70","13.50","13.50","-0.0500","297"
"2392","正崴","2595680","170794344","65.10","66.50","65.10","65.60","1.1000","2020"
"2393","億光","2488855","196857707","78.70","79.60","78.40","79.10","1.3000","1599"
"2395","研華","1248435","424465937","340.00","345.00","335.50","336.50","4.5000","1356"
"2397","友通","576348","46406830","80.40","81.50","79.40","79.70","0.1000","575"
"2399","映泰","42140900","1344941161","32.50","32.90","31.10","31.65","-0.3500","20341"
"2401","凌陽","8018207","250585838","31.15","31.70","31.00","31.00","0.3500","4404"
"2402","毅嘉","17203173","736041778","42.30","43.45","41.80","43.00","1.3500","10500"
"2404","漢唐","820756","266628933","324.50","327.50","323.00","324.00","3.5000","942"
"2405","輔信","2145057","43252371","20.00","20.30","20.00","20.10","0.1500","1132"
"2406","國碩","1405142","27572822","19.50","19.80","19.50","19.65","0.2500","783"
"2408","南亞科","13627941","643813238","46.80","47.45","46.80","47.30","0.9500","7332"
"2409","友達","27447172","463948978","16.95","17.00","16.80","16.95","0.0500","5402"
"2412","中華電","9385710","1189414873","127.00","127.00","126.50","126.50","0.0000","4451"
"2413","環科","157850","3274094","20.50","21.00","20.45","20.90","0.3000","100"
"2414","精技","61949","2174191","35.15","35.20","35.00","35.00","0.0000","71"
"2415","錩新","2931541","92636668","31.60","31.60","31.60","31.60","2.8500","815"
"2417","圓剛","3147293","146731601","46.60","47.45","46.10","46.15","-0.2500","3053"
"2419","仲琦","886483","27902317","31.60","31.85","31.25","31.30","-0.1500","793"
"2420","新巨","1268713","96631539","76.60","77.20","75.50","75.50","-0.3000","1340"
"2421","建準","1475544","141977473","95.90","96.90","95.50","96.00","1.3000","1770"
"2423","固緯","402953","16069857","39.80","40.10","39.65","39.95","0.3500","353"
"2424","隴華","100446","6450308","61.90","65.90","61.90","65.90","3.9000","126"
"2425","承啟","11308110","521171857","46.50","47.50","44.85","45.85","-0.2500","6589"
"2426","鼎元","9267326","221117256","23.40","24.45","23.05","24.00","0.7500","4363"
"2427","三商電","673058","17793596","26.15","26.65","26.15","26.35","0.3000","512"
"2428","興勤","455093","81648590","179.00","181.00","178.00","178.50","-0.5000","746"
"2429","銘旺科","437361","12997537","29.40","30.15","29.35","29.70","0.3000","358"
"2430","燦坤","96446","3267567","34.00","34.05","33.70","33.95","0.0000","121"
"2431","聯昌","360556","4748214","13.25","13.35","13.00","13.15","0.0500","216"
"2432","倚天酷碁-創","4219","147221","34.80","35.00","34.80","35.00","0.2000","9"
"2433","互盛電","45965","2334454","50.90","51.00","50.50","51.00","0.3000","53"
"2434","統懋","6172","202508","32.80","33.05","32.50","32.90","0.2000","12"
"2436","偉詮電","32190377","2150439193","63.90","69.20","63.40","67.90","4.8000","21424"
"2438","翔耀","401627","20082113","51.00","51.50","49.20","49.55","-1.1500","579"
"2439","美律","4367576","582497815","131.50","136.50","129.50","134.00","3.5000","3114"
"2440","太空梭","311219","4592434","14.90","14.95","14.65","14.75","-0.1000","253"
"2441","超豐","691623","40322616","58.00","58.50","57.80","58.30","0.6000","620"
"2442","新美齊","3379706","93668920","27.70","28.25","27.30","27.45","0.0500","2100"
"2444","兆勁","427141","6134666","14.35","14.50","14.15","14.45","0.4000","292"
"2449","京元電子","34274890","3880225911","109.50","116.50","109.50","112.50","5.5000","19240"
"2450","神腦","78435","2795662","35.55","35.85","35.50","35.65","0.1000","90"
"2451","創見","1298797","129659392","99.50","100.50","98.60","100.50","1.2000","1140"
"2453","凌群","600825","32972364","54.10","55.80","54.10","55.80","1.9000","481"
"2454","聯發科","11131089","13563574080","1220.00","1230.00","1205.00","1225.00","30.0000","14300"
"2455","全新","25413380","4329005849","167.00","176.00","164.00","171.50","10.0000","23299"
"2457","飛宏","746773","29865875","39.85","40.25","39.75","40.05","0.3000","947"
"2458","義隆","2669409","387748853","146.00","146.50","144.00","144.50","0.0000","1904"
"2459","敦吉","27481","1957406","71.40","71.50","70.80","71.00","0.3000","38"
"2460","建通","360776","10799281","30.30","30.30","29.65","30.25","0.7000","250"
"2461","光群雷","293040","6556658","22.35","22.55","22.25","22.30","0.1500","185"
"2462","良得電","234873","7457505","31.50","32.00","31.50","31.80","0.3000","157"
"2464","盟立","16526139","1398893452","84.00","86.00","83.50","84.20","1.3000","13843"
"2465","麗臺","355878","32774670","91.50","92.50","91.50","92.00","0.6000","567"
"2466","冠西電","47250","1648249","34.90","35.10","34.60","34.90","0.4500","19"
"2467","志聖","3133742","704357028","222.50","229.50","221.50","222.50","3.0000","4134"
"2468","華經","59136","1397950","23.80","23.80","23.50","23.70","0.4500","53"
"2471","資通","48222","2399893","49.80","49.95","49.60","49.75","0.1000","98"
"2472","立隆電","711718","53859978","75.30","75.90","75.20","75.60","1.0000","638"
"2474","可成","3150885","744718030","236.00","238.50","235.00","236.00","1.5000","4700"
"2476","鉅祥","2334240","222690318","94.20","97.30","93.50","95.00","2.5000","2117"
"2477","美隆電","2376655","72338888","30.45","30.80","30.10","30.40","0.3500","1366"
"2478","大毅","212659","11335637","53.40","53.70","53.00","53.20","-0.4000","217"
"2480","敦陽科","110408","13591441","123.00","123.50","122.50","123.50","0.5000","172"
"2481","強茂","17798863","1105854417","60.90","64.20","59.80","59.80","0.0000","11516"
"2482","連宇","741896","23432821","31.30","31.90","31.20","31.60","0.9000","483"
"2483","百容","123498","2946124","23.90","24.00","23.60","23.85","0.1000","116"
"2484","希華","292816","8666851","29.60","29.75","29.50","29.60","0.2000","202"
"2485","兆赫","404158","7294777","18.05","18.25","17.90","17.95","0.0500","374"
"2486","一詮","6529733","622251538","95.60","96.30","94.60","94.90","0.3000","4833"
"2488","漢平","385274","18629513","48.35","48.60","48.10","48.55","0.3000","345"
"2491","吉祥全","51643","718793","14.00","14.10","13.80","13.80","-0.2500","82"
"2492","華新科","3090296","332372888","106.50","109.50","105.00","109.00","1.5000","2138"
"2493","揚博","145092","12905643","88.50","89.40","88.50","89.20","1.0000","159"
"2495","普安","14400782","503353116","34.85","35.45","34.40","34.90","0.5500","8506"
"2496","卓越","29811","2271818","75.60","76.70","75.60","76.70","0.6000","79"
"2497","怡利電","26814581","2349093587","84.20","90.50","83.80","87.90","5.3000","17916"
"2498","宏達電","3022596","134408249","44.75","44.85","44.00","44.00","0.0000","2271"
"2501","國建","2679896","68046205","25.10","25.60","25.10","25.35","0.5000","1551"
"2504","國產","4336209","224808266","51.90","52.20","51.30","52.10","0.7000","2972"
"2505","國揚","335229","7765102","23.30","23.55","22.95","23.10","0.2000","292"
"2506","太設","286022","3164540","10.95","11.15","10.95","11.00","0.0500","182"
"2509","全坤建","509522","10335778","20.15","20.65","20.00","20.10","0.2000","368"
"2511","太子","889013","9503184","10.55","10.75","10.55","10.70","0.1500","559"
"2514","龍邦","491526","9917695","20.15","20.40","20.00","20.15","0.2000","291"
"2515","中工","9604849","116956145","12.20","12.35","12.05","12.15","0.1000","2562"
"2516","新建","387792","4639708","11.95","12.15","11.85","11.95","0.0000","143"
"2520","冠德","3679056","177686624","48.35","48.75","48.05","48.05","0.3000","2264"
"2524","京城","2928923","307203937","108.50","110.00","100.50","102.00","-5.0000","2644"
"2527","宏璟","381713","12747704","33.20","33.85","33.15","33.15","0.3000","375"
"2528","皇普","641012","25524269","39.15","40.45","39.15","39.55","0.5500","383"
"2530","華建","1542489","60288252","39.00","39.80","38.65","39.05","0.2000","971"
"2534","宏盛","1163881","29512456","25.00","25.75","25.00","25.50","0.6500","788"
"2535","達欣工","926154","46541449","50.80","51.00","49.00","50.40","0.1000","745"
"2536","宏普","390561","12115077","30.70","31.45","30.55","30.80","0.3500","238"
"2537","聯上發","3870849","66148774","16.95","17.30","16.90","17.00","0.2500","1809"
"2538","基泰","938607","16056079","16.75","17.30","16.75","17.10","0.3500","479"
"2539","櫻花建","1568473","79792300","50.20","52.00","50.20","50.40","0.2000","1366"
"2540","愛山林","2549975","280066895","108.50","112.50","108.00","108.50","1.5000","2045"
"2542","興富發","12231662","611741867","49.70","50.50","49.60","50.30","1.1500","6657"
"2543","皇昌","14134561","1072715211","73.10","78.00","72.70","75.90","3.9000","8560"
"2545","皇翔","799323","46146323","57.70","58.30","57.40","58.00","1.0000","832"
"2546","根基","156035","11603694","74.90","74.90","74.10","74.40","0.5000","484"
"2547","日勝生","1705534","17480858","10.20","10.35","10.15","10.25","0.2000","583"
"2548","華固","1118682","147822419","132.00","133.50","131.00","132.50","2.5000","1753"
"2597","潤弘","326989","46528259","141.50","143.00","141.00","143.00","2.0000","526"
"2601","益航","2188115","16269303","7.46","7.47","7.40","7.46","0.0700","986"
"2603","長榮","45496369","9420367779","205.50","209.50","204.00","209.50","5.5000","31367"
"2605","新興","12052124","328914638","26.85","27.70","26.75","27.45","0.7000","6147"
"2606","裕民","4830859","258588950","53.40","54.00","52.90","53.80","1.0000","3374"
"2607","榮運","1351850","42351199","31.35","31.50","31.20","31.30","0.0500","784"
"2608","嘉里大榮","197868","7852973","39.50","39.85","39.40","39.60","0.2500","246"
"2609","陽明","144219832","9961327523","68.90","70.40","67.60","70.40","2.8000","82772"
"2610","華航","24274497","523510143","21.75","21.75","21.40","21.60","-0.0500","7345"
"2611","志信","1186798","29022061","24.60","24.65","24.25","24.45","0.2000","839"
"2612","中航","389988","17066261","43.90","43.95","43.50","43.95","0.5000","296"
"2613","中櫃","11566169","415607245","36.50","36.50","34.50","36.50","3.3000","5879"
"2614","東森","380491","7328731","19.20","19.35","19.15","19.25","0.1000","391"
"2615","萬海","153194654","14681210468","92.10","99.70","91.40","99.70","9.0000","96396"
"2616","山隆","176119","3607298","20.30","20.55","20.30","20.55","0.2500","254"
"2617","台航","1710746","55346605","32.10","32.75","32.00","32.50","0.3500","1040"
"2618","長榮航","40646467","1534467791","38.10","38.10","37.55","37.70","-0.1500","16915"
"2630","亞航","3320666","117772550","36.05","36.15","35.05","35.85","0.0000","2344"
"2633","台灣高鐵","2380373","70668054","29.75","29.75","29.60","29.70","0.0500","1487"
"2634","漢翔","4300989","210952508","49.40","49.70","48.75","48.75","-0.5500","3263"
"2636","台驊控股","1112553","98922077","89.40","89.40","88.10","89.20","1.0000","1298"
"2637","慧洋-KY","6722394","480276757","70.40","72.30","69.50","71.80","1.4000","4891"
"2642","宅配通","52504","1796791","33.70","34.95","33.70","34.35","0.6500","139"
"2645","長榮航太","331868","32471456","98.40","98.40","97.50","98.00","0.5000","375"
"2701","萬企","75928","966361","12.70","12.80","12.65","12.70","0.0500","83"
"2702","華園","52621","931274","17.85","17.85","17.55","17.75","0.0500","142"
"2704","國賓","182857","11401998","61.70","62.70","61.70","62.40","0.7000","192"
"2705","六福","302742","5445661","18.00","18.15","17.85","17.95","-0.0500","355"
"2706","第一店","148944","2225560","14.95","15.00","14.90","14.95","0.0500","224"
"2707","晶華","125071","25369037","202.50","203.50","202.50","203.00","0.5000","891"
"2712","遠雄來","26001","688326","26.35","26.65","26.30","26.55","0.4000","17"
"2722","夏都","154222","6601553","42.25","43.10","42.25","42.60","0.3500","276"
"2723","美食-KY","218943","18649835","85.60","85.80","84.50","84.90","0.4000","340"
"2727","王品","326247","72173102","224.00","224.00","220.00","222.00","-1.5000","2656"
"2731","雄獅","498760","65639726","131.50","133.00","130.50","132.50","2.0000","558"
"2739","寒舍","715712","40781744","56.10","57.70","56.00","57.40","1.6000","581"
"2748","雲品","265566","15768326","58.70","59.90","58.70","59.80","1.3000","386"
"2753","八方雲集","67370","10129488","149.50","151.50","149.50","150.50","1.0000","124"
"2762","世界健身-KY","342208","31935941","92.10","94.00","92.00","93.40","1.3000","510"
"2801","彰銀","13346162","239839659","18.00","18.00","17.90","18.00","0.0500","4213"
"2809","京城銀","3214014","180588442","56.00","56.60","55.10","56.60","0.6000","2074"
"2812","台中銀","3852835","70851348","18.40","18.50","18.30","18.40","0.0500","2109"
"2816","旺旺保","268503","8784700","32.45","32.85","32.45","32.80","0.3500","187"
"2820","華票","563754","8464727","14.95","15.05","14.95","15.00","0.0500","385"
"2832","台產","202172","5705206","28.15","28.30","28.10","28.10","0.0000","168"
"2834","臺企銀","24851146","395059703","15.85","16.00","15.75","16.00","0.2000","7530"
"2836","高雄銀","2114705","25430827","12.00","12.10","11.95","11.95","-0.0500","943"
"2836A","高雄銀甲特","3046","65179","21.40","21.40","21.40","21.40","0.1000","4"
"2838","聯邦銀","1754249","27049574","15.40","15.45","15.30","15.45","0.0500","880"
"2838A","聯邦銀甲特","103123","5373396","52.10","52.20","52.10","52.20","0.0000","35"
"2845","遠東銀","6506213","89940839","13.80","13.90","13.75","13.80","0.0000","2005"
"2849","安泰銀","418423","6288091","14.80","15.15","14.80","15.15","0.4000","248"
"2850","新產","237496","22451473","94.40","94.90","94.20","94.50","0.9000","448"
"2851","中再保","859176","22184172","25.90","26.00","25.65","25.80","0.0500","504"
"2852","第一保","139875","3171609","22.60","22.75","22.55","22.70","0.1500","155"
"2855","統一證","1370030","36937689","27.05","27.10","26.80","26.95","0.0000","757"
"2867","三商壽","15147435","115973301","7.70","7.75","7.59","7.62","-0.0400","4117"
"2880","華南金","10771266","280111308","26.15","26.15","25.90","26.00","0.0000","4612"
"2881","富邦金","27269634","2533212301","93.00","93.30","92.10","93.30","0.7000","16313"
"2881A","富邦特","58410","3610094","61.80","61.90","61.80","61.90","0.0000","27"
"2881B","富邦金乙特","83298","4981963","59.70","59.90","59.70","59.90","0.1000","39"
"2881C","富邦金丙特","17387","905892","52.10","52.20","52.10","52.20","0.0000","51"
"2882","國泰金","32230745","2154837486","67.00","67.10","66.40","67.10","0.8000","14900"
"2882A","國泰特","76804","4631376","60.30","60.40","60.30","60.30","0.0000","18"
"2882B","國泰金乙特","40312","2289772","56.90","56.90","56.80","56.80","0.1000","35"
"2883","開發金","64726865","1062692432","16.60","16.65","16.30","16.45","-0.0500","10983"
"2883B","開發金乙特","1479162","11063042","7.46","7.49","7.46","7.49","0.0200","245"
"2884","玉山金","21343136","609279285","28.65","28.75","28.35","28.50","0.0000","14003"
"2885","元大金","21212801","673794621","31.85","31.85","31.50","31.80","0.3000","7551"
"2886","兆豐金","17988793","715684733","39.90","39.90","39.60","39.85","0.0500","8335"
"2887","台新金","39792198","729286913","18.40","18.40","18.25","18.40","0.0000","17296"
"2887E","台新戊特","68519","3502868","51.20","51.20","51.10","51.20","0.1000","19"
"2887F","台新戊特二","5000","230050","46.00","46.05","46.00","46.05","-0.0500","4"
"2887Z1","台新己特","31898","513500","16.10","16.10","16.05","16.10","0.0500","45"
"2888","新光金","178700082","2136869161","12.05","12.05","11.90","12.00","0.0500","15572"
"2888A","新光金甲特","76740","2764012","36.05","36.10","36.00","36.05","-0.0500","47"
"2888B","新光金乙特","45706","1650896","36.10","36.20","36.05","36.15","-0.0500","67"
"2889","國票金","8206861","123194688","14.90","15.10","14.80","15.10","0.3000","3122"
"2890","永豐金","31775900","762053026","24.40","24.40","23.80","24.00","-0.2000","8812"
"2891","中信金","88671612","3087604512","34.85","35.00","34.60","34.95","-0.0500","24625"
"2891B","中信金乙特","19206","1156360","60.20","60.30","60.10","60.30","0.1000","28"
"2891C","中信金丙特","1020","57641","","","","","0.0000","16"
"2892","第一金","13904336","384152641","27.70","27.70","27.45","27.70","0.1500","6023"
"2897","王道銀行","3491580","35346828","10.10","10.15","10.05","10.15","0.0500","776"
"2897A","王道銀甲特","407443","4174534","10.25","10.25","10.20","10.20","-0.0500","59"
"2901","欣欣","11537","315432","27.40","27.50","27.00","27.40","0.0000","54"
"2903","遠百","1848886","50004198","27.05","27.20","26.95","26.95","0.0500","981"
"2904","匯僑","18492","342433","18.50","18.55","18.50","18.55","0.0500","29"
"2905","三商","1545798","28827618","18.85","19.00","18.45","18.50","-0.2000","1225"
"2906","高林","121289","2296316","18.85","19.00","18.85","18.90","0.1000","97"
"2908","特力","418247","8607929","20.50","20.70","20.50","20.60","0.1000","174"
"2910","統領","25001","693677","27.70","28.10","27.50","27.65","-0.0500","24"
"2911","麗嬰房","79384","708059","8.80","9.00","8.80","8.96","0.1000","236"
"2912","統一超","2183478","662549352","305.00","306.00","302.50","303.00","0.0000","3196"
"2913","農林","2224559","48329555","21.70","21.95","21.60","21.65","0.0500","1211"
"2915","潤泰全","3780996","294015019","78.10","78.60","77.50","77.50","-0.1000","1903"
"2923","鼎固-KY","304054","10709901","33.75","35.90","33.75","35.50","2.2000","284"
"2929","淘帝-KY","2665104","24638816","9.27","9.27","9.00","9.27","0.8400","601"
"2939","永邑-KY","372293","12643688","33.95","34.90","33.35","33.90","0.8000","225"
"2945","三商家購","9153","379525","41.30","41.50","41.30","41.50","-0.0500","32"
"3002","歐格","123076","1881838","15.45","15.45","15.20","15.30","0.0000","108"
"3003","健和興","3108542","301771233","97.40","99.60","94.70","95.00","-0.6000","5810"
"3004","豐達科","66945","6166681","92.10","92.70","91.80","91.80","-0.2000","113"
"3005","神基","4153289","455712067","108.50","111.00","108.00","109.50","2.0000","2432"
"3006","晶豪科","1953270","142405010","72.30","73.50","72.30","72.80","1.1000","1544"
"3008","大立光","906236","2398348590","2635.00","2680.00","2620.00","2635.00","25.0000","3170"
"3010","華立","1576972","207110566","129.50","132.00","129.50","132.00","3.0000","1210"
"3011","今皓","526010","14954395","28.65","28.75","28.20","28.20","-0.2000","402"
"3013","晟銘電","44755749","6189239804","133.50","141.50","132.00","141.50","12.5000","25472"
"3014","聯陽","1281917","178519510","138.00","140.00","138.00","139.50","2.5000","979"
"3015","全漢","560787","34058392","60.40","61.10","60.30","60.60","0.5000","352"
"3016","嘉晶","492257","29940100","59.90","61.20","59.90","60.90","1.2000","492"
"3017","奇鋐","9940104","5795525705","578.00","597.00","572.00","581.00","10.0000","10977"
"3018","隆銘綠能","48261","1450940","30.60","30.60","30.00","30.00","0.7500","52"
"3019","亞光","34168014","4333303147","125.00","132.50","120.00","131.50","8.5000","22995"
"3021","鴻名","9574030","303089129","31.65","33.30","30.10","30.55","0.0500","5268"
"3022","威強電","674307","52426349","77.30","78.10","77.30","78.00","1.0000","553"
"3023","信邦","789308","242507453","305.00","309.00","302.00","309.00","5.0000","1535"
"3024","憶聲","1200951","22975374","19.25","19.40","19.00","19.05","-0.1000","631"
"3025","星通","547435","35251180","64.00","64.90","63.90","64.20","0.9000","444"
"3026","禾伸堂","241013","21890645","90.50","91.40","90.50","90.80","0.3000","264"
"3027","盛達","220362","7829665","35.60","35.80","35.25","35.55","0.4000","192"
"3028","增你強","228644","7179304","31.40","31.55","31.30","31.40","0.1000","246"
"3029","零壹","622206","57186071","91.60","92.60","91.50","91.50","0.2000","687"
"3030","德律","2566917","392121773","154.00","155.00","150.00","153.00","3.5000","1858"
"3031","佰鴻","397682","8306992","20.70","21.00","20.70","20.85","0.3000","268"
"3032","偉訓","425589","30041459","70.40","71.00","70.20","70.40","0.9000","314"
"3033","威健","3850278","133720260","34.55","35.10","34.35","34.35","0.2500","2173"
"3034","聯詠","2586876","1347358791","524.00","529.00","514.00","514.00","-5.0000","2540"
"3035","智原","6296908","1687193355","263.00","272.00","263.00","266.00","8.0000","7404"
"3036","文曄","3935811","410630136","104.50","106.00","103.50","103.50","0.5000","2499"
"3036A","文曄甲特","116000","5614850","48.40","48.50","48.35","48.50","0.0500","38"
"3037","欣興","13199155","1949980315","148.00","149.50","146.50","146.50","1.5000","9069"
"3038","全台","434427","11408063","26.20","26.35","26.15","26.25","0.1000","303"
"3040","遠見","793309","36501265","46.95","47.45","45.05","45.05","-1.5000","1346"
"3041","揚智","525365","10427550","19.50","20.00","19.50","19.95","0.4500","421"
"3042","晶技","1751965","193548084","110.50","111.00","109.50","110.50","1.0000","1061"
"3043","科風","253477","8596352","34.95","35.00","33.40","33.80","-0.5000","346"
"3044","健鼎","3550413","729825379","202.50","207.00","202.50","206.00","5.5000","3748"
"3045","台灣大","18752623","2176854757","118.50","119.00","114.00","116.50","-2.0000","6066"
"3046","建碁","162299","9918614","61.30","61.40","60.90","60.90","0.1000","176"
"3047","訊舟","48140221","1950769000","39.20","42.10","38.90","39.25","0.9500","22396"
"3048","益登","2813111","108385955","37.95","39.05","37.70","38.55","1.1500","2709"
"3049","精金","10163190","108838537","10.65","10.90","10.50","10.80","0.1500","3739"
"3050","鈺德","602402","11896672","19.80","19.95","19.65","19.75","0.0500","443"
"3051","力特","549093","16574949","30.20","30.50","29.90","29.90","0.2000","407"
"3052","夆典","351417","4280696","12.15","12.25","12.10","12.20","0.1000","179"
"3054","立萬利","48048","1066970","22.20","22.45","22.00","22.40","0.0000","40"
"3055","蔚華科","407487","27808250","67.00","69.50","67.00","67.40","0.8000","405"
"3056","富華新","1049561","34119177","32.15","32.95","32.05","32.50","0.5000","1366"
"3057","喬鼎","167620","2038792","12.10","12.25","12.10","12.20","0.1000","248"
"3058","立德","551615","10141699","18.30","18.70","18.20","18.20","0.0000","350"
"3059","華晶科","862737","30610122","35.30","35.70","35.25","35.45","0.4500","658"
"3060","銘異","2078522","56071140","26.35","27.40","26.35","27.05","0.9000","1260"
"3062","建漢","36100753","1258746153","36.25","36.70","33.50","33.90","-2.1500","17385"
"3090","日電貿","327536","20454422","62.40","62.70","62.20","62.40","0.3000","375"
"3092","鴻碩","533056","17563295","33.80","33.95","31.95","32.30","-0.6000","381"
"3094","聯傑","4032588","133799298","30.90","33.65","30.90","33.65","3.0500","2241"
"3130","一零四","87897","19890324","227.00","227.00","226.00","226.00","-1.0000","544"
"3138","耀登","369203","46482353","123.50","128.00","123.50","127.00","4.0000","459"
"3149","正達","29112487","1009703580","34.30","35.95","33.80","34.60","0.8500","19287"
"3150","鈺寶-創","27100","1016749","37.10","38.00","37.00","37.80","0.3500","25"
"3164","景岳","41954","962294","22.90","23.10","22.80","22.90","0.0000","155"
"3167","大量","3242998","404034732","126.00","126.00","123.00","124.00","-3.0000","2849"
"3168","眾福科","29175","1643086","56.40","57.00","55.60","57.00","1.3000","32"
"3189","景碩","7705095","821988681","105.50","108.50","105.00","106.50","3.0000","5438"
"3209","全科","5634096","213118662","37.20","38.25","37.10","38.20","1.2500","3212"
"3229","晟鈦","52005","1200943","23.10","23.45","22.55","23.30","0.5000","56"
"3231","緯創","31751525","3315935954","103.50","105.00","103.00","104.50","2.0000","18877"
"3257","虹冠電","1054396","62410336","57.50","60.30","57.50","58.90","1.7000","917"
"3266","昇陽","126414","2532067","19.70","20.15","19.70","20.00","0.4000","113"
"3296","勝德","642441","16561352","25.95","26.20","25.55","26.00","0.1500","522"
"3305","昇貿","3337535","248013329","72.90","76.00","72.00","75.00","4.0000","3190"
"3308","聯德","60779","1462412","23.80","24.40","23.80","24.15","0.4500","92"
"3311","閎暉","68072","2549867","37.50","37.75","37.25","37.65","0.5000","122"
"3312","弘憶股","2963689","218031946","73.00","74.60","72.80","73.00","1.1000","2405"
"3321","同泰","162526","3021116","18.30","19.00","18.20","18.55","0.3500","159"
"3338","泰碩","767701","54285131","70.30","71.20","69.70","70.90","1.6000","600"
"3346","麗清","433678","16832415","38.75","39.00","38.50","38.80","0.5000","345"
"3356","奇偶","733142","45591656","62.20","62.60","61.50","62.10","0.2000","657"
"3376","新日興","8785418","1873892735","203.50","219.00","203.50","212.00","10.0000","7672"
"3380","明泰","1286853","44127890","34.50","34.80","34.00","34.15","-0.1000","1058"
"3406","玉晶光","1855716","906299319","486.00","494.00","482.00","488.50","8.5000","2288"
"3413","京鼎","1155349","418798597","364.50","371.50","358.00","359.00","-3.0000","1547"
"3416","融程電","253300","37905492","148.00","151.50","148.00","148.50","1.0000","334"
"3419","譁裕","291808","4804985","16.45","16.65","16.40","16.40","0.1500","133"
"3432","台端","33122","753857","22.55","23.00","22.55","22.95","0.4000","29"
"3437","榮創","1534922","42103870","27.20","28.05","27.05","27.05","0.0500","1011"
"3443","創意","987842","1155775140","1170.00","1170.00","1170.00","1170.00","105.0000","2754"
"3447","展達","162844","6623441","40.85","41.40","40.15","40.45","0.0500","217"
"3450","聯鈞","22932060","4340889898","192.50","195.00","183.00","189.00","0.5000","16362"
"3454","晶睿","147962","18794118","126.00","128.00","126.00","127.00","3.0000","205"
"3481","群創","58822260","915723740","15.75","15.75","15.45","15.55","-0.1000","13862"
"3494","誠研","205603","1620283","8.00","8.01","7.60","7.80","-0.2000","99"
"3501","維熹","205210","14319058","70.00","70.10","69.40","70.00","0.3000","229"
"3504","揚明光","191284","10406055","54.20","55.20","53.90","54.00","0.1000","177"
"3515","華擎","259896","54936196","212.00","213.00","210.50","211.00","1.5000","1446"
"3518","柏騰","1010532","31875450","31.60","31.85","31.35","31.60","0.6000","749"
"3528","安馳","59397","3180690","53.60","54.00","53.10","53.50","0.8000","76"
"3530","晶相光","1083834","108270154","92.60","101.00","92.60","101.00","9.0000","847"
"3532","台勝科","621119","84199803","134.50","137.00","134.50","135.00","2.0000","488"
"3533","嘉澤","1832893","2711185465","1420.00","1525.00","1415.00","1485.00","75.0000","2851"
"3535","晶彩科","2044260","125517730","61.60","62.20","60.60","61.30","0.8000","1880"
"3543","州巧","177229","4230907","24.00","24.05","23.75","23.95","0.1000","135"
"3545","敦泰","863168","70161070","81.10","81.60","81.00","81.30","1.1000","1000"
"3550","聯穎","98695804","2957254705","30.40","31.90","27.70","28.20","-1.0500","46110"
"3557","嘉威","174262","12984295","74.60","75.20","74.10","74.40","0.1000","214"
"3563","牧德","214269","77214369","357.50","365.00","356.00","359.00","3.0000","323"
"3576","聯合再生","7245627","88804509","12.15","12.45","12.05","12.40","0.3500","2335"
"3583","辛耘","7713748","3512471014","447.50","463.00","447.50","453.50","13.0000","7971"
"3588","通嘉","3456244","290092000","78.70","85.80","78.70","85.80","7.8000","2658"
"3591","艾笛森","546788","13343993","24.15","24.55","24.10","24.50","0.5500","363"
"3592","瑞鼎","209201","70454557","334.50","338.00","334.50","337.00","5.5000","441"
"3593","力銘","1601570","24665506","14.40","15.60","14.40","15.60","1.4000","846"
"3596","智易","883708","130106487","147.50","149.00","146.00","147.50","0.5000","857"
"3605","宏致","21680833","1278293437","56.40","60.70","56.20","60.70","5.5000","11664"
"3607","谷崧","1357398","30491909","22.50","22.80","22.30","22.30","-0.1000","794"
"3617","碩天","932149","312284293","340.50","341.00","330.00","337.00","1.0000","1431"
"3622","洋華","18386699","1355120016","74.40","75.30","72.00","73.50","0.4000","11634"
"3645","達邁","1118602","55102228","48.75","50.10","48.70","49.00","0.4500","828"
"3652","精聯","732012","30191412","40.50","42.00","40.50","40.60","0.2500","641"
"3653","健策","636007","868788880","1355.00","1380.00","1350.00","1365.00","30.0000","843"
"3661","世芯-KY","3889596","8494699030","2100.00","2245.00","2100.00","2160.00","-25.0000","10381"
"3665","貿聯-KY","4480564","2047071045","469.00","470.00","450.00","460.00","-1.0000","6371"
"3669","圓展","75383","3495040","46.10","46.50","46.10","46.40","0.3500","127"
"3673","TPK-KY","9535193","447050077","47.20","48.00","46.05","46.20","-0.9500","6453"
"3679","新至陞","42943","5737313","133.50","134.00","133.00","133.50","0.5000","76"
"3686","達能","334710","7983679","23.80","24.10","23.65","23.80","0.2000","305"
"3694","海華","2201764","96645964","43.90","44.90","43.15","43.85","0.3000","1379"
"3701","大眾控","777093","31819503","39.90","41.70","39.90","40.95","1.1500","592"
"3702","大聯大","10300632","792865269","76.70","78.00","76.30","76.50","0.5000","4632"
"3702A","大聯大甲特","209300","10548481","50.40","50.50","50.30","50.50","0.0000","92"
"3703","欣陸","1523912","47228084","31.00","31.30","30.85","30.85","0.0000","972"
"3704","合勤控","516929","19849373","38.50","38.75","38.15","38.20","-0.0500","580"
"3705","永信","1475239","91272033","61.90","63.00","60.80","61.60","0.3000","1306"
"3706","神達","6016461","277029022","46.00","46.25","45.70","45.90","0.4500","4123"
"3708","上緯投控","846928","98592386","117.00","117.50","115.50","117.00","1.0000","738"
"3711","日月光投控","24871084","3918611565","158.00","159.00","156.00","158.50","1.5000","11933"
"3712","永崴投控","1790893","98921524","56.00","56.20","54.80","54.90","-0.5000","2349"
"3714","富采","12208211","572647325","47.30","47.65","46.25","46.80","0.8500","8756"
"3715","定穎投控","30252451","2393285523","79.30","80.00","78.20","78.70","0.8000","22955"
"3716","中化控股","331001","13009346","39.00","39.50","39.00","39.35","0.4000","922"
"4104","佳醫","76494","6730556","88.00","88.30","87.80","87.90","0.0000","202"
"4106","雃博","46264","1193824","25.80","25.95","25.70","25.85","0.1500","94"
"4108","懷特","165890","2978643","17.90","18.00","17.90","18.00","0.0000","331"
"4119","旭富","99255","8859412","88.80","89.70","88.60","89.70","0.9000","170"
"4133","亞諾法","84253","2563240","30.25","30.50","30.25","30.40","0.0000","219"
"4137","麗豐-KY","222984","30349642","132.00","138.00","132.00","136.00","4.5000","302"
"4142","國光生","380273","10357166","27.30","27.40","27.05","27.20","0.0000","303"
"4148","全宇生技-KY","17002","790992","46.70","46.70","46.20","46.60","-0.1000","17"
"4155","訊映","655425","16232101","24.75","25.10","24.50","24.65","-0.1000","376"
"4164","承業醫","285634","12334292","42.90","43.50","42.85","43.05","0.1500","271"
"4190","佐登-KY","16229","772051","47.65","47.65","47.35","47.50","0.2000","114"
"4306","炎洲","2270439","43724820","19.25","19.40","19.15","19.25","0.1000","1030"
"4414","如興","368059","1163876","3.18","3.18","3.15","3.15","-0.0100","101"
"4426","利勤","153847","2108094","13.70","13.80","13.60","13.65","0.1000","116"
"4438","廣越","66344","7111411","107.00","108.00","106.50","107.50","1.0000","75"
"4439","冠星-KY","7100","643849","90.80","90.90","90.60","90.90","0.3000","8"
"4440","宜新實業","56353","1473596","26.10","26.20","26.05","26.20","0.1500","42"
"4526","東台","13028844","470209515","36.05","37.10","35.25","35.60","-0.0500","7836"
"4532","瑞智","1760567","45020641","25.35","25.90","25.35","25.45","0.1500","1117"
"4536","拓凱","312057","69370225","224.00","225.00","220.00","223.50","-1.5000","1065"
"4540","全球傳動","2988351","131674738","43.30","44.85","43.20","43.80","1.0000","2487"
"4545","銘鈺","5266377","315097267","59.10","62.30","57.50","57.70","0.0000","4188"
"4551","智伸科","895768","120925411","139.50","140.00","132.00","132.00","-5.5000","1036"
"4552","力達-KY","116747","3039764","25.85","26.15","25.80","26.10","0.2500","121"
"4555","氣立","1003146","42961396","41.85","43.45","41.85","42.75","1.3500","678"
"4557","永新-KY","246710","31224377","126.50","128.50","124.00","126.00","1.0000","211"
"4560","強信-KY","110389","3528466","32.05","32.05","31.90","32.00","0.0500","83"
"4562","穎漢","5321763","352487921","62.90","67.80","62.20","67.80","6.1000","3197"
"4564","元翎","945679","24026032","25.05","25.75","25.05","25.10","0.2000","607"
"4566","時碩工業","13339760","1260246439","90.50","96.80","90.00","95.40","6.2000","9221"
"4569","六方科-KY","90494","22662198","252.00","254.00","240.00","240.00","-6.0000","127"
"4571","鈞興-KY","7569831","1357670500","173.50","183.50","171.50","181.00","14.0000","6060"
"4572","駐龍","137706","21963312","161.00","161.50","158.00","160.50","0.0000","180"
"4576","大銀微系統","3401366","353997574","103.00","106.50","102.00","102.50","1.0000","2643"
"4581","光隆精密-KY","27147","1536126","56.40","56.90","56.20","56.70","0.6000","29"
"4583","台灣精銳","1856298","1382493102","726.00","770.00","714.00","745.00","38.0000","2518"
"4588","玖鼎電力","67473","6157245","92.70","92.70","90.40","91.80","1.3000","153"
"4720","德淵","1122069","24306063","21.80","21.90","21.45","21.55","0.0000","688"
"4722","國精化","416048","19800997","48.00","48.55","47.05","47.45","-0.4000","326"
"4736","泰博","93187","14391160","154.50","155.00","154.00","154.50","0.5000","176"
"4737","華廣","45099","3149667","70.80","70.90","69.50","69.70","0.4000","37"
"4739","康普","162348","9720124","59.30","60.20","59.30","59.70","1.1000","194"
"4746","台耀","697214","70714820","101.00","102.50","101.00","101.00","0.0000","701"
"4755","三福化","378509","53387164","143.00","143.50","139.50","140.50","-1.0000","598"
"4763","材料-KY","1367609","1235697960","898.00","910.00","894.00","904.00","13.0000","2856"
"4764","雙鍵","14221","633880","45.20","45.20","44.05","44.65","0.1500","11"
"4766","南寶","206262","62736781","304.50","307.00","303.00","303.50","0.0000","330"
"4770","上品","150375","53796062","354.00","360.50","354.00","358.00","4.5000","253"
"4771","望隼","65112","14658549","225.00","228.50","223.00","224.00","0.5000","96"
"4807","日成-KY","175132","3802099","22.10","22.30","21.05","21.90","0.0000","153"
"4904","遠傳","5782448","536225494","93.90","94.00","92.10","92.60","-1.0000","6643"
"4906","正文","4943008","201767933","40.40","41.50","40.30","40.40","0.5000","3502"
"4912","聯德控股-KY","117084","12231778","104.50","105.00","103.50","103.50","0.5000","119"
"4915","致伸","2135189","188757033","87.00","88.90","87.00","88.90","2.2000","1288"
"4916","事欣科","812310","23066831","28.50","28.65","28.20","28.45","0.0500","593"
"4919","新唐","7204478","590617671","80.90","82.60","80.50","82.00","2.4000","3423"
"4927","泰鼎-KY","442771","24851576","55.90","56.90","55.60","55.60","0.1000","316"
"4930","燦星網","66417","2220126","33.60","33.60","33.40","33.50","0.0500","111"
"4934","太極","529165","9593129","18.10","18.30","18.00","18.20","0.1500","302"
"4935","茂林-KY","1405373","101552932","71.50","73.70","71.00","71.50","0.7000","1196"
"4938","和碩","8129989","840769709","103.50","104.00","103.00","103.00","0.0000","3466"
"4942","嘉彰","217274","9682164","44.90","44.95","44.30","44.35","-0.3500","121"
"4943","康控-KY","44876","792019","18.00","18.00","17.55","17.55","-0.4500","40"
"4949","有成精密","51290","1189964","23.25","23.55","23.10","23.25","0.0500","41"
"4952","凌通","1207204","66636333","53.00","56.80","53.00","55.60","3.1000","1009"
"4956","光鋐","2041491","57827303","28.50","28.80","28.00","28.05","-0.2000","1198"
"4958","臻鼎-KY","5962739","691930004","115.50","117.50","115.00","115.50","1.0000","3365"
"4960","誠美材","1124772","15301224","13.65","13.75","13.55","13.55","0.0500","566"
"4961","天鈺","1506305","407514120","272.00","273.00","268.50","271.00","1.5000","2185"
"4967","十銓","1734450","189876184","110.00","111.00","108.50","108.50","-1.0000","1597"
"4968","立積","6833415","1318296341","182.50","198.00","182.50","198.00","18.0000","5458"
"4976","佳凌","404949","18012516","44.25","45.05","44.15","44.40","0.6500","406"
"4977","眾達-KY","14175336","1535056522","113.00","113.50","105.50","107.50","-5.0000","10951"
"4989","榮科","1107111","25967570","23.65","24.10","23.10","23.20","0.0000","677"
"4994","傳奇","23900","2787700","116.00","117.50","116.00","116.00","-0.5000","34"
"4999","鑫禾","80684","2795941","34.85","35.00","34.45","34.55","0.2000","152"
"5007","三星","42813","2439601","57.00","57.30","56.70","57.10","0.1000","62"
"5203","訊連","82136","7708439","93.00","94.40","93.00","94.10","1.3000","87"
"5215","科嘉-KY","118837","5849118","48.45","49.70","48.45","49.25","1.5000","114"
"5222","全訊","257182","37210593","144.00","146.00","144.00","144.50","0.5000","333"
"5225","東科-KY","1103555","152715617","139.50","140.50","136.50","139.00","1.0000","841"
"5234","達興材料","2677744","641149283","232.50","245.00","232.50","244.00","17.5000","2651"
"5243","乙盛-KY","5193138","338186529","65.30","66.10","64.40","64.70","1.3000","3634"
"5244","弘凱","49319","2194803","45.70","45.70","43.95","44.30","-0.2000","37"
"5258","虹堡","1261973","162172102","130.50","132.50","126.00","127.00","-3.0000","1606"
"5269","祥碩","1717494","2765881240","1555.00","1645.00","1550.00","1630.00","110.0000","2975"
"5283","禾聯碩","64669","6586754","101.50","102.00","101.50","102.00","0.0000","97"
"5284","jpp-KY","237197","29708784","124.50","126.00","124.50","125.00","0.5000","198"
"5285","界霖","438216","30772749","71.60","71.70","69.30","70.10","-1.1000","583"
"5288","豐祥-KY","29124","5627618","193.00","194.00","192.50","193.00","1.0000","65"
"5292","華懋","208503","34173032","165.50","166.50","161.50","162.50","-0.5000","688"
"5306","桂盟","161168","25257188","157.00","158.00","155.50","157.00","0.0000","237"
"5388","中磊","3132892","348400413","111.00","113.00","109.50","111.00","1.5000","2508"
"5434","崇越","779144","224257659","288.00","289.00","286.00","287.00","0.0000","1063"
"5469","瀚宇博","2814759","152539335","54.50","54.70","53.80","54.00","-0.3000","1862"
"5471","松翰","321689","14418952","44.85","45.15","44.50","44.75","0.2500","357"
"5484","慧友","866826","61274474","68.60","71.90","68.60","70.60","2.8000","862"
"5515","建國","523576","11539080","21.85","22.25","21.85","22.05","0.2000","358"
"5519","隆大","1503449","57992013","38.45","39.15","38.25","38.40","0.3500","1139"
"5521","工信","2340320","29220520","12.40","12.65","12.30","12.40","0.0000","662"
"5522","遠雄","2195903","155752680","70.40","72.50","70.40","70.60","0.9000","1835"
"5525","順天","290612","9707608","32.65","33.90","32.65","33.45","1.1000","283"
"5531","鄉林","719475","7260217","10.20","10.20","9.95","10.05","0.1300","347"
"5533","皇鼎","257146","5455897","21.05","21.40","21.05","21.25","0.2500","181"
"5534","長虹","2200105","217796733","100.50","101.50","98.20","98.30","-0.7000","2283"
"5538","東明-KY","158434","6173682","38.05","39.65","38.05","38.85","0.9500","226"
"5546","永固-KY","10013","293133","29.50","29.50","29.15","29.50","0.3000","8"
"5607","遠雄港","252404","11986985","47.55","47.75","47.30","47.40","0.1500","274"
"5608","四維航","3326067","60606694","18.20","18.40","18.00","18.25","0.0500","1699"
"5706","鳳凰","201031","11990863","59.80","60.00","59.20","59.60","0.1000","328"
"5871","中租-KY","21757616","3351185067","148.00","158.50","147.50","155.50","9.5000","15560"
"5871A","中租-KY甲特","34187","3250489","95.10","95.10","95.10","95.10","0.0000","51"
"5876","上海商銀","9419303","369110679","39.35","39.55","38.80","39.55","0.6500","4280"
"5880","合庫金","11266087","292259541","26.00","26.00","25.80","25.95","0.0500","5421"
"5906","台南-KY","39753","2312497","57.20","59.20","57.20","57.70","0.4000","14"
"5907","大洋-KY","1284699","11889387","8.54","9.30","8.54","9.30","0.8400","310"
"6005","群益證","5736288","121811054","21.30","21.45","21.10","21.20","0.1000","3100"
"6024","群益期","142882","8048478","56.40","56.50","56.20","56.50","0.4000","150"
"6108","競國","1404732","24176691","17.30","17.45","17.10","17.30","0.2000","580"
"6112","邁達特","265176","12517686","46.75","47.50","46.75","47.20","0.5500","290"
"6115","鎰勝","98358","5207866","52.80","53.30","52.70","53.00","0.2000","129"
"6116","彩晶","2881084","26400790","9.14","9.24","9.13","9.16","0.0300","1613"
"6117","迎廣","7074665","743430216","102.00","108.00","101.50","103.50","3.9000","5473"
"6120","達運","1121606","16726626","14.95","15.00","14.80","14.85","0.0000","593"
"6128","上福","79080","2853439","35.80","36.15","35.80","36.10","0.2500","62"
"6133","金橋","6922075","159074278","22.40","23.60","22.05","22.25","0.2500","3484"
"6136","富爾特","165943","3814797","23.05","23.10","22.90","23.10","0.1000","113"
"6139","亞翔","1647724","355063694","217.50","218.00","213.50","214.00","-1.0000","1872"
"6141","柏承","222376","3166533","14.25","14.50","14.05","14.25","0.2000","135"
"6142","友勁","632809","6868909","11.05","11.05","10.80","10.80","-0.1000","340"
"6152","百一","5967608","107492802","17.80","18.40","17.60","18.25","0.9000","2941"
"6153","嘉聯益","1257489","26511898","21.15","21.40","20.75","21.05","0.1000","822"
"6155","鈞寶","87042","2328075","26.55","26.90","26.55","26.70","0.1500","73"
"6164","華興","393139","5534620","14.00","14.25","13.95","14.00","0.1000","573"
"6165","浪凡","536664","20389878","37.00","38.70","37.00","38.30","1.6000","340"
"6166","凌華","227385","15888177","68.90","70.20","68.90","70.00","1.1000","360"
"6168","宏齊","620464","13888852","22.35","22.50","22.20","22.40","0.3500","469"
"6176","瑞儀","2119987","406065023","191.00","193.00","190.50","191.50","1.0000","1349"
"6177","達麗","6552725","317074482","49.50","49.50","47.85","48.00","-0.1500","4800"
"6183","關貿","46303","3568516","76.90","77.30","76.80","77.20","1.3000","115"
"6184","大豐電","15102","790397","52.40","52.40","52.20","52.40","0.4000","23"
"6189","豐藝","1445663","118954589","83.20","83.70","81.60","81.60","-0.4000","1258"
"6191","精成科","2400549","148448413","62.10","62.50","61.60","61.60","0.0000","1320"
"6192","巨路","76601","9037030","118.50","119.50","117.50","117.50","0.5000","95"
"6196","帆宣","231683","35668362","155.00","155.00","153.00","153.00","-1.0000","445"
"6197","佳必琪","2721465","458628239","171.50","171.50","166.00","168.50","1.5000","8555"
"6201","亞弘電","16432","947530","58.00","58.00","57.40","57.80","0.4000","24"
"6202","盛群","505097","23840506","46.70","47.75","46.60","47.75","1.3500","530"
"6205","詮欣","278437","20277575","71.90","73.50","71.70","72.50","1.2000","214"
"6206","飛捷","151189","12922074","85.20","85.90","85.10","85.60","0.4000","154"
"6209","今國光","380244","9941516","26.30","26.30","26.05","26.10","0.1500","250"
"6213","聯茂","3355978","251167601","74.50","75.40","74.30","74.70","1.2000","2517"
"6214","精誠","363389","46479740","128.00","129.00","127.00","127.00","0.0000","531"
"6215","和椿","10897162","753011406","66.50","70.50","66.40","70.00","4.0000","7728"
"6216","居易","1759270","84418248","46.65","48.70","46.65","48.50","2.1000","1321"
"6224","聚鼎","829532","57346765","69.70","70.00","67.80","69.20","0.5000","1007"
"6225","天瀚","304","5081","","","","","0.0000","3"
"6226","光鼎","141208","1407751","10.10","10.10","9.91","9.94","0.0300","108"
"6230","尼得科超眾","161633","37664934","230.50","236.50","230.50","232.00","5.5000","420"
"6235","華孚","2072303","157106384","76.10","77.00","75.30","75.60","-0.3000","2503"
"6239","力成","4391872","611138547","138.00","140.00","138.00","139.00","2.5000","2224"
"6243","迅杰","1006274","51856275","49.15","53.10","49.00","51.80","3.3000","1128"
"6257","矽格","14714339","1149122648","77.40","79.30","76.30","78.40","1.6000","8940"
"6269","台郡","1704577","135199716","79.20","79.70","78.70","79.20","0.6000","1048"
"6271","同欣電","626532","89131311","142.00","143.00","141.50","142.00","1.0000","626"
"6277","宏正","54167","4251167","78.70","78.70","78.20","78.60","0.1000","90"
"6278","台表科","2505329","278892676","110.00","112.50","109.50","111.50","2.5000","1381"
"6281","全國電","30398","2542488","83.70","83.80","83.50","83.70","0.0000","31"
"6282","康舒","1402636","46766491","33.20","33.50","33.20","33.25","0.3000","1045"
"6283","淳安","221285","6353638","28.85","29.10","28.50","28.70","0.0500","191"
"6285","啟碁","2434441","293433560","119.50","122.00","119.50","120.50","1.5000","1566"
"6288","聯嘉","1892520","54565783","28.85","29.05","28.60","28.80","0.0000","1317"
"6405","悅城","5645681","229440117","41.35","41.50","39.95","40.90","0.9000","3548"
"6409","旭隼","368870","859357740","2380.00","2385.00","2265.00","2315.00","-55.0000","616"
"6412","群電","2444044","353777953","144.00","148.50","141.50","144.00","0.0000","2713"
"6414","樺漢","766857","224472797","290.00","295.50","290.00","291.00","4.0000","838"
"6415","矽力*-KY","3423417","1508141804","446.00","449.00","434.00","439.50","-5.5000","3756"
"6416","瑞祺電通","834501","130232021","154.00","158.00","152.50","158.00","5.0000","664"
"6423","億而得-創","22033","2066208","94.10","94.20","93.10","94.00","-0.1000","21"
"6426","統新","206985","14055692","68.40","69.00","67.30","67.40","-0.7000","222"
"6431","光麗-KY","407269","8709665","21.05","21.90","21.05","21.70","-0.2000","252"
"6438","迅得","8379540","1222382745","139.00","149.50","138.50","149.50","13.5000","6325"
"6442","光聖","3071612","1144245863","373.00","379.00","367.50","367.50","0.5000","3140"
"6443","元晶","1850351","44109826","23.75","24.00","23.70","23.85","0.2000","1019"
"6446","藥華藥","2360935","1540286889","650.00","660.00","647.00","648.00","1.0000","3895"
"6449","鈺邦","3287027","556130005","165.00","172.00","165.00","169.50","7.5000","2590"
"6451","訊芯-KY","6312528","1420360678","233.00","235.00","216.00","219.00","-8.0000","13927"
"6456","GIS-KY","591765","34790826","58.00","59.20","58.00","59.00","1.1000","474"
"6464","台數科","28810","2331156","81.20","81.20","80.70","81.00","-0.2000","39"
"6472","保瑞","778592","581813660","751.00","753.00","742.00","751.00","4.0000","1640"
"6477","安集","284935","10024703","34.85","35.50","34.85","35.35","0.5500","230"
"6491","晶碩","351919","150780374","422.00","432.00","422.00","427.50","6.5000","574"
"6504","南六","29630","2094090","71.00","71.00","70.30","70.90","0.3000","38"
"6505","台塑化","7058613","361659627","51.10","51.70","50.80","51.20","0.5000","4897"
"6515","穎崴","475095","603818910","1285.00","1295.00","1250.00","1260.00","0.0000","892"
"6525","捷敏-KY","87026","5618081","64.50","64.90","64.10","64.90","0.7000","112"
"6526","達發","458197","290207418","640.00","640.00","627.00","631.00","2.0000","964"
"6531","愛普*","2807436","836594336","292.50","301.00","292.00","299.50","11.0000","3142"
"6533","晶心科","271943","96127109","346.50","357.00","346.50","353.00","9.0000","436"
"6534","正瀚-創","21000","1558999","74.40","75.00","74.00","75.00","0.6000","26"
"6541","泰福-KY","84746","5801640","67.80","69.00","67.60","68.60","0.5000","113"
"6550","北極星藥業-KY","523108","28716827","54.60","55.20","54.60","54.90","0.5000","446"
"6552","易華電","889048","45993721","51.40","53.20","50.50","50.90","-0.1000","927"
"6558","興能高","120942","2897226","23.80","24.05","23.60","23.95","0.2500","95"
"6573","虹揚-KY","109768","1610706","14.80","14.95","14.55","14.80","0.2000","83"
"6579","研揚","158558","24429101","150.50","155.00","150.50","153.50","4.0000","207"
"6581","鋼聯","97010","10397080","108.00","108.00","105.50","107.50","2.0000","58"
"6582","申豐","96614","6123422","63.50","63.70","63.00","63.60","0.8000","92"
"6585","鼎基","317209","54993131","171.00","175.50","171.00","172.50","3.0000","301"
"6591","動力-KY","139423","6943567","49.20","50.00","49.20","49.80","1.0000","117"
"6592","和潤企業","404813","39733471","96.70","98.80","96.70","97.80","1.2000","567"
"6592A","和潤企業甲特","3326","315323","94.80","94.90","94.80","94.80","0.0000","8"
"6592B","和潤企業乙特","14069","1338374","95.00","95.30","95.00","95.30","0.3000","37"
"6598","ABC-KY","305125","6645577","21.90","22.00","21.55","21.80","0.2500","208"
"6605","帝寶","720318","192863401","266.00","270.00","264.50","267.00","1.5000","1038"
"6606","建德工業","401552","12236307","30.85","30.85","30.15","30.25","-0.0500","293"
"6625","必應","187974","16182625","85.80","87.00","85.20","86.60","1.9000","245"
"6641","基士德-KY","15000","608200","40.35","41.05","40.05","41.05","0.0000","6"
"6645","金萬林-創","28275","804869","28.30","28.75","28.30","28.75","0.4500","31"
"6655","科定","27007","3632652","136.00","136.00","133.50","134.00","-2.5000","113"
"6657","華安","75373","3937990","52.00","52.60","51.80","52.30","0.3000","73"
"6658","聯策","1300729","97668510","74.70","76.80","73.20","73.90","-0.3000","1508"
"6666","羅麗芬-KY","21000","1227300","57.70","59.60","57.70","57.90","0.4000","20"
"6668","中揚光","367875","18196077","49.00","49.70","49.00","49.40","0.6500","264"
"6669","緯穎","2261787","4168296170","1825.00","1875.00","1815.00","1825.00","30.0000","4749"
"6670","復盛應用","227908","67877390","299.00","300.50","295.00","297.50","-0.5000","830"
"6671","三能-KY","11000","469950","42.70","42.90","42.60","42.90","0.3000","8"
"6672","騰輝電子-KY","146206","10372785","70.50","71.40","70.30","71.00","0.7000","141"
"6674","鋐寶科技","16000","407950","25.50","25.65","25.45","25.50","0.1000","13"
"6689","伊雲谷","122050","12373768","102.00","102.00","100.50","101.00","-0.5000","200"
"6691","洋基工程","454079","144012328","321.00","321.00","315.00","316.50","-0.5000","644"
"6695","芯鼎","1727534","100832342","54.40","59.60","54.40","59.60","5.4000","1221"
"6698","旭暉應材","2780116","135126749","49.40","49.45","47.80","48.70","-1.1000","2398"
"6706","惠特","8902522","1496431487","169.00","171.50","165.50","169.00","0.5000","9391"
"6715","嘉基","506304","89053019","177.50","179.50","173.00","175.00","0.0000","1269"
"6719","力智","471129","116756248","244.00","250.00","244.00","248.50","6.0000","629"
"6742","澤米","415232","24427928","59.00","60.00","58.10","58.60","0.1000","525"
"6743","安普新","589213","37829320","63.80","65.00","63.50","64.40","0.8000","564"
"6753","龍德造船","770270","99648904","129.50","130.50","128.00","130.00","2.0000","851"
"6754","匯僑設計","118528","8712586","73.20","74.40","72.70","73.30","1.1000","175"
"6756","威鋒電子","744599","137734331","173.00","188.00","173.00","188.00","17.0000","639"
"6757","台灣虎航-創","922535","58018327","63.10","63.70","62.30","62.30","-0.2000","540"
"6768","志強-KY","1768105","184712360","106.50","108.50","102.00","102.50","-5.5000","1982"
"6770","力積電","16338994","349181320","21.05","21.60","21.00","21.35","0.5000","7328"
"6771","平和環保-創","36369","2333787","64.10","64.30","64.10","64.30","0.2000","33"
"6776","展碁國際","41599","2357283","56.60","56.90","56.50","56.90","0.3000","46"
"6781","AES-KY","86053","42384708","492.00","496.00","489.50","495.00","6.0000","199"
"6782","視陽","157970","37949287","239.50","241.00","239.00","241.00","2.0000","203"
"6789","采鈺","1799837","523526371","289.50","295.00","289.00","290.00","5.0000","1613"
"6790","永豐實","118496","5715056","48.45","48.50","48.00","48.10","-0.0500","128"
"6792","詠業","39330","2590510","65.60","66.20","65.50","65.70","0.4000","39"
"6794","向榮生技-創","22030","1697631","75.60","77.90","75.20","77.70","0.3000","22"
"6796","晉弘","35375","2839074","80.20","81.00","80.00","81.00","1.0000","43"
"6799","來頡","665539","80011405","118.50","122.00","117.50","121.00","4.0000","818"
"6805","富世達","1228976","966379183","790.00","794.00","776.00","788.00","2.0000","1862"
"6806","森崴能源","1598555","215135095","134.50","136.00","133.00","135.50","2.0000","1719"
"6807","峰源-KY","51668","3682700","72.40","72.40","70.70","71.10","-0.5000","65"
"6830","汎銓","4003897","749169636","188.00","193.00","181.50","186.00","0.5000","10611"
"6834","天二科技","3547615","146555494","40.25","41.55","39.80","41.55","3.7500","977"
"6835","圓裕","245000","12463600","50.30","51.20","50.30","51.10","1.1500","181"
"6838","台新藥","404469","17600800","43.80","44.25","43.10","43.15","-0.3500","334"
"6854","錼創科技-KY創","234021","21359532","89.00","93.10","89.00","92.20","4.8000","189"
"6861","睿生光電","39056","2637611","67.70","68.00","67.40","67.70","0.3000","56"
"6863","永道-KY","1173474","343396665","299.00","299.00","288.50","293.50","-2.0000","2694"
"6869","雲豹能源","5126957","1230648876","243.00","244.50","236.50","241.00","-1.0000","17176"
"6873","泓德能源-創","1843279","527122910","285.50","293.00","278.00","290.50","4.5000","1199"
"6890","來億-KY","948827","356212797","369.00","386.00","367.50","372.50","3.5000","1107"
"6901","鑽石投資","617333","24424902","39.65","39.90","39.25","39.40","0.1500","476"
"6902","走著瞧-創","5069","721660","145.50","145.50","141.50","141.50","0.5000","6"
"6906","現觀科","908935","161064270","176.00","182.00","174.00","175.00","-1.0000","803"
"6914","阜爾運通","51901","7559669","144.50","147.00","144.50","146.00","3.0000","329"
"6916","華凌","21000","545000","25.65","26.25","25.65","25.85","0.2000","19"
"6923","中台","2300891","211828161","97.50","97.50","89.10","91.30","0.0000","1857"
"6928","攸泰科技","92154","5595516","60.30","61.50","60.10","60.80","0.0000","147"
"6933","AMAX-KY","68609","16207343","237.50","239.50","233.00","235.00","1.0000","131"
"6937","天虹","1808693","518146737","279.50","295.00","276.50","288.50","16.0000","1985"
"6949","沛爾生醫-創","31199","2515220","81.00","81.00","80.00","81.00","0.1000","23"
"6951","青新-創","65050","3795064","58.60","58.70","58.00","58.20","-0.5000","47"
"6952","大武山","40045","1976720","49.30","49.50","49.30","49.40","0.1000","29"
"6957","裕慶-KY","166054","39883237","240.00","246.00","238.00","239.00","0.0000","167"
"6958","日盛台駿","742070","23155716","30.70","31.50","30.70","31.20","0.5500","529"
"6969","成信實業*-創","405000","25069500","61.90","61.90","61.90","61.90","5.6000","88"
"8011","台通","1800688","48819764","27.20","27.45","26.85","26.95","0.1000","1155"
"8016","矽創","599622","137925299","229.50","232.00","228.50","229.50","2.5000","576"
"8021","尖點","3982443","152354476","37.60","39.00","37.40","37.40","0.3000","2946"
"8028","昇陽半導體","14085561","1825042260","127.00","132.00","125.50","130.50","6.0000","10067"
"8033","雷虎","2627773","158776624","61.10","61.20","59.80","60.90","-0.1000","2053"
"8039","台虹","4952321","305400415","62.10","62.50","61.20","61.40","0.3000","3938"
"8046","南電","1838205","257790323","140.00","141.50","139.00","139.00","1.0000","1786"
"8070","長華*","29301047","2028915260","70.00","72.00","67.50","68.10","-1.0000","19633"
"8072","陞泰","59282","1591081","26.60","27.00","26.60","26.90","0.3500","86"
"8081","致新","562983","127619590","226.00","228.50","225.00","226.50","3.0000","632"
"8103","瀚荃","1204552","76513359","63.20","64.70","62.80","63.20","0.5000","858"
"8104","錸寶","516816","21747388","42.60","42.95","41.65","41.95","-0.4000","670"
"8105","凌巨","3488462","59977864","17.35","17.50","17.00","17.05","-0.2000","1772"
"8110","華東","1089947","18573147","16.90","17.20","16.85","17.00","0.2500","648"
"8112","至上","3638029","242604145","66.30","67.30","66.10","66.40","0.7000","2605"
"8112A","至上甲特","18285","782663","42.75","42.85","42.75","42.85","0.1000","31"
"8114","振樺電","748254","161603647","215.00","219.50","213.00","214.50","2.5000","995"
"8131","福懋科","412665","14939903","36.30","36.40","36.05","36.10","-0.0500","343"
"8150","南茂","3356847","124762133","37.05","37.55","36.90","36.90","0.2500","1840"
"8162","微矽電子-創","18050","642625","35.55","36.00","35.40","36.00","0.5000","18"
"8163","達方","358420","17967969","50.00","50.50","49.85","49.85","0.0500","340"
"8201","無敵","83560","1493502","17.85","18.00","17.80","17.85","0.1500","87"
"8210","勤誠","1453455","411443199","284.00","286.00","280.00","280.00","-0.5000","5298"
"8213","志超","741688","28823752","38.95","39.15","38.60","38.90","-0.0500","600"
"8215","明基材","460280","14191543","30.45","31.10","30.45","30.70","0.3000","408"
"8222","寶一","382478","14943139","39.25","39.50","38.80","39.10","0.0500","369"
"8249","菱光","2152809","129851646","61.30","61.60","59.20","59.90","-0.6000","1820"
"8261","富鼎","1707154","142280346","84.20","85.00","81.30","81.60","-1.4000","2075"
"8271","宇瞻","287065","14991975","52.10","52.60","52.00","52.10","0.2000","279"
"8341","日友","207448","18494285","88.30","89.60","88.30","89.60","1.3000","378"
"8367","建新國際","106823","5562965","51.90","52.30","51.80","52.00","0.2000","125"
"8374","羅昇","10118859","1459061201","139.50","148.50","139.00","143.00","6.0000","7375"
"8404","百和興業-KY","659735","13159304","20.00","20.25","19.75","19.80","-0.0500","393"
"8411","福貞-KY","55578","783295","14.10","14.15","14.05","14.10","0.0000","120"
"8422","可寧衛","82416","15420500","187.00","188.00","186.50","186.50","-0.5000","361"
"8429","金麗-KY","1424321","14433003","9.82","10.45","9.72","10.25","0.6900","797"
"8438","昶昕","1196960","51539082","42.30","44.15","42.10","42.50","0.6500","917"
"8442","威宏-KY","57794","6683548","116.00","116.50","115.00","115.00","-1.0000","75"
"8443","阿瘦","33829","398463","11.70","11.85","11.70","11.80","0.1000","78"
"8454","富邦媒","567327","223482735","388.00","395.50","388.00","395.00","9.0000","1338"
"8462","柏文","230006","29534496","132.50","132.50","127.00","127.00","-3.0000","1493"
"8463","潤泰材","228196","6668090","29.10","29.40","28.95","29.20","0.4000","218"
"8464","億豐","1258307","636997054","519.00","519.00","500.00","509.00","-3.0000","1921"
"8466","美吉吉-KY","342840","20643175","61.20","61.40","59.10","59.80","-1.0000","262"
"8467","波力-KY","1132423","319101511","280.00","293.00","270.00","280.00","2.5000","2280"
"8473","山林水","1987392","95492342","48.50","48.95","47.30","47.65","-0.3500","1429"
"8476","台境","28285","1564126","55.80","55.80","55.20","55.20","0.1000","71"
"8478","東哥遊艇","228226","68523833","298.50","305.00","296.50","298.00","2.0000","401"
"8481","政伸","16520","840252","50.90","51.00","50.80","50.80","0.0000","23"
"8482","商億-KY","14007","937569","66.20","67.70","65.40","67.70","2.5000","15"
"8487","愛爾達-創","4007","299917","75.00","75.00","74.50","74.50","0.7000","5"
"8488","吉源-KY","9000","142450","15.80","15.95","15.75","15.75","-0.0500","9"
"8499","鼎炫-KY","21009","2431039","115.50","116.00","115.00","116.00","1.5000","22"
"8926","台汽電","661119","29690751","44.80","45.10","44.80","44.95","0.2000","861"
"8940","新天地","60857","1319430","21.65","21.75","21.55","21.75","0.2500","135"
"8996","高力","1889376","806873771","416.00","438.00","414.50","430.00","22.0000","2658"
"9103","美德醫療-DR","239610","1601333","6.67","6.72","6.66","6.67","0.0000","120"
"910322","康師傅-DR","59971","1320327","22.70","22.75","21.65","21.90","-0.5000","62"
"9105","泰金寶-DR","10012130","51279282","5.05","5.17","5.05","5.09","0.0600","2277"
"910861","神州-DR","26001","169805","6.53","6.54","6.53","6.54","0.0100","12"
"9110","越南控-DR","19001","134987","7.10","7.19","7.09","7.19","0.0100","6"
"911608","明輝-DR","64099","201315","3.14","3.20","3.13","3.20","0.0000","32"
"911622","泰聚亨-DR","44000","227180","5.16","5.20","5.11","5.19","0.0200","24"
"911868","同方友友-DR","294575","437444","1.48","1.50","1.47","1.49","0.0200","61"
"912000","晨訊科-DR","1131359","3380378","3.00","3.00","2.97","2.98","0.0000","190"
"9136","巨騰-DR","139622","903077","6.50","6.51","6.44","6.48","0.0000","81"
"9802","鈺齊-KY","346928","42414625","123.00","123.00","121.50","122.50","0.5000","366"
"9902","台火","422968","8125496","19.15","19.45","19.05","19.20","0.2000","277"
"9904","寶成","6582947","234024301","35.80","35.80","35.40","35.45","-0.1500","3589"
"9905","大華","96010","2213231","23.05","23.15","22.95","23.10","0.1000","97"
"9906","欣巴巴","2651036","403912935","157.50","160.50","146.00","148.00","-6.0000","2661"
"9907","統一實","1594817","26154759","16.50","16.55","16.25","16.35","0.1000","929"
"9908","大台北","442580","13462799","30.40","30.50","30.35","30.50","0.1000","279"
"9910","豐泰","951526","146561663","155.00","156.00","153.00","154.50","3.0000","1568"
"9911","櫻花","564612","49117914","87.50","88.00","86.40","87.00","-0.6000","934"
"9912","偉聯","106794","1352310","12.70","12.80","12.50","12.55","-0.1500","128"
"9914","美利達","718419","174395879","246.00","247.50","239.50","242.00","-4.0000","3289"
"9917","中保科","1085469","148714034","138.00","139.00","136.50","136.50","0.5000","1293"
"9918","欣天然","25168","1044709","41.45","41.60","41.40","41.45","0.5000","39"
"9919","康那香","294911","5799783","19.55","19.80","19.55","19.60","0.0500","213"
"9921","巨大","880264","204575028","234.50","235.50","230.50","232.00","1.0000","1415"
"9924","福興","287648","16428032","57.50","57.50","56.90","57.10","0.1000","283"
"9925","新保","155044","6443986","41.50","41.65","41.45","41.60","0.1000","149"
"9926","新海","22224","1211247","54.60","54.70","54.20","54.50","0.0000","35"
"9927","泰銘","1947381","149418388","77.00","77.20","75.80","76.80","-0.4000","1353"
"9928","中視","65569","1302820","20.30","20.30","19.80","19.90","0.0000","55"
"9929","秋雨","22075","357207","16.10","16.30","16.10","16.30","0.2000","14"
"9930","中聯資源","145590","9528362","65.50","65.70","65.10","65.40","0.5000","311"
"9931","欣高","26000","902600","34.85","34.85","34.50","34.70","0.3000","18"
"9933","中鼎","1892936","92420087","49.00","49.40","48.60","48.60","-0.4500","1526"
"9934","成霖","832241","15070680","18.15","18.20","18.00","18.05","0.0000","511"
"9935","慶豐富","3489941","116608047","34.65","34.65","32.65","33.30","-1.0000","2560"
"9937","全國","66016","4349755","66.00","66.50","65.60","65.80","0.0000","62"
"9938","百和","3611051","263122120","73.00","74.40","72.00","72.10","-0.4000","3067"
"9939","宏全","1044562","177335188","174.00","174.00","167.50","168.50","-1.5000","6733"
"9940","信義","544273","16868408","30.65","31.15","30.65","30.90","0.3500","498"
"9941","裕融","1648038","239531236","144.00","146.00","143.50","146.00","3.0000","1757"
"9941A","裕融甲特","8000","406500","50.70","51.00","50.70","51.00","0.3000","8"
"9942","茂順","70582","8205227","117.50","117.50","115.50","116.50","0.0000","112"
"9943","好樂迪","60182","4986007","82.90","83.10","82.20","82.80","-0.1000","113"
"9944","新麗","115923","2344259","20.15","20.35","20.15","20.30","0.1000","211"
"9945","潤泰新","6428989","306779833","47.70","47.90","47.35","47.90","0.5500","4377"
"9946","三發地產","958848","27713260","28.60","29.45","28.45","28.65","0.0500","609"
"9955","佳龍","7845109","303243448","38.15","39.75","37.60","37.65","-0.1500","5177"
"9958","世紀鋼","10003697","2444472070","250.00","250.50","238.00","238.00","-9.0000","15028"
