證券代號,證券名稱,成交股數,成交金額,開盤價,最高價,最低價,收盤價,漲跌價差,成交筆數
"0050","元大台灣50","8753452","1465081642","168.75","168.75","166.50","166.85","-2.7000","18696"
"0051","元大中型100","79455","6468135","81.65","81.65","81.15","81.15","-0.5000","337"
"0052","富邦科技","939596","154109336","165.55","165.70","162.95","163.30","-3.0000","1482"
"0053","元大電子","18318","1674177","92.10","92.10","90.95","90.95","-1.2500","92"
"0055","元大MSCI金融","130848","3435172","26.40","26.40","26.17","26.29","-0.2000","357"
"0056","元大高股息","14909366","597215044","40.32","40.32","39.96","40.01","-0.3100","13488"
"0057","富邦摩台","18804","2328320","124.55","124.60","123.50","123.55","-1.6000","70"
"0061","元大寶滬深","119953","2096653","17.42","17.56","17.38","17.50","0.1100","120"
"006203","元大MSCI台灣","12998","1034995","79.65","79.70","79.55","79.70","-0.8000","108"
"006204","永豐臺灣加權","43640","4635324","106.55","106.55","105.90","106.10","-1.1500","98"
"006205","富邦上証","263114","7906400","29.98","30.21","29.92","30.16","0.1800","156"
"006206","元大上證50","74924","2153568","28.61","28.88","28.56","28.71","0.1500","80"
"006207","復華滬深","67808","1547228","22.75","22.88","22.75","22.82","0.1200","67"
"006208","富邦台50","7419437","727755124","98.95","98.95","97.60","97.80","-1.3500","16832"
"00625K","富邦上証+R","","","","","","","0.0000",""
"00631L","元大台灣50正2","4271444","916295512","217.25","217.25","212.40","213.40","-6.1500","6672"
"00632R","元大台灣50反1","161489438","596847217","3.67","3.72","3.67","3.71","0.0600","5291"
"00633L","富邦上証正2","3014386","106291277","34.88","35.55","34.81","35.37","0.3700","765"
"00634R","富邦上証反1","5000","22660","4.54","4.54","4.53","4.53","-0.0300","2"
"00635U","期元大S&P黃金","363063","10085965","27.80","27.82","27.75","27.80","0.3100","195"
"00636","國泰中國A50","552445","11569685","20.80","21.06","20.80","21.00","0.1500","211"
"00636K","國泰中國A50+U","200","1298","6.49","6.49","6.49","6.49","0.0400","2"
"00637L","元大滬深300正2","37743038","534609319","14.01","14.27","13.98","14.20","0.1500","3691"
"00638R","元大滬深300反1","87000","825460","9.52","9.52","9.47","9.50","-0.0400","26"
"00639","富邦深100","431443","4617246","10.67","10.75","10.64","10.72","0.0900","155"
"00640L","富邦日本正2","339230","20082505","59.45","59.50","58.90","59.25","-0.4000","126"
"00641R","富邦日本反1","414998","2631717","6.35","6.36","6.33","6.33","0.0000","69"
"00642U","期元大S&P石油","13303394","221389526","16.67","16.71","16.59","16.59","-0.7700","4292"
"00643","群益深証中小","1013028","11788615","11.63","11.70","11.59","11.68","0.0600","125"
"00643K","群益深証中小+R","","","","","","","0.0000",""
"00645","富邦日本","881269","33949484","38.60","38.66","38.39","38.55","-0.1000","331"
"00646","元大S&P500","538409","28700590","53.40","53.40","53.20","53.35","0.0000","547"
"00647L","元大S&P500正2","52325","4404610","84.40","84.40","84.05","84.05","-0.3500","59"
"00648R","元大S&P500反1","425000","2428020","5.70","5.72","5.70","5.72","0.0300","27"
"00650L","復華香港正2","32484435","345781747","10.63","10.78","10.50","10.70","-0.0700","2144"
"00651R","復華香港反1","1027799","8863373","8.65","8.67","8.56","8.61","0.0400","46"
"00652","富邦印度","1776844","66632294","37.94","38.25","36.75","36.75","-1.0200","778"
"00653L","富邦印度正2","1916425","111685302","60.90","61.70","56.10","56.15","-4.0500","833"
"00654R","富邦印度反1","1062164","7190990","6.64","6.88","6.57","6.88","0.2400","147"
"00655L","國泰中國A50正2","2436830","58742999","23.85","24.30","23.80","24.16","0.2000","406"
"00656R","國泰中國A50反1","22000","187770","8.59","8.59","8.52","8.53","-0.0600","9"
"00657","國泰日經225","110891","5046270","45.41","45.60","45.31","45.55","-0.1700","110"
"00657K","國泰日經225+U","200","2810","14.05","14.05","14.05","14.05","-0.0500","2"
"00660","元大歐洲50","4458","161812","36.32","36.32","36.32","36.32","-0.1500","93"
"00661","元大日經225","804050","39982826","49.66","49.83","49.48","49.76","-0.1700","182"
"00662","富邦NASDAQ","939982","72941148","77.55","77.70","77.50","77.55","0.0500","734"
"00663L","國泰臺灣加權正2","4007","787184","196.00","196.60","196.00","196.60","-5.0500","5"
"00664R","國泰臺灣加權反1","8925049","37349055","4.16","4.21","4.16","4.21","0.0700","478"
"00665L","富邦恒生國企正2","62159456","435107515","6.99","7.11","6.89","7.08","-0.0100","4025"
"00666R","富邦恒生國企反1","190000","2749260","14.55","14.58","14.39","14.44","0.0300","22"
"00668","國泰美國道瓊","42602","1934250","45.42","45.48","45.37","45.47","-0.1700","93"
"00668K","國泰美國道瓊+U","200","2806","14.03","14.03","14.03","14.03","-0.0700","2"
"00669R","國泰美國道瓊反1","1694730","12271900","7.23","7.25","7.23","7.25","0.0600","99"
"00670L","富邦NASDAQ正2","666009","76105750","114.40","114.45","114.05","114.05","-0.3000","417"
"00671R","富邦NASDAQ反1","5386000","21484444","3.98","4.00","3.97","4.00","0.0100","199"
"00673R","期元大S&P原油反1","75031513","589478566","7.83","7.90","7.83","7.90","0.3500","3714"
"00674R","期元大S&P黃金反1","548100","5802105","10.59","10.61","10.57","10.58","-0.1100","70"
"00675L","富邦臺灣加權正2","2357642","203277438","87.25","87.25","85.35","85.80","-2.4000","3372"
"00676R","富邦臺灣加權反1","6409200","14903170","2.31","2.34","2.31","2.32","0.0300","227"
"00678","群益那斯達克生技","248726","7160468","28.78","28.82","28.75","28.77","0.3400","99"
"00680L","元大美債20正2","35989857","303222069","8.42","8.44","8.42","8.43","0.2100","3368"
"00681R","元大美債20反1","241000","4966640","20.58","20.62","20.58","20.61","-0.2300","46"
"00682U","期元大美元指數","4000","84150","21.05","21.05","21.03","21.03","-0.1100","4"
"00683L","期元大美元指正2","28001","631902","22.59","22.59","22.55","22.58","-0.2200","12"
"00684R","期元大美元指反1","14000","216730","15.46","15.49","15.46","15.49","0.0900","7"
"00685L","群益臺灣加權正2","600683","46131879","77.60","77.65","76.00","76.35","-2.1500","327"
"00686R","群益臺灣加權反1","3218000","8013090","2.48","2.51","2.48","2.51","0.0300","44"
"00688L","國泰20年美債正2","17978654","150768235","8.40","8.40","8.37","8.39","0.1900","1545"
"00689R","國泰20年美債反1","165033","3523462","21.35","21.35","21.35","21.35","-0.2600","5"
"00690","兆豐藍籌30","1317386","42963031","32.90","32.96","32.43","32.48","-0.4100","958"
"00692","富邦公司治理","5949100","238743380","40.50","40.59","40.00","40.15","-0.4700","3540"
"00693U","期街口S&P黃豆","385607","9153055","23.76","23.80","23.70","23.73","-0.1700","145"
"00700","富邦恒生國企","508767","6645872","13.08","13.13","12.93","13.11","0.0300","178"
"00701","國泰股利精選30","1786575","49071503","27.42","27.55","27.36","27.50","-0.1800","443"
"00702","國泰標普低波高息","101642","2390609","23.52","23.52","23.52","23.52","-0.0800","63"
"00703","台新MSCI中國","66616","1050926","15.78","15.81","15.73","15.77","0.0100","64"
"00706L","期元大S&P日圓正2","5555100","34186802","6.15","6.17","6.14","6.17","0.0900","660"
"00707R","期元大S&P日圓反1","","","","","","","0.0000",""
"00708L","期元大S&P黃金正2","536295","18307483","34.20","34.24","34.01","34.17","0.7100","194"
"00709","富邦歐洲","39766","1197102","30.09","30.13","30.09","30.11","-0.0700","93"
"00710B","復華彭博非投等債","372153","7265191","19.53","19.55","19.50","19.52","0.0200","68"
"00711B","復華彭博新興債","142326","2335960","16.40","16.45","16.40","16.44","0.1100","81"
"00712","復華富時不動產","27264792","265463413","9.76","9.76","9.72","9.75","0.0700","4338"
"00713","元大台灣高息低波","20706922","1193972904","57.65","57.95","57.45","57.65","-0.1000","15609"
"00714","群益道瓊美國地產","272100","5257667","19.28","19.34","19.28","19.33","-0.0100","102"
"00715L","期街口布蘭特正2","65695120","947156398","14.42","14.48","14.38","14.42","-1.1100","11260"
"00717","富邦美國特別股","262999","4197383","15.96","15.97","15.95","15.96","0.0000","95"
"00728","第一金工業30","497279","15153333","30.55","30.56","30.35","30.36","-0.2500","159"
"00730","富邦臺灣優質高息","171433","3808494","22.19","22.25","22.15","22.18","0.0000","166"
"00731","復華富時高息低波","1160154","86069853","74.65","74.65","73.90","74.10","-0.6500","1857"
"00733","富邦臺灣中小","2981543","176121655","59.10","59.30","58.75","59.05","-0.0500","1850"
"00735","國泰臺韓科技","103783","3646960","35.36","35.36","35.13","35.21","-0.2700","65"
"00736","國泰新興市場","120939","2691602","22.40","22.46","22.20","22.24","-0.2600","100"
"00737","國泰AI+Robo","88847","2697647","30.39","30.40","30.34","30.38","0.0000","110"
"00738U","期元大道瓊白銀","629682","17793905","28.35","28.43","28.12","28.17","0.3000","226"
"00739","元大MSCI A股","13391","284502","21.23","21.30","21.23","21.29","0.2100","68"
"00752","中信中國50","2854355","53935108","18.90","18.99","18.75","18.95","0.0200","540"
"00753L","中信中國50正2","15647321","129113304","8.19","8.35","8.16","8.32","-0.0100","2051"
"00757","統一FANG+","2334375","189457489","81.10","81.25","81.00","81.10","0.2500","1161"
"00762","元大全球AI","284401","17361955","61.25","61.25","61.00","61.05","-0.1000","336"
"00763U","期街口道瓊銅","325728","9326757","28.70","28.75","28.57","28.61","0.3000","149"
"00770","國泰北美科技","429827","18823526","43.88","43.88","43.71","43.77","0.0600","287"
"00771","元大US高息特別股","15611","273262","17.51","17.51","17.51","17.51","0.0400","66"
"00775B","新光投等債15+","832940","28586557","34.30","34.35","34.29","34.33","0.2900","101"
"00783","富邦中証500","48912","887630","18.12","18.26","18.07","18.26","0.1500","58"
"00830","國泰費城半導體","5031165","236261661","46.95","47.00","46.91","46.94","0.0500","1505"
"00850","元大臺灣ESG永續","1301567","54519384","42.25","42.25","41.70","41.81","-0.6300","2208"
"00851","台新全球AI","34911","1508051","43.13","43.22","43.13","43.18","0.1200","82"
"00852L","國泰美國道瓊正2","610186","14283583","23.45","23.45","23.39","23.42","-0.2700","141"
"00861","元大全球未來通訊","20890","843047","40.41","40.41","40.30","40.30","-0.0600","86"
"00865B","國泰US短期公債","124393","5642008","45.27","45.39","45.27","45.37","0.0700","111"
"00875","國泰網路資安","246215","7714213","31.30","31.43","31.13","31.36","-0.3600","124"
"00876","元大全球5G","84206","3314164","39.48","39.48","39.30","39.30","-0.1700","131"
"00878","國泰永續高股息","56479632","1302121768","23.15","23.17","23.00","23.05","-0.2000","37976"
"00881","國泰台灣5G+","18701779","423468499","22.95","22.98","22.48","22.56","-0.4300","7418"
"00882","中信中國高股息","22812053","276104863","12.13","12.18","12.02","12.16","0.0200","3313"
"00885","富邦越南","6647182","81377575","12.22","12.30","12.16","12.25","0.0300","1583"
"00891","中信關鍵半導體","10909134","197897227","18.30","18.30","18.02","18.06","-0.2400","3748"
"00892","富邦台灣半導體","4787650","75995737","15.95","16.01","15.77","15.79","-0.1700","839"
"00893","國泰智能電動車","5695942","123164735","21.65","21.66","21.59","21.59","-0.0600","685"
"00894","中信小資高價30","1460164","28397113","19.57","19.59","19.30","19.36","-0.3200","306"
"00895","富邦未來車","2414270","64762446","26.80","26.91","26.80","26.81","0.0600","803"
"00896","中信綠能及電動車","4720347","83300447","17.77","17.77","17.57","17.60","-0.2200","1411"
"00897","富邦基因免疫生技","2130153","17497000","8.18","8.23","8.18","8.22","0.1000","407"
"00898","國泰基因免疫革命","433357","3051777","7.05","7.07","7.02","7.03","0.0300","153"
"00899","FT潔淨能源","224848","4210640","18.70","18.75","18.70","18.70","0.0400","153"
"00900","富邦特選高股息30","8611555","140070870","16.25","16.33","16.19","16.26","-0.0700","1391"
"00901","永豐智能車供應鏈","1063537","20295001","19.28","19.28","18.99","19.01","-0.3700","250"
"00902","中信電池及儲能","1120859","10979964","9.75","9.84","9.74","9.82","0.0700","434"
"00903","富邦元宇宙","508579","6956048","13.69","13.69","13.66","13.67","-0.0200","174"
"00904","新光臺灣半導體30","3601130","62882716","17.57","17.57","17.33","17.37","-0.2400","462"
"00905","FT臺灣Smart","4074293","52593619","13.02","13.04","12.85","12.86","-0.1800","1273"
"00907","永豐優息存股","3914621","63530568","16.30","16.30","16.18","16.24","-0.1500","1268"
"00908","富邦入息REITs+","747054","9403701","12.51","12.62","12.51","12.62","0.1500","137"
"00909","國泰數位支付服務","942255","25123060","26.69","26.69","26.63","26.66","0.1900","665"
"00910","第一金太空衛星","128914","2338698","18.11","18.15","18.10","18.15","0.0000","13"
"00911","兆豐洲際半導體","171826","4930640","28.80","28.80","28.68","28.69","-0.1100","104"
"00912","中信臺灣智慧50","1028774","18370289","17.99","17.99","17.78","17.83","-0.2400","260"
"00913","兆豐台灣晶圓製造","501664","10415185","20.87","20.87","20.65","20.65","-0.1700","66"
"00915","凱基優選高股息30","12642098","338348342","26.88","26.90","26.66","26.88","-0.0200","3874"
"00916","國泰全球品牌50","756294","16357184","21.61","21.65","21.59","21.64","0.0600","1724"
"00917","中信特選金融","1510718","29375581","19.46","19.46","19.42","19.44","-0.0800","416"
"00918","大華優利高填息30","71150524","1797341805","25.36","25.36","25.20","25.22","-0.1800","23091"
"00919","群益台灣精選高息","124450746","3205143840","25.85","25.86","25.70","25.73","-0.1000","49927"
"00920","富邦ESG綠色電力","301272","4659131","15.44","15.48","15.42","15.44","0.0200","103"
"00921","兆豐龍頭等權重","2853499","55195596","19.41","19.41","19.29","19.36","0.0600","1191"
"00922","國泰台灣領袖50","4432546","88997663","20.24","20.24","20.00","20.05","-0.2500","2989"
"00923","群益台ESG低碳50","8323897","174480791","21.12","21.12","20.84","20.91","-0.2900","5312"
"00924","復華S&P500成長","394958","8396351","21.22","21.29","21.22","21.25","0.0400","234"
"00925","新光標普電動車","222030","3618541","16.28","16.30","16.27","16.27","-0.1100","8"
"00926","凱基全球菁英55","854092","18421379","21.59","21.59","21.54","21.58","0.1600","171"
"00927","群益半導體收益","6649046","129595869","19.60","19.60","19.41","19.44","-0.2100","2627"
"00929","復華台灣科技優息","158147112","3262011812","20.69","20.70","20.58","20.62","-0.0800","46330"
"00930","永豐ESG低碳高息","2777692","57040989","20.56","20.60","20.48","20.53","-0.1100","610"
"00932","兆豐永續高息等權","2518974","44534991","17.75","17.75","17.61","17.68","-0.0800","1010"
"00934","中信成長高股息","9088955","175770289","19.36","19.40","19.25","19.36","-0.0400","1329"
"00935","野村臺灣新科技50","5858576","121045250","20.84","20.87","20.57","20.64","-0.2400","2920"
"00936","台新永續高息中小","99304535","1858526309","18.45","19.77","18.31","18.94","0.6600","18077"
"00939","統一台灣高息動能","19467629","284521086","14.65","14.66","14.57","14.62","-0.0700","5611"
"00940","元大台灣價值高息","89011797","874755231","9.85","9.86","9.80","9.82","-0.0400","16316"
"00941","中信上游半導體","11058043","167605376","15.18","15.18","15.13","15.15","-0.0300","2242"
"00943","兆豐電子高息等權","3639277","55602562","15.38","15.39","15.22","15.24","-0.1100","514"
"00944","野村趨勢動能高息","10055788","148624765","14.83","14.84","14.75","14.81","-0.0300","2484"
"00945B","凱基美國非投等債","9461768","142186884","15.02","15.04","15.01","15.03","0.0200","444"
"00946","群益科技高息成長","45862904","472261267","10.30","10.34","10.25","10.30","-0.0100","5874"
"01001T","土銀富邦R1","100000","1460000","14.60","14.60","14.60","14.60","0.0100","4"
"01002T","土銀國泰R1","","","","","","","0.0000",""
"01004T","土銀富邦R2","251034","3179910","12.65","12.70","12.62","12.70","0.0000","41"
"01007T","兆豐國泰R2","174001","2909378","16.60","16.80","16.60","16.78","-0.0100","40"
"01009T","王道圓滿R1","2000","16020","8.02","8.02","8.00","8.00","-0.0300","2"
"01010T","京城樂富R1","179000","1796960","10.04","10.05","10.03","10.04","-0.0100","22"
"020000","富邦特選蘋果N","","","","","","","0.0000",""
"020011","統一微波高息20N","25000","256000","10.24","10.24","10.24","10.24","0.0000","1"
"020012","富邦行動通訊N","","","","","","","0.0000",""
"020015","統一MSCI美低波N","","","","","","","0.0000",""
"020016","統一MSCI美科技N","","","","","","","0.0000",""
"020018","統一價值成長30N","17000","421300","24.95","24.95","24.74","24.74","-0.2200","5"
"020019","統一特選台灣5GN","","","","","","","0.0000",""
"02001L","富邦蘋果正二N","39000","970640","25.35","25.35","24.66","24.72","-0.7600","25"
"02001R","富邦蘋果反一N","","","","","","","0.0000",""
"02001S","策元大加權策略N","5000","35200","7.04","7.04","7.04","7.04","0.0000","1"
"020020","元大台股領航N","63000","672360","10.76","10.76","10.63","10.63","-0.2000","19"
"020028","元大特選電動車N","57000","508950","8.95","8.98","8.85","8.85","-0.1300","20"
"020029","元大ESG高股息N","51000","455540","9.00","9.00","8.90","8.91","-0.1500","15"
"020030","統一智慧電動車N","35000","212460","6.10","6.10","6.05","6.05","-0.1000","12"
"020031","統一IC設計臺灣N","180000","1097320","6.08","6.15","6.03","6.07","-0.0500","13"
"020032","元大綠能N","38000","228020","6.02","6.02","6.00","6.00","-0.0200","4"
"020034","元大IC設計N","116000","925350","8.00","8.02","7.86","7.86","-0.1200","11"
"020036","元大金融配息N","","","","","","","0.0000",""
"020037","元大金融高股息N","5000","31210","6.25","6.25","6.24","6.24","-0.0300","3"
"020038","元大ESG配息N","53000","411960","7.80","7.80","7.69","7.71","-0.0800","13"
"020039","元大加權N","72000","461460","6.44","6.45","6.38","6.40","-0.0800","22"
"1101","台泥","14842521","486634586","32.95","33.05","32.70","32.70","-0.3000","9075"
"1101B","台泥乙特","4084","196997","48.10","48.40","48.10","48.40","0.0000","9"
"1102","亞泥","8285445","343485231","41.80","42.05","41.20","41.20","-0.4000","4258"
"1103","嘉泥","468719","8621075","18.50","18.55","18.30","18.30","-0.3500","738"
"1104","環泥","530453","17896530","33.85","33.85","33.65","33.75","-0.1000","385"
"1108","幸福","256166","4329573","17.00","17.00","16.85","16.85","-0.0500","136"
"1109","信大","639962","12509275","19.70","19.70","19.40","19.40","-0.1500","252"
"1110","東泥","5082456","120579981","23.50","24.90","22.85","23.45","0.7000","2759"
"1201","味全","751821","14294819","19.25","19.25","18.95","18.95","-0.3000","620"
"1203","味王","7415","369636","49.90","50.10","49.60","50.10","-0.3000","27"
"1210","大成","1489977","84988884","56.80","57.20","56.80","57.20","0.5000","1267"
"1213","大飲","25132","179921","7.15","7.20","7.01","7.15","0.0000","22"
"1215","卜蜂","506834","54215293","106.00","107.50","106.00","107.00","1.0000","668"
"1216","統一","10990856","873018504","78.70","80.20","78.40","79.30","-0.8000","9187"
"1217","愛之味","433480","5262720","12.20","12.20","12.10","12.15","-0.0500","333"
"1218","泰山","2582727","58780405","23.25","23.25","22.55","22.65","-0.6000","1497"
"1219","福壽","262075","4944868","18.90","19.00","18.80","18.80","-0.1000","187"
"1220","台榮","346352","5336585","15.60","15.65","15.35","15.35","-0.2500","241"
"1225","福懋油","230976","21361955","92.40","93.00","91.20","92.80","0.7000","227"
"1227","佳格","596674","24994361","42.35","42.35","41.70","41.70","-0.6500","1201"
"1229","聯華","463047","31035326","67.00","67.20","66.80","67.00","0.0000","745"
"1231","聯華食","67338","6718885","99.60","100.00","99.60","99.70","0.0000","176"
"1232","大統益","80567","11691769","144.50","146.00","144.50","145.00","0.5000","164"
"1233","天仁","9462","323269","34.25","34.25","34.00","34.10","-0.1500","26"
"1234","黑松","106805","4574268","42.80","43.00","42.35","42.95","0.1000","134"
"1235","興泰","21723","1965045","91.60","91.60","89.50","91.00","0.0000","33"
"1236","宏亞","16828","406374","24.10","24.15","24.10","24.15","0.0500","117"
"1256","鮮活果汁-KY","123724","24930037","206.50","206.50","198.00","200.00","-9.5000","893"
"1301","台塑","14004166","894942217","64.50","64.70","63.60","63.70","-1.2000","12405"
"1303","南亞","28136409","1447871033","52.10","52.20","51.10","51.70","-0.5000","15591"
"1304","台聚","3417863","53056998","15.70","15.70","15.40","15.55","-0.2000","4099"
"1305","華夏","3708912","64500457","17.85","17.85","17.25","17.30","-0.5000","2001"
"1307","三芳","424004","13625681","32.40","32.50","32.00","32.00","-0.2500","271"
"1308","亞聚","1600667","29028742","18.20","18.25","18.00","18.15","-0.1500","2950"
"1309","台達化","613038","9438292","15.60","15.60","15.25","15.40","-0.2500","848"
"1310","台苯","1687131","21957309","13.15","13.25","12.90","13.05","-0.1000","1468"
"1312","國喬","6719777","93606654","14.30","14.35","13.70","13.85","-0.4500","2926"
"1312A","國喬特","","","","","","","0.0000",""
"1313","聯成","4936820","62809838","13.00","13.00","12.60","12.70","-0.3500","3395"
"1314","中石化","19233913","193412052","10.15","10.20","10.00","10.00","-0.1500","3139"
"1315","達新","21291","1534799","72.10","72.10","72.00","72.00","-0.2000","21"
"1316","上曜","5175648","99358403","19.35","19.65","19.00","19.10","-0.2500","2365"
"1319","東陽","3077538","361604819","116.00","119.00","115.50","117.00","1.5000","2107"
"1321","大洋","534067","21061686","39.30","40.00","39.00","39.85","0.8500","326"
"1323","永裕","14357","447311","31.15","31.20","31.10","31.20","0.0500","16"
"1324","地球","245554","3377146","13.90","13.90","13.70","13.70","-0.2000","296"
"1325","恆大","201554","5685516","28.50","28.50","28.10","28.15","-0.2500","175"
"1326","台化","9638443","500646633","52.50","52.60","51.70","51.70","-0.9000","7037"
"1337","再生-KY","358311","2745729","7.80","7.80","7.61","7.61","-0.1100","381"
"1338","廣華-KY","62725","2142200","34.20","34.25","34.00","34.00","-0.2500","72"
"1339","昭輝","380587","27462686","71.60","73.20","71.10","71.20","-0.4000","313"
"1340","勝悅-KY","79475","807898","10.20","10.25","10.10","10.10","-0.1000","335"
"1341","富林-KY","23283","1655500","70.40","72.50","70.40","70.80","0.5000","29"
"1342","八貫","248547","28101083","114.50","114.50","112.50","113.50","0.0000","371"
"1402","遠東新","6153192","209488607","33.85","34.30","33.80","34.00","-0.3000","4852"
"1409","新纖","4462037","74958781","16.80","16.95","16.65","16.85","-0.0500","1136"
"1410","南染","19708","735839","37.10","37.50","37.10","37.45","0.2500","24"
"1413","宏洲","164970","1699095","10.10","10.45","10.00","10.35","0.1000","93"
"1414","東和","423321","8626870","20.50","20.60","20.20","20.60","0.2000","282"
"1416","廣豐","312756","4104734","13.15","13.25","13.05","13.10","-0.0500","213"
"1417","嘉裕","280707","3201844","11.40","11.50","11.35","11.35","-0.0500","280"
"1418","東華","32136","964888","30.00","30.45","29.95","30.00","0.0500","43"
"1419","新紡","39395","1897021","48.00","48.45","47.45","48.45","0.3500","35"
"1423","利華","671697","25178847","37.90","38.60","37.10","37.20","-0.8000","363"
"1432","大魯閣","207844","3684067","17.85","17.85","17.65","17.65","-0.2000","457"
"1434","福懋","922477","20928982","22.75","22.75","22.60","22.65","-0.3000","1272"
"1435","中福","5122","247793","47.60","48.90","47.60","48.55","-0.7000","15"
"1436","華友聯","763121","117801137","150.00","157.50","150.00","157.50","6.0000","720"
"1437","勤益控","252110","9154882","36.30","36.55","36.25","36.40","0.0000","143"
"1438","三地開發","339238","20289855","60.50","60.60","58.80","59.60","-0.7000","646"
"1439","雋揚","42000","1163600","27.80","27.90","27.50","27.80","0.0500","29"
"1440","南紡","5174081","95269148","18.40","18.70","18.10","18.65","0.2500","2258"
"1441","大東","35275","471888","13.30","13.40","13.30","13.40","0.2000","203"
"1442","名軒","2387288","145879981","61.30","61.80","60.20","61.70","0.6000","1957"
"1443","立益物流","13018","412217","31.75","31.90","31.55","31.90","0.0500","17"
"1444","力麗","846802","8362810","9.91","9.95","9.85","9.85","-0.0600","684"
"1445","大宇","1093838","25238025","23.15","23.15","23.00","23.00","-0.1000","413"
"1446","宏和","2802256","159279376","55.00","58.40","54.60","57.30","2.0000","1959"
"1447","力鵬","1669110","16039942","9.63","9.71","9.54","9.60","-0.0400","897"
"1449","佳和","324385","6049376","18.80","18.85","18.50","18.65","-0.1500","194"
"1451","年興","64614","1310158","20.15","20.35","20.15","20.35","0.0000","137"
"1452","宏益","99576","1700291","17.15","17.20","16.85","17.00","0.0000","60"
"1453","大將","8591759","261160514","29.30","31.95","29.20","29.65","0.2500","5308"
"1454","台富","16221","272717","16.95","16.95","16.75","16.75","-0.1000","26"
"1455","集盛","3408246","47873606","14.00","14.30","13.65","14.20","0.3000","1312"
"1456","怡華","91097","1791990","19.85","19.85","19.50","19.65","-0.2000","56"
"1457","宜進","715570","15643855","22.20","22.20","21.80","21.80","-0.4000","336"
"1459","聯發","168325","1847124","11.05","11.10","10.85","10.95","-0.1000","118"
"1460","宏遠","407747","3382304","8.37","8.37","8.24","8.30","0.0000","141"
"1463","強盛","57277","1153021","20.05","20.20","20.05","20.20","0.1000","68"
"1464","得力","233098","3314985","14.25","14.30","14.15","14.30","0.0500","218"
"1465","偉全","34097","527249","15.60","15.60","15.40","15.45","0.0000","67"
"1466","聚隆","170356","2152628","12.75","12.75","12.55","12.55","-0.2000","49"
"1467","南緯","179374","2060924","11.50","11.55","11.45","11.45","-0.0500","220"
"1468","昶和","36000","516450","14.40","14.45","14.30","14.40","0.0000","31"
"1470","大統新創","16000","328000","20.50","20.50","20.50","20.50","0.0000","4"
"1471","首利","1576575","25358368","16.10","16.35","15.90","15.90","-0.1500","775"
"1472","三洋實業","18047","1341211","74.80","74.80","74.20","74.20","-0.6000","19"
"1473","台南","4623924","220185397","46.80","49.20","45.90","47.50","1.3000","2560"
"1474","弘裕","277891","3873489","14.20","14.20","13.80","13.90","-0.2000","166"
"1475","業旺","124625","7158910","57.20","57.80","57.10","57.50","0.1000","110"
"1476","儒鴻","854160","422403178","489.00","498.00","487.00","491.50","-3.5000","1158"
"1477","聚陽","4609783","1835270365","385.50","403.00","384.00","394.50","7.5000","3926"
"1503","士電","5173630","1208770919","232.50","237.50","228.50","232.00","1.5000","5620"
"1504","東元","23685413","1361690102","57.50","58.20","56.50","57.60","0.1000","17704"
"1506","正道","268359","4478775","16.90","16.90","16.55","16.55","-0.3500","146"
"1512","瑞利","86620","783884","9.19","9.19","9.01","9.03","-0.2200","73"
"1513","中興電","7083310","1187101172","166.00","170.00","164.50","167.50","1.0000","6240"
"1514","亞力","8752520","956153237","107.50","111.50","106.50","107.50","0.0000","5878"
"1515","力山","580292","26570850","46.40","46.40","45.55","45.55","-0.3500","409"
"1516","川飛","991076","23411392","23.95","24.45","23.10","23.10","-0.7500","813"
"1517","利奇","343969","5868793","17.10","17.25","16.95","17.00","-0.1000","307"
"1519","華城","5999115","4155341955","697.00","706.00","676.00","699.00","3.0000","6853"
"1521","大億","50529","2050473","40.40","41.60","39.85","40.60","-0.2500","58"
"1522","堤維西","8259685","537418161","63.30","66.00","63.30","64.50","1.1000","5943"
"1522A","堤維西甲特","3100","141769","45.70","45.75","45.70","45.75","0.0500","4"
"1524","耿鼎","27917162","1079664624","38.15","40.80","36.85","36.90","-1.2000","16500"
"1525","江申","60637","4715999","78.70","78.70","77.50","77.90","0.2000","60"
"1526","日馳","55189","1840054","33.15","33.55","33.15","33.20","-0.1500","49"
"1527","鑽全","165360","7194683","43.55","43.65","43.35","43.55","-0.0500","269"
"1528","恩德","1103106","14166100","12.90","13.15","12.65","12.65","-0.3000","529"
"1529","樂事綠能","802802","25930107","32.05","32.55","32.00","32.55","0.5000","609"
"1530","亞崴","107967","3523097","32.90","32.90","32.45","32.50","-0.3000","396"
"1531","高林股","213612","3159677","14.80","14.90","14.75","14.75","-0.0500","183"
"1532","勤美","7102360","372081441","52.20","52.90","51.90","52.40","0.5000","4438"
"1533","車王電","124247","5947455","48.15","48.15","47.60","47.65","-0.5000","98"
"1535","中宇","145311","10241227","70.70","70.90","70.30","70.90","0.1000","265"
"1536","和大","2121260","122643237","58.00","58.50","57.10","57.80","-0.2000","1678"
"1537","廣隆","132287","19432081","147.50","147.50","146.00","147.50","0.0000","142"
"1538","正峰","77462","1114698","14.75","15.40","14.25","14.45","-0.3500","42"
"1539","巨庭","165000","3931850","23.90","23.95","23.75","23.75","-0.0500","83"
"1540","喬福","635140","13166453","21.05","21.15","20.55","20.55","-0.5000","395"
"1541","錩泰","22001","693731","31.55","31.70","31.50","31.70","-0.1500","15"
"1558","伸興","26788","2710840","102.00","102.00","101.00","101.50","0.5000","60"
"1560","中砂","3465234","982643620","288.00","288.00","280.00","282.00","-8.0000","12847"
"1563","巧新","2205884","175352465","80.00","80.40","78.50","79.30","-0.5000","729"
"1568","倉佑","399456","11963170","29.55","30.40","29.50","29.95","0.5500","306"
"1582","信錦","10685642","1244257993","113.00","120.00","112.00","115.50","1.0000","8429"
"1583","程泰","12388","889500","72.30","72.30","71.70","71.80","-0.5000","45"
"1587","吉茂","2583676","165595589","65.00","65.30","63.20","64.00","-0.8000","2108"
"1589","永冠-KY","426797","19118835","44.85","45.15","44.40","44.90","0.0500","566"
"1590","亞德客-KY","392993","407512560","1035.00","1055.00","1025.00","1030.00","-15.0000","682"
"1597","直得","614496","42732097","70.60","70.60","68.70","69.00","-1.8000","942"
"1598","岱宇","177477","5540028","31.60","31.60","31.05","31.20","-0.2000","147"
"1603","華電","4429888","202697801","45.00","46.60","44.80","45.45","0.7500","3195"
"1604","聲寶","194918","5643321","29.00","29.00","28.85","28.95","0.0000","197"
"1605","華新","9071548","331708667","36.65","36.90","36.45","36.45","-0.2000","5095"
"1608","華榮","8488978","319853900","37.30","38.25","37.15","37.15","0.0500","4991"
"1609","大亞","11517308","564612908","49.05","49.65","48.45","48.95","0.0500","6770"
"1611","中電","1336505","23855879","18.00","18.05","17.65","17.65","-0.3500","637"
"1612","宏泰","3098818","119272479","38.10","38.95","38.05","38.35","0.2500","1994"
"1614","三洋電","313497","13983912","44.90","45.00","44.35","44.80","0.2000","205"
"1615","大山","579374","40822115","70.60","71.40","69.60","69.60","-0.4000","1424"
"1616","億泰","2489742","58939656","23.40","24.50","22.90","23.50","0.3000","1471"
"1617","榮星","1043715","23146957","21.95","22.85","21.70","22.30","0.1500","716"
"1618","合機","6652219","329072845","47.85","50.70","47.25","49.40","2.1500","4540"
"1626","艾美特-KY","80492","1307183","16.20","16.30","16.20","16.20","0.0500","104"
"1701","中化","241398","5322263","22.05","22.10","22.00","22.05","0.0000","209"
"1702","南僑","718832","42101275","58.40","58.80","58.30","58.60","0.2000","556"
"1707","葡萄王","247600","39667645","160.00","161.00","159.00","160.50","1.0000","349"
"1708","東鹼","1017698","33265707","33.15","33.15","32.45","32.50","-0.6500","711"
"1709","和益","357684","7359619","20.65","20.65","20.50","20.60","-0.0500","443"
"1710","東聯","712702","12202475","17.25","17.25","17.10","17.10","-0.1000","883"
"1711","永光","1194534","23139965","19.30","19.50","19.25","19.25","0.0000","859"
"1712","興農","1085972","45082471","41.10","41.90","41.00","41.60","0.6000","748"
"1713","國化","459306","23266708","50.00","51.30","50.00","50.80","0.8500","223"
"1714","和桐","1583115","15478617","9.82","9.82","9.75","9.77","-0.0500","588"
"1717","長興","1353574","42077811","31.30","31.30","30.95","30.95","-0.3500","914"
"1718","中纖","3689333","29628727","8.15","8.15","7.98","8.01","-0.1100","1681"
"1720","生達","928538","65847216","70.00","71.50","70.00","70.90","0.9000","1063"
"1721","三晃","623265","9152257","14.75","14.85","14.60","14.60","-0.1500","439"
"1722","台肥","5406934","348769847","63.90","65.00","63.60","64.70","0.6000","3290"
"1723","中碳","408875","45469579","111.50","112.00","111.00","111.00","-0.5000","486"
"1725","元禎","1078818","50858392","47.75","48.30","46.15","46.40","-0.9000","1042"
"1726","永記","14094","1162109","81.90","82.50","81.90","82.50","0.4000","42"
"1727","中華化","183847","5284646","28.95","28.95","28.60","28.60","-0.2500","155"
"1730","花仙子","18460","1037361","56.30","56.30","56.10","56.20","-0.2000","22"
"1731","美吾華","176228","4414225","25.00","25.15","24.95","25.15","0.1500","141"
"1732","毛寶","104076","2971869","28.55","28.65","28.50","28.60","0.0500","88"
"1733","五鼎","261502","8606610","33.10","33.15","32.70","32.75","-0.2500","166"
"1734","杏輝","522187","19196742","36.50","36.95","36.50","36.85","0.4000","403"
"1735","日勝化","6461","114659","17.65","17.70","17.65","17.70","0.0500","37"
"1736","喬山","807476","75618956","92.00","94.10","91.70","93.60","1.2000","848"
"1737","臺鹽","124964","4240248","33.90","34.00","33.85","33.95","-0.0500","124"
"1752","南光","641413","34409813","54.10","54.50","53.00","53.30","-1.3000","569"
"1760","寶齡富錦","167346","16121215","96.90","97.00","95.80","96.10","-0.2000","226"
"1762","中化生","227005","10873886","48.45","48.50","47.40","47.80","-0.6500","424"
"1773","勝一","189065","30386050","161.00","162.50","160.00","160.50","-0.5000","211"
"1776","展宇","93440","1712438","18.45","18.50","18.20","18.30","-0.1500","123"
"1783","和康生","905048","40825345","44.60","46.50","44.30","44.30","1.7000","826"
"1786","科妍","2378786","272997675","107.50","117.00","107.00","117.00","10.5000","1812"
"1789","神隆","1729067","49694762","28.10","29.00","28.05","28.90","0.8500","1058"
"1795","美時","2141408","612830192","290.00","290.50","284.50","285.50","-3.5000","4805"
"1802","台玻","52743370","1018609021","19.00","19.90","18.80","18.85","-0.2000","18628"
"1805","寶徠","325445","6496085","19.85","20.25","19.70","20.00","0.1500","160"
"1806","冠軍","520386","5737854","11.20","11.25","10.90","10.95","-0.2500","342"
"1808","潤隆","1029650","110066566","108.00","108.00","106.00","107.50","0.5000","1003"
"1809","中釉","3117484","80694513","25.55","26.55","25.35","25.35","-0.2000","1793"
"1810","和成","1401033","26713769","19.30","19.45","18.80","18.95","-0.3000","821"
"1817","凱撒衛","208817","8403590","39.90","40.65","39.90","40.00","-0.2000","210"
"1903","士紙","384756","24997760","64.80","65.50","64.40","64.80","0.2000","485"
"1904","正隆","700294","20199349","28.95","28.95","28.80","28.85","-0.1000","573"
"1905","華紙","1888168","41840166","22.30","22.30","22.10","22.10","-0.2000","1162"
"1906","寶隆","129602","2121581","16.35","16.50","16.25","16.35","0.0000","218"
"1907","永豐餘","1142716","34168944","30.00","30.05","29.85","29.85","-0.0500","539"
"1909","榮成","3731162","52550853","14.25","14.25","14.00","14.05","-0.2000","1476"
"2002","中鋼","31385207","742160479","23.70","23.75","23.60","23.60","-0.2000","15993"
"2002A","中鋼特","4228","183593","43.35","43.50","43.35","43.50","0.0500","12"
"2006","東和鋼鐵","1253976","87518183","69.40","69.90","69.40","69.90","0.1000","1291"
"2007","燁興","928494","10998059","12.10","12.10","11.70","11.70","-0.3500","566"
"2008","高興昌","63784","1580129","24.95","24.95","24.65","24.65","-0.3000","51"
"2009","第一銅","12707984","679377389","52.30","54.40","52.10","53.40","1.6000","8502"
"2010","春源","624757","12742275","20.50","20.50","20.30","20.45","-0.0500","427"
"2012","春雨","51136","1240455","24.45","24.50","24.00","24.25","-0.1000","48"
"2013","中鋼構","48281","2806580","58.20","58.40","58.00","58.10","0.1000","87"
"2014","中鴻","3886725","86837899","22.55","22.60","22.25","22.30","-0.2500","1872"
"2015","豐興","203297","14574319","71.50","72.00","71.20","71.60","0.1000","177"
"2017","官田鋼","648334","9366162","14.60","14.60","14.40","14.40","-0.2000","365"
"2020","美亞","1125503","45414806","40.55","40.55","40.20","40.45","-0.1000","773"
"2022","聚亨","508447","6072139","12.10","12.10","11.90","11.95","-0.1000","307"
"2023","燁輝","1502804","23187887","15.55","15.65","15.30","15.35","-0.2500","780"
"2024","志聯","15095","350487","22.85","23.25","22.85","23.25","0.0000","40"
"2025","千興","1769447","20862257","12.10","12.10","11.70","11.75","-0.4000","709"
"2027","大成鋼","5519700","208186887","38.15","38.15","37.50","37.80","-0.3500","3497"
"2028","威致","131710","3560508","27.25","27.25","26.90","27.00","-0.3000","104"
"2029","盛餘","596217","16578442","27.95","27.95","27.70","27.75","-0.2500","392"
"2030","彰源","482717","8869064","18.50","18.50","18.30","18.45","-0.0500","210"
"2031","新光鋼","1015559","61559910","60.50","61.10","60.10","60.90","0.1000","768"
"2032","新鋼","94131","1641824","17.50","17.60","17.30","17.30","-0.2000","72"
"2033","佳大","134015","2129387","15.95","16.00","15.75","15.75","-0.1500","73"
"2034","允強","249039","6345710","25.40","25.60","25.35","25.60","0.2000","167"
"2038","海光","462713","9502132","20.75","20.80","20.40","20.45","-0.3500","402"
"2049","上銀","2839847","625317760","224.00","224.00","219.00","219.50","-5.0000","3645"
"2059","川湖","1068704","1208547380","1160.00","1165.00","1105.00","1115.00","-45.0000","3040"
"2062","橋椿","190373","5633139","29.75","29.75","29.50","29.50","-0.1000","131"
"2069","運錩","82357","1379785","16.80","16.80","16.70","16.70","-0.2500","45"
"2101","南港","45568623","2875778349","61.20","64.80","60.20","64.50","3.2000","23884"
"2102","泰豐","1415407","29856061","21.60","21.60","20.80","21.00","-0.5000","725"
"2103","台橡","888405","21123579","23.80","23.95","23.70","23.95","0.1000","408"
"2104","國際中橡","727119","12801939","17.80","17.80","17.55","17.55","-0.2500","445"
"2105","正新","26784475","1647995979","61.20","62.00","60.50","61.50","-0.3000","15573"
"2106","建大","637845","22087400","34.65","34.90","34.45","34.75","-0.1000","407"
"2107","厚生","343292","9101957","26.55","26.65","26.35","26.60","0.0500","243"
"2108","南帝","664774","23134239","34.30","35.05","34.30","34.70","0.3000","455"
"2109","華豐","1319383","26154815","19.90","20.15","19.50","19.80","-0.1000","784"
"2114","鑫永銓","47418","5020428","106.00","106.50","105.50","105.50","-0.5000","77"
"2115","六暉-KY","49530","1647891","33.15","33.40","33.15","33.30","0.0000","49"
"2201","裕隆","6065281","430937310","70.00","71.70","70.00","70.50","0.1000","3553"
"2204","中華","2717365","350007037","128.00","131.00","127.50","127.50","-1.5000","2156"
"2206","三陽工業","2952028","226132453","76.70","77.20","76.10","77.00","0.3000","2420"
"2207","和泰車","386760","236433590","610.00","616.00","609.00","610.00","-6.0000","542"
"2208","台船","2829393","50679798","18.05","18.05","17.85","17.90","-0.1500","1662"
"2211","長榮鋼","3816425","547690963","140.50","146.50","138.50","144.50","3.5000","2828"
"2227","裕日車","17120","2362765","137.50","138.50","137.00","138.00","-0.5000","79"
"2228","劍麟","2119125","261037793","116.50","127.00","116.00","124.00","7.5000","1853"
"2231","為升","724259","92976372","131.50","132.00","126.00","129.00","-2.0000","1187"
"2233","宇隆","94084","12468518","132.00","133.00","132.00","132.00","0.0000","92"
"2236","百達-KY","821763","65327947","80.40","80.40","77.70","78.60","-1.5000","600"
"2239","英利-KY","27215","1549255","57.00","57.00","56.80","56.90","0.0000","42"
"2241","艾姆勒","8247358","396805179","49.75","50.30","46.25","47.65","-2.3500","5484"
"2243","宏旭-KY","1775642","35483156","19.50","20.40","19.50","19.85","0.5500","1128"
"2247","汎德永業","86978","27978960","322.50","324.00","319.50","320.50","0.0000","128"
"2250","IKKA-KY","1177638","139281780","117.00","120.50","115.50","119.00","2.5000","1169"
"2254","巨鎧精密-創","367000","30017200","82.50","83.00","80.00","80.50","-0.5000","53"
"2258","鴻華先進-創","571350","25684550","44.65","45.05","44.65","45.05","0.0500","237"
"2301","光寶科","31416285","3397690731","111.50","111.50","106.50","107.00","-3.5000","19959"
"2302","麗正","1066859","20439600","19.60","19.60","18.65","18.65","-0.0500","524"
"2303","聯電","69733105","3777310927","54.50","54.70","53.90","54.30","-0.7000","30018"
"2305","全友","354055","8374644","23.75","23.85","23.45","23.50","-0.1500","276"
"2308","台達電","11530970","3898213431","342.00","345.00","334.00","336.50","-0.5000","9929"
"2312","金寶","96041751","1673893186","17.40","17.90","16.70","16.85","-0.4000","27019"
"2313","華通","12632929","903582196","72.30","72.80","71.00","71.20","-0.7000","8023"
"2314","台揚","884778","28272660","32.10","32.50","31.70","31.70","-0.3000","666"
"2316","楠梓電","5414615","255988327","48.00","49.00","46.50","46.85","-0.3500","4056"
"2317","鴻海","104412410","18008953714","175.00","176.50","170.00","171.00","-5.5000","78780"
"2321","東訊","4181","67405","16.50","16.50","15.85","16.30","0.0500","7"
"2323","中環","10739514","137683135","13.00","13.00","12.70","12.75","-0.2500","2655"
"2324","仁寶","63980364","2388386624","37.80","38.35","36.60","36.90","-0.6000","30993"
"2327","國巨","2019262","1359502806","677.00","678.00","668.00","671.00","-6.0000","3118"
"2328","廣宇","24383969","978653027","41.00","41.35","39.20","39.50","-0.5000","14398"
"2329","華泰","8122162","498140788","61.90","62.50","60.40","60.40","-0.7000","5081"
"2330","台積電","31031104","26107162214","844.00","851.00","837.00","839.00","-7.0000","52392"
"2331","精英","164015772","6413230212","40.00","41.45","35.05","36.15","-1.5500","60050"
"2332","友訊","1942562","34545925","17.85","17.90","17.70","17.70","-0.2000","902"
"2337","旺宏","11366537","298841926","26.65","26.70","26.00","26.50","-0.1000","5600"
"2338","光罩","1302643","93356406","71.50","72.70","70.90","71.20","-0.1000","923"
"2340","台亞","2155139","87956802","41.00","41.60","40.20","40.50","-0.7000","1322"
"2342","茂矽","386996","12628709","32.60","32.90","32.35","32.35","-0.2500","548"
"2344","華邦電","61350921","1487891972","24.85","24.85","24.00","24.10","-1.1000","23840"
"2345","智邦","4877936","2599213728","525.00","537.00","525.00","535.00","10.0000","4852"
"2347","聯強","29985855","2469391415","82.80","83.60","81.90","82.70","-0.8000","15745"
"2348","海悅","2664131","636986521","237.00","245.00","229.50","243.50","9.0000","4327"
"2348A","海悅甲特","5080","170686","33.60","33.70","33.55","33.70","0.2000","9"
"2349","錸德","7619722","71584276","9.60","9.66","9.27","9.29","-0.3600","2805"
"2351","順德","10640543","1554066832","146.50","150.00","142.00","146.00","2.5000","8697"
"2352","佳世達","7210651","288948817","40.65","40.65","39.80","40.05","-0.2000","4076"
"2353","宏碁","59491166","3060181271","52.40","52.50","50.80","51.20","-1.3000","31988"
"2354","鴻準","58763030","4091626411","72.20","72.40","67.90","68.10","-4.1000","37326"
"2355","敬鵬","5491207","249448869","45.30","45.80","44.95","45.60","0.4000","3107"
"2356","英業達","26906856","1469533799","54.90","55.50","54.20","54.40","-0.3000","14863"
"2357","華碩","10194070","5069693776","508.00","509.00","491.50","496.00","-13.0000","14319"
"2359","所羅門","7261557","1237535235","180.50","180.50","166.00","166.00","-14.0000","8046"
"2360","致茂","1809023","510821568","284.50","287.50","280.00","282.00","-2.5000","9016"
"2362","藍天","14205119","850903331","62.00","63.30","58.10","59.70","-1.3000","9287"
"2363","矽統","34211921","1994447581","58.30","59.30","57.30","58.10","0.6000","19668"
"2364","倫飛","103190","9041220","88.00","88.70","87.20","87.30","-0.7000","89"
"2365","昆盈","10335690","366446525","37.15","37.20","34.40","35.00","-2.0500","6680"
"2367","燿華","78517967","2920291054","37.75","38.20","36.10","36.65","-0.3500","33141"
"2368","金像電","5132297","1029884137","203.00","204.50","198.00","198.00","-4.0000","4894"
"2369","菱生","4415584","107394671","24.00","24.80","24.00","24.00","-0.2000","2308"
"2371","大同","15845547","870846861","54.70","55.60","54.40","54.40","-0.5000","8381"
"2373","震旦行","22580","1675807","74.00","74.40","74.00","74.30","0.1000","30"
"2374","佳能","6238649","378512932","60.50","61.50","59.50","59.50","-1.0000","4055"
"2375","凱美","976872","69402276","71.50","71.70","70.50","70.90","0.0000","871"
"2376","技嘉","7369201","2350746928","323.50","325.00","315.00","315.00","-8.5000","9484"
"2377","微星","9875524","1908265734","196.00","198.50","191.00","192.50","-4.5000","12497"
"2379","瑞昱","8421862","4489123080","549.00","551.00","523.00","534.00","-16.0000","9636"
"2380","虹光","217103","1545934","7.34","7.34","7.01","7.03","-0.0100","251"
"2382","廣達","27723883","7697754217","283.00","284.50","273.00","275.00","-7.5000","31076"
"2383","台光電","4477082","1940901684","434.50","439.50","429.50","430.50","-4.5000","4982"
"2385","群光","8493296","1682777472","195.00","201.00","192.00","199.00","2.0000","5895"
"2387","精元","699962","42522721","61.20","61.20","60.60","60.70","-0.4000","721"
"2388","威盛","5333038","645725891","120.50","124.00","118.50","119.00","0.5000","3907"
"2390","云辰","984823","13381275","13.65","13.80","13.45","13.50","0.0000","574"
"2392","正崴","3444409","247410503","72.90","72.90","71.20","71.20","-1.2000","2703"
"2393","億光","1505430","108348964","71.80","72.50","71.50","72.00","0.2000","1355"
"2395","研華","1753722","638478813","363.00","373.50","361.00","362.00","0.0000","1880"
"2397","友通","3700365","310099275","84.80","86.20","81.30","85.60","0.7000","2909"
"2399","映泰","4377245","101016541","23.30","23.80","22.50","22.50","-0.6000","2522"
"2401","凌陽","12721049","451286034","35.95","36.20","35.00","35.20","-1.0500","6936"
"2402","毅嘉","5298128","187698608","36.05","36.05","34.65","34.65","-1.1500","3508"
"2404","漢唐","1534248","559272372","362.50","368.00","361.00","364.00","0.0000","1837"
"2405","輔信","15982599","346571652","21.75","22.25","21.10","21.25","-0.3000","7576"
"2406","國碩","2642554","57934047","22.15","22.25","21.80","21.85","-0.2500","1662"
"2408","南亞科","7466927","473462166","64.00","64.20","63.00","63.20","-1.0000","5640"
"2409","友達","41619403","730352082","17.70","17.75","17.45","17.50","-0.3000","11907"
"2412","中華電","19131824","2433598926","126.00","128.00","126.00","127.00","0.0000","7699"
"2413","環科","238932","5903370","24.70","25.05","24.45","24.45","-0.3000","174"
"2414","精技","165457","6247990","37.70","37.90","37.50","37.80","0.1500","142"
"2415","錩新","56233","1520500","27.00","27.10","27.00","27.10","0.0000","86"
"2417","圓剛","13154729","706467266","53.00","54.00","52.50","54.00","4.8500","6945"
"2419","仲琦","927322","29424394","31.75","32.10","31.50","31.50","-0.2500","581"
"2420","新巨","508371","31657052","62.20","62.80","61.60","62.30","0.3000","430"
"2421","建準","5324543","628059538","120.50","121.00","116.00","117.00","-3.0000","4668"
"2423","固緯","382098","16347799","42.65","43.35","42.45","42.45","-0.1500","343"
"2424","隴華","23000","694550","30.40","30.40","30.05","30.05","-0.1000","19"
"2425","承啟","6613896","282894182","43.60","43.70","41.50","42.30","-1.5500","4237"
"2426","鼎元","481745","8882629","18.55","18.65","18.25","18.40","-0.1500","362"
"2427","三商電","9200387","276216245","30.00","30.45","29.30","30.20","0.0500","5354"
"2428","興勤","204409","34666641","170.00","171.50","168.50","168.50","-1.0000","347"
"2429","銘旺科","57130","1162506","20.40","20.55","20.25","20.25","-0.2500","49"
"2430","燦坤","90666","3275475","36.30","36.30","36.00","36.15","-0.3000","116"
"2431","聯昌","429127","5464072","12.90","12.95","12.55","12.80","-0.0500","179"
"2432","倚天酷碁-創","10000","388650","38.80","39.00","38.75","39.00","0.0000","9"
"2433","互盛電","16474","880558","53.30","53.50","53.30","53.50","0.0000","25"
"2434","統懋","10460","345717","32.90","33.10","32.90","33.10","0.1000","21"
"2436","偉詮電","2035479","134100210","66.70","66.90","65.00","65.30","-1.2000","2862"
"2438","翔耀","1886598","51030157","27.20","27.95","26.50","27.35","0.1000","912"
"2439","美律","1395538","174356751","126.00","126.00","124.00","124.50","-2.0000","1010"
"2440","太空梭","812735","13747564","17.30","17.30","16.75","16.80","-0.4000","418"
"2441","超豐","634646","40177293","63.00","63.50","62.80","63.30","0.3000","544"
"2442","新美齊","5486531","188289707","33.90","35.00","33.70","34.25","0.2000","3055"
"2444","兆勁","516829","6688361","12.95","13.10","12.80","12.80","-0.1500","274"
"2449","京元電子","18393659","1679042758","90.60","92.40","90.40","90.60","-0.1000","13270"
"2450","神腦","150972","6007898","40.00","40.00","39.65","39.85","-0.1500","149"
"2451","創見","5468087","618999460","112.50","115.50","110.00","113.50","0.5000","3938"
"2453","凌群","6881143","475539096","67.50","70.60","67.50","68.30","2.1000","5112"
"2454","聯發科","7219004","8958813210","1260.00","1270.00","1220.00","1240.00","-30.0000","14654"
"2455","全新","3495582","510887748","144.00","149.00","143.00","143.50","1.5000","3151"
"2457","飛宏","6692933","347503468","50.80","53.10","50.40","52.00","1.2000","4202"
"2458","義隆","1366886","223334098","164.50","165.00","162.00","162.00","-1.5000","1197"
"2459","敦吉","36305","2648283","72.40","73.20","72.40","72.80","-0.3000","64"
"2460","建通","772646","26269100","33.95","34.50","33.70","33.90","0.2500","566"
"2461","光群雷","328620","8162953","24.90","25.00","24.75","24.80","-0.1000","252"
"2462","良得電","444404","15815465","35.65","35.85","35.35","35.50","0.0500","340"
"2464","盟立","27366780","1917009014","72.50","72.70","67.80","67.90","-4.6000","21482"
"2465","麗臺","35604021","4975002541","141.50","148.50","127.00","128.00","-9.5000","26671"
"2466","冠西電","16335","608646","37.10","37.65","37.10","37.65","-0.1500","20"
"2467","志聖","2174366","293942665","136.50","139.50","132.00","132.50","-4.0000","2048"
"2468","華經","241421","6604549","27.70","27.70","27.20","27.20","-0.1500","220"
"2471","資通","152782","8667059","56.50","57.10","56.50","56.50","0.0000","197"
"2472","立隆電","743238","57083350","77.80","77.80","76.30","76.30","-1.2000","625"
"2474","可成","1952894","441451448","223.50","227.50","223.50","225.50","1.0000","2355"
"2476","鉅祥","2864564","269222117","95.10","95.10","92.90","93.90","-0.4000","2093"
"2477","美隆電","63876","1429093","22.50","22.50","22.20","22.20","-0.3000","68"
"2478","大毅","267715","14435089","53.90","54.30","53.50","53.80","-0.2000","263"
"2480","敦陽科","175263","22360479","128.00","128.50","127.00","127.00","-0.5000","263"
"2481","強茂","1312941","76549697","58.00","59.20","57.50","58.10","0.1000","949"
"2482","連宇","8662414","316396800","33.85","37.15","33.85","37.15","3.3500","4972"
"2483","百容","1063196","27443509","26.45","26.55","25.30","25.45","-1.0500","657"
"2484","希華","909725","29096747","32.30","32.30","31.80","31.80","-0.5000","682"
"2485","兆赫","1048490","22139663","21.20","21.40","20.95","21.00","-0.2000","840"
"2486","一詮","66755949","7149232255","107.00","112.50","102.00","104.00","-1.0000","36486"
"2488","漢平","196057","9390909","47.70","48.10","47.60","47.90","0.2000","178"
"2489","瑞軒","19043229","394263194","20.75","21.20","20.35","20.50","-0.2500","8243"
"2491","吉祥全","288006","4561231","16.20","16.20","15.60","15.80","-0.4500","221"
"2492","華新科","2188857","246995242","115.00","115.00","111.50","112.50","-2.5000","2338"
"2493","揚博","253367","24012907","95.30","95.60","94.50","94.50","-0.8000","317"
"2495","普安","29460325","892045900","28.35","30.95","28.30","30.60","2.4500","12956"
"2496","卓越","11041","801588","72.70","72.70","72.50","72.70","-0.2000","14"
"2497","怡利電","562679","33237324","59.20","59.80","58.50","58.70","-0.3000","727"
"2498","宏達電","4257443","187743221","44.00","44.80","43.65","43.70","-0.3000","2794"
"2501","國建","18977580","679293792","36.00","36.30","34.90","36.20","0.2500","9087"
"2504","國產","15656356","719908499","46.50","47.00","45.15","46.10","0.0000","7584"
"2505","國揚","803644","22531415","28.00","28.35","27.60","28.20","0.3500","606"
"2506","太設","2267241","28774063","12.90","12.95","12.50","12.70","-0.2000","888"
"2509","全坤建","995020","24062381","24.20","24.45","23.85","24.35","0.1500","798"
"2511","太子","2570577","31369597","12.35","12.35","12.10","12.20","-0.1000","958"
"2514","龍邦","3479192","81452976","23.55","23.90","22.80","23.85","0.3000","1694"
"2515","中工","49263631","830976277","16.90","17.15","16.55","16.90","0.0000","12354"
"2516","新建","497074","5795978","11.80","11.80","11.60","11.60","-0.2000","255"
"2520","冠德","12253337","731413629","59.40","60.80","58.30","60.80","1.4000","8195"
"2524","京城","5878776","346458528","59.50","61.90","56.50","57.80","-1.1000","3956"
"2527","宏璟","2577516","129612187","51.40","51.40","49.45","50.40","-0.6000","2424"
"2528","皇普","617336","30701485","49.95","50.10","49.05","49.80","-0.3000","486"
"2530","華建","2334665","115622145","50.50","50.80","48.50","48.90","-0.7000","1375"
"2534","宏盛","1858575","51129625","27.55","27.80","27.05","27.75","0.2500","1309"
"2535","達欣工","407855","21882035","53.20","54.00","53.20","53.80","0.2000","348"
"2536","宏普","765225","27137505","35.00","35.90","35.00","35.70","0.5000","418"
"2537","聯上發","92514077","2058751948","22.10","22.95","21.15","22.85","1.5000","31407"
"2538","基泰","3541583","69163457","19.50","19.85","19.20","19.70","0.0500","1630"
"2539","櫻花建","726564","53118493","73.80","73.90","72.10","73.50","-0.3000","984"
"2540","愛山林","1644611","284249406","172.50","175.00","170.50","174.50","3.5000","2840"
"2542","興富發","5783974","267144254","46.25","46.60","45.75","46.50","0.1000","5098"
"2543","皇昌","4742768","236600404","51.30","51.40","48.50","48.95","-1.8500","2661"
"2545","皇翔","1822306","112371847","61.40","62.50","60.30","62.50","1.1000","1344"
"2546","根基","308078","29854022","97.00","97.50","95.60","97.50","1.0000","604"
"2547","日勝生","5949399","67083761","11.35","11.50","11.05","11.35","0.0000","1860"
"2548","華固","4046049","642617953","160.00","161.00","155.50","161.00","2.0000","3742"
"2597","潤弘","348272","63848196","182.50","185.00","180.50","183.00","0.5000","887"
"2601","益航","1939116","16348032","8.49","8.53","8.36","8.38","-0.1100","956"
"2603","長榮","32512482","6875637373","214.00","214.50","210.00","211.00","-4.5000","20284"
"2605","新興","13492821","421821767","31.70","31.75","30.90","31.05","-0.9000","7180"
"2606","裕民","5343367","312189096","59.20","59.30","58.00","58.20","-1.2000","3551"
"2607","榮運","2649592","86618917","33.15","33.15","32.40","32.70","-0.4500","1704"
"2608","嘉里大榮","1379440","61881842","45.60","45.60","44.45","45.00","-0.6500","1142"
"2609","陽明","95446594","7172704812","74.80","76.60","73.20","75.70","-0.2000","50751"
"2610","華航","27357042","604542670","22.15","22.30","21.90","22.15","0.0000","9112"
"2611","志信","3586747","114192767","32.25","32.30","31.55","32.00","-0.2500","2226"
"2612","中航","691850","33556198","49.45","49.45","48.25","48.55","-0.9000","576"
"2613","中櫃","4423539","170040999","40.10","40.10","37.40","37.40","-2.6000","3036"
"2614","東森","797997","16059945","20.30","20.35","20.00","20.15","-0.1500","1019"
"2615","萬海","31144988","2499079277","80.50","81.70","79.00","80.00","-2.0000","22337"
"2616","山隆","192145","4940635","25.80","25.80","25.65","25.75","0.0000","404"
"2617","台航","1838494","68708555","38.00","38.00","37.15","37.50","-0.4500","1462"
"2618","長榮航","105343541","3725601902","35.50","35.70","34.90","35.35","0.0000","27326"
"2630","亞航","1010300","40560873","40.05","40.60","39.90","39.90","-0.1000","821"
"2633","台灣高鐵","4132620","123361552","29.80","29.95","29.75","29.80","-0.2000","1613"
"2634","漢翔","4794247","257176670","53.30","54.20","53.30","53.50","0.4000","3232"
"2636","台驊投控","1656430","181902403","111.50","111.50","108.50","110.50","-1.5000","1587"
"2637","慧洋-KY","5532616","415964725","76.80","76.80","74.60","74.80","-2.0000","3940"
"2642","宅配通","41202","1590829","38.65","38.75","38.45","38.45","-0.2000","230"
"2645","長榮航太","782893","85885326","109.00","110.50","109.00","110.00","1.0000","819"
"2701","萬企","500713","6698022","13.45","13.45","13.35","13.40","-0.0500","152"
"2702","華園","77400","1525520","19.65","19.85","19.65","19.65","0.0500","236"
"2704","國賓","329599","22839970","69.40","69.90","68.60","69.30","0.4000","281"
"2705","六福","389477","7858482","20.20","20.35","20.10","20.20","0.0500","386"
"2706","第一店","330395","5347395","16.15","16.30","16.15","16.25","0.1000","171"
"2707","晶華","589055","131663681","222.50","225.00","221.50","223.50","3.5000","600"
"2712","遠雄來","10052","305464","30.45","30.45","30.25","30.40","-0.1000","11"
"2722","夏都","328600","19492918","59.50","59.80","58.70","59.20","0.4000","303"
"2723","美食-KY","282831","25734940","91.30","91.30","90.60","91.00","0.2000","260"
"2727","王品","342972","80411858","232.50","235.50","232.50","235.00","1.5000","596"
"2731","雄獅","957107","147062502","154.50","155.50","153.00","154.00","-0.5000","967"
"2739","寒舍","978451","62855531","64.20","65.10","63.50","64.60","0.5000","770"
"2748","雲品","219102","15546798","71.70","71.70","70.50","70.50","-0.3000","223"
"2753","八方雲集","115403","19399811","168.50","169.00","167.50","167.50","-0.5000","428"
"2762","世界健身-KY","384404","38106066","98.50","100.00","98.40","99.00","0.5000","365"
"2801","彰銀","15048799","272371779","18.15","18.20","18.05","18.05","-0.1000","3868"
"2809","京城銀","12108606","710058246","58.90","59.70","57.40","58.80","-0.1000","6565"
"2812","台中銀","2945647","54506215","18.55","18.60","18.45","18.50","-0.0500","1312"
"2816","旺旺保","217964","7243758","33.15","33.40","33.10","33.20","0.0000","141"
"2820","華票","832220","12773700","15.35","15.40","15.30","15.30","-0.0500","372"
"2832","台產","243985","6896813","28.30","28.35","28.10","28.15","-0.1500","125"
"2834","臺企銀","15540139","260350299","16.80","16.85","16.70","16.75","-0.1000","6473"
"2836","高雄銀","1543208","17962570","11.65","11.70","11.60","11.60","-0.0500","507"
"2836A","高雄銀甲特","16","336","","","","","0.0000","1"
"2838","聯邦銀","1265645","19752719","15.60","15.65","15.55","15.65","0.0000","484"
"2838A","聯邦銀甲特","66328","3534667","53.30","53.30","53.30","53.30","0.0000","25"
"2845","遠東銀","5463422","84919751","15.65","15.65","15.45","15.50","-0.2000","2365"
"2849","安泰銀","127894","1817349","14.30","14.30","14.15","14.25","0.0000","74"
"2850","新產","791903","75434218","95.90","95.90","94.20","95.70","0.6000","725"
"2851","中再保","2377603","65880334","27.90","27.95","27.55","27.80","-0.0500","973"
"2852","第一保","625308","15676862","24.90","25.20","24.90","25.20","0.1500","357"
"2855","統一證","4293315","115601910","26.70","27.20","26.55","27.10","0.3000","2133"
"2867","三商壽","20887583","154523249","7.38","7.49","7.32","7.39","0.0100","4836"
"2880","華南金","31340527","765910802","24.55","24.60","24.30","24.40","-0.3000","9780"
"2881","富邦金","11779703","863394219","73.00","73.70","72.80","73.60","-0.2000","8062"
"2881A","富邦特","43639","2745433","62.90","63.00","62.90","62.90","0.0000","32"
"2881B","富邦金乙特","13721","814583","59.20","59.50","59.20","59.50","0.0000","21"
"2881C","富邦金丙特","7430","399785","53.90","53.90","53.80","53.90","0.0000","31"
"2882","國泰金","17581467","988217155","56.30","56.50","55.80","56.40","-0.3000","9675"
"2882A","國泰特","33554","2036916","60.70","60.80","60.60","60.70","0.0000","19"
"2882B","國泰金乙特","112974","6651564","59.00","59.40","58.80","59.40","0.0000","29"
"2883","開發金","40514987","567138613","14.05","14.10","13.90","14.00","-0.1000","6152"
"2883B","開發金乙特","983596","7365350","7.52","7.52","7.47","7.48","-0.0100","233"
"2884","玉山金","23373943","663764608","28.20","28.60","28.20","28.35","-0.2500","10704"
"2885","元大金","14718468","461333271","31.45","31.50","31.15","31.45","-0.3000","6582"
"2886","兆豐金","23348010","911940691","39.00","39.20","38.85","39.15","-0.1500","9190"
"2887","台新金","17533127","322204460","18.40","18.50","18.30","18.40","-0.1000","5810"
"2887E","台新戊特","62560","3283692","52.50","52.60","52.40","52.60","0.2000","37"
"2887F","台新戊特二","1040","49130","47.25","47.25","47.25","47.25","0.0000","4"
"2887Z1","台新己特","13551","226396","16.75","16.75","16.70","16.70","-0.0500","28"
"2888","新光金","224777048","2141256327","9.91","9.92","9.30","9.35","-0.5700","38295"
"2888A","新光金甲特","92177","2728155","29.80","29.85","29.30","29.55","-0.2500","65"
"2888B","新光金乙特","63114","1873034","30.00","30.00","29.50","29.50","-0.5000","42"
"2889","國票金","37691522","560279442","14.95","15.00","14.60","14.85","-0.1000","8254"
"2890","永豐金","27777323","638544712","22.95","23.20","22.85","23.10","-0.1500","7244"
"2891","中信金","97280882","3534435127","36.20","36.65","35.75","36.35","-0.0500","25621"
"2891B","中信金乙特","5668","340129","60.00","60.10","60.00","60.10","0.0000","13"
"2891C","中信金丙特","1877","109821","","","","","0.0000","37"
"2892","第一金","14079391","386696336","27.35","27.65","27.35","27.45","-0.1000","4762"
"2897","王道銀行","3684764","38859723","10.55","10.60","10.50","10.55","0.0000","666"
"2897A","王道銀甲特","25000","262850","10.55","10.55","10.50","10.50","0.0000","7"
"2901","欣欣","25282","692790","27.20","27.50","27.20","27.50","0.2000","97"
"2903","遠百","5901392","188528333","31.55","32.40","31.10","31.95","0.3500","3131"
"2904","匯僑","72474","1374976","19.05","19.10","18.85","18.85","-0.2000","75"
"2905","三商","2785814","51934379","18.90","18.90","18.45","18.45","-0.4500","1402"
"2906","高林","430526","8997499","20.95","21.15","20.80","20.85","-0.2000","213"
"2908","特力","217337","4549549","21.00","21.00","20.85","20.95","0.0000","70"
"2910","統領","13005","357487","28.15","28.15","27.30","27.55","0.0500","12"
"2911","麗嬰房","108341","770808","7.11","7.18","7.09","7.11","0.0100","231"
"2912","統一超","1037425","280534904","269.00","272.00","268.00","271.00","1.5000","1279"
"2913","農林","1414824","29979911","21.40","21.40","21.10","21.15","-0.2500","986"
"2915","潤泰全","3377878","231611441","68.70","69.00","68.00","68.80","0.0000","2348"
"2923","鼎固-KY","50696","1526207","30.55","30.55","30.00","30.40","-0.6000","65"
"2929","淘帝-KY","227592","2159314","9.44","9.57","9.41","9.42","0.0400","135"
"2939","凱羿-KY","16000","405800","25.40","25.45","25.20","25.45","0.0500","10"
"2945","三商家購","16032","726367","45.30","45.60","45.20","45.40","0.0000","19"
"3002","歐格","391599","6489076","16.60","16.90","16.40","16.40","-0.1500","237"
"3003","健和興","407993","32949315","81.40","81.50","80.20","80.70","0.0000","386"
"3004","豐達科","237732","25200586","106.00","107.00","105.00","106.00","0.0000","188"
"3005","神基","10536194","1217633792","114.50","117.00","113.50","115.50","0.5000","5883"
"3006","晶豪科","3651946","340501162","93.40","95.20","91.20","91.90","-2.4000","3264"
"3008","大立光","324714","743063725","2295.00","2305.00","2265.00","2295.00","0.0000","1587"
"3010","華立","1119950","139982671","126.00","126.00","124.50","125.00","-1.0000","1065"
"3011","今皓","556725","16731447","30.15","30.35","30.00","30.10","0.0000","231"
"3013","晟銘電","40186999","3759086899","94.80","96.50","90.50","91.10","-3.7000","25905"
"3014","聯陽","2541538","438635870","172.00","174.00","170.50","172.00","1.0000","2436"
"3015","全漢","1745915","111709088","62.90","64.90","62.50","64.50","1.7000","1337"
"3016","嘉晶","528548","32655586","62.00","62.60","61.00","61.40","-0.3000","491"
"3017","奇鋐","12697385","9224371760","737.00","748.00","710.00","721.00","-15.0000","16837"
"3018","隆銘綠能","2240","35202","","","","","0.0000","45"
"3019","亞光","759236","50603289","66.90","67.30","66.00","66.50","-0.2000","921"
"3021","鴻名","277119","6855903","24.65","25.20","24.40","24.80","-0.1000","227"
"3022","威強電","6923535","617006147","88.10","90.00","87.50","88.50","1.1000","6137"
"3023","信邦","499458","147436010","295.50","297.00","292.50","295.50","-1.5000","3101"
"3024","憶聲","3124456","67420806","21.70","22.00","21.35","21.55","-0.3500","1496"
"3025","星通","4145313","298081146","71.90","72.80","70.50","71.90","0.9000","3651"
"3026","禾伸堂","105238","10402158","98.60","99.30","98.60","98.70","-0.3000","284"
"3027","盛達","3304044","131812489","41.55","41.55","39.15","39.40","-2.2500","2244"
"3028","增你強","253256","9143250","36.25","36.30","36.00","36.00","-0.2000","270"
"3029","零壹","827319","61991044","75.00","75.50","74.40","75.00","0.4000","855"
"3030","德律","8300040","1469289750","184.00","184.00","171.00","171.00","-18.5000","7387"
"3031","佰鴻","1858708","43317355","23.00","23.60","23.00","23.15","0.5000","1031"
"3032","偉訓","1001134","76379541","77.00","77.30","75.60","75.60","-1.4000","952"
"3033","威健","9205695","360207358","39.25","39.70","38.50","38.85","-0.0500","4900"
"3034","聯詠","7114113","4246478325","594.00","604.00","592.00","595.00","-3.0000","7761"
"3035","智原","13666148","4161021787","296.50","310.00","296.50","302.00","5.5000","13461"
"3036","文曄","3405161","400274915","117.50","119.50","116.00","116.50","-1.0000","2770"
"3036A","文曄甲特","29259","1384817","47.40","47.40","47.30","47.30","-0.0500","22"
"3037","欣興","10223222","1924583115","189.00","190.50","186.50","187.50","-1.0000","12016"
"3038","全台","402293","13215315","32.80","33.05","32.70","32.75","0.0000","298"
"3040","遠見","671219","24756242","37.85","38.15","36.05","36.20","-1.7000","640"
"3041","揚智","1207786","26492978","21.85","22.35","21.65","21.70","-0.6000","963"
"3042","晶技","1090505","123571537","114.50","114.50","112.50","113.50","-1.0000","844"
"3043","科風","110324","3446256","31.50","31.50","31.00","31.15","0.0000","128"
"3044","健鼎","7974205","1747453961","217.50","222.00","215.50","220.50","2.0000","7899"
"3045","台灣大","6917043","739121054","106.00","107.50","106.00","106.50","0.0000","3877"
"3046","建碁","434407","27998935","65.70","65.70","63.30","63.30","-1.0000","516"
"3047","訊舟","31185009","777207471","25.15","25.90","24.30","24.60","-0.7500","12848"
"3048","益登","6050262","230817349","38.15","38.15","38.15","38.15","3.4500","2556"
"3049","精金","1342067","11367151","8.55","8.55","8.42","8.42","-0.1400","731"
"3050","鈺德","1673627","36431078","21.65","22.10","21.25","21.65","0.0000","478"
"3051","力特","758353","25463019","33.70","34.05","33.30","33.30","-0.3500","669"
"3052","夆典","695307","9362510","13.55","13.60","13.35","13.55","0.0000","339"
"3054","立萬利","3355","67706","20.15","20.20","20.15","20.20","0.0000","35"
"3055","蔚華科","4676471","437033691","93.80","95.50","91.90","92.30","-1.0000","3712"
"3056","富華新","3476267","119781806","34.45","34.75","34.10","34.70","0.3500","2622"
"3057","喬鼎","522505","7495234","14.60","14.60","14.20","14.35","0.0000","420"
"3058","立德","1326577","27633456","20.90","21.10","20.60","20.65","-0.2500","722"
"3059","華晶科","10743186","465106081","44.00","44.70","42.40","42.80","-1.2000","6980"
"3060","銘異","10264997","354626219","33.50","35.60","33.50","33.65","0.4000","6789"
"3062","建漢","4565868","111707615","24.75","25.10","24.05","24.15","-0.4000","2305"
"3090","日電貿","555480","38200866","68.50","69.20","68.40","69.00","0.3000","820"
"3092","鴻碩","247382","8004859","32.60","32.65","32.00","32.10","-0.5500","306"
"3094","聯傑","221748","7071085","31.95","32.35","31.55","31.70","-0.5000","181"
"3130","一零四","18089","4245240","235.50","235.50","234.00","234.50","0.0000","70"
"3138","耀登","136028","18192004","133.50","135.00","132.50","133.00","-0.5000","164"
"3149","正達","963163","23345272","25.05","25.30","23.80","23.80","-1.1500","1078"
"3164","景岳","114794","2830102","24.60","24.70","24.55","24.60","-0.1000","289"
"3167","大量","431787","24839843","59.20","59.30","56.50","56.60","-2.6000","496"
"3168","眾福科","96356","6222104","65.10","65.10","64.10","64.30","-1.1000","97"
"3189","景碩","3689546","345054022","94.90","94.90","92.70","94.30","0.6000","3255"
"3209","全科","341802","12349245","36.25","36.25","36.05","36.10","0.0000","292"
"3229","晟鈦","832287","16082079","19.35","19.35","18.80","19.35","1.7500","374"
"3231","緯創","32300746","3645463185","114.00","114.50","112.00","112.50","-1.5000","20604"
"3257","虹冠電","306125","19515346","63.80","64.50","63.00","63.20","-0.6000","393"
"3266","昇陽","5493434","151800647","27.80","28.80","26.60","27.75","-0.3000","3218"
"3296","勝德","507296","12069873","24.35","24.35","23.50","23.75","-0.0500","336"
"3305","昇貿","3477624","264949280","75.70","77.50","75.20","76.10","0.4000","2708"
"3308","聯德","1017578","30170301","30.15","30.75","28.85","29.05","-0.6500","1023"
"3311","閎暉","84114","3396806","41.00","41.00","40.00","40.35","-0.4500","94"
"3312","弘憶股","12947485","930258081","74.80","74.80","68.50","69.70","-4.4000","8319"
"3321","同泰","1390589","30144716","21.95","22.50","21.25","21.30","-0.7500","955"
"3338","泰碩","11222379","1004860149","91.70","92.80","87.00","88.50","-2.3000","8607"
"3346","麗清","581483","24226410","41.30","42.10","41.20","41.55","0.3000","444"
"3356","奇偶","12483332","934898736","73.60","76.50","73.00","75.40","2.6000","9589"
"3376","新日興","29671977","6697047450","217.50","234.00","216.00","219.50","4.0000","27056"
"3380","明泰","1718426","60591845","35.35","35.70","35.00","35.10","-0.2500","1168"
"3406","玉晶光","1951401","1052523782","534.00","550.00","529.00","535.00","3.0000","3858"
"3413","京鼎","919013","280466556","302.50","308.00","301.50","304.00","2.5000","1150"
"3416","融程電","515843","80106185","154.50","158.50","153.50","154.50","0.0000","318"
"3419","譁裕","1038570","18326555","17.80","17.90","17.40","17.65","-0.2000","632"
"3432","台端","2894220","80626483","26.20","28.80","26.00","28.70","2.5000","1838"
"3437","榮創","2863493","82481192","29.05","29.90","28.30","28.50","-0.7000","1696"
"3443","創意","5610623","8897066330","1575.00","1640.00","1535.00","1535.00","-35.0000","10591"
"3447","展達","46260","1534861","33.25","33.75","32.95","33.10","-0.1000","49"
"3450","聯鈞","13720209","1203218011","88.50","91.30","84.60","85.90","-2.5000","9201"
"3454","晶睿","224094","31592160","141.50","143.00","139.00","140.00","-2.0000","254"
"3481","群創","66842150","907338628","13.75","13.80","13.45","13.45","-0.4000","16885"
"3494","誠研","305109","2038463","6.88","6.88","6.60","6.69","-0.0900","111"
"3501","維熹","281782","19133127","68.20","68.40","67.50","67.90","-0.2000","259"
"3504","揚明光","345198","20409331","58.50","60.40","58.30","58.30","-0.7000","452"
"3515","華擎","983096","234840407","243.00","243.50","236.00","236.00","-6.5000","3556"
"3518","柏騰","2378814","77600838","30.90","33.10","30.80","31.60","1.5000","1361"
"3528","安馳","39016","1923441","49.30","49.40","49.20","49.25","-0.0500","32"
"3530","晶相光","312533","32763324","103.00","105.50","103.00","104.00","1.0000","446"
"3532","台勝科","824417","140324318","169.50","171.50","168.00","170.00","0.5000","793"
"3533","嘉澤","986878","1611053935","1610.00","1665.00","1595.00","1625.00","30.0000","1294"
"3535","晶彩科","2418139","70032811","29.50","29.65","28.30","28.65","-0.8500","1379"
"3543","州巧","45731","1080210","23.90","23.90","23.50","23.55","-0.0500","57"
"3545","敦泰","4511711","412334296","91.20","92.40","90.50","90.70","0.8000","3390"
"3550","聯穎","69443","1077842","15.40","15.65","15.40","15.60","0.0000","47"
"3557","嘉威","930720","73903833","78.40","80.30","78.10","79.90","1.8000","666"
"3563","牧德","599908","223264499","366.00","376.50","364.00","372.00","6.0000","760"
"3576","聯合再生","2875362","34546649","12.15","12.15","11.95","12.00","-0.1000","1292"
"3583","辛耘","1056786","356136288","337.00","342.50","331.00","331.00","-8.0000","1551"
"3588","通嘉","1393645","125953600","89.50","92.00","88.10","89.90","1.4000","1200"
"3591","艾笛森","351749","9065142","25.80","26.00","25.55","25.65","-0.0500","297"
"3592","瑞鼎","1455947","609272170","420.00","422.50","415.00","422.00","1.5000","1432"
"3593","力銘","82838","899376","11.10","11.10","10.20","10.75","-0.3500","86"
"3596","智易","1920811","321348034","166.00","168.50","165.00","167.50","1.5000","1894"
"3605","宏致","1605488","80518415","50.60","51.30","49.35","49.75","-0.8500","1708"
"3607","谷崧","863242","16107714","18.60","18.85","18.55","18.60","0.0500","464"
"3617","碩天","968393","275930137","280.00","288.00","280.00","283.50","2.5000","1928"
"3622","洋華","1369317","81850812","59.00","60.20","58.80","59.70","0.7000","1095"
"3645","達邁","364053","15405330","42.50","42.75","42.10","42.35","0.0000","316"
"3652","精聯","462324","15456110","34.25","34.30","33.05","33.20","-0.6000","349"
"3653","健策","444817","449691380","1015.00","1035.00","1000.00","1005.00","-10.0000","799"
"3661","世芯-KY","2702287","7877140260","2890.00","2995.00","2865.00","2880.00","-5.0000","6482"
"3665","貿聯-KY","5512333","1571741146","278.00","289.00","277.00","287.00","10.0000","9603"
"3669","圓展","3446019","207559880","59.20","62.00","58.60","59.50","0.3000","2929"
"3673","TPK-KY","1447748","54698339","38.40","38.40","37.55","37.65","-0.6000","1037"
"3679","新至陞","164585","23964685","146.00","147.00","144.50","146.00","0.5000","186"
"3686","達能","567755","11261189","19.80","20.00","19.65","19.75","-0.0500","483"
"3694","海華","1910022","101161769","54.00","54.40","52.00","52.20","-1.8000","1779"
"3701","大眾控","613465","33831215","55.20","55.90","54.70","54.80","-0.4000","474"
"3702","大聯大","4651222","400113222","85.50","86.70","85.50","86.00","-0.5000","3503"
"3702A","大聯大甲特","75000","3665850","48.90","48.90","48.85","48.85","-0.0500","36"
"3703","欣陸","7866173","284944697","36.70","36.85","35.55","36.70","0.3500","5188"
"3704","合勤控","768485","31766789","41.50","41.80","41.15","41.30","-0.1000","676"
"3705","永信","475405","26330510","55.00","55.70","55.00","55.30","0.0000","522"
"3706","神達","12508979","604357903","48.55","48.90","47.70","47.75","-0.4500","7457"
"3708","上緯投控","11648788","1703327819","138.50","149.50","138.50","147.50","11.5000","7547"
"3711","日月光投控","13467313","2146671622","160.00","161.00","158.00","159.50","-1.5000","7930"
"3712","永崴投控","2761232","128816218","47.70","47.70","46.15","46.30","-1.0000","1984"
"3714","富采","2686146","119701411","44.70","45.20","44.15","44.30","-0.6000","2004"
"3715","定穎投控","3987851","242319803","61.50","61.70","60.20","60.40","-0.9000","3610"
"4104","佳醫","93223","8336254","89.20","89.70","89.20","89.40","0.2000","251"
"4106","雃博","74944","2112628","28.10","28.30","28.05","28.25","0.1500","190"
"4108","懷特","441032","8753519","19.70","20.05","19.70","19.85","0.1000","342"
"4119","旭富","148692","13756170","92.40","92.90","91.90","92.50","0.1000","240"
"4133","亞諾法","108944","3612996","33.50","33.50","33.05","33.25","0.0000","355"
"4137","麗豐-KY","71156","11907028","167.50","168.00","167.00","167.00","-0.5000","113"
"4142","國光生","519181","14355753","27.65","27.90","27.45","27.60","-0.0500","385"
"4148","全宇生技-KY","72100","3604032","49.70","50.20","49.70","49.90","0.0500","67"
"4155","訊映","504686","13270082","26.30","26.45","26.10","26.25","0.2000","467"
"4164","承業醫","419498","22065406","52.10","53.30","52.10","52.20","0.1000","355"
"4190","佐登-KY","40402","1897733","46.80","47.10","46.75","47.10","0.3000","56"
"4306","炎洲","2621456","51971713","20.10","20.10","19.70","19.80","-0.3000","1127"
"4414","如興","1109221","3445019","3.11","3.15","3.08","3.09","-0.0200","188"
"4426","利勤","115379","1961538","17.10","17.10","16.90","16.95","-0.1500","74"
"4438","廣越","45336","5152458","114.50","114.50","113.50","113.50","-1.0000","107"
"4439","冠星-KY","27101","2947908","108.00","109.50","108.00","109.00","1.5000","27"
"4440","宜新實業","193157","5003736","25.95","26.00","25.80","26.00","0.1000","100"
"4526","東台","16441572","397779426","23.65","25.20","23.15","24.05","0.9500","7829"
"4532","瑞智","4097309","118393628","29.40","29.60","28.40","29.20","-0.2000","2238"
"4536","拓凱","182544","37372447","203.50","206.00","203.00","204.50","1.0000","1803"
"4540","全球傳動","194547","6853071","35.65","35.75","34.60","34.85","-0.4500","167"
"4545","銘鈺","1367433","59857568","43.90","44.65","43.00","43.10","-0.8000","1171"
"4551","智伸科","128159","14593531","115.00","115.50","112.00","112.50","-2.5000","137"
"4552","力達-KY","135019","3926348","29.30","29.30","29.00","29.05","-0.2500","102"
"4555","氣立","42176","2296802","55.00","55.00","53.90","54.80","-0.2000","75"
"4557","永新-KY","46117","5576663","121.00","121.50","120.50","120.50","-0.5000","37"
"4560","強信-KY","87000","3231300","37.25","37.25","36.95","37.20","-0.0500","44"
"4562","穎漢","30966140","1488931449","47.85","50.90","45.30","47.05","-0.4500","19708"
"4564","元翎","3164360","79766677","24.90","26.00","24.45","24.50","-0.2000","1777"
"4566","時碩工業","22800818","1700804071","74.90","77.40","72.50","73.90","-1.0000","11620"
"4569","六方科-KY","75213","8018614","103.50","109.50","103.50","109.50","7.0000","88"
"4571","鈞興-KY","3712736","561487310","152.00","159.00","144.00","146.00","-2.5000","2864"
"4572","駐龍","83565","12564566","150.50","151.50","149.00","151.00","1.5000","136"
"4576","大銀微系統","433428","33859623","78.60","80.20","76.20","77.40","-1.2000","522"
"4581","光隆精密-KY","18173","1165780","64.20","64.50","63.90","64.00","-0.8000","23"
"4583","台灣精銳","79498","21882380","275.50","276.50","273.50","275.00","-0.5000","353"
"4588","玖鼎電力","142034","13735578","96.60","97.30","96.10","96.40","-0.2000","202"
"4720","德淵","477445","9056444","19.00","19.20","18.80","18.80","-0.2500","244"
"4722","國精化","114980","4840899","42.15","42.15","42.00","42.05","-0.1000","174"
"4736","泰博","270082","44442015","166.00","166.00","163.00","164.00","-1.5000","299"
"4737","華廣","21173","1444134","68.20","68.50","68.10","68.20","-0.3000","17"
"4739","康普","292375","19643577","68.00","68.20","66.10","66.80","-0.9000","698"
"4746","台耀","844797","80121949","95.00","95.60","94.00","94.30","0.1000","786"
"4755","三福化","91294","13062933","142.50","144.00","142.50","142.50","0.0000","112"
"4763","材料-KY","881233","735420307","830.00","848.00","827.00","829.00","-1.0000","1724"
"4764","雙鍵","330322","15048537","43.40","47.15","43.40","45.10","2.2000","394"
"4766","南寶","376449","126790795","333.50","340.50","333.50","336.00","3.0000","552"
"4770","上品","181586","69501467","384.00","386.50","381.00","381.50","-3.0000","462"
"4771","望隼","224214","66051933","292.50","299.00","289.50","296.00","3.5000","620"
"4807","日成-KY","10268","174369","17.00","17.05","16.85","17.00","-0.0500","14"
"4904","遠傳","47662699","3919788298","83.70","84.80","83.40","84.20","-1.1000","8206"
"4906","正文","19055171","727690782","38.00","38.70","37.50","38.05","0.3500","8655"
"4912","聯德控股-KY","218582","27590869","128.00","129.00","124.50","125.00","-3.0000","181"
"4915","致伸","8197820","873704574","104.00","108.00","102.50","107.00","3.0000","5969"
"4916","事欣科","407656","12504331","30.70","30.90","30.50","30.50","-0.1000","258"
"4919","新唐","918898","114748021","125.50","126.00","124.50","124.50","-1.0000","1016"
"4927","泰鼎-KY","1435267","58436349","41.30","41.30","40.55","40.65","-0.5500","804"
"4930","燦星網","112822","3807459","33.95","33.95","33.55","33.70","-0.2500","262"
"4934","太極","668271","14979098","22.50","22.60","22.20","22.45","-0.1000","394"
"4935","茂林-KY","144779","8953714","62.40","62.40","61.50","61.70","0.0000","149"
"4938","和碩","16539376","1844141285","112.50","113.00","110.00","111.00","-0.5000","13147"
"4942","嘉彰","84543","3914819","46.40","46.45","46.20","46.30","-0.1000","66"
"4943","康控-KY","16931","348892","20.35","20.70","20.35","20.50","-0.2000","13"
"4949","有成精密","198334","5828476","30.25","30.25","29.10","29.10","-0.6000","295"
"4952","凌通","2113529","142541624","67.70","68.50","66.60","66.80","-1.0000","2544"
"4956","光鋐","964295","20137534","21.30","21.30","20.65","20.70","-0.6000","627"
"4958","臻鼎-KY","7599475","905528777","122.00","122.00","118.00","118.50","-3.0000","4555"
"4960","誠美材","4595101","68253391","14.95","15.05","14.65","14.80","0.0000","1960"
"4961","天鈺","647687","165550085","254.50","258.50","253.00","255.00","0.5000","2290"
"4967","十銓","46996659","6391582378","134.00","143.50","131.00","131.00","0.0000","29777"
"4968","立積","2189441","421086850","187.00","197.50","187.00","191.00","5.0000","2055"
"4976","佳凌","3095069","148249016","46.50","48.70","46.25","48.00","1.8500","2181"
"4977","眾達-KY","423844","31718490","74.30","75.80","74.00","74.10","-0.1000","396"
"4989","榮科","233882","6047105","25.80","26.25","25.60","25.60","-0.1500","243"
"4994","傳奇","2686236","373836801","132.00","143.00","130.50","136.50","6.5000","2058"
"4999","鑫禾","80445","2847535","35.35","35.50","35.30","35.45","0.1000","158"
"5007","三星","75110","4281839","57.00","57.10","56.80","57.10","0.1000","52"
"5203","訊連","452117","45156218","101.00","101.00","99.20","99.40","-1.6000","906"
"5215","科嘉-KY","39841","2061351","51.90","52.20","51.50","51.90","0.1000","46"
"5222","全訊","531982","86456568","161.00","164.00","161.00","162.00","1.0000","496"
"5225","東科-KY","675811","79450792","118.50","118.50","116.50","118.00","0.0000","485"
"5234","達興材料","1541950","263352441","170.50","173.50","167.50","170.00","-1.5000","2299"
"5243","乙盛-KY","1506904","90786011","61.00","61.40","59.40","59.50","-1.9000","1800"
"5244","弘凱","193226","9211368","47.50","48.70","47.10","47.15","-0.2500","185"
"5258","虹堡","910585","116039947","126.50","129.00","125.50","127.50","0.0000","1344"
"5269","祥碩","782069","1570332650","2035.00","2055.00","1970.00","1980.00","-85.0000","1866"
"5283","禾聯碩","147604","16382779","111.00","111.50","110.50","111.50","0.5000","180"
"5284","jpp-KY","666449","83911616","124.50","128.00","124.00","124.00","0.0000","573"
"5285","界霖","301151","21037704","71.00","71.20","69.00","70.00","-0.4000","558"
"5288","豐祥-KY","228650","48509664","216.00","216.00","210.00","210.00","-6.5000","130"
"5292","華懋","272471","44279889","160.00","166.50","159.00","162.00","4.0000","326"
"5306","桂盟","200138","29057564","144.00","146.00","144.00","145.50","1.5000","297"
"5388","中磊","2570716","306072610","119.50","120.50","118.00","118.50","-0.5000","2105"
"5434","崇越","835201","222197507","267.00","267.50","265.00","265.50","0.5000","1335"
"5469","瀚宇博","2514851","144734585","57.10","58.10","57.10","57.60","0.2000","2027"
"5471","松翰","271543","14542163","53.50","54.10","53.00","53.30","-0.2000","230"
"5484","慧友","303803","9463445","31.15","31.15","31.15","31.15","2.8000","183"
"5515","建國","954592","22499541","23.75","23.90","23.35","23.65","-0.1000","590"
"5519","隆大","23082598","1148219581","49.35","52.60","48.10","50.00","2.0000","12363"
"5521","工信","3535524","46195732","13.25","13.25","12.90","13.15","-0.1000","1098"
"5522","遠雄","7903456","759441616","94.70","98.60","93.50","98.60","3.8000","5365"
"5525","順天","155177","5742852","37.20","37.50","36.60","37.15","0.1500","237"
"5531","鄉林","3413019","40099008","11.85","11.95","11.55","11.70","-0.1000","1080"
"5533","皇鼎","498210","12214054","24.55","24.65","24.35","24.65","0.1000","310"
"5534","長虹","1791385","224295256","127.00","128.00","123.50","125.50","-2.0000","4287"
"5538","東明-KY","11231","362232","32.55","32.70","31.90","32.70","0.1500","18"
"5546","永固-KY","23385","777070","33.45","33.45","33.10","33.20","-0.2500","18"
"5607","遠雄港","448081","24985657","56.00","56.20","55.40","55.80","-0.1000","398"
"5608","四維航","5717537","129239474","22.90","22.90","22.40","22.45","-0.4500","2886"
"5706","鳳凰","692176","53359864","77.50","78.00","76.50","76.90","-0.3000","559"
"5871","中租-KY","4631121","713068226","155.00","155.50","153.00","153.50","-2.5000","5190"
"5871A","中租-KY甲特","99865","9711377","97.30","97.40","97.10","97.30","0.0000","52"
"5876","上海商銀","8977942","411631158","45.45","46.10","45.40","45.80","-0.1500","5185"
"5880","合庫金","17351996","443487646","25.55","25.70","25.50","25.55","-0.0500","8473"
"5906","台南-KY","3282","210037","63.50","64.90","63.50","63.90","0.4000","16"
"5907","大洋-KY","54192","498015","9.16","9.25","9.16","9.22","0.0300","46"
"6005","群益證","14705483","346441328","23.85","24.00","23.40","23.40","-0.4500","7169"
"6024","群益期","628414","37879403","60.10","60.70","59.90","60.40","0.5000","560"
"6108","競國","193199","4207013","22.00","22.00","21.65","21.75","-0.2000","131"
"6112","邁達特","4580625","293263985","62.30","65.20","62.30","64.50","1.9000","3236"
"6115","鎰勝","119838","6699006","56.20","56.20","55.60","56.10","-0.2000","174"
"6116","彩晶","10168310","101857713","10.10","10.10","9.98","9.98","-0.1200","2749"
"6117","迎廣","42284040","6714027953","162.50","163.50","153.00","157.50","0.0000","27416"
"6120","達運","2555721","39971751","15.75","15.85","15.55","15.55","-0.2000","1142"
"6128","上福","1622382","67655664","41.10","42.20","41.10","41.25","0.3000","1251"
"6133","金橋","1839409","28960589","15.30","15.95","15.25","15.95","0.7500","985"
"6136","富爾特","90248","2089903","23.20","23.20","23.10","23.20","0.0000","66"
"6139","亞翔","4154936","878785321","216.50","216.50","208.50","209.50","-5.5000","6874"
"6141","柏承","99574","1672075","16.80","16.95","16.70","16.75","-0.1000","78"
"6142","友勁","263523","2639603","10.00","10.05","9.99","9.99","-0.1100","123"
"6152","百一","758670","8467527","11.05","11.30","11.05","11.10","0.0500","319"
"6153","嘉聯益","1258550","27250832","21.80","21.90","21.45","21.60","-0.2000","738"
"6155","鈞寶","101580","2760626","27.35","27.35","27.10","27.25","-0.1000","92"
"6164","華興","7283549","118872262","16.50","16.60","16.00","16.00","0.4000","2891"
"6165","浪凡","524744","20511442","39.50","40.00","38.75","38.95","-0.5000","417"
"6166","凌華","13580850","1152884421","85.50","89.80","80.40","80.90","-3.3000","10132"
"6168","宏齊","642846","15740503","24.40","24.90","24.25","24.30","-0.1000","540"
"6176","瑞儀","5949748","1240423724","201.00","212.00","200.00","211.50","10.5000","5525"
"6177","達麗","5811419","361866586","62.80","63.10","61.10","62.70","0.2000","5065"
"6183","關貿","40788","3002430","73.90","73.90","73.50","73.80","-0.2000","59"
"6184","大豐電","28939","1600580","55.50","55.50","55.20","55.30","-0.1000","59"
"6189","豐藝","4345229","398187711","91.70","93.10","90.50","90.60","-0.9000","3747"
"6191","精成科","1862092","135125686","72.20","73.30","72.10","72.60","0.2000","1711"
"6192","巨路","162724","17580919","108.50","109.00","107.00","108.00","-0.5000","330"
"6196","帆宣","300421","46836859","155.00","157.00","155.00","155.50","0.5000","411"
"6197","佳必琪","7107405","1175818794","167.00","169.50","161.50","164.50","-3.0000","8519"
"6201","亞弘電","63540","4092173","64.30","64.80","63.80","64.00","-0.4000","90"
"6202","盛群","583258","35265697","61.00","61.30","60.00","60.10","-0.8000","836"
"6205","詮欣","377572","28830051","77.20","77.20","75.50","75.80","-1.8000","484"
"6206","飛捷","1757537","176341392","101.50","102.50","98.70","99.80","-3.2000","1781"
"6209","今國光","6505841","214829003","33.00","33.75","32.25","32.30","-0.3500","3673"
"6213","聯茂","6806345","741918498","112.50","112.50","106.50","106.50","-6.0000","6014"
"6214","精誠","722591","88547572","121.50","123.50","121.00","122.00","0.5000","682"
"6215","和椿","15251936","920601816","61.50","62.90","57.80","58.20","-4.3000","9618"
"6216","居易","320415","12838479","40.15","40.40","39.70","40.00","-0.1000","362"
"6224","聚鼎","64905","3576109","56.00","56.00","54.60","54.60","-0.8000","123"
"6225","天瀚","24286","399626","17.85","17.85","16.05","16.65","-0.7500","21"
"6226","光鼎","449589","4826549","10.80","10.90","10.65","10.75","0.0500","274"
"6230","尼得科超眾","1275994","429676459","342.50","345.00","331.00","331.00","-10.0000","1386"
"6235","華孚","1475693","126485361","86.70","86.70","85.10","85.20","-1.5000","1554"
"6239","力成","3757863","688751950","180.00","186.00","179.50","183.50","1.5000","3471"
"6243","迅杰","1282341","87283230","67.80","69.00","67.20","67.20","-0.6000","1190"
"6257","矽格","3897912","314258068","80.50","81.20","79.60","80.90","0.8000","2589"
"6269","台郡","2997134","258307726","86.80","86.80","85.80","86.50","-0.3000","2353"
"6271","同欣電","901374","138077355","152.50","154.50","151.50","153.00","0.5000","1029"
"6277","宏正","410773","34753160","84.40","85.00","84.20","84.90","0.8000","381"
"6278","台表科","2880777","328374258","114.50","115.00","112.50","114.00","-0.5000","2076"
"6281","全國電","72776","6152261","84.60","84.70","84.50","84.60","0.0000","70"
"6282","康舒","3563753","133099249","37.25","37.70","37.15","37.25","-0.1500","2266"
"6283","淳安","758049","23736045","32.05","32.05","30.95","31.20","-0.8500","563"
"6285","啟碁","4237441","688179831","159.50","164.00","159.50","163.00","2.5000","3950"
"6288","聯嘉","1159758","36217813","31.10","31.60","30.95","31.00","0.1000","774"
"6405","悅城","48230","1151262","24.00","24.00","23.70","23.80","-0.2000","38"
"6409","旭隼","278968","468709955","1680.00","1730.00","1645.00","1680.00","-15.0000","320"
"6412","群電","1635676","243090509","146.50","150.00","146.50","147.50","0.0000","1234"
"6414","樺漢","1064362","352172065","335.00","335.00","327.50","327.50","-6.0000","1440"
"6415","矽力*-KY","1885429","879446764","466.00","479.50","460.50","461.50","-9.5000","2222"
"6416","瑞祺電通","330771","40738633","124.00","124.50","122.00","123.00","-1.0000","381"
"6423","億而得-創","92400","9224800","100.00","101.00","99.10","101.00","2.2000","48"
"6426","統新","44332","2842926","65.40","65.40","63.50","63.50","-0.4000","52"
"6431","光麗-KY","32327","404147","12.45","12.70","12.40","12.50","0.0000","29"
"6438","迅得","1772740","202322647","116.00","116.00","113.00","113.00","-5.5000","1915"
"6442","光聖","733043","140828148","192.00","196.50","188.00","190.50","1.5000","577"
"6443","元晶","4067153","112134858","27.90","27.95","27.35","27.45","-0.4000","2520"
"6446","藥華藥","1118195","483393792","428.50","437.00","428.50","430.00","2.5000","1962"
"6449","鈺邦","2459323","299351280","116.50","125.00","115.00","122.00","5.0000","1834"
"6451","訊芯-KY","4254723","801351885","191.50","195.00","181.00","182.50","-8.5000","5948"
"6456","GIS-KY","1061451","71144996","68.00","68.00","66.40","66.80","-1.2000","1082"
"6464","台數科","25050","2137174","85.30","85.50","85.10","85.50","0.1000","20"
"6472","保瑞","2184427","1645821693","758.00","766.00","747.00","749.00","-18.0000","5462"
"6477","安集","346165","12984533","38.10","38.10","37.30","37.40","-0.5500","378"
"6491","晶碩","643806","312002310","480.00","488.00","478.00","487.50","11.0000","1073"
"6504","南六","27288","1991866","73.50","73.50","72.60","73.00","-0.5000","90"
"6505","台塑化","4651902","309518891","66.70","66.90","66.40","66.50","-0.7000","4044"
"6515","穎崴","1384045","1265471672","898.00","934.00","898.00","899.00","1.0000","1904"
"6525","捷敏-KY","151942","10120539","66.30","67.00","66.10","66.30","-0.1000","131"
"6526","達發","1356458","981695445","704.00","738.00","704.00","721.00","17.0000","2075"
"6531","愛普*","6394313","2384013416","357.00","388.00","353.50","366.00","9.5000","6769"
"6533","晶心科","1990858","845066227","407.00","431.00","406.50","422.00","14.0000","2757"
"6534","正瀚-創","68050","5844100","85.60","86.40","85.60","85.70","-0.1000","40"
"6541","泰福-KY","161350","6645068","40.20","42.00","40.20","41.05","1.2500","177"
"6550","北極星藥業-KY","1673897","119966289","71.40","72.50","70.70","71.00","-0.5000","1545"
"6552","易華電","1313387","67623940","53.00","53.00","50.20","50.70","-2.3000","1072"
"6558","興能高","204211","5125040","24.70","25.35","24.70","24.95","0.2500","179"
"6573","虹揚-KY","69001","1006314","14.65","14.65","14.55","14.60","-0.0500","51"
"6579","研揚","7443239","1452758465","186.50","203.00","186.50","191.50","6.5000","8828"
"6581","鋼聯","55250","5860518","107.50","107.50","105.50","105.50","-2.5000","126"
"6582","申豐","32179","1625962","50.60","50.70","50.40","50.40","-0.2000","56"
"6585","鼎基","669627","120939720","183.00","184.00","179.50","180.00","-2.0000","761"
"6591","動力-KY","4037508","268317145","66.60","68.00","65.00","65.00","-0.8000","3340"
"6592","和潤企業","324082","35441384","109.50","110.00","109.00","109.00","-1.0000","491"
"6592A","和潤企業甲特","12729","1261863","99.10","99.20","99.10","99.20","0.1000","20"
"6592B","和潤企業乙特","11266","1076166","95.50","95.60","95.50","95.60","0.1000","40"
"6598","ABC-KY","77570","1552330","20.10","20.20","19.90","20.00","-0.3000","66"
"6605","帝寶","1128818","244578649","210.50","221.00","210.00","217.00","5.5000","1174"
"6606","建德工業","679147","19612116","28.35","29.40","28.00","28.00","-0.7500","617"
"6625","必應","101520","9681835","95.50","96.00","94.70","94.90","-0.3000","137"
"6641","基士德-KY","32000","1348750","41.95","42.85","41.85","42.60","0.4000","24"
"6645","金萬林-創","42347","1567703","37.05","37.20","36.90","36.90","-0.1500","34"
"6655","科定","1028","130576","127.00","127.00","127.00","127.00","-0.5000","3"
"6657","華安","121505","6356136","52.80","53.10","51.50","51.70","-0.6000","105"
"6658","聯策","273756","11975755","43.70","44.30","43.30","43.35","0.1500","211"
"6666","羅麗芬-KY","12002","762726","63.80","63.80","63.30","63.50","-0.6000","13"
"6668","中揚光","1090015","68698743","63.90","64.10","62.30","62.30","-1.2000","986"
"6669","緯穎","973555","2486690220","2595.00","2610.00","2515.00","2535.00","-30.0000","2685"
"6670","復盛應用","791532","240362013","296.50","309.50","296.00","306.00","10.0000","1286"
"6671","三能-KY","30055","1367496","45.50","45.50","45.50","45.50","-0.1000","15"
"6672","騰輝電子-KY","219474","18383694","83.60","84.30","83.10","83.30","0.0000","206"
"6674","鋐寶科技","161780","4278746","24.75","27.00","24.75","27.00","2.4500","117"
"6689","伊雲谷","501995","47707741","94.30","96.00","93.20","94.90","0.9000","565"
"6691","洋基工程","865989","351925032","404.50","410.00","398.00","409.50","10.0000","1338"
"6695","芯鼎","2844721","206368517","72.00","74.10","71.00","72.60","-0.5000","2034"
"6698","旭暉應材","753282","28915869","38.90","39.50","37.60","38.00","-0.2000","618"
"6706","惠特","1755686","129016413","73.00","75.70","71.70","73.70","1.6000","1704"
"6715","嘉基","285090","48826905","169.50","173.50","168.50","170.00","2.0000","416"
"6719","力智","1088638","319944794","292.50","298.00","291.00","291.00","-1.5000","1475"
"6742","澤米","163379","11652352","71.30","71.80","70.90","71.70","0.5000","162"
"6743","安普新","335728","19760274","59.90","59.90","58.40","58.40","-0.7000","295"
"6753","龍德造船","527264","61122637","116.50","117.00","115.50","115.50","-1.0000","691"
"6754","匯僑設計","77774","4951273","63.40","64.00","63.40","63.40","0.1000","114"
"6756","威鋒電子","223085","45264566","203.00","205.50","200.00","200.50","-1.0000","303"
"6757","台灣虎航-創","1794555","91022047","50.50","51.70","49.50","50.80","0.6000","812"
"6768","志強-KY","513323","49643874","94.30","97.50","94.30","96.80","1.5000","508"
"6770","力積電","16929597","413079863","24.50","24.65","24.25","24.25","-0.5000","8484"
"6771","平和環保-創","79180","5247869","66.60","67.10","66.00","66.10","-0.5000","68"
"6776","展碁國際","133122","8655188","65.10","65.50","64.70","64.70","0.0000","113"
"6781","AES-KY","137477","86663822","638.00","645.00","625.00","625.00","-14.0000","371"
"6782","視陽","807509","210975389","262.00","265.50","257.00","260.00","-0.5000","2894"
"6789","采鈺","6845295","2058834497","281.00","308.00","281.00","306.00","25.0000","7522"
"6790","永豐實","406487","21193521","52.00","52.60","51.60","52.40","0.5000","353"
"6792","詠業","54130","4382924","80.60","81.50","80.20","81.30","0.6000","37"
"6794","向榮生技-創","35000","2909200","83.40","83.90","81.80","83.90","0.5000","28"
"6796","晉弘","433382","37716602","80.00","88.00","80.00","88.00","8.0000","354"
"6799","來頡","622362","91776922","144.50","151.00","143.50","146.50","3.0000","787"
"6805","富世達","2359828","1686612767","680.00","743.00","680.00","696.00","2.0000","3248"
"6806","森崴能源","1335414","168344495","126.00","128.00","124.50","124.50","0.0000","1384"
"6807","峰源-KY","112325","6298711","56.60","56.60","55.70","56.20","-0.5000","112"
"6830","汎銓","102012","13244495","129.00","131.00","129.00","129.50","1.0000","133"
"6834","天二科技","587849","18099683","31.75","31.80","30.30","30.95","-1.0000","423"
"6835","圓裕","372491","20676434","56.00","56.30","54.50","55.10","-0.5000","314"
"6854","錼創科技-KY創","34000","2673600","78.90","78.90","78.50","78.60","-0.6000","29"
"6861","睿生光電","31436","2296764","72.90","73.30","72.60","73.00","0.5000","39"
"6863","永道-KY","1734015","388847733","207.00","229.50","206.00","229.50","20.5000","1800"
"6869","雲豹能源-創","1244477","154041409","128.00","128.00","121.00","123.50","-5.0000","689"
"6873","泓德能源-創","88397","14537402","163.00","165.50","163.00","165.50","1.5000","73"
"6901","鑽石投資","1233926","49637228","39.30","40.60","39.30","40.20","0.7500","800"
"6902","走著瞧-創","","","","","","","0.0000",""
"6906","現觀科","133946","20737456","152.00","158.00","152.00","155.00","1.5000","147"
"6914","阜爾運通","444113","69744476","160.50","160.50","155.50","156.50","-4.5000","765"
"6916","華凌","45433","1218639","26.85","27.05","26.60","26.70","-0.3500","54"
"6928","攸泰科技","151838","12764831","85.40","85.40","83.80","83.80","-0.7000","489"
"6933","AMAX-KY","720769","253973057","357.00","364.50","341.50","344.50","-9.0000","1124"
"6937","天虹","66455","12901807","195.00","195.50","193.00","193.50","-1.0000","161"
"6949","沛爾生醫-創","23210","3012850","131.00","131.00","128.50","130.00","-1.0000","23"
"8011","台通","1998232","44692038","22.80","22.90","22.10","22.15","-0.5500","1267"
"8016","矽創","743910","197761682","266.50","268.00","263.00","266.50","0.5000","831"
"8021","尖點","432578","13211422","30.90","30.95","30.25","30.25","-0.6000","399"
"8028","昇陽半導體","7004579","461288511","67.70","67.80","64.40","65.20","-1.7000","5637"
"8033","雷虎","744352","55361189","74.10","74.70","74.10","74.10","0.3000","744"
"8039","台虹","704066","36419230","51.60","52.20","51.20","52.20","0.7000","510"
"8046","南電","2403331","474028849","196.50","199.00","195.50","197.00","0.0000","2777"
"8070","長華*","14603900","736091637","51.50","51.90","49.55","50.30","-1.2000","8499"
"8072","陞泰","214272","6173988","29.15","29.15","28.55","28.55","-0.6000","208"
"8081","致新","266879","81063927","306.50","307.00","302.00","303.00","-2.0000","809"
"8101","華冠","728887","2798113","3.69","3.96","3.69","3.80","0.1900","239"
"8103","瀚荃","472312","22610308","47.90","48.20","47.30","47.95","0.0500","506"
"8104","錸寶","373889","13420549","36.80","36.80","35.45","35.45","-1.0500","865"
"8105","凌巨","3838389","56321766","14.85","14.90","14.55","14.55","-0.3500","1541"
"8110","華東","3849118","72576809","19.15","19.15","18.70","18.75","-0.3500","1957"
"8112","至上","11158433","921348498","82.00","83.40","81.50","82.60","0.7000","6914"
"8112A","至上甲特","2055","88981","43.30","43.30","43.30","43.30","0.0000","4"
"8114","振樺電","505246","68923369","133.50","138.00","133.50","136.50","3.0000","619"
"8131","福懋科","1289719","51145004","39.20","40.00","39.10","39.75","0.6500","869"
"8150","南茂","2704230","119524832","44.30","44.40","44.00","44.10","-0.2000","1890"
"8162","微矽電子-創","45050","1715152","38.50","38.50","37.90","38.05","-0.2000","32"
"8163","達方","2773055","194446591","69.30","70.80","68.70","70.60","1.4000","2282"
"8201","無敵","431179","8190391","19.20","19.25","18.75","18.95","-0.5500","327"
"8210","勤誠","3654935","1158291700","323.50","325.50","310.00","313.00","-10.0000","6311"
"8213","志超","430276","16757196","39.10","39.10","38.85","38.85","-0.2500","435"
"8215","明基材","425335","14050641","32.90","33.25","32.90","33.05","0.1500","272"
"8222","寶一","335061","14507947","43.60","43.75","43.15","43.15","-0.0500","539"
"8249","菱光","120164","3586878","30.00","30.00","29.70","29.90","0.1000","117"
"8261","富鼎","310555","25752559","82.60","83.60","82.30","83.10","0.4000","246"
"8271","宇瞻","869841","59696243","69.00","69.50","67.90","67.90","-1.0000","1130"
"8341","日友","92152","8944742","96.40","97.50","96.30","97.10","0.8000","222"
"8367","建新國際","115862","5752819","50.20","50.20","49.40","49.60","-0.6000","168"
"8374","羅昇","3504689","236816922","73.00","73.00","65.00","65.00","-7.2000","2080"
"8404","百和興業-KY","236194","4824870","20.75","20.75","20.30","20.30","-0.4500","267"
"8411","福貞-KY","21694","305381","14.05","14.10","14.00","14.10","0.0500","113"
"8422","可寧衛","210611","40446423","192.00","193.00","191.00","192.50","1.0000","908"
"8429","金麗-KY","1358220","14223744","10.00","10.80","10.00","10.30","0.3700","834"
"8438","昶昕","1820968","79864225","46.45","47.00","41.95","42.20","-4.2000","1494"
"8442","威宏-KY","79305","9751591","122.00","124.00","121.50","123.50","1.0000","88"
"8443","阿瘦","49164","600683","12.30","12.30","12.10","12.20","-0.1000","117"
"8454","富邦媒","954794","425016709","444.00","447.50","440.00","444.50","5.5000","2032"
"8462","柏文","28903","3474365","119.50","121.00","119.50","120.00","0.5000","67"
"8463","潤泰材","279888","8033707","28.85","29.20","28.45","28.60","-0.3000","185"
"8464","億豐","514140","182868273","353.00","359.00","352.00","357.00","5.0000","516"
"8466","美吉吉-KY","55009","3099408","56.90","57.50","55.90","56.80","-0.1000","58"
"8467","波力-KY","193977","32373182","169.00","169.50","165.50","165.50","-2.5000","212"
"8473","山林水","583446","22840093","39.35","39.50","38.95","39.05","-0.3500","397"
"8476","台境","97401","5737838","58.90","59.20","58.60","59.10","0.1000","58"
"8478","東哥遊艇","129787","48151949","371.00","374.00","368.50","369.00","-2.5000","338"
"8481","政伸","9826","512362","52.50","52.50","52.00","52.20","-0.3000","13"
"8482","商億-KY","2","135","","","","","0.0000","2"
"8487","愛爾達-創","55000","4496700","80.80","82.40","80.80","81.30","0.0000","36"
"8488","吉源-KY","73604","1189600","16.20","16.20","16.10","16.15","0.0500","23"
"8499","鼎炫-KY","56857","7053196","125.00","125.00","123.50","123.50","-1.5000","502"
"8926","台汽電","2548441","120501392","47.00","47.55","47.00","47.20","0.2500","1716"
"8940","新天地","280427","7492067","26.75","27.00","26.60","26.90","0.1500","201"
"8996","高力","266738","132532084","495.00","504.00","492.00","504.00","13.0000","356"
"9103","美德醫療-DR","4115074","28359539","6.89","6.97","6.80","6.80","-0.0400","541"
"910322","康師傅-DR","87021","1683633","19.65","19.65","19.20","19.30","-0.3500","159"
"9105","泰金寶-DR","33523286","142137498","4.14","4.32","4.12","4.24","0.1000","4554"
"910861","神州-DR","129308","942718","7.16","7.40","7.16","7.32","0.2000","59"
"9110","越南控-DR","21000","131960","6.23","6.34","6.23","6.34","-0.0600","14"
"911608","明輝-DR","138000","484090","3.40","3.54","3.40","3.54","0.0000","45"
"911622","泰聚亨-DR","12000","61000","5.07","5.12","5.07","5.12","-0.0100","7"
"911868","同方友友-DR","348005","445275","1.30","1.30","1.27","1.29","-0.0100","75"
"912000","晨訊科-DR","3365873","11286474","3.37","3.46","3.29","3.33","0.0300","698"
"9136","巨騰-DR","121004","776904","6.44","6.44","6.40","6.43","0.0000","63"
"9802","鈺齊-KY","350469","44788305","125.50","129.00","125.50","128.50","2.5000","335"
"9902","台火","2163811","38879431","18.10","18.30","17.75","18.10","0.1000","1064"
"9904","寶成","10434428","388151741","37.00","37.50","36.55","37.50","0.3000","5226"
"9905","大華","127962","3107087","24.50","24.50","24.20","24.25","-0.1500","92"
"9906","欣巴巴","269531","24784295","92.40","93.30","90.90","91.90","-0.3000","378"
"9907","統一實","1000966","14841843","14.75","14.95","14.75","14.80","0.0500","469"
"9908","大台北","91188","2957407","32.35","32.50","32.30","32.35","0.0000","96"
"9910","豐泰","1081221","164218670","150.50","153.50","150.00","151.50","0.5000","1138"
"9911","櫻花","261222","23234762","88.10","89.90","88.10","88.90","1.0000","757"
"9912","偉聯","295362","4094367","14.00","14.20","13.55","13.95","-0.0500","241"
"9914","美利達","1481217","363967366","245.50","251.50","241.00","242.00","1.0000","3173"
"9917","中保科","333159","41319501","123.50","125.00","122.50","124.00","0.0000","450"
"9918","欣天然","24371","1009543","41.95","41.95","41.25","41.50","-0.6000","86"
"9919","康那香","5036482","111287383","22.10","22.35","21.85","22.00","-0.1000","1043"
"9921","巨大","5142617","1187689915","226.00","235.00","225.50","229.50","4.5000","7195"
"9924","福興","491528","28314718","57.70","58.00","57.20","57.60","-0.2000","613"
"9925","新保","184195","7756181","42.05","42.20","42.00","42.00","-0.0500","124"
"9926","新海","17071","931872","54.80","54.90","54.30","54.70","-0.2000","22"
"9927","泰銘","869323","70525780","79.80","82.00","79.60","81.90","2.1000","713"
"9928","中視","99959","2245182","23.00","23.10","22.20","22.20","-0.4500","113"
"9929","秋雨","2012","31387","15.60","15.60","15.60","15.60","-0.1000","4"
"9930","中聯資源","89061","5784933","65.00","65.40","64.60","65.20","0.2000","143"
"9931","欣高","9168","340485","37.05","37.55","37.05","37.15","-0.1500","26"
"9933","中鼎","3189359","154565310","48.45","48.75","47.95","48.70","0.4000","2249"
"9934","成霖","5945965","117375726","19.30","20.00","19.25","19.75","0.6000","2519"
"9935","慶豐富","314094","7727845","24.45","25.20","24.10","25.15","0.7000","269"
"9937","全國","11960","803808","67.20","67.50","67.00","67.50","-0.2000","154"
"9938","百和","652393","41807905","63.40","64.50","63.40","64.40","0.6000","716"
"9939","宏全","618786","99926643","161.00","163.00","160.00","161.50","0.5000","716"
"9940","信義","880813","29682105","33.90","33.90","33.40","33.60","-0.3000","785"
"9941","裕融","1189565","178940223","150.50","152.00","149.00","150.50","-0.5000","1556"
"9941A","裕融甲特","16000","816500","51.00","51.10","51.00","51.10","0.1000","11"
"9942","茂順","80414","10293094","127.00","129.00","127.00","128.00","0.5000","144"
"9943","好樂迪","36876","3333894","90.50","90.60","90.30","90.50","0.0000","459"
"9944","新麗","368363","8539871","23.20","23.30","23.10","23.10","-0.1500","191"
"9945","潤泰新","11544587","513972343","44.60","45.00","44.00","44.90","0.2000","6526"
"9946","三發地產","3301448","155583542","48.20","48.20","46.20","47.00","-1.2000","2138"
"9955","佳龍","1054657","35125476","33.15","33.75","32.85","32.95","0.1000","760"
"9958","世紀鋼","11722385","3408462243","299.50","303.50","281.50","286.00","-7.5000","9178"
