證券代號,證券名稱,成交股數,成交金額,開盤價,最高價,最低價,收盤價,漲跌價差,成交筆數
"0050","元大台灣50","4935163","827016285","167.40","168.80","166.15","168.45","1.6000","11328"
"0051","元大中型100","43862","3555788","81.90","81.90","80.20","81.05","-0.1000","277"
"0052","富邦科技","926454","151740890","163.35","165.30","162.10","165.05","1.7500","844"
"0053","元大電子","11132","1017954","90.65","91.95","90.65","91.95","1.0000","107"
"0055","元大MSCI金融","119896","3160174","26.32","26.47","26.21","26.42","0.1300","207"
"0056","元大高股息","19830345","791350042","40.02","40.05","39.80","39.86","-0.1500","22634"
"0057","富邦摩台","24927","3081868","123.15","124.40","123.15","124.40","0.8500","61"
"0061","元大寶滬深","148664","2604526","17.50","17.65","17.49","17.50","0.0000","111"
"006203","元大MSCI台灣","9597","767750","80.15","80.15","80.10","80.10","0.4000","102"
"006204","永豐臺灣加權","19339","2053248","106.50","106.50","105.85","106.50","0.4000","111"
"006205","富邦上証","231587","6991120","30.35","30.35","30.09","30.13","-0.0300","185"
"006206","元大上證50","64218","1848422","28.80","28.88","28.70","28.75","0.0400","80"
"006207","復華滬深","15183","347754","23.00","23.00","22.82","22.83","0.0100","63"
"006208","富邦台50","4990911","490373814","97.90","99.00","97.30","98.75","0.9500","9035"
"00625K","富邦上証+R","","","","","","","0.0000",""
"00631L","元大台灣50正2","2778285","594865436","214.45","216.40","211.10","215.50","2.1000","3013"
"00632R","元大台灣50反1","102290134","378197436","3.69","3.73","3.67","3.69","-0.0200","3378"
"00633L","富邦上証正2","3425686","121617821","35.52","35.76","35.25","35.29","-0.0800","588"
"00634R","富邦上証反1","134000","606870","4.51","4.54","4.51","4.54","0.0100","14"
"00635U","期元大S&P黃金","289069","7972703","27.57","27.70","27.52","27.69","-0.1100","164"
"00636","國泰中國A50","1119164","23488490","20.98","21.07","20.93","20.95","-0.0500","228"
"00636K","國泰中國A50+U","200","1298","6.49","6.49","6.49","6.49","0.0000","2"
"00637L","元大滬深300正2","30958693","441285668","14.26","14.35","14.15","14.16","-0.0400","3215"
"00638R","元大滬深300反1","535000","5066870","9.48","9.51","9.44","9.51","0.0100","44"
"00639","富邦深100","402668","4340273","10.71","10.80","10.71","10.75","0.0300","124"
"00640L","富邦日本正2","938593","54173942","57.75","58.00","57.45","57.50","-1.7500","280"
"00641R","富邦日本反1","1396197","8981521","6.42","6.45","6.42","6.43","0.1000","166"
"00642U","期元大S&P石油","3560221","58767263","16.49","16.54","16.47","16.51","-0.0800","1143"
"00643","群益深証中小","619420","7296785","11.74","11.81","11.73","11.76","0.0800","123"
"00643K","群益深証中小+R","","","","","","","0.0000",""
"00645","富邦日本","1418436","53978498","38.04","38.14","37.97","38.00","-0.5500","439"
"00646","元大S&P500","1801905","96210247","53.40","53.45","53.35","53.40","0.0500","1159"
"00647L","元大S&P500正2","87520","7397073","84.40","84.60","84.40","84.55","0.5000","25"
"00648R","元大S&P500反1","635000","3619170","5.70","5.70","5.69","5.70","-0.0200","42"
"00650L","復華香港正2","39176232","424114855","10.76","11.00","10.71","10.75","0.0500","2187"
"00651R","復華香港反1","369050","3146918","8.59","8.59","8.47","8.57","-0.0400","85"
"00652","富邦印度","2359243","85536679","36.30","36.41","36.00","36.41","-0.3400","1374"
"00653L","富邦印度正2","2800249","152539749","55.00","55.30","54.10","55.10","-1.0500","1361"
"00654R","富邦印度反1","1247494","8739704","6.93","7.05","6.93","6.94","0.0600","127"
"00655L","國泰中國A50正2","1399410","33942966","24.23","24.43","24.09","24.12","-0.0400","329"
"00656R","國泰中國A50反1","24000","203900","8.51","8.54","8.48","8.54","0.0100","18"
"00657","國泰日經225","119283","5394843","45.22","45.34","45.12","45.18","-0.3700","92"
"00657K","國泰日經225+U","200","2790","13.95","13.95","13.95","13.95","-0.1000","2"
"00660","元大歐洲50","5052","182288","36.15","36.15","36.14","36.14","-0.1800","99"
"00661","元大日經225","925235","45727751","49.45","49.50","49.25","49.33","-0.4300","213"
"00662","富邦NASDAQ","2889349","224815993","77.80","77.95","77.75","77.80","0.2500","1116"
"00663L","國泰臺灣加權正2","6020","1195114","198.30","198.85","198.30","198.50","1.9000","5"
"00664R","國泰臺灣加權反1","7754921","32472019","4.19","4.23","4.17","4.17","-0.0400","383"
"00665L","富邦恒生國企正2","58413357","419347782","7.11","7.29","7.07","7.14","0.0600","4118"
"00666R","富邦恒生國企反1","176000","2514430","14.43","14.44","14.21","14.39","-0.0500","41"
"00668","國泰美國道瓊","70905","3237258","45.70","45.70","45.64","45.68","0.2100","96"
"00668K","國泰美國道瓊+U","200","2818","14.09","14.09","14.09","14.09","0.0600","2"
"00669R","國泰美國道瓊反1","1445383","10406890","7.21","7.21","7.19","7.20","-0.0500","111"
"00670L","富邦NASDAQ正2","596221","68769294","115.10","115.60","115.00","115.60","1.5500","389"
"00671R","富邦NASDAQ反1","2985080","11844395","3.96","3.98","3.96","3.97","-0.0300","178"
"00673R","期元大S&P原油反1","23372207","185406061","7.93","7.95","7.92","7.93","0.0300","1425"
"00674R","期元大S&P黃金反1","513301","5468032","10.67","10.68","10.61","10.61","0.0300","66"
"00675L","富邦臺灣加權正2","1832678","157745914","86.10","86.90","84.85","86.60","0.8000","1374"
"00676R","富邦臺灣加權反1","7205000","16711920","2.32","2.34","2.30","2.31","-0.0100","217"
"00678","群益那斯達克生技","231035","6657525","28.81","28.84","28.79","28.80","0.0300","103"
"00680L","元大美債20正2","56110580","483846643","8.63","8.64","8.60","8.61","0.1800","4720"
"00681R","元大美債20反1","195000","3970060","20.33","20.39","20.33","20.39","-0.2200","44"
"00682U","期元大美元指數","10000","210600","21.06","21.06","21.06","21.06","0.0300","1"
"00683L","期元大美元指正2","38000","859550","22.63","22.64","22.61","22.64","0.0600","10"
"00684R","期元大美元指反1","","","","","","","0.0000",""
"00685L","群益臺灣加權正2","432354","33169124","76.75","77.35","75.70","77.15","0.8000","147"
"00686R","群益臺灣加權反1","1820000","4547110","2.50","2.51","2.48","2.49","-0.0200","39"
"00688L","國泰20年美債正2","29774846","255594223","8.58","8.60","8.56","8.58","0.1900","2192"
"00689R","國泰20年美債反1","116000","2445440","21.06","21.11","21.06","21.11","-0.2400","5"
"00690","兆豐藍籌30","515605","16824863","32.78","32.78","32.39","32.68","0.2000","348"
"00692","富邦公司治理","6299755","254340072","40.15","40.59","39.98","40.52","0.3700","2691"
"00693U","期街口S&P黃豆","120326","2860869","23.71","23.83","23.71","23.82","0.0900","60"
"00700","富邦恒生國企","413960","5462768","13.11","13.32","13.11","13.18","0.0700","168"
"00701","國泰股利精選30","610845","16787901","27.50","27.60","27.37","27.51","0.0100","346"
"00702","國泰標普低波高息","102111","2405451","23.56","23.56","23.56","23.56","0.0400","98"
"00703","台新MSCI中國","76444","1217405","15.87","16.02","15.84","15.86","0.0900","17"
"00706L","期元大S&P日圓正2","8798724","54749481","6.23","6.24","6.20","6.21","0.0400","650"
"00707R","期元大S&P日圓反1","1000","29700","29.70","29.70","29.70","29.70","0.0000","1"
"00708L","期元大S&P黃金正2","539060","18156443","33.53","33.94","33.46","33.92","-0.2500","238"
"00709","富邦歐洲","25472","768812","30.11","30.22","30.09","30.22","0.1100","68"
"00710B","復華彭博非投等債","303491","5928321","19.55","19.57","19.51","19.52","0.0000","81"
"00711B","復華彭博新興債","217430","3587053","16.49","16.51","16.48","16.49","0.0500","122"
"00712","復華富時不動產","25256765","244945960","9.73","9.73","9.68","9.70","-0.0500","6266"
"00713","元大台灣高息低波","10073789","582481623","57.85","58.00","57.60","57.75","0.1000","7707"
"00714","群益道瓊美國地產","357247","6962297","19.49","19.51","19.48","19.49","0.1600","150"
"00715L","期街口布蘭特正2","44176269","625940910","14.21","14.22","14.11","14.17","-0.2500","7050"
"00717","富邦美國特別股","175028","2793889","15.96","15.98","15.95","15.95","-0.0100","126"
"00728","第一金工業30","598262","18171905","30.36","30.46","30.21","30.40","0.0400","157"
"00730","富邦臺灣優質高息","157929","3506685","22.23","22.27","22.15","22.21","0.0300","161"
"00731","復華富時高息低波","912708","67737011","73.90","74.55","73.75","74.25","0.1500","3039"
"00733","富邦臺灣中小","1783379","105292347","59.30","59.50","58.70","58.85","-0.2000","2243"
"00735","國泰臺韓科技","127999","4531477","35.22","35.42","35.22","35.34","0.1300","88"
"00736","國泰新興市場","115177","2550006","22.19","22.19","22.10","22.13","-0.1100","13"
"00737","國泰AI+Robo","67250","2035017","30.33","30.33","30.22","30.28","-0.1000","103"
"00738U","期元大道瓊白銀","2723118","74127181","27.29","27.36","27.12","27.36","-0.8100","503"
"00739","元大MSCI A股","42042","893046","21.28","21.28","21.23","21.25","-0.0400","65"
"00752","中信中國50","3333029","63579340","18.95","19.19","18.92","19.02","0.0700","781"
"00753L","中信中國50正2","17303896","145764441","8.34","8.53","8.32","8.38","0.0600","2126"
"00757","統一FANG+","3527200","287585813","81.40","81.65","81.35","81.55","0.4500","1464"
"00762","元大全球AI","323308","19775291","61.15","61.20","61.05","61.15","0.1000","1393"
"00763U","期街口道瓊銅","590002","16445574","27.90","27.93","27.82","27.91","-0.7000","219"
"00770","國泰北美科技","628733","27687302","43.98","44.10","43.96","44.05","0.2800","335"
"00771","元大US高息特別股","44543","779892","17.52","17.52","17.49","17.50","-0.0100","39"
"00775B","新光投等債15+","1040348","35943697","34.60","34.62","34.52","34.56","0.2300","58"
"00783","富邦中証500","59200","1085560","18.27","18.38","18.27","18.33","0.0700","11"
"00830","國泰費城半導體","6503949","303888786","46.74","46.77","46.64","46.76","-0.1800","2538"
"00850","元大臺灣ESG永續","741015","31086217","41.90","42.17","41.61","42.12","0.3100","1122"
"00851","台新全球AI","15017","652428","43.19","43.40","43.19","43.38","0.2000","103"
"00852L","國泰美國道瓊正2","299100","7073514","23.65","23.68","23.62","23.68","0.2600","89"
"00861","元大全球未來通訊","1160643","46843464","40.36","40.43","40.32","40.39","0.0900","402"
"00865B","國泰US短期公債","116335","5276726","45.39","45.39","45.33","45.35","-0.0200","89"
"00875","國泰網路資安","221501","6926751","31.23","31.31","31.18","31.29","-0.0700","114"
"00876","元大全球5G","1416975","55433512","39.28","39.28","39.03","39.08","-0.2200","432"
"00878","國泰永續高股息","90578220","2077491745","23.04","23.05","22.90","22.90","-0.1500","67451"
"00881","國泰台灣5G+","11692741","264774826","22.61","22.79","22.42","22.72","0.1600","2887"
"00882","中信中國高股息","17728908","216206233","12.16","12.26","12.11","12.13","-0.0300","3097"
"00885","富邦越南","8497084","104570684","12.25","12.37","12.19","12.31","0.0600","2036"
"00891","中信關鍵半導體","6232590","112611245","18.02","18.19","17.94","18.11","0.0500","2208"
"00892","富邦台灣半導體","3721345","59233460","15.89","16.00","15.75","15.94","0.1500","991"
"00893","國泰智能電動車","4401884","94903071","21.59","21.60","21.53","21.53","-0.0600","722"
"00894","中信小資高價30","1173470","22706326","19.40","19.49","19.22","19.42","0.0600","153"
"00895","富邦未來車","1839032","49250018","26.78","26.82","26.72","26.80","-0.0100","820"
"00896","中信綠能及電動車","2603583","45949397","17.63","17.78","17.54","17.68","0.0800","656"
"00897","富邦基因免疫生技","612336","5022374","8.23","8.23","8.19","8.20","-0.0200","156"
"00898","國泰基因免疫革命","297770","2104095","7.05","7.08","7.05","7.06","0.0300","167"
"00899","FT潔淨能源","417835","7742949","18.70","18.70","18.50","18.51","-0.1900","163"
"00900","富邦特選高股息30","10331753","168845493","16.26","16.40","16.26","16.34","0.0800","2003"
"00901","永豐智能車供應鏈","793834","15191358","19.01","19.22","18.90","19.20","0.1900","177"
"00902","中信電池及儲能","2735566","27083594","9.83","9.94","9.83","9.87","0.0500","478"
"00903","富邦元宇宙","550053","7528814","13.68","13.70","13.68","13.68","0.0100","200"
"00904","新光臺灣半導體30","1398817","24338713","17.39","17.49","17.29","17.45","0.0800","300"
"00905","FT臺灣Smart","2147145","27689809","12.87","12.97","12.80","12.94","0.0800","581"
"00907","永豐優息存股","5350789","88129677","16.32","16.54","16.32","16.47","0.2300","811"
"00908","富邦入息REITs+","392198","4952071","12.62","12.64","12.61","12.61","-0.0100","92"
"00909","國泰數位支付服務","1926850","52000399","26.94","27.03","26.93","27.00","0.3400","985"
"00910","第一金太空衛星","121980","2202773","18.07","18.07","18.04","18.06","-0.0900","20"
"00911","兆豐洲際半導體","143379","4092515","28.65","28.65","28.46","28.56","-0.1300","88"
"00912","中信臺灣智慧50","1016783","18190776","17.81","17.97","17.74","17.94","0.1100","216"
"00913","兆豐台灣晶圓製造","290147","5992206","20.65","20.75","20.59","20.75","0.1000","46"
"00915","凱基優選高股息30","12399401","333831076","26.88","27.01","26.74","26.96","0.0800","3087"
"00916","國泰全球品牌50","217788","4729360","21.69","21.73","21.69","21.72","0.0800","349"
"00917","中信特選金融","1064460","20686370","19.44","19.45","19.41","19.41","-0.0300","297"
"00918","大華優利高填息30","45749597","1157621640","25.38","25.40","25.21","25.26","0.0400","11872"
"00919","群益台灣精選高息","59988144","1549076846","25.75","25.90","25.73","25.83","0.1000","21910"
"00920","富邦ESG綠色電力","133955","2076442","15.48","15.52","15.48","15.49","0.0500","102"
"00921","兆豐龍頭等權重","3245556","62701810","19.43","19.44","19.24","19.32","-0.0400","1484"
"00922","國泰台灣領袖50","5359308","107747874","20.05","20.20","19.94","20.15","0.1000","1917"
"00923","群益台ESG低碳50","6307818","132137013","20.93","21.05","20.77","21.04","0.1300","2338"
"00924","復華S&P500成長","434795","9273843","21.26","21.38","21.25","21.33","0.0800","355"
"00925","新光標普電動車","282469","4560682","16.16","16.16","16.14","16.14","-0.1300","9"
"00926","凱基全球菁英55","959931","20848952","21.70","21.74","21.70","21.72","0.1400","231"
"00927","群益半導體收益","6510622","126432570","19.44","19.51","19.33","19.44","0.0000","1686"
"00929","復華台灣科技優息","177016895","3642577216","20.62","20.66","20.54","20.54","-0.0800","57488"
"00930","永豐ESG低碳高息","1724154","35446215","20.55","20.63","20.46","20.54","0.0100","475"
"00932","兆豐永續高息等權","2076511","36794694","17.71","17.80","17.66","17.67","-0.0100","678"
"00934","中信成長高股息","5383295","104152536","19.37","19.42","19.29","19.34","-0.0200","970"
"00935","野村臺灣新科技50","2991091","61756672","20.67","20.76","20.48","20.71","0.0700","1340"
"00936","台新永續高息中小","105219939","2012537339","18.99","19.41","18.96","19.13","0.1900","21010"
"00939","統一台灣高息動能","24765105","361482593","14.61","14.65","14.57","14.58","-0.0400","6127"
"00940","元大台灣價值高息","69288813","682501983","9.84","9.88","9.82","9.84","0.0200","12374"
"00941","中信上游半導體","10518896","158581884","15.10","15.10","15.06","15.06","-0.0900","3828"
"00943","兆豐電子高息等權","2465850","37474276","15.30","15.30","15.15","15.18","-0.0600","461"
"00944","野村趨勢動能高息","5530068","82151723","14.80","14.89","14.80","14.86","0.0500","872"
"00945B","凱基美國非投等債","6545557","98369659","15.03","15.04","15.02","15.03","0.0000","452"
"00946","群益科技高息成長","32612153","336134413","10.31","10.34","10.28","10.30","0.0000","4041"
"01001T","土銀富邦R1","100120","1459853","14.56","14.59","14.56","14.59","-0.0100","7"
"01002T","土銀國泰R1","644000","10849260","16.85","16.85","16.80","16.82","0.0000","26"
"01004T","土銀富邦R2","220000","2785850","12.65","12.70","12.61","12.66","-0.0400","30"
"01007T","兆豐國泰R2","102000","1711600","16.60","16.80","16.60","16.78","0.0000","11"
"01009T","王道圓滿R1","258000","2060810","8.00","8.00","7.96","7.96","-0.0400","22"
"01010T","京城樂富R1","362000","3630130","10.04","10.04","10.01","10.04","0.0000","59"
"020000","富邦特選蘋果N","2000","22920","11.46","11.46","11.46","11.46","0.0000","1"
"020011","統一微波高息20N","25000","257500","10.30","10.30","10.30","10.30","0.0600","1"
"020012","富邦行動通訊N","","","","","","","0.0000",""
"020015","統一MSCI美低波N","","","","","","","0.0000",""
"020016","統一MSCI美科技N","","","","","","","0.0000",""
"020018","統一價值成長30N","7000","174320","24.96","24.96","24.80","24.80","0.0600","4"
"020019","統一特選台灣5GN","","","","","","","0.0000",""
"02001L","富邦蘋果正二N","83000","2081370","24.91","25.28","24.60","25.26","0.5400","22"
"02001R","富邦蘋果反一N","2000","3160","1.58","1.58","1.58","1.58","0.0000","2"
"02001S","策元大加權策略N","5000","35300","7.06","7.06","7.06","7.06","0.0200","1"
"020020","元大台股領航N","25000","268310","10.65","10.75","10.65","10.73","0.1000","9"
"020028","元大特選電動車N","39000","346600","8.84","8.91","8.84","8.90","0.0500","7"
"020029","元大ESG高股息N","117000","1051730","8.99","9.00","8.97","8.98","0.0700","18"
"020030","統一智慧電動車N","23000","138290","6.01","6.03","6.01","6.03","-0.0200","2"
"020031","統一IC設計臺灣N","66000","400700","6.02","6.13","6.02","6.13","0.0600","12"
"020032","元大綠能N","14000","84090","6.00","6.03","6.00","6.02","0.0200","4"
"020034","元大IC設計N","14000","111510","7.96","7.99","7.96","7.99","0.1300","5"
"020036","元大金融配息N","1000","6120","6.12","6.12","6.12","6.12","0.0000","1"
"020037","元大金融高股息N","4000","25140","6.26","6.30","6.26","6.30","0.0600","4"
"020038","元大ESG配息N","60000","464650","7.75","7.77","7.73","7.75","0.0400","13"
"020039","元大加權N","106000","680900","6.40","6.44","6.39","6.44","0.0400","17"
"1101","台泥","8581538","281215557","32.75","32.95","32.65","32.70","0.0000","5394"
"1101B","台泥乙特","7000","338400","48.10","48.40","48.10","48.40","0.0000","6"
"1102","亞泥","","","","","","","0.0000",""
"1103","嘉泥","600141","11039858","18.30","18.45","18.30","18.45","0.1500","712"
"1104","環泥","597942","20270778","33.80","34.05","33.70","33.90","0.1500","461"
"1108","幸福","261152","4405751","16.95","16.95","16.85","16.85","0.0000","178"
"1109","信大","151456","2942074","19.50","19.50","19.35","19.50","0.1000","117"
"1110","東泥","2513701","60406229","23.45","24.45","23.05","24.40","0.9500","1293"
"1201","味全","354679","6698956","18.95","19.00","18.80","18.85","-0.1000","434"
"1203","味王","15865","785824","48.45","50.40","48.45","50.00","-0.1000","51"
"1210","大成","1196041","68469408","57.20","57.50","57.00","57.30","0.1000","1049"
"1213","大飲","24032","172150","7.17","7.18","7.15","7.18","0.0300","24"
"1215","卜蜂","305933","32756714","107.00","107.50","106.50","107.50","0.5000","521"
"1216","統一","10197513","809829139","79.10","80.00","78.80","79.50","0.2000","6389"
"1217","愛之味","1133015","13690768","12.15","12.20","12.00","12.05","-0.1000","541"
"1218","泰山","1281612","29025434","22.90","22.90","22.45","22.65","0.0000","702"
"1219","福壽","236974","4463057","18.80","18.90","18.80","18.80","0.0000","202"
"1220","台榮","516575","7898435","15.30","15.45","15.15","15.40","0.0500","289"
"1225","福懋油","232231","21729359","93.70","94.50","92.00","92.80","0.0000","459"
"1227","佳格","730009","30333870","41.70","41.70","41.40","41.60","-0.1000","636"
"1229","聯華","477340","32037833","66.80","67.40","66.80","67.10","0.1000","711"
"1231","聯華食","121008","12131751","100.50","101.00","99.60","101.00","1.3000","217"
"1232","大統益","66472","9635388","145.00","145.50","144.50","145.00","0.0000","177"
"1233","天仁","15154","514592","34.15","34.15","33.90","34.10","0.0000","22"
"1234","黑松","58619","2513950","43.00","43.00","42.80","43.00","0.0500","168"
"1235","興泰","6906","621632","89.70","90.90","89.70","90.90","-0.1000","61"
"1236","宏亞","17564","424587","24.15","24.20","24.10","24.15","0.0000","126"
"1256","鮮活果汁-KY","32935","6523933","198.50","199.50","195.50","199.50","-0.5000","277"
"1301","台塑","14291569","898411282","63.70","63.70","62.60","62.60","-1.1000","11055"
"1303","南亞","16156471","826875154","51.40","51.60","51.00","51.00","-0.7000","9834"
"1304","台聚","2686345","41411619","15.55","15.60","15.35","15.40","-0.1500","2873"
"1305","華夏","1548499","26937199","17.35","17.60","17.20","17.40","0.1000","854"
"1307","三芳","264481","8503240","32.10","32.35","32.00","32.25","0.2500","237"
"1308","亞聚","1403359","25205470","18.10","18.15","17.90","17.90","-0.2500","1883"
"1309","台達化","521230","7960603","15.40","15.40","15.20","15.20","-0.2000","716"
"1310","台苯","2011703","26047459","13.15","13.15","12.85","12.90","-0.1500","1242"
"1312","國喬","2747595","37934373","13.90","13.95","13.70","13.75","-0.1000","1883"
"1312A","國喬特","2000","47400","23.70","23.70","23.70","23.70","0.0000","2"
"1313","聯成","3865499","48496474","12.70","12.70","12.45","12.55","-0.1500","2971"
"1314","中石化","17362167","173707598","10.05","10.10","9.96","9.99","-0.0100","3643"
"1315","達新","5002","361144","71.60","72.50","71.60","72.30","0.3000","6"
"1316","上曜","6734704","129387753","19.35","19.80","18.80","18.90","-0.2000","3169"
"1319","東陽","1442492","167205494","118.00","118.50","115.00","115.00","-2.0000","1360"
"1321","大洋","628899","24657399","39.90","39.90","38.95","39.05","-0.8000","359"
"1323","永裕","10428","325128","31.20","31.20","31.15","31.15","-0.0500","36"
"1324","地球","757194","10073130","13.75","13.80","13.00","13.25","-0.4500","649"
"1325","恆大","263103","7345360","28.15","28.15","27.75","27.80","-0.3500","200"
"1326","台化","5390757","277120393","51.60","51.80","51.20","51.20","-0.5000","3945"
"1337","再生-KY","904413","6864262","7.61","7.66","7.49","7.59","-0.0200","396"
"1338","廣華-KY","51370","1749398","34.05","34.35","33.90","34.10","0.1000","67"
"1339","昭輝","279865","19812693","72.30","72.30","70.20","70.40","-0.8000","354"
"1340","勝悅-KY","194704","1954634","10.15","10.15","10.00","10.00","-0.1000","347"
"1341","富林-KY","34710","2446412","71.00","71.50","70.00","71.50","0.7000","122"
"1342","八貫","978798","114793891","116.00","119.00","115.50","119.00","5.5000","1095"
"1402","遠東新","6145310","208703591","33.85","34.20","33.80","33.80","-0.2000","4299"
"1409","新纖","3462581","57624132","16.85","16.90","16.45","16.60","-0.2500","1314"
"1410","南染","47089","1761322","37.25","37.70","37.15","37.45","0.0000","62"
"1413","宏洲","598483","6358226","10.45","11.00","10.25","10.85","0.5000","275"
"1414","東和","1320666","27915292","20.75","21.45","20.75","21.35","0.7500","736"
"1416","廣豐","625623","8152630","13.10","13.10","12.95","12.95","-0.1500","238"
"1417","嘉裕","143010","1624838","11.45","11.45","11.30","11.35","0.0000","228"
"1418","東華","19202","580808","30.00","31.05","29.80","31.00","1.0000","35"
"1419","新紡","31201","1507212","48.20","48.60","48.00","48.60","0.1500","40"
"1423","利華","1201451","47057372","37.10","40.85","37.10","40.00","2.8000","843"
"1432","大魯閣","330325","5793288","17.65","17.70","17.45","17.65","0.0000","455"
"1434","福懋","676809","15288447","22.70","22.70","22.55","22.55","-0.1000","752"
"1435","中福","795","36026","","","","","0.0000","10"
"1436","華友聯","648386","102281102","158.00","161.50","155.00","155.00","-2.5000","775"
"1437","勤益控","380232","13897085","36.40","36.80","36.30","36.30","-0.1000","205"
"1438","三地開發","814079","50863149","60.10","64.00","59.70","62.00","2.4000","697"
"1439","雋揚","137118","3844800","27.80","29.20","27.45","27.55","-0.2500","133"
"1440","南紡","5363990","99146258","18.65","18.90","18.20","18.25","-0.4000","2446"
"1441","大東","61783","825083","13.35","13.65","13.10","13.40","0.0000","257"
"1442","名軒","3919455","241511235","62.50","63.50","60.00","60.50","-1.2000","3333"
"1443","立益物流","26920","850405","31.50","31.75","31.45","31.65","-0.2500","35"
"1444","力麗","1254479","12265196","9.87","9.90","9.72","9.72","-0.1300","776"
"1445","大宇","465778","10749026","23.05","23.15","23.00","23.10","0.1000","281"
"1446","宏和","4960886","290276934","57.80","60.00","56.40","59.20","1.9000","3371"
"1447","力鵬","2252878","21413944","9.68","9.68","9.45","9.46","-0.1400","812"
"1449","佳和","272495","5051275","18.65","18.80","18.40","18.40","-0.2500","207"
"1451","年興","180645","3682349","20.40","20.45","20.25","20.25","-0.1000","140"
"1452","宏益","334999","5779085","17.35","17.45","17.10","17.10","0.1000","199"
"1453","大將","3275527","95764289","29.65","30.20","28.00","28.30","-1.3500","2385"
"1454","台富","47001","790190","16.60","17.00","16.55","16.90","0.1500","42"
"1455","集盛","10626638","156915800","14.50","15.00","14.40","14.90","0.7000","3985"
"1456","怡華","191653","3742652","19.90","19.90","19.20","19.45","-0.2000","115"
"1457","宜進","306363","6700533","21.80","22.00","21.80","22.00","0.2000","191"
"1459","聯發","110006","1198398","10.85","11.00","10.80","11.00","0.0500","95"
"1460","宏遠","431758","3549349","8.30","8.30","8.17","8.17","-0.1300","249"
"1463","強盛","977114","19783915","20.25","20.60","20.00","20.00","-0.2000","348"
"1464","得力","1243361","18268347","14.30","15.30","14.30","15.00","0.7000","498"
"1465","偉全","76065","1167950","15.55","15.55","15.25","15.30","-0.1500","86"
"1466","聚隆","131772","1651331","12.55","12.60","12.50","12.50","-0.0500","41"
"1467","南緯","197306","2257013","11.45","11.50","11.40","11.45","0.0000","322"
"1468","昶和","38000","549300","14.40","14.55","14.40","14.55","0.1500","28"
"1470","大統新創","13000","265100","20.10","20.70","20.10","20.40","-0.1000","13"
"1471","首利","3206461","52753102","16.15","17.00","15.55","16.50","0.6000","1439"
"1472","三洋實業","13001","967574","74.30","74.60","74.30","74.60","0.4000","13"
"1473","台南","3885633","188968891","47.70","49.90","46.85","48.40","0.9000","2559"
"1474","弘裕","129694","1796905","13.90","13.95","13.80","13.85","-0.0500","81"
"1475","業旺","108484","6193520","57.50","57.60","56.90","57.00","-0.5000","113"
"1476","儒鴻","854554","428513170","497.00","505.00","495.50","499.50","8.0000","1338"
"1477","聚陽","2280862","900068821","395.50","400.00","391.00","394.50","0.0000","2005"
"1503","士電","3036941","708015971","233.00","236.50","229.50","232.00","0.0000","2761"
"1504","東元","18154998","1043033344","57.70","58.20","57.00","57.30","-0.3000","11447"
"1506","正道","318880","5351556","16.55","16.95","16.55","16.95","0.4000","156"
"1512","瑞利","250261","2171561","8.93","8.93","8.50","8.55","-0.4800","176"
"1513","中興電","4624402","768292070","168.00","169.00","165.00","165.00","-2.5000","4771"
"1514","亞力","4661893","506530937","108.50","110.50","107.00","108.50","1.0000","3609"
"1515","力山","505455","22934623","45.60","45.90","45.10","45.15","-0.4000","427"
"1516","川飛","565300","13115878","23.45","23.55","22.85","23.00","-0.1000","590"
"1517","利奇","252553","4273557","17.20","17.20","16.85","17.00","0.0000","354"
"1519","華城","2982155","2066338046","698.00","701.00","685.00","691.00","-8.0000","3758"
"1521","大億","57799","2350647","40.25","41.45","40.20","40.75","0.1500","115"
"1522","堤維西","11067567","725644551","65.10","66.40","63.70","66.10","1.6000","8945"
"1522A","堤維西甲特","","","","","","","0.0000",""
"1524","耿鼎","5195240","191164053","37.15","37.45","36.30","36.80","-0.1000","3226"
"1525","江申","57637","4480201","78.30","78.30","77.50","77.60","-0.3000","72"
"1526","日馳","115494","3824660","33.20","33.30","33.00","33.15","-0.0500","69"
"1527","鑽全","260574","11320748","43.55","43.65","43.25","43.40","-0.1500","254"
"1528","恩德","674814","8528210","12.70","12.85","12.50","12.50","-0.1500","341"
"1529","樂事綠能","596507","19291904","32.80","32.95","32.10","32.15","-0.4000","573"
"1530","亞崴","37287","1216484","32.70","32.70","32.45","32.65","0.1500","193"
"1531","高林股","319273","4751715","14.70","15.05","14.70","15.00","0.2500","189"
"1532","勤美","5425760","282974005","52.80","53.20","51.40","52.20","-0.2000","3184"
"1533","車王電","90397","4273406","47.65","47.65","47.05","47.25","-0.4000","100"
"1535","中宇","154186","10827536","70.60","70.60","70.10","70.20","-0.7000","204"
"1536","和大","1677510","95699161","58.00","58.00","56.70","56.70","-1.1000","1630"
"1537","廣隆","263433","38972017","147.50","149.50","147.00","147.00","-0.5000","457"
"1538","正峰","23636","338511","14.45","14.65","14.20","14.20","-0.2500","14"
"1539","巨庭","86544","2062142","24.00","24.00","23.75","23.80","0.0500","67"
"1540","喬福","470993","9616213","20.60","20.60","20.35","20.35","-0.2000","297"
"1541","錩泰","30906","972493","31.55","31.65","31.50","31.65","-0.0500","24"
"1558","伸興","43033","4343561","101.50","101.50","100.00","101.00","-0.5000","93"
"1560","中砂","1769433","499008849","284.00","286.00","278.00","281.50","-0.5000","2115"
"1563","巧新","2384840","189451736","78.00","80.50","78.00","79.60","0.3000","770"
"1568","倉佑","231867","6857168","30.00","30.20","29.35","29.40","-0.5500","225"
"1582","信錦","4608272","525597232","115.50","117.00","112.50","113.50","-2.0000","4201"
"1583","程泰","57660","4135359","72.40","72.40","71.10","71.20","-0.6000","116"
"1587","吉茂","2730209","172437912","64.20","65.50","62.00","62.10","-1.9000","2274"
"1589","永冠-KY","364435","16292607","45.50","45.50","44.45","44.90","0.0000","605"
"1590","亞德客-KY","394336","402514130","1030.00","1030.00","1015.00","1015.00","-15.0000","599"
"1597","直得","2967047","214928875","69.50","74.30","69.40","71.20","2.2000","2230"
"1598","岱宇","157748","4892161","31.20","31.50","30.90","30.90","-0.3000","135"
"1603","華電","3288992","150707991","46.10","46.40","45.45","45.55","0.1000","2030"
"1604","聲寶","233589","6738792","28.90","28.90","28.80","28.80","-0.1500","278"
"1605","華新","8391928","306805291","36.60","37.00","36.35","36.35","-0.1000","4119"
"1608","華榮","6639382","243415747","37.35","37.45","36.30","36.30","-0.8500","4498"
"1609","大亞","7147003","347957556","49.35","49.35","48.50","48.60","-0.3500","5301"
"1611","中電","1035655","18443220","17.75","18.05","17.65","17.70","0.0500","575"
"1612","宏泰","1661378","63286915","38.45","38.50","37.80","38.05","-0.3000","1207"
"1614","三洋電","234410","10419419","44.85","44.95","44.20","44.40","-0.4000","186"
"1615","大山","932245","66170514","71.20","71.60","70.40","70.70","1.1000","1217"
"1616","億泰","1810787","42038779","23.80","23.80","22.90","22.90","-0.6000","1206"
"1617","榮星","497461","11069244","22.50","22.65","22.00","22.35","0.0500","348"
"1618","合機","6369937","319066650","50.00","51.20","49.35","50.00","0.6000","4539"
"1626","艾美特-KY","64013","1038033","16.20","16.25","16.15","16.25","0.0500","137"
"1701","中化","376930","8342057","22.10","22.20","22.10","22.20","0.1500","217"
"1702","南僑","1030281","59819891","58.60","58.80","57.80","58.00","-0.6000","889"
"1707","葡萄王","157316","25259269","160.50","161.00","159.50","160.50","0.0000","252"
"1708","東鹼","986487","32399779","32.50","33.20","32.35","32.95","0.4500","545"
"1709","和益","473842","9682388","20.65","20.65","20.30","20.45","-0.1500","437"
"1710","東聯","1544802","26289978","17.15","17.20","16.95","16.95","-0.1500","1108"
"1711","永光","865127","16580041","19.35","19.35","19.10","19.10","-0.1500","898"
"1712","興農","2261523","94822721","41.80","42.25","41.55","41.70","0.1000","1790"
"1713","國化","1250688","65776312","51.20","55.00","50.60","52.00","1.2000","660"
"1714","和桐","1984017","19375548","9.80","9.84","9.72","9.76","-0.0100","644"
"1717","長興","943893","29187790","31.00","31.15","30.80","30.85","-0.1000","670"
"1718","中纖","3339433","26678494","8.01","8.04","7.95","7.97","-0.0400","1201"
"1720","生達","313097","22165298","70.90","71.20","70.60","70.90","0.0000","495"
"1721","三晃","619263","9045759","14.60","14.80","14.50","14.60","0.0000","377"
"1722","台肥","4642429","301297151","64.50","65.20","64.50","64.70","0.0000","2796"
"1723","中碳","659895","72804736","111.00","111.50","110.00","110.00","-1.0000","822"
"1725","元禎","589903","27322984","47.30","47.30","45.75","45.85","-0.5500","524"
"1726","永記","8235","677647","82.50","82.50","82.10","82.50","0.0000","15"
"1727","中華化","210715","6016987","28.60","28.80","28.45","28.65","0.0500","176"
"1730","花仙子","8788","495192","56.50","56.50","56.10","56.30","0.1000","29"
"1731","美吾華","660406","16856329","25.15","26.00","25.05","25.75","0.6000","352"
"1732","毛寶","144121","4081108","28.50","28.55","28.20","28.25","-0.3500","106"
"1733","五鼎","301746","9929442","32.70","33.35","32.70","33.35","0.6000","183"
"1734","杏輝","824657","30556507","36.95","37.25","36.75","37.25","0.4000","605"
"1735","日勝化","10068","178008","17.60","17.75","17.60","17.75","0.0500","21"
"1736","喬山","558055","51497172","93.20","95.00","90.80","91.10","-2.5000","1454"
"1737","臺鹽","118828","4033902","33.95","34.00","33.90","33.90","-0.0500","134"
"1752","南光","486677","26203540","53.50","54.40","53.20","54.00","0.7000","437"
"1760","寶齡富錦","437203","42568673","96.80","98.00","96.70","97.80","1.7000","456"
"1762","中化生","105577","5033611","47.85","48.10","47.30","48.05","0.2500","234"
"1773","勝一","177341","28305845","162.00","162.00","158.50","159.50","-1.0000","229"
"1776","展宇","141239","2572107","18.35","18.35","18.15","18.20","-0.1000","63"
"1783","和康生","422785","18986001","44.80","45.40","44.50","44.90","0.6000","358"
"1786","科妍","3740901","422203663","114.00","116.50","109.00","111.50","-5.5000","3431"
"1789","神隆","1356301","39167431","29.00","29.30","28.60","28.90","0.0000","908"
"1795","美時","5241340","1527246476","286.50","295.00","286.50","292.50","7.0000","5506"
"1802","台玻","25475527","483330114","19.05","19.45","18.45","18.90","0.0500","7985"
"1805","寶徠","167206","3327225","20.20","20.20","19.70","19.75","-0.2500","135"
"1806","冠軍","438527","4759503","10.95","11.00","10.80","10.80","-0.1500","266"
"1808","潤隆","1044274","111865070","107.50","108.50","106.50","107.00","-0.5000","857"
"1809","中釉","2783155","69509775","25.15","25.35","24.70","24.90","-0.4500","1508"
"1810","和成","781848","14900731","19.00","19.20","18.90","19.10","0.1500","480"
"1817","凱撒衛","294582","11861138","40.10","40.60","39.80","39.85","-0.1500","299"
"1903","士紙","348995","22550755","65.40","65.50","64.00","64.40","-0.4000","284"
"1904","正隆","542762","15629679","28.85","28.90","28.75","28.80","-0.0500","588"
"1905","華紙","2133603","47061277","22.20","22.25","22.00","22.00","-0.1000","1175"
"1906","寶隆","39748","648168","16.20","16.40","16.10","16.35","0.0000","102"
"1907","永豐餘","1416081","42222895","30.00","30.00","29.70","29.75","-0.1000","725"
"1909","榮成","1661635","23377167","14.10","14.15","14.00","14.05","0.0000","654"
"2002","中鋼","27100639","639095155","23.60","23.65","23.55","23.55","-0.0500","12639"
"2002A","中鋼特","4201","182393","43.35","43.45","43.35","43.45","-0.0500","7"
"2006","東和鋼鐵","2546032","177568967","70.50","70.70","69.10","69.50","-0.4000","2056"
"2007","燁興","794815","9354381","11.80","11.90","11.60","11.70","0.0000","359"
"2008","高興昌","123685","3048793","24.65","24.85","24.55","24.85","0.2000","97"
"2009","第一銅","7198047","371833703","52.20","52.30","51.30","51.30","-2.1000","4962"
"2010","春源","606529","12288097","20.35","20.45","20.20","20.30","-0.1500","424"
"2012","春雨","50349","1215416","24.00","24.30","24.00","24.05","-0.2000","60"
"2013","中鋼構","252452","14491523","58.00","58.00","57.20","57.40","-0.7000","285"
"2014","中鴻","4698381","104487348","22.30","22.40","22.20","22.20","-0.1000","2047"
"2015","豐興","134833","9673068","71.60","72.00","71.20","72.00","0.4000","133"
"2017","官田鋼","982020","14088487","14.50","14.50","14.30","14.30","-0.1000","471"
"2020","美亞","1232873","49901363","40.55","40.70","40.30","40.45","0.0000","739"
"2022","聚亨","656726","7783729","12.05","12.05","11.75","11.80","-0.1500","387"
"2023","燁輝","964494","14803249","15.45","15.45","15.30","15.35","0.0000","683"
"2024","志聯","56120","1319779","23.25","23.90","23.25","23.65","0.4000","68"
"2025","千興","1537313","18011837","11.80","11.95","11.55","11.70","-0.0500","529"
"2027","大成鋼","4228017","158654381","38.00","38.00","37.40","37.50","-0.3000","3025"
"2028","威致","92348","2494335","27.10","27.10","26.90","27.00","0.0000","82"
"2029","盛餘","268781","7450356","27.75","27.80","27.70","27.70","-0.0500","196"
"2030","彰源","585542","10733000","18.50","18.55","18.15","18.20","-0.2500","299"
"2031","新光鋼","823847","49754630","61.10","61.10","60.10","60.20","-0.7000","548"
"2032","新鋼","217358","3720982","17.35","17.35","17.00","17.10","-0.2000","145"
"2033","佳大","117098","1838216","15.90","15.90","15.65","15.65","-0.1000","82"
"2034","允強","283140","7217079","25.70","25.70","25.35","25.40","-0.2000","183"
"2038","海光","417584","8503312","20.45","20.60","20.20","20.25","-0.2000","387"
"2049","上銀","2025842","449250617","221.00","224.50","220.00","222.00","2.5000","2162"
"2059","川湖","892580","994771815","1145.00","1145.00","1100.00","1105.00","-10.0000","2191"
"2062","橋椿","744044","21638313","29.45","29.50","28.80","28.80","-0.7000","451"
"2069","運錩","124290","2048313","16.55","16.70","16.00","16.55","-0.1500","81"
"2101","南港","29437589","1875423242","64.40","65.20","62.60","63.40","-1.1000","19224"
"2102","泰豐","609327","12682181","21.00","21.05","20.65","20.65","-0.3500","464"
"2103","台橡","1325995","32053587","24.05","24.30","23.95","24.20","0.2500","835"
"2104","國際中橡","705921","12380048","17.60","17.65","17.45","17.50","-0.0500","451"
"2105","正新","34494671","1867078786","56.80","56.80","53.60","53.60","0.0000","17549"
"2106","建大","694189","24112245","35.05","35.10","34.40","34.65","-0.1000","772"
"2107","厚生","328652","8702752","26.50","26.60","26.45","26.45","-0.1500","216"
"2108","南帝","424298","14583714","34.55","34.55","34.20","34.30","-0.4000","517"
"2109","華豐","1339206","26138396","19.90","20.00","19.20","19.50","-0.3000","939"
"2114","鑫永銓","24590","2602825","106.50","106.50","105.50","105.50","0.0000","54"
"2115","六暉-KY","81388","2713851","33.30","33.75","33.25","33.35","0.0500","66"
"2201","裕隆","6895614","490731513","71.50","72.30","70.40","70.40","-0.1000","5217"
"2204","中華","2079846","262455297","128.50","128.50","125.00","125.00","-2.5000","1842"
"2206","三陽工業","2436361","186356478","77.30","77.30","76.20","76.50","-0.5000","1803"
"2207","和泰車","458150","283955453","611.00","624.00","611.00","622.00","12.0000","645"
"2208","台船","2757729","49125922","17.95","18.00","17.75","17.80","-0.1000","1750"
"2211","長榮鋼","3196662","471076976","144.50","149.00","143.00","148.50","4.0000","2176"
"2227","裕日車","23693","3280756","140.00","140.00","137.00","139.50","1.5000","57"
"2228","劍麟","1829853","229381792","125.00","129.50","121.50","122.50","-1.5000","1482"
"2231","為升","472557","61329199","130.00","131.00","128.50","129.50","0.5000","427"
"2233","宇隆","145341","19116340","133.00","133.00","131.00","131.00","-1.0000","225"
"2236","百達-KY","786847","62089560","79.00","79.70","77.80","78.60","0.0000","570"
"2239","英利-KY","131408","7434851","56.90","57.10","56.30","56.50","-0.4000","87"
"2241","艾姆勒","5398039","249342216","48.25","48.25","45.50","45.95","-1.7000","3326"
"2243","宏旭-KY","1248807","25405819","20.00","21.00","19.90","20.20","0.3500","870"
"2247","汎德永業","32465","10442649","323.50","323.50","321.00","321.50","1.0000","566"
"2250","IKKA-KY","2256256","270879293","122.00","123.50","115.00","117.50","-1.5000","2086"
"2254","巨鎧精密-創","286000","22827900","81.90","82.40","78.00","79.90","-0.6000","85"
"2258","鴻華先進-創","1088600","49649410","45.20","46.00","45.05","45.85","0.8000","462"
"2301","光寶科","25402491","2713349823","107.50","108.50","105.00","107.00","0.0000","13348"
"2302","麗正","387191","7287121","18.70","18.95","18.70","18.85","0.2000","266"
"2303","聯電","67883604","3630856926","53.80","53.90","53.20","53.50","-0.8000","28371"
"2305","全友","432906","10123844","23.60","23.75","23.10","23.15","-0.3500","252"
"2308","台達電","13412683","4599354145","337.50","347.00","336.50","346.00","9.5000","12433"
"2312","金寶","19261404","326807025","16.85","17.20","16.60","17.00","0.1500","6086"
"2313","華通","13319443","941785623","71.80","71.80","70.30","70.50","-0.7000","7668"
"2314","台揚","675152","21505039","32.30","32.30","31.65","31.75","0.0500","495"
"2316","楠梓電","1782539","82662849","46.80","47.45","45.85","46.40","-0.4500","1312"
"2317","鴻海","118389822","20630082753","171.00","178.00","168.50","175.50","4.5000","66523"
"2321","東訊","40172","656011","16.30","16.85","15.90","16.25","-0.0500","37"
"2323","中環","29946405","392656077","12.95","13.40","12.85","12.90","0.1500","6963"
"2324","仁寶","30547227","1117638304","37.10","37.30","36.30","36.30","-0.6000","14432"
"2327","國巨","2166606","1464228156","677.00","682.00","668.00","671.00","0.0000","3266"
"2328","廣宇","40969116","1678924593","39.80","42.50","39.40","41.90","2.4000","20080"
"2329","華泰","5381891","324500255","60.80","61.10","59.50","61.10","0.7000","3372"
"2330","台積電","32768781","27729500499","841.00","857.00","835.00","854.00","15.0000","41858"
"2331","精英","51780858","1818950886","36.65","36.75","34.20","34.35","-1.8000","21017"
"2332","友訊","1455587","26049964","17.75","18.00","17.75","17.85","0.1500","835"
"2337","旺宏","8946585","236137534","26.50","26.65","26.15","26.15","-0.3500","4346"
"2338","光罩","611972","43721633","72.00","72.00","71.00","71.30","0.1000","708"
"2340","台亞","1237731","49928740","40.50","40.85","40.00","40.00","-0.5000","829"
"2342","茂矽","268742","8682186","32.70","32.70","32.15","32.20","-0.1500","244"
"2344","華邦電","39711154","953638489","24.05","24.40","23.90","23.90","-0.2000","13189"
"2345","智邦","2991124","1583742682","531.00","539.00","522.00","528.00","-7.0000","4136"
"2347","聯強","15725464","1289690705","82.90","83.90","81.10","81.90","-0.8000","9361"
"2348","海悅","5240484","1306594636","250.00","262.00","240.00","243.50","0.0000","5922"
"2348A","海悅甲特","14300","481710","33.70","33.70","33.60","33.60","-0.1000","9"
"2349","錸德","4564330","42216771","9.31","9.48","9.15","9.15","-0.1400","1709"
"2351","順德","19891076","3032536543","152.00","160.00","145.00","145.00","-1.0000","13643"
"2352","佳世達","9901537","393821523","40.45","40.45","39.40","39.40","-0.6500","6578"
"2353","宏碁","43933000","2235138599","51.50","51.80","50.20","50.50","-0.7000","22149"
"2354","鴻準","58505553","4061186683","68.20","71.10","66.80","69.30","1.2000","34667"
"2355","敬鵬","7356420","337672724","45.60","47.00","45.05","45.05","-0.5500","5054"
"2356","英業達","23529959","1277896024","54.60","55.20","53.70","53.90","-0.5000","12987"
"2357","華碩","6803658","3328920081","498.00","499.00","486.50","488.50","-7.5000","10161"
"2359","所羅門","7152292","1142221278","164.50","168.00","153.00","164.00","-2.0000","7325"
"2360","致茂","1817804","504573454","283.00","284.00","275.50","276.50","-5.5000","5732"
"2362","藍天","7394045","436599866","59.50","61.00","57.50","58.00","-1.7000","5122"
"2363","矽統","19330698","1103588897","57.90","58.20","56.40","56.50","-1.6000","12229"
"2364","倫飛","107477","9459415","88.50","89.30","87.30","87.30","0.0000","136"
"2365","昆盈","9211266","310720678","35.50","35.70","32.80","33.05","-1.9500","6092"
"2367","燿華","29879333","1104631937","36.75","37.45","36.55","36.85","0.2000","13192"
"2368","金像電","4332042","849292468","199.50","200.50","194.00","195.50","-2.5000","4735"
"2369","菱生","4050039","95686960","24.30","24.30","23.10","23.40","-0.6000","2227"
"2371","大同","12802335","692439362","54.50","54.60","53.50","54.10","-0.3000","6671"
"2373","震旦行","47800","3544885","74.20","74.30","74.00","74.30","0.0000","58"
"2374","佳能","4346023","263199562","60.10","61.20","59.50","61.00","1.5000","2963"
"2375","凱美","649785","46052344","71.20","71.30","70.30","71.00","0.1000","536"
"2376","技嘉","6042441","1908213933","317.00","320.00","313.00","318.00","3.0000","7702"
"2377","微星","8614163","1624244540","192.50","192.50","186.00","186.00","-6.5000","10576"
"2379","瑞昱","8407423","4399629188","535.00","537.00","517.00","523.00","-11.0000","8361"
"2380","虹光","156377","1107931","7.18","7.18","7.04","7.06","0.0300","175"
"2382","廣達","14810732","4117873161","278.00","281.00","274.50","276.50","1.5000","12536"
"2383","台光電","3200740","1379293918","436.00","436.00","423.50","434.50","4.0000","3506"
"2385","群光","10047901","2005008874","199.50","202.00","196.00","200.50","1.5000","6613"
"2387","精元","569038","34840972","61.00","61.70","60.80","60.90","0.2000","475"
"2388","威盛","2449484","289776113","119.50","121.00","116.50","116.50","-2.5000","2296"
"2390","云辰","546951","7449384","13.50","13.70","13.50","13.60","0.1000","407"
"2392","正崴","3146868","221834022","71.30","71.50","69.60","69.60","-1.6000","2663"
"2393","億光","2430317","177111841","72.20","73.70","71.90","73.10","1.1000","1827"
"2395","研華","912028","330263753","359.50","365.50","359.50","361.00","-1.0000","1019"
"2397","友通","6741686","586787375","89.00","92.90","80.20","84.40","-1.2000","5435"
"2399","映泰","5486786","123783286","22.90","23.10","21.80","21.90","-0.6000","2129"
"2401","凌陽","10477626","365905472","35.65","35.70","34.45","34.90","-0.3000","5663"
"2402","毅嘉","2215390","76648547","35.05","35.05","34.25","34.60","-0.0500","1469"
"2404","漢唐","2447340","875290171","367.50","367.50","354.50","354.50","-9.5000","3176"
"2405","輔信","9495269","199377506","21.45","21.80","20.65","20.80","-0.4500","4286"
"2406","國碩","2023945","44233623","22.00","22.05","21.65","22.00","0.1500","1026"
"2408","南亞科","4444110","280665886","63.20","63.70","62.80","63.00","-0.2000","2947"
"2409","友達","16641969","292297427","17.50","17.70","17.50","17.50","0.0000","4771"
"2412","中華電","17426285","2224590357","127.50","128.00","126.50","127.00","0.0000","8507"
"2413","環科","151248","3693795","24.40","24.70","24.20","24.20","-0.2500","123"
"2414","精技","141094","5311196","37.90","37.90","37.50","37.55","-0.2500","138"
"2415","錩新","144609","3981196","28.10","28.10","27.25","27.40","0.3000","127"
"2417","圓剛","38263571","1929708425","55.50","55.90","48.60","48.60","-5.4000","20131"
"2419","仲琦","992428","31398847","31.35","32.10","31.35","31.45","-0.0500","792"
"2420","新巨","471964","29213081","62.40","62.50","61.50","61.80","-0.5000","515"
"2421","建準","4642328","540259253","117.50","118.50","115.00","117.00","0.0000","2562"
"2423","固緯","387270","16377256","42.45","42.75","42.00","42.05","-0.4000","364"
"2424","隴華","2050","62329","30.45","30.45","30.35","30.35","0.3000","7"
"2425","承啟","1940607","80893028","42.35","42.95","40.60","40.70","-1.6000","1295"
"2426","鼎元","479183","8733370","18.45","18.45","18.10","18.15","-0.2500","489"
"2427","三商電","10686811","326516680","30.30","31.00","30.05","30.70","0.5000","5039"
"2428","興勤","168073","28278072","170.50","170.50","167.00","167.50","-1.0000","1074"
"2429","銘旺科","57000","1156500","20.45","20.45","20.20","20.25","0.0000","33"
"2430","燦坤","46126","1671770","36.25","36.35","36.15","36.25","0.1000","81"
"2431","聯昌","229013","2901762","12.80","12.80","12.60","12.60","-0.2000","116"
"2432","倚天酷碁-創","2000","77800","38.90","38.90","38.90","38.90","-0.1000","1"
"2433","互盛電","18439","986509","53.50","53.60","53.40","53.50","0.0000","24"
"2434","統懋","34725","1147036","33.10","33.45","32.80","33.20","0.1000","34"
"2436","偉詮電","1064220","69306101","66.10","66.20","64.60","64.60","-0.7000","877"
"2438","翔耀","3000225","88225133","27.00","30.05","27.00","30.05","2.7000","1605"
"2439","美律","1287426","161692947","125.00","127.00","124.50","125.50","1.0000","953"
"2440","太空梭","1461531","24015829","16.80","16.85","16.15","16.15","-0.6500","688"
"2441","超豐","498152","31315019","63.50","63.60","62.60","62.70","-0.6000","1070"
"2442","新美齊","4837943","163698418","34.30","34.90","33.20","33.45","-0.8000","2539"
"2444","兆勁","1257570","16498816","13.00","13.35","12.80","13.25","0.4500","447"
"2449","京元電子","14386212","1292181181","91.50","91.60","89.20","89.20","-1.4000","9229"
"2450","神腦","97152","3875359","39.85","39.95","39.80","39.95","0.1000","95"
"2451","創見","4727426","538106818","113.50","116.00","111.50","114.00","0.5000","3543"
"2453","凌群","4085780","270504666","68.10","68.30","65.00","65.20","-3.1000","3552"
"2454","聯發科","5975669","7341922500","1240.00","1245.00","1220.00","1230.00","-10.0000","10113"
"2455","全新","1603219","230402779","144.00","146.50","141.00","144.50","1.0000","1493"
"2457","飛宏","11150644","586671925","52.10","53.40","51.50","51.80","-0.2000","5983"
"2458","義隆","2002606","320593652","162.50","163.00","159.00","159.00","-3.0000","1990"
"2459","敦吉","73078","5317738","72.70","73.20","72.40","72.60","-0.2000","99"
"2460","建通","1008550","34702244","35.35","35.35","33.95","33.95","0.0500","687"
"2461","光群雷","431228","10667296","24.80","25.00","24.65","24.80","0.0000","323"
"2462","良得電","360133","12637988","35.70","35.70","34.90","34.95","-0.5500","357"
"2464","盟立","17053401","1135440586","68.60","69.30","65.20","65.60","-2.3000","11586"
"2465","麗臺","6178946","794915768","129.00","132.00","126.50","127.50","-0.5000","4919"
"2466","冠西電","21792","815898","37.80","37.85","37.10","37.70","0.0500","37"
"2467","志聖","1597187","208131636","132.50","133.50","129.00","129.00","-3.5000","1724"
"2468","華經","252524","6881276","27.55","27.55","27.10","27.10","-0.1000","230"
"2471","資通","197049","11152744","56.60","57.00","56.40","56.50","0.0000","220"
"2472","立隆電","515570","39407105","76.50","76.90","76.00","76.30","0.0000","496"
"2474","可成","2343396","523195363","227.00","227.00","221.50","222.00","-3.5000","5801"
"2476","鉅祥","3548074","328115160","94.10","94.60","91.20","91.80","-2.1000","2776"
"2477","美隆電","40970","904938","22.00","22.25","22.00","22.10","-0.1000","74"
"2478","大毅","1140638","62029633","54.20","55.30","53.60","53.80","0.0000","491"
"2480","敦陽科","176819","22508713","127.00","128.00","127.00","127.00","0.0000","210"
"2481","強茂","853417","49065057","58.40","58.40","57.20","57.20","-0.9000","752"
"2482","連宇","18239499","717929993","37.60","40.85","37.40","40.85","3.7000","10859"
"2483","百容","308854","7889705","25.60","25.85","25.45","25.50","0.0500","235"
"2484","希華","602857","19111194","32.05","32.10","31.50","31.55","-0.2500","501"
"2485","兆赫","743742","15549522","21.15","21.15","20.80","20.90","-0.1000","614"
"2486","一詮","43046667","4533452905","107.00","110.00","102.00","103.00","-1.0000","23403"
"2488","漢平","180937","8665974","48.20","48.20","47.75","47.90","0.0000","315"
"2489","瑞軒","21983906","439167363","20.60","20.60","19.70","19.70","-0.8000","11283"
"2491","吉祥全","168667","2636294","15.80","15.85","15.55","15.60","-0.2000","102"
"2492","華新科","1108386","125550157","113.00","114.50","112.00","112.50","0.0000","1007"
"2493","揚博","185706","17539848","94.80","94.80","93.80","94.60","0.1000","220"
"2495","普安","18197198","548700935","31.20","31.80","29.20","29.55","-1.0500","9819"
"2496","卓越","35400","2593503","73.00","74.90","72.80","73.40","0.7000","45"
"2497","怡利電","506720","29963444","58.70","59.50","58.60","58.80","0.1000","835"
"2498","宏達電","3465701","151310657","43.75","44.35","43.15","43.15","-0.5500","2399"
"2501","國建","13587780","487391116","36.45","36.60","35.45","35.60","-0.6000","7102"
"2504","國產","12877070","591658581","46.25","46.45","45.40","45.85","-0.2500","6271"
"2505","國揚","718898","20266489","28.35","28.70","27.90","28.10","-0.1000","842"
"2506","太設","2630981","33504044","12.90","13.00","12.50","12.60","-0.1000","978"
"2509","全坤建","709106","17189807","24.40","24.70","23.95","24.15","-0.2000","597"
"2511","太子","2347603","28415998","12.30","12.35","11.95","12.05","-0.1500","1017"
"2514","龍邦","2046463","47765589","23.85","24.15","23.20","23.35","-0.5000","987"
"2515","中工","28493961","479097776","17.00","17.10","16.55","16.75","-0.1500","7786"
"2516","新建","454228","5292697","11.70","11.75","11.60","11.60","0.0000","175"
"2520","冠德","14511034","884857691","60.90","62.40","60.20","60.90","0.1000","11499"
"2524","京城","6135919","358958273","59.40","62.20","56.80","57.60","-0.2000","3149"
"2527","宏璟","4188840","204338975","51.00","51.10","47.85","48.20","-2.2000","3056"
"2528","皇普","583810","28631058","49.80","50.30","48.55","48.85","-0.9500","452"
"2530","華建","1187790","57059316","49.40","49.40","47.35","48.15","-0.7500","898"
"2534","宏盛","1924222","52941376","27.95","27.95","27.20","27.50","-0.2500","1449"
"2535","達欣工","418454","22562903","54.00","54.40","53.80","54.00","0.2000","387"
"2536","宏普","596786","21248833","35.75","36.05","35.30","35.40","-0.3000","538"
"2537","聯上發","32511231","711980378","22.85","23.35","21.30","21.35","-1.5000","12823"
"2538","基泰","2971034","57524491","19.70","19.80","19.15","19.15","-0.5500","1067"
"2539","櫻花建","558209","41401007","73.40","74.70","73.40","74.60","1.1000","519"
"2540","愛山林","5398989","995167356","175.50","188.50","174.50","186.00","11.5000","10679"
"2542","興富發","5859803","273333344","46.50","47.30","46.30","46.55","0.0500","5872"
"2543","皇昌","4759402","228719189","49.70","49.70","46.50","47.00","-1.9500","3384"
"2545","皇翔","1985107","123776524","63.10","63.60","61.50","61.70","-0.8000","1965"
"2546","根基","462747","44644852","98.00","98.20","95.50","95.80","-1.7000","509"
"2547","日勝生","3755070","42052402","11.45","11.45","11.10","11.10","-0.2500","1318"
"2548","華固","4122485","659621353","161.50","162.50","157.50","159.50","-1.5000","3111"
"2597","潤弘","341437","62072724","183.00","184.50","179.50","181.00","-2.0000","1978"
"2601","益航","5317059","45672481","8.40","8.70","8.40","8.48","0.1000","1708"
"2603","長榮","55478389","12089387487","213.00","221.00","213.00","217.00","6.0000","33138"
"2605","新興","35141581","1131463166","31.20","32.90","31.20","32.10","1.0500","17090"
"2606","裕民","12509830","748324357","58.50","60.50","58.50","59.80","1.6000","7698"
"2607","榮運","3117189","103706425","32.75","33.70","32.75","32.85","0.1500","1942"
"2608","嘉里大榮","776431","34811104","45.00","45.50","44.55","44.65","-0.3500","631"
"2609","陽明","257212147","20704815427","77.30","82.30","77.30","80.40","4.7000","126519"
"2610","華航","27527835","616091168","22.20","22.55","22.20","22.25","0.1000","7990"
"2611","志信","24501680","837269203","32.00","35.00","32.00","34.20","2.2000","13963"
"2612","中航","1729773","86488195","48.85","50.80","48.85","49.55","1.0000","1155"
"2613","中櫃","3411411","138625211","38.30","41.10","38.30","41.10","3.7000","1877"
"2614","東森","608545","12254720","20.20","20.25","20.05","20.20","0.0500","535"
"2615","萬海","62926902","5482144062","83.60","88.00","83.20","88.00","8.0000","22531"
"2616","山隆","187030","4802627","25.75","25.75","25.65","25.70","-0.0500","511"
"2617","台航","4700261","179964549","37.50","38.65","37.50","38.30","0.8000","2562"
"2618","長榮航","100138559","3573035439","35.60","35.90","35.30","35.65","0.3000","25970"
"2630","亞航","1764679","71833796","40.15","41.50","40.15","40.50","0.6000","1181"
"2633","台灣高鐵","4496936","134248106","29.80","30.00","29.75","29.80","0.0000","1889"
"2634","漢翔","5540158","298799867","54.10","54.40","53.70","53.80","0.3000","3136"
"2636","台驊投控","5504035","619700513","112.00","115.50","110.00","110.00","-0.5000","4959"
"2637","慧洋-KY","6461828","494749379","75.70","77.50","75.40","76.10","1.3000","4667"
"2642","宅配通","79917","3073045","38.45","38.55","38.35","38.40","-0.0500","219"
"2645","長榮航太","651541","71439579","110.50","110.50","109.00","109.00","-1.0000","846"
"2701","萬企","309677","4136479","13.45","13.45","13.30","13.40","0.0000","140"
"2702","華園","119609","2336362","19.70","19.70","19.45","19.60","-0.0500","201"
"2704","國賓","297831","20511044","69.00","69.30","68.50","69.10","-0.2000","310"
"2705","六福","349664","7061481","20.35","20.50","20.05","20.15","-0.0500","384"
"2706","第一店","230611","3742317","16.35","16.35","16.15","16.20","-0.0500","153"
"2707","晶華","484540","108065526","225.50","225.50","222.00","223.50","0.0000","566"
"2712","遠雄來","11000","334000","30.40","30.60","30.10","30.60","0.2000","11"
"2722","夏都","213700","12596697","59.60","59.70","58.50","58.90","-0.3000","217"
"2723","美食-KY","160319","14614108","91.50","91.50","90.90","91.20","0.2000","148"
"2727","王品","194677","45690141","235.00","235.50","234.00","234.50","-0.5000","439"
"2731","雄獅","649172","99546037","154.00","155.00","152.50","153.00","-1.0000","665"
"2739","寒舍","756426","48649009","64.10","65.20","63.70","64.00","-0.6000","643"
"2748","雲品","211020","14877023","71.20","71.20","70.20","70.40","-0.1000","192"
"2753","八方雲集","104201","17404396","167.50","168.00","166.50","167.00","-0.5000","185"
"2762","世界健身-KY","303092","30355087","99.80","102.50","99.10","99.30","0.3000","313"
"2801","彰銀","7584125","137450809","18.10","18.20","18.10","18.10","0.0500","2551"
"2809","京城銀","12107322","721161084","58.70","60.60","58.10","59.40","0.6000","6686"
"2812","台中銀","3839877","71325373","18.55","18.65","18.45","18.55","0.0500","1906"
"2816","旺旺保","209637","6962078","33.20","33.40","33.10","33.15","-0.0500","151"
"2820","華票","629557","9653053","15.35","15.40","15.30","15.35","0.0500","284"
"2832","台產","214116","6039888","28.15","28.30","28.15","28.20","0.0500","146"
"2834","臺企銀","17486730","295835247","16.80","17.00","16.75","16.95","0.2000","5433"
"2836","高雄銀","1261609","14703737","11.65","11.70","11.60","11.65","0.0500","549"
"2836A","高雄銀甲特","14000","295400","21.10","21.10","21.10","21.10","0.0000","2"
"2838","聯邦銀","1354542","21302820","15.65","15.80","15.65","15.70","0.0500","542"
"2838A","聯邦銀甲特","21396","1141344","53.40","53.40","53.30","53.40","0.1000","14"
"2845","遠東銀","3576656","55694819","15.50","15.65","15.45","15.55","0.0500","1610"
"2849","安泰銀","79184","1122619","14.20","14.25","14.10","14.25","0.0000","55"
"2850","新產","1513912","145123347","95.40","96.70","94.80","95.80","0.1000","1142"
"2851","中再保","2288591","63853243","27.80","28.00","27.80","27.95","0.1500","876"
"2852","第一保","553225","13867345","25.20","25.20","24.95","25.15","-0.0500","371"
"2855","統一證","7386069","204338901","27.10","28.00","27.05","27.95","0.8500","3421"
"2867","三商壽","23745916","173231536","7.40","7.42","7.21","7.22","-0.1700","5755"
"2880","華南金","19125026","472849697","24.50","24.90","24.50","24.65","0.2500","6046"
"2881","富邦金","15157682","1120518855","73.40","74.30","73.30","74.00","0.4000","7660"
"2881A","富邦特","77011","4842387","62.90","62.90","62.80","62.90","0.0000","77"
"2881B","富邦金乙特","24656","1463043","59.30","59.50","59.30","59.50","0.0000","22"
"2881C","富邦金丙特","29178","1568637","53.80","53.90","53.70","53.90","0.0000","64"
"2882","國泰金","15925587","901279394","56.50","57.00","56.10","56.50","0.1000","7158"
"2882A","國泰特","31458","1909513","60.80","60.80","60.70","60.70","0.0000","27"
"2882B","國泰金乙特","90512","5330711","59.00","59.30","58.80","59.30","-0.1000","38"
"2883","開發金","43569470","615575535","14.05","14.25","14.00","14.10","0.1000","6744"
"2883B","開發金乙特","1258124","9406471","7.51","7.51","7.47","7.47","-0.0100","277"
"2884","玉山金","25039850","715574468","28.50","28.75","28.25","28.60","0.2500","10912"
"2885","元大金","14535715","456779020","31.35","31.65","31.30","31.30","-0.1500","4763"
"2886","兆豐金","17799440","696045705","39.30","39.30","39.00","39.15","0.0000","8804"
"2887","台新金","10687140","196595885","18.35","18.45","18.30","18.40","0.0000","3681"
"2887E","台新戊特","94768","4983170","52.60","52.60","52.50","52.60","0.0000","32"
"2887F","台新戊特二","19340","913289","47.25","47.25","47.20","47.25","0.0000","19"
"2887Z1","台新己特","2022","33812","16.75","16.75","16.75","16.75","0.0500","16"
"2888","新光金","85556362","799965461","9.40","9.48","9.28","9.28","-0.0700","13441"
"2888A","新光金甲特","46069","1362933","29.60","29.65","29.50","29.65","0.1000","28"
"2888B","新光金乙特","13805","408502","29.60","29.60","29.60","29.60","0.1000","19"
"2889","國票金","32133541","484259754","14.85","15.20","14.85","15.05","0.2000","5398"
"2890","永豐金","16587062","382862914","22.90","23.20","22.90","23.05","-0.0500","4774"
"2891","中信金","91951318","3338356943","36.10","36.60","35.85","36.30","-0.0500","20593"
"2891B","中信金乙特","2297","137878","60.00","60.10","60.00","60.10","0.0000","14"
"2891C","中信金丙特","354","20647","","","","","0.0000","8"
"2892","第一金","13516580","371636761","27.40","27.65","27.40","27.45","0.0000","3941"
"2897","王道銀行","5446152","57453368","10.55","10.60","10.45","10.55","0.0000","905"
"2897A","王道銀甲特","52006","547313","10.50","10.55","10.50","10.55","0.0500","13"
"2901","欣欣","26259","720677","27.30","27.60","27.30","27.55","0.0500","96"
"2903","遠百","4511753","145837073","32.10","32.60","32.00","32.00","0.0500","2392"
"2904","匯僑","18214","344237","18.85","18.95","18.85","18.95","0.1000","29"
"2905","三商","2625109","47572068","18.55","18.55","17.85","18.20","-0.2500","1204"
"2906","高林","606639","12693694","20.85","21.15","20.75","21.00","0.1500","249"
"2908","特力","212439","4449840","20.90","21.05","20.85","21.00","0.0500","77"
"2910","統領","8000","220350","27.35","27.75","27.35","27.55","0.0000","8"
"2911","麗嬰房","99211","703980","7.18","7.18","7.05","7.11","0.0000","265"
"2912","統一超","766232","207462333","270.00","272.00","270.00","270.00","-1.0000","884"
"2913","農林","1139248","24094397","21.30","21.35","21.05","21.05","-0.1000","776"
"2915","潤泰全","3174931","217972702","69.00","69.30","68.20","68.70","-0.1000","2886"
"2923","鼎固-KY","53328","1571234","30.00","30.00","29.15","29.80","-0.6000","139"
"2929","淘帝-KY","281860","2626182","9.42","9.42","9.27","9.28","-0.1400","216"
"2939","凱羿-KY","31001","776825","25.30","25.30","25.00","25.05","-0.4000","31"
"2945","三商家購","25239","1140718","45.40","45.45","45.00","45.00","-0.4000","28"
"3002","歐格","285035","4591563","16.40","16.40","16.00","16.00","-0.4000","187"
"3003","健和興","411417","33296233","80.70","81.50","80.40","80.50","-0.2000","588"
"3004","豐達科","248307","26198431","106.50","106.50","105.00","105.50","-0.5000","210"
"3005","神基","10309260","1180019896","115.50","116.50","113.00","113.50","-2.0000","5592"
"3006","晶豪科","3331602","303964469","92.20","93.00","90.50","90.90","-1.0000","2575"
"3008","大立光","588552","1363540385","2295.00","2335.00","2285.00","2330.00","35.0000","2843"
"3010","華立","1029002","128768577","125.00","126.00","123.50","125.50","0.5000","910"
"3011","今皓","514708","15345362","30.10","30.30","29.50","29.70","-0.4000","437"
"3013","晟銘電","27950255","2585905113","92.70","94.40","91.20","91.60","0.5000","18140"
"3014","聯陽","3144214","538144129","172.50","173.00","169.00","171.00","-1.0000","4817"
"3015","全漢","11096701","753821503","69.00","70.90","64.50","65.30","0.8000","8178"
"3016","嘉晶","370510","22636228","61.50","61.70","60.80","60.90","-0.5000","410"
"3017","奇鋐","14707031","10243145661","725.00","726.00","677.00","685.00","-36.0000","22383"
"3018","隆銘綠能","12299","193290","15.65","15.70","15.65","15.65","0.0000","88"
"3019","亞光","2889529","195653900","67.00","68.50","66.80","67.30","0.8000","2388"
"3021","鴻名","252118","6167707","25.05","25.10","24.30","24.40","-0.4000","242"
"3022","威強電","2968544","260017743","88.50","89.30","86.30","86.40","-2.1000","6808"
"3023","信邦","383717","113324605","295.50","297.00","293.00","294.50","-1.0000","1286"
"3024","憶聲","2198856","47254462","21.60","21.80","21.20","21.75","0.2000","886"
"3025","星通","2244429","158703949","72.50","72.50","69.90","70.00","-1.9000","2286"
"3026","禾伸堂","127825","12601687","98.70","99.00","98.10","98.60","-0.1000","254"
"3027","盛達","650896","26098845","39.90","40.55","39.80","40.10","0.7000","534"
"3028","增你強","573659","20560345","36.00","36.00","35.70","35.80","-0.2000","372"
"3029","零壹","462229","34345198","75.50","75.50","73.80","74.00","-1.0000","538"
"3030","德律","18860352","3235706050","166.00","182.50","156.00","178.50","7.5000","14022"
"3031","佰鴻","1211778","27236194","23.15","23.15","22.15","22.20","-0.9500","870"
"3032","偉訓","1431558","107104591","75.80","76.20","74.20","74.60","-1.0000","1160"
"3033","威健","6917235","266401015","39.00","39.30","38.15","38.20","-0.6500","3893"
"3034","聯詠","5552054","3351096895","596.00","608.00","595.00","605.00","10.0000","5388"
"3035","智原","7279192","2180641660","302.00","303.50","297.00","298.00","-4.0000","18107"
"3036","文曄","2131581","249439344","117.00","118.50","116.00","117.00","0.5000","1929"
"3036A","文曄甲特","17000","804550","47.30","47.40","47.30","47.40","0.1000","10"
"3037","欣興","5690018","1057566725","188.00","189.00","184.00","185.50","-2.0000","5113"
"3038","全台","313498","10233475","32.80","32.85","32.55","32.55","-0.2000","642"
"3040","遠見","491770","18242247","36.20","37.80","36.20","36.75","0.5500","369"
"3041","揚智","1192072","25465583","21.70","21.75","21.00","21.45","-0.2500","808"
"3042","晶技","2892710","335481015","115.00","117.00","115.00","116.00","2.5000","2243"
"3043","科風","100504","3112660","31.20","31.20","30.75","31.05","-0.1000","117"
"3044","健鼎","6410245","1386671796","220.00","221.50","214.00","216.50","-4.0000","7991"
"3045","台灣大","5428558","581080859","106.50","107.50","106.50","107.00","0.5000","2329"
"3046","建碁","225585","14202424","63.50","63.50","62.50","62.60","-0.7000","258"
"3047","訊舟","16702763","408935377","24.95","25.20","24.05","24.10","-0.5000","7046"
"3048","益登","44103067","1583041418","38.80","38.80","34.35","34.65","-3.5000","24847"
"3049","精金","1412546","11871298","8.46","8.46","8.38","8.38","-0.0400","495"
"3050","鈺德","2847709","61799519","21.75","22.05","21.35","21.40","-0.2500","642"
"3051","力特","699507","23300653","33.75","33.90","33.05","33.15","-0.1500","641"
"3052","夆典","675801","9042269","13.50","13.50","13.30","13.30","-0.2500","309"
"3054","立萬利","17005","348401","20.20","20.85","20.20","20.30","0.1000","15"
"3055","蔚華科","7170592","629473685","92.10","93.20","85.00","85.60","-6.7000","5819"
"3056","富華新","3080412","106318519","34.70","34.90","34.25","34.35","-0.3500","2723"
"3057","喬鼎","1210120","18263954","14.40","15.50","14.40","15.05","0.7000","781"
"3058","立德","1001362","20930851","20.95","21.40","20.55","20.60","-0.0500","871"
"3059","華晶科","5855128","247898306","43.45","43.45","41.95","42.25","-0.5500","3933"
"3060","銘異","6702197","219323572","33.80","34.15","32.00","32.15","-1.5000","4360"
"3062","建漢","9286244","229427072","24.40","25.25","23.85","24.95","0.8000","4176"
"3090","日電貿","595152","40855442","69.00","69.30","68.40","68.70","-0.3000","499"
"3092","鴻碩","211205","6666587","32.10","32.10","31.20","31.55","-0.5500","495"
"3094","聯傑","226244","7096375","32.05","32.05","31.10","31.30","-0.4000","183"
"3130","一零四","20029","4697474","234.50","237.00","234.00","234.50","0.0000","93"
"3138","耀登","382009","51446844","135.00","138.00","132.00","132.50","-0.5000","492"
"3149","正達","975434","23140926","23.55","23.95","23.40","23.80","0.0000","693"
"3164","景岳","68486","1687885","24.60","24.70","24.60","24.60","0.0000","111"
"3167","大量","412638","24013797","57.60","59.40","57.30","58.60","2.0000","308"
"3168","眾福科","117105","7479033","64.30","64.30","63.60","63.60","-0.7000","92"
"3189","景碩","2612311","243102295","94.30","94.40","92.60","93.00","-1.3000","2444"
"3209","全科","656421","23642292","36.15","36.30","35.90","35.90","-0.2000","511"
"3229","晟鈦","1969293","41328546","20.80","21.25","19.80","21.25","1.9000","1105"
"3231","緯創","32182825","3615745497","113.00","113.50","111.50","112.00","-0.5000","18804"
"3257","虹冠電","220414","13845583","63.20","63.20","62.50","62.50","-0.7000","326"
"3266","昇陽","2729898","74099580","27.20","27.95","26.35","27.50","-0.2500","1377"
"3296","勝德","846170","19737194","23.75","23.95","22.95","23.30","-0.4500","547"
"3305","昇貿","4516863","341080064","77.70","77.80","73.80","74.20","-1.9000","3858"
"3308","聯德","704121","20266600","29.60","29.60","28.05","28.50","-0.5500","600"
"3311","閎暉","71429","2876268","40.15","40.45","40.15","40.20","-0.1500","74"
"3312","弘憶股","6251854","416792828","69.70","70.20","64.50","67.40","-2.3000","4758"
"3321","同泰","924761","19713146","21.20","21.80","21.00","21.10","-0.2000","650"
"3338","泰碩","8177050","707568405","89.10","89.70","85.20","85.30","-3.2000","6149"
"3346","麗清","298572","12411138","41.95","42.00","41.45","41.45","-0.1000","272"
"3356","奇偶","16142709","1219726938","76.50","81.00","71.10","73.40","-2.0000","10704"
"3376","新日興","13429727","2923688585","219.50","222.50","211.50","216.50","-3.0000","20840"
"3380","明泰","6439802","232428247","35.45","36.70","35.45","35.60","0.5000","3750"
"3406","玉晶光","3803576","2078540680","543.00","554.00","532.00","551.00","16.0000","4086"
"3413","京鼎","624211","190688009","305.50","307.50","302.00","305.50","1.5000","1174"
"3416","融程電","207446","32347568","155.50","157.00","154.50","156.00","1.5000","228"
"3419","譁裕","1033507","18110955","17.90","17.95","17.10","17.35","-0.3000","555"
"3432","台端","1485774","40081766","28.70","28.70","26.05","26.40","-2.3000","1002"
"3437","榮創","1140370","32119891","28.55","28.60","27.90","28.05","-0.4500","843"
"3443","創意","2781951","4329929270","1560.00","1580.00","1505.00","1580.00","45.0000","5575"
"3447","展達","90085","2973585","33.05","33.35","32.55","32.65","-0.4500","131"
"3450","聯鈞","8482897","712038826","85.50","87.00","82.60","82.70","-3.2000","6499"
"3454","晶睿","208357","29249235","141.00","142.50","138.50","139.50","-0.5000","339"
"3481","群創","30332811","408776706","13.45","13.60","13.40","13.40","-0.0500","8146"
"3494","誠研","350682","2358785","6.76","6.76","6.65","6.74","0.0500","112"
"3501","維熹","253072","17121228","68.00","68.20","67.30","67.40","-0.5000","357"
"3504","揚明光","330944","19312954","58.40","59.10","57.50","58.50","0.2000","385"
"3515","華擎","708260","166076669","238.00","239.50","232.00","232.50","-3.5000","929"
"3518","柏騰","758968","23485280","31.60","32.20","30.30","30.35","-1.2500","463"
"3528","安馳","81255","3979428","49.20","49.30","48.75","48.90","-0.3500","66"
"3530","晶相光","353371","36701019","105.50","106.50","102.50","102.50","-1.5000","302"
"3532","台勝科","1677155","291128105","172.00","175.00","171.50","174.00","4.0000","1569"
"3533","嘉澤","992346","1588060740","1635.00","1645.00","1580.00","1595.00","-30.0000","1537"
"3535","晶彩科","1857283","52179875","29.00","29.00","27.70","27.90","-0.7500","1175"
"3543","州巧","62376","1467498","23.55","23.85","23.40","23.65","0.1000","47"
"3545","敦泰","1639256","147690603","90.80","91.30","89.40","89.40","-1.3000","1605"
"3550","聯穎","62133","962106","15.60","15.60","15.45","15.60","0.0000","54"
"3557","嘉威","708794","56150935","80.00","80.60","78.20","78.20","-1.7000","572"
"3563","牧德","444794","163185547","372.00","372.50","364.00","364.50","-7.5000","695"
"3576","聯合再生","7422537","90467343","12.00","12.35","11.90","12.35","0.3500","2462"
"3583","辛耘","866565","285726837","331.00","334.00","327.00","327.00","-4.0000","2091"
"3588","通嘉","1036067","92781965","91.00","92.70","88.30","88.30","-1.6000","958"
"3591","艾笛森","4175252","114574124","26.50","28.10","26.40","27.20","1.5500","2415"
"3592","瑞鼎","1635264","689989665","424.00","428.50","416.00","421.50","-0.5000","1826"
"3593","力銘","104719","1161730","10.75","11.25","10.75","11.25","0.5000","99"
"3596","智易","2663002","439357113","168.50","169.00","163.50","163.50","-4.0000","2648"
"3605","宏致","3334471","162543102","50.10","51.20","47.35","47.50","-2.2500","2737"
"3607","谷崧","931277","17351118","18.80","19.10","18.30","18.30","-0.3000","513"
"3617","碩天","1044237","290897518","286.00","286.50","274.00","274.00","-9.5000","5956"
"3622","洋華","1049208","62594252","60.00","61.00","58.70","58.70","-1.0000","1436"
"3645","達邁","580503","24305762","42.55","42.55","41.50","41.70","-0.6500","427"
"3652","精聯","290613","9644057","33.20","33.55","33.00","33.00","-0.2000","242"
"3653","健策","738575","732526151","1005.00","1015.00","976.00","1010.00","5.0000","4787"
"3661","世芯-KY","2356230","6783558295","2890.00","2925.00","2805.00","2920.00","40.0000","5654"
"3665","貿聯-KY","5461268","1557810994","289.50","292.00","279.00","285.50","-1.5000","13470"
"3669","圓展","1483531","83969490","59.80","59.80","54.70","54.70","-4.8000","1697"
"3673","TPK-KY","1108606","41495927","37.65","37.85","37.20","37.30","-0.3500","839"
"3679","新至陞","131676","18983307","147.00","147.00","143.00","144.00","-2.0000","173"
"3686","達能","1221898","23514319","19.80","19.80","19.00","19.10","-0.6500","1038"
"3694","海華","1208988","62218336","52.50","53.10","50.70","50.70","-1.5000","1154"
"3701","大眾控","558263","30394006","54.90","55.30","54.10","54.30","-0.5000","563"
"3702","大聯大","3864273","333721357","85.60","87.00","85.60","86.20","0.2000","3317"
"3702A","大聯大甲特","65520","3201177","48.85","48.90","48.85","48.90","0.0500","36"
"3703","欣陸","4898075","178579159","36.90","36.95","36.05","36.50","-0.2000","3817"
"3704","合勤控","1538675","63048522","41.30","41.55","40.40","40.60","-0.7000","1129"
"3705","永信","668540","37411649","55.90","56.30","55.50","55.90","0.6000","747"
"3706","神達","11029068","520881204","47.80","48.35","46.60","46.65","-1.1000","7341"
"3708","上緯投控","12726798","1917520709","149.00","156.00","144.00","150.00","2.5000","9811"
"3711","日月光投控","12822743","2019941050","158.50","159.00","156.50","157.00","-2.5000","6637"
"3712","永崴投控","3016528","138585747","46.40","46.80","45.35","45.45","-0.8500","2162"
"3714","富采","4601909","200788720","44.30","44.75","43.10","43.60","-0.7000","3095"
"3715","定穎投控","2909940","176989319","61.00","61.90","60.30","60.40","0.0000","2184"
"4104","佳醫","93609","8390323","89.50","89.90","89.50","89.90","0.5000","203"
"4106","雃博","207723","5845736","28.10","28.25","28.10","28.20","-0.0500","124"
"4108","懷特","989336","19772361","20.10","20.35","19.55","20.35","0.5000","1676"
"4119","旭富","260873","24241207","92.70","93.40","92.60","92.90","0.4000","742"
"4133","亞諾法","178724","5925250","33.50","33.50","33.05","33.20","-0.0500","245"
"4137","麗豐-KY","79490","13254705","167.00","167.50","166.00","167.00","0.0000","95"
"4142","國光生","434669","12044622","27.80","27.80","27.50","27.80","0.2000","303"
"4148","全宇生技-KY","27009","1353751","50.40","50.40","49.90","50.00","0.1000","28"
"4155","訊映","400198","10450250","26.30","26.40","25.90","26.15","-0.1000","391"
"4164","承業醫","658209","33958357","52.50","52.50","51.30","51.30","-0.9000","618"
"4190","佐登-KY","30766","1458347","47.10","47.80","47.10","47.15","0.0500","59"
"4306","炎洲","1647711","32494168","19.90","19.90","19.65","19.80","0.0000","846"
"4414","如興","614019","1897993","3.07","3.13","3.07","3.10","0.0100","128"
"4426","利勤","82377","1390851","16.85","17.00","16.80","16.90","-0.0500","95"
"4438","廣越","241777","27842476","113.50","116.00","113.50","115.00","1.5000","189"
"4439","冠星-KY","13021","1410798","109.00","109.00","108.00","108.50","-0.5000","17"
"4440","宜新實業","268201","6943890","25.95","26.00","25.80","25.80","-0.2000","168"
"4526","東台","8115224","195824945","24.05","24.95","23.25","23.95","-0.1000","4298"
"4532","瑞智","6748749","190012469","29.20","29.20","27.60","27.90","-1.3000","3675"
"4536","拓凱","112214","22774114","205.50","205.50","202.00","202.00","-2.5000","889"
"4540","全球傳動","251476","8876953","35.00","35.75","34.90","35.00","0.1500","197"
"4545","銘鈺","797166","33720336","43.15","44.25","41.05","41.35","-1.7500","698"
"4551","智伸科","197479","21929178","113.00","113.00","109.50","110.00","-2.5000","337"
"4552","力達-KY","133419","3861463","29.15","29.15","28.85","28.95","-0.1000","122"
"4555","氣立","72276","4026827","56.60","56.60","54.80","56.30","1.5000","65"
"4557","永新-KY","20035","2420740","121.50","121.50","120.50","121.00","0.5000","28"
"4560","強信-KY","111768","4143578","37.25","37.25","36.95","37.00","-0.2000","53"
"4562","穎漢","11174837","507110272","48.40","49.00","42.60","42.60","-4.4500","7558"
"4564","元翎","522334","12737370","24.20","24.65","24.20","24.35","-0.1500","428"
"4566","時碩工業","15279210","1140438216","78.50","78.60","71.50","72.90","-1.0000","9001"
"4569","六方科-KY","58040","6286975","112.00","112.50","105.50","107.00","-2.5000","96"
"4571","鈞興-KY","2099988","296725755","148.00","150.00","132.00","135.00","-11.0000","1626"
"4572","駐龍","108590","16502175","152.50","152.50","151.00","151.50","0.5000","332"
"4576","大銀微系統","364324","28333782","78.50","79.80","76.30","76.40","-1.0000","459"
"4581","光隆精密-KY","19000","1208400","63.60","64.00","63.50","63.50","-0.5000","15"
"4583","台灣精銳","91386","25003273","277.00","277.00","272.00","273.50","-1.5000","199"
"4588","玖鼎電力","345222","32490159","96.10","96.10","93.50","93.70","-2.7000","589"
"4720","德淵","695645","13004381","18.90","18.95","18.55","18.75","-0.0500","293"
"4722","國精化","181393","7611896","42.05","42.05","41.85","41.90","-0.1500","211"
"4736","泰博","243416","40394277","165.50","166.50","165.00","166.00","2.0000","315"
"4737","華廣","42002","2878137","68.50","68.80","68.20","68.80","0.6000","28"
"4739","康普","290461","19173293","67.00","67.10","65.60","65.70","-1.1000","635"
"4746","台耀","2736045","265021935","95.10","98.10","94.60","98.00","3.7000","2131"
"4755","三福化","94677","13336675","142.50","142.50","140.00","140.50","-2.0000","229"
"4763","材料-KY","564041","470933621","839.00","841.00","830.00","834.00","5.0000","1371"
"4764","雙鍵","157004","7035547","47.10","47.15","43.85","44.15","-0.9500","151"
"4766","南寶","546276","185693840","337.00","342.50","334.00","342.50","6.5000","587"
"4770","上品","208062","78787589","381.00","381.00","377.00","379.00","-2.5000","488"
"4771","望隼","377908","114369106","296.00","307.00","293.50","304.50","8.5000","511"
"4807","日成-KY","14011","237936","17.00","17.25","16.85","17.10","0.1000","12"
"4904","遠傳","6243056","527526608","83.90","85.30","83.90","84.20","0.0000","5146"
"4906","正文","11846214","452916162","38.50","38.80","37.65","37.80","-0.2500","6740"
"4912","聯德控股-KY","203102","25070061","126.50","126.50","122.50","123.00","-2.0000","163"
"4915","致伸","10046538","1109897552","109.00","112.00","107.50","110.00","3.0000","8729"
"4916","事欣科","368102","11135338","30.60","30.60","30.05","30.05","-0.4500","297"
"4919","新唐","736628","92205986","125.50","126.50","124.50","124.50","0.0000","816"
"4927","泰鼎-KY","505012","20600350","40.75","41.00","40.50","40.80","0.1500","362"
"4930","燦星網","43802","1479405","33.70","33.85","33.70","33.80","0.1000","110"
"4934","太極","581872","13022148","22.45","22.60","22.25","22.25","-0.2000","327"
"4935","茂林-KY","207345","12766562","61.70","62.30","61.00","61.70","0.0000","153"
"4938","和碩","13607327","1518754290","111.00","113.00","110.00","111.00","0.0000","7850"
"4942","嘉彰","105182","4884078","46.40","46.55","46.20","46.50","0.2000","74"
"4943","康控-KY","57161","1171506","20.55","20.60","20.40","20.50","0.0000","35"
"4949","有成精密","94591","2752730","29.30","29.30","29.05","29.25","0.1500","91"
"4952","凌通","1934609","127619979","67.40","67.70","65.10","65.50","-1.3000","2194"
"4956","光鋐","782010","16349976","20.80","21.30","20.40","20.90","0.2000","501"
"4958","臻鼎-KY","9611150","1140128890","119.00","119.50","117.50","118.50","0.0000","4508"
"4960","誠美材","3893209","58102223","14.90","15.10","14.70","14.90","0.1000","1629"
"4961","天鈺","2733940","719190692","260.00","266.50","258.00","261.50","6.5000","3936"
"4967","十銓","24937937","3289276708","132.50","136.50","128.00","130.00","-1.0000","15857"
"4968","立積","1752342","330348088","190.00","193.00","186.00","186.00","-5.0000","2553"
"4976","佳凌","1945052","93162925","48.75","48.75","47.35","47.45","-0.5500","1353"
"4977","眾達-KY","403951","29801081","74.50","74.60","73.30","73.30","-0.8000","364"
"4989","榮科","101774","2602674","25.85","25.85","25.45","25.45","-0.1500","181"
"4994","傳奇","1347505","182012941","137.50","141.50","129.50","134.50","-2.0000","1230"
"4999","鑫禾","96647","3434579","35.60","35.70","35.35","35.40","-0.0500","144"
"5007","三星","26477","1509768","57.00","57.10","56.90","57.10","0.0000","24"
"5203","訊連","570267","57942081","101.50","103.00","100.00","100.00","0.6000","1818"
"5215","科嘉-KY","376968","20016741","52.60","54.50","52.00","52.20","0.3000","450"
"5222","全訊","360750","58186960","163.50","163.50","160.50","161.00","-1.0000","396"
"5225","東科-KY","1137834","133989430","118.50","120.00","116.00","117.00","-1.0000","804"
"5234","達興材料","1783618","296502227","172.00","172.00","163.00","163.00","-7.0000","2292"
"5243","乙盛-KY","538339","32101366","59.70","60.20","59.10","59.40","-0.1000","746"
"5244","弘凱","149510","7046813","47.55","47.60","46.75","47.05","-0.1000","118"
"5258","虹堡","919127","116231983","127.50","128.50","125.50","126.50","-1.0000","988"
"5269","祥碩","579672","1149509185","1985.00","2005.00","1935.00","1995.00","15.0000","1100"
"5283","禾聯碩","75938","8425513","111.00","111.00","110.50","111.00","-0.5000","121"
"5284","jpp-KY","619573","77745740","126.50","127.50","123.50","125.50","1.5000","559"
"5285","界霖","291064","20472319","70.40","71.50","69.50","69.90","-0.1000","333"
"5288","豐祥-KY","82327","17488970","210.00","215.00","210.00","215.00","5.0000","75"
"5292","華懋","709600","119448778","163.50","173.50","163.50","171.00","9.0000","933"
"5306","桂盟","73985","10683516","146.00","146.00","143.50","143.50","-2.0000","268"
"5388","中磊","2083140","248041086","119.00","120.50","118.00","119.00","0.5000","1523"
"5434","崇越","943135","252500717","267.50","270.00","265.00","268.50","3.0000","2596"
"5469","瀚宇博","3616397","205963025","58.00","58.10","56.40","56.50","-1.1000","2755"
"5471","松翰","248983","13151668","53.70","53.70","52.60","52.80","-0.5000","272"
"5484","慧友","688245","23572362","34.25","34.25","34.25","34.25","3.1000","323"
"5515","建國","1188975","27741014","23.75","23.75","23.20","23.25","-0.4000","742"
"5519","隆大","6058387","298443348","49.95","50.50","48.60","48.90","-1.1000","3973"
"5521","工信","2075961","26892936","13.15","13.20","12.85","12.85","-0.3000","895"
"5522","遠雄","7545898","712226741","98.60","98.70","91.60","93.20","-5.4000","5695"
"5525","順天","143979","5346581","37.50","37.50","36.70","36.75","-0.4000","147"
"5531","鄉林","2356960","27259310","11.80","11.90","11.35","11.45","-0.2500","777"
"5533","皇鼎","592473","14471686","24.70","24.90","24.20","24.25","-0.4000","391"
"5534","長虹","1415948","175947657","125.50","127.00","123.00","123.50","-2.0000","1262"
"5538","東明-KY","3020","97240","32.20","32.20","32.20","32.20","-0.5000","4"
"5546","永固-KY","6528","214106","33.20","33.20","32.80","33.00","-0.2000","15"
"5607","遠雄港","553962","31148225","56.00","56.80","55.80","55.90","0.1000","398"
"5608","四維航","24783858","590602602","22.65","24.20","22.65","24.15","1.7000","12129"
"5706","鳳凰","704201","53742745","77.60","77.70","75.90","76.10","-0.8000","647"
"5871","中租-KY","4157533","646712788","154.00","156.50","154.00","155.50","2.0000","3986"
"5871A","中租-KY甲特","138299","13423183","97.20","97.20","97.00","97.20","-0.1000","58"
"5876","上海商銀","7509921","345001700","46.20","46.30","45.60","45.70","-0.1000","3812"
"5880","合庫金","15326805","391946318","25.55","25.75","25.50","25.50","-0.0500","6251"
"5906","台南-KY","53804","3495384","65.60","66.00","63.90","65.40","1.5000","35"
"5907","大洋-KY","87520","805640","9.22","9.23","9.16","9.20","-0.0200","48"
"6005","群益證","20044836","481670389","23.40","24.30","23.40","24.00","0.6000","7048"
"6024","群益期","661596","40453173","60.80","61.60","60.70","61.20","0.8000","593"
"6108","競國","568279","12292173","21.85","21.90","21.35","21.35","-0.4000","215"
"6112","邁達特","5188347","333352703","65.70","65.80","62.30","62.60","-1.9000","4962"
"6115","鎰勝","196666","10974377","56.30","56.30","55.50","55.70","-0.4000","196"
"6116","彩晶","11491263","114218829","10.00","10.05","9.88","9.93","-0.0500","3947"
"6117","迎廣","3032801","452806548","159.50","159.50","146.00","147.50","-10.0000","3105"
"6120","達運","3082174","48109415","15.65","15.85","15.50","15.50","-0.0500","1214"
"6128","上福","587068","23756403","41.80","41.80","39.85","40.25","-1.0000","492"
"6133","金橋","1080582","16758814","15.95","15.95","15.30","15.40","-0.5500","538"
"6136","富爾特","114091","2637239","23.25","23.25","23.05","23.15","-0.0500","100"
"6139","亞翔","2324137","487031878","210.50","212.50","207.50","207.50","-2.0000","3880"
"6141","柏承","175960","2960591","16.75","17.10","16.70","16.80","0.0500","121"
"6142","友勁","567985","5607336","9.95","10.05","9.60","9.93","-0.0600","218"
"6152","百一","666042","7334746","11.15","11.20","10.95","11.00","-0.1000","278"
"6153","嘉聯益","1585155","33770251","21.65","21.70","21.15","21.15","-0.4500","1051"
"6155","鈞寶","56600","1537936","27.30","27.45","27.05","27.15","-0.1000","50"
"6164","華興","7274887","118787827","16.50","16.90","15.65","15.80","-0.2000","2695"
"6165","浪凡","725625","28115006","38.95","39.20","38.35","38.70","-0.2500","414"
"6166","凌華","3904163","306844103","81.40","81.70","77.20","77.30","-3.6000","3250"
"6168","宏齊","692718","16738865","24.55","24.65","24.00","24.00","-0.3000","428"
"6176","瑞儀","5493286","1171742896","212.00","215.50","207.50","215.00","3.5000","13440"
"6177","達麗","7719116","472284568","62.70","63.30","59.90","60.00","-2.7000","5841"
"6183","關貿","12433","913879","73.50","73.80","73.50","73.80","0.0000","69"
"6184","大豐電","29035","1604137","55.50","55.50","55.10","55.50","0.2000","43"
"6189","豐藝","3291216","296189021","91.00","91.30","89.10","89.10","-1.5000","2954"
"6191","精成科","2480497","181707362","72.90","74.40","72.40","72.50","-0.1000","1985"
"6192","巨路","261546","28069999","108.00","108.00","106.50","106.50","-1.5000","202"
"6196","帆宣","364250","56503657","155.50","156.00","154.50","155.00","-0.5000","524"
"6197","佳必琪","21255312","3616278461","169.50","178.00","163.00","170.50","6.0000","15172"
"6201","亞弘電","42217","2698953","64.50","64.50","63.70","64.00","0.0000","42"
"6202","盛群","715757","43030937","60.50","60.50","59.60","60.10","0.0000","849"
"6205","詮欣","340252","25492744","75.80","75.80","74.40","74.60","-1.2000","325"
"6206","飛捷","1849382","187344233","100.50","103.00","98.80","100.00","0.2000","1754"
"6209","今國光","5011922","162861515","32.55","33.70","31.80","31.85","-0.4500","3344"
"6213","聯茂","6332563","669051116","107.00","107.50","104.00","107.50","1.0000","4099"
"6214","精誠","1011257","125954511","122.00","126.00","122.00","124.50","2.5000","963"
"6215","和椿","8929973","509091682","59.00","59.90","55.50","56.20","-2.0000","6087"
"6216","居易","415949","16681609","40.05","40.50","39.85","40.40","0.4000","303"
"6224","聚鼎","61294","3343756","55.00","55.00","54.20","54.20","-0.4000","69"
"6225","天瀚","12000","201000","16.85","16.85","16.65","16.65","0.0000","3"
"6226","光鼎","427627","4537197","10.75","10.75","10.40","10.65","-0.1000","196"
"6230","尼得科超眾","1524595","489944626","333.00","333.50","312.00","320.50","-10.5000","3310"
"6235","華孚","954602","81257428","86.10","86.30","84.60","84.70","-0.5000","1097"
"6239","力成","4214109","775407722","182.50","186.00","181.50","184.00","0.5000","4022"
"6243","迅杰","776909","51019996","67.40","67.90","64.70","64.80","-2.4000","888"
"6257","矽格","1933101","155147237","81.40","81.40","79.70","80.00","-0.9000","2791"
"6269","台郡","2323965","201982704","86.80","87.30","86.30","87.00","0.5000","1793"
"6271","同欣電","888139","135710615","154.00","155.00","151.50","152.00","-1.0000","864"
"6277","宏正","195679","16479624","85.10","85.10","83.50","83.90","-1.0000","556"
"6278","台表科","2607555","300687345","114.00","116.50","114.00","115.00","1.0000","1856"
"6281","全國電","77688","6563520","84.50","84.60","84.40","84.60","0.0000","65"
"6282","康舒","4510138","167864639","37.45","37.80","36.90","36.90","-0.3500","3008"
"6283","淳安","819723","25171036","31.15","31.35","30.40","30.60","-0.6000","557"
"6285","啟碁","5602722","917497764","163.50","166.50","161.50","161.50","-1.5000","7888"
"6288","聯嘉","923265","28654402","31.35","31.35","30.85","31.10","0.1000","572"
"6405","悅城","21437","508386","23.70","24.10","23.55","23.70","-0.1000","24"
"6409","旭隼","72054","120960450","1680.00","1690.00","1660.00","1685.00","5.0000","157"
"6412","群電","1538772","224680083","150.50","150.50","144.00","144.00","-3.5000","1436"
"6414","樺漢","971171","318081965","330.50","332.00","324.50","326.50","-1.0000","1278"
"6415","矽力*-KY","1420169","655421596","461.50","472.00","454.00","462.00","0.5000","1879"
"6416","瑞祺電通","601254","75061002","124.00","126.50","123.00","124.50","1.5000","578"
"6423","億而得-創","64152","6561080","101.50","103.50","100.00","103.50","2.5000","57"
"6426","統新","88206","5582599","63.60","64.20","63.00","63.00","-0.5000","78"
"6431","光麗-KY","38952","489896","12.65","12.70","12.45","12.55","0.0500","38"
"6438","迅得","544639","62313119","114.00","116.00","113.00","113.50","0.5000","514"
"6442","光聖","1404293","291714330","205.00","209.50","203.00","209.50","19.0000","868"
"6443","元晶","5852463","162338223","27.45","28.15","27.30","28.10","0.6500","2926"
"6446","藥華藥","6453997","2928359648","436.00","468.50","430.50","467.50","37.5000","11735"
"6449","鈺邦","4839970","597202363","125.00","128.50","118.50","120.00","-2.0000","3767"
"6451","訊芯-KY","1888485","345479060","185.00","186.50","180.50","181.00","-1.5000","1978"
"6456","GIS-KY","958602","63473949","67.10","67.10","65.50","66.20","-0.6000","791"
"6464","台數科","29084","2484994","85.80","85.80","85.10","85.50","0.0000","26"
"6472","保瑞","3858048","2991896701","754.00","794.00","753.00","785.00","36.0000","6083"
"6477","安集","279246","10477652","37.40","37.85","37.25","37.75","0.3500","217"
"6491","晶碩","636799","310458398","492.00","492.00","481.50","489.00","1.5000","972"
"6504","南六","22089","1608088","72.60","73.50","72.50","73.00","0.0000","26"
"6505","台塑化","4699895","310127780","66.40","66.50","65.40","66.50","0.0000","3875"
"6515","穎崴","841884","737048707","899.00","899.00","868.00","871.00","-28.0000","1849"
"6525","捷敏-KY","179649","11902252","67.10","67.10","66.00","66.20","-0.1000","140"
"6526","達發","828831","594781082","733.00","733.00","710.00","710.00","-11.0000","1400"
"6531","愛普*","2450128","893349741","372.00","373.00","359.00","361.50","-4.5000","3235"
"6533","晶心科","669794","282593929","421.50","426.50","418.50","420.00","-2.0000","1066"
"6534","正瀚-創","94056","7980860","85.40","85.90","84.50","84.80","-0.9000","67"
"6541","泰福-KY","68939","2803208","40.60","41.00","40.35","40.60","-0.4500","93"
"6550","北極星藥業-KY","1808122","130002872","71.50","72.40","71.20","72.10","1.1000","1344"
"6552","易華電","1359710","69460520","51.10","52.40","50.30","50.30","-0.4000","958"
"6558","興能高","137490","3462521","25.15","25.35","25.10","25.10","0.1500","120"
"6573","虹揚-KY","169050","2444774","14.60","14.75","14.25","14.30","-0.3000","52"
"6579","研揚","3285568","632686437","195.00","199.00","188.00","190.00","-1.5000","3551"
"6581","鋼聯","113991","12229444","105.00","109.00","104.50","107.50","2.0000","132"
"6582","申豐","87320","4451370","50.70","51.30","50.70","51.10","0.7000","122"
"6585","鼎基","1447082","270384459","181.50","191.50","181.50","187.00","7.0000","1364"
"6591","動力-KY","1113063","71378874","64.60","65.30","63.50","63.50","-1.5000","975"
"6592","和潤企業","672033","73681463","109.50","110.50","109.00","110.00","1.0000","709"
"6592A","和潤企業甲特","12191","1208685","99.20","99.20","99.10","99.20","0.0000","18"
"6592B","和潤企業乙特","8923","855885","95.20","95.60","95.20","95.50","-0.1000","15"
"6598","ABC-KY","24572","491209","19.90","20.05","19.90","20.05","0.0500","38"
"6605","帝寶","989312","219421051","217.50","226.00","217.00","220.50","3.5000","1387"
"6606","建德工業","327840","9113192","28.30","28.40","27.30","27.75","-0.2500","280"
"6625","必應","80847","7664982","95.00","95.50","94.50","94.90","0.0000","107"
"6641","基士德-KY","7556","320724","42.50","42.50","42.20","42.20","-0.4000","4"
"6645","金萬林-創","39000","1446000","37.05","37.15","37.00","37.00","0.1000","26"
"6655","科定","7000","889000","127.00","127.00","127.00","127.00","0.0000","6"
"6657","華安","74415","3854255","52.70","52.70","51.50","52.30","0.6000","65"
"6658","聯策","931593","44099048","44.30","47.65","44.20","47.65","4.3000","503"
"6666","羅麗芬-KY","22452","1418200","63.80","63.80","62.90","63.40","-0.1000","86"
"6668","中揚光","893796","55752177","62.50","63.10","61.70","62.60","0.3000","857"
"6669","緯穎","738716","1866562370","2545.00","2560.00","2480.00","2525.00","-10.0000","1928"
"6670","復盛應用","414076","124635637","307.00","307.00","298.50","303.00","-3.0000","1686"
"6671","三能-KY","25701","1168017","45.50","45.55","45.50","45.55","0.0500","16"
"6672","騰輝電子-KY","285378","23551977","83.80","83.80","82.00","82.00","-1.3000","358"
"6674","鋐寶科技","181747","5393235","29.65","29.70","29.00","29.70","2.7000","97"
"6689","伊雲谷","4050859","413853751","94.90","104.00","94.90","99.00","4.1000","3204"
"6691","洋基工程","347550","140638889","409.50","409.50","399.50","405.50","-4.0000","832"
"6695","芯鼎","3638249","247416573","73.50","73.50","65.40","65.80","-6.8000","2909"
"6698","旭暉應材","417769","15832016","38.85","38.85","37.35","37.70","-0.3000","376"
"6706","惠特","879281","64989356","73.80","74.80","73.20","74.20","0.5000","791"
"6715","嘉基","162767","27330946","170.50","172.50","166.00","166.00","-4.0000","368"
"6719","力智","691917","200697450","294.50","294.50","288.00","288.00","-3.0000","969"
"6742","澤米","120157","8546083","72.80","72.80","70.70","71.40","-0.3000","132"
"6743","安普新","206758","12199945","58.70","59.60","58.30","59.10","0.7000","175"
"6753","龍德造船","1601238","189858411","116.50","120.50","116.00","120.50","5.0000","1447"
"6754","匯僑設計","45685","2903464","63.50","63.80","63.20","63.40","0.0000","99"
"6756","威鋒電子","136646","27095611","200.50","200.50","197.00","197.50","-3.0000","236"
"6757","台灣虎航-創","818626","40895195","50.80","51.30","49.00","49.05","-1.7500","489"
"6768","志強-KY","412195","40415676","97.40","98.80","97.20","97.80","1.0000","350"
"6770","力積電","19152584","464006060","24.40","24.55","23.90","24.30","0.0500","7031"
"6771","平和環保-創","31100","2086550","66.10","68.40","66.00","67.30","1.2000","26"
"6776","展碁國際","43774","2832851","64.80","64.80","64.60","64.70","0.0000","52"
"6781","AES-KY","124288","77156999","624.00","633.00","612.00","620.00","-5.0000","348"
"6782","視陽","2453900","671252681","261.50","283.00","258.00","280.00","20.0000","4643"
"6789","采鈺","4508506","1391987838","307.00","314.00","301.00","311.50","5.5000","11689"
"6790","永豐實","284066","14834908","52.40","52.50","52.10","52.30","-0.1000","316"
"6792","詠業","116998","9680501","81.60","83.90","81.60","83.20","1.9000","116"
"6794","向榮生技-創","16000","1348500","84.30","85.80","82.00","84.70","0.8000","16"
"6796","晉弘","1028353","94057096","96.80","96.80","85.00","86.50","-1.5000","1046"
"6799","來頡","481795","69315086","147.00","147.00","142.50","142.50","-4.0000","562"
"6805","富世達","2261395","1538151547","709.00","709.00","670.00","670.00","-26.0000","4437"
"6806","森崴能源","885300","109443913","125.50","125.50","122.50","122.50","-2.0000","1730"
"6807","峰源-KY","65451","3666174","56.20","56.40","55.80","56.00","-0.2000","91"
"6830","汎銓","68570","8926299","130.50","131.00","129.50","130.00","0.5000","85"
"6834","天二科技","238049","7300419","31.35","31.35","30.45","30.45","-0.5000","176"
"6835","圓裕","240389","12974646","54.80","54.80","53.50","53.50","-1.6000","201"
"6854","錼創科技-KY創","27000","2111600","78.60","78.60","77.80","77.80","-0.8000","24"
"6861","睿生光電","38344","2793323","73.00","73.10","72.60","72.70","-0.3000","49"
"6863","永道-KY","1862791","412164284","228.50","230.00","214.00","219.00","-10.5000","4791"
"6869","雲豹能源-創","294215","36416267","123.50","125.00","122.50","123.50","0.0000","217"
"6873","泓德能源-創","90000","14785500","164.50","165.50","163.00","164.00","-1.5000","76"
"6901","鑽石投資","1586575","64204916","40.25","40.85","39.90","40.85","0.6500","908"
"6902","走著瞧-創","4000","584500","147.00","147.00","145.50","145.50","0.0000","4"
"6906","現觀科","415008","66939972","157.00","166.00","155.00","163.00","8.0000","485"
"6914","阜爾運通","259601","41216991","156.50","162.00","156.50","159.00","2.5000","453"
"6916","華凌","97429","2625661","26.70","27.35","26.50","27.20","0.5000","65"
"6928","攸泰科技","287483","23698952","84.50","84.50","81.80","81.90","-1.9000","417"
"6933","AMAX-KY","470645","159503954","349.00","349.50","335.00","335.50","-9.0000","872"
"6937","天虹","49381","9566136","193.50","195.50","193.00","193.50","0.0000","90"
"6949","沛爾生醫-創","32000","4187000","130.50","132.00","130.00","132.00","2.0000","20"
"8011","台通","1429070","31690365","22.25","22.50","22.05","22.10","-0.0500","749"
"8016","矽創","1212012","325397289","268.00","271.00","265.00","267.00","0.5000","1469"
"8021","尖點","391283","11766229","30.20","30.45","29.95","30.00","-0.2500","328"
"8028","昇陽半導體","4674198","299358450","65.50","66.20","63.00","63.20","-2.0000","3504"
"8033","雷虎","1211107","91078918","75.00","76.00","74.50","76.00","1.9000","1204"
"8039","台虹","838078","43130958","52.20","52.20","51.00","51.80","-0.4000","751"
"8046","南電","5011886","968216567","197.00","198.00","191.00","191.00","-6.0000","5686"
"8070","長華*","13469193","671097546","52.00","52.00","48.90","50.20","-0.1000","6990"
"8072","陞泰","172196","4956408","28.40","29.00","28.40","28.80","0.2500","141"
"8081","致新","376519","114901527","306.00","308.00","302.00","304.00","1.0000","862"
"8101","華冠","222921","848994","3.82","3.84","3.70","3.72","-0.0800","97"
"8103","瀚荃","430829","20520380","48.10","48.60","47.25","47.25","-0.7000","409"
"8104","錸寶","290153","10254200","35.70","35.95","35.10","35.10","-0.3500","332"
"8105","凌巨","3134704","45370544","14.75","14.75","14.35","14.50","-0.0500","1373"
"8110","華東","2612619","48532658","18.95","18.95","18.50","18.50","-0.2500","1365"
"8112","至上","11943716","980312724","83.00","83.20","81.20","82.00","-0.6000","7873"
"8112A","至上甲特","17227","745819","43.30","43.30","43.25","43.30","0.0000","21"
"8114","振樺電","587860","81553524","139.00","140.00","136.00","139.50","3.0000","836"
"8131","福懋科","549090","21585522","39.80","39.80","39.05","39.05","-0.7000","758"
"8150","南茂","1877394","82651564","44.20","44.30","43.80","43.90","-0.2000","1244"
"8162","微矽電子-創","81233","3035836","38.10","38.10","36.80","36.85","-1.2000","59"
"8163","達方","6497120","468575131","71.30","73.80","70.60","71.80","1.2000","5965"
"8201","無敵","145451","2727646","19.00","19.00","18.50","18.80","-0.1500","125"
"8210","勤誠","2396183","744102944","313.00","317.00","306.50","311.00","-2.0000","3215"
"8213","志超","841848","32627866","38.85","38.90","38.70","38.80","-0.0500","792"
"8215","明基材","416406","13695722","33.05","33.05","32.75","33.00","-0.0500","320"
"8222","寶一","380945","16507958","43.20","43.75","43.15","43.20","0.0500","287"
"8249","菱光","96497","2879197","29.90","30.00","29.60","29.90","0.0000","111"
"8261","富鼎","294363","24437876","83.20","83.90","82.40","82.60","-0.5000","298"
"8271","宇瞻","642636","43533231","67.90","68.50","67.40","67.40","-0.5000","699"
"8341","日友","77575","7547193","97.10","97.90","97.00","97.40","0.3000","327"
"8367","建新國際","75074","3702427","49.35","49.80","48.75","48.75","-0.8500","127"
"8374","羅昇","3973034","251445273","64.00","66.00","60.80","66.00","1.0000","2067"
"8404","百和興業-KY","258141","5203456","20.30","20.40","20.05","20.05","-0.2500","206"
"8411","福貞-KY","54261","759878","13.90","14.10","13.85","14.10","0.0000","163"
"8422","可寧衛","195075","37522482","192.50","193.00","191.50","191.50","-1.0000","723"
"8429","金麗-KY","302185","3104157","10.30","10.40","10.15","10.35","0.0500","274"
"8438","昶昕","1135824","47037451","42.80","43.45","40.30","40.55","-1.6500","901"
"8442","威宏-KY","46715","5722586","123.50","123.50","122.00","122.50","-1.0000","97"
"8443","阿瘦","72512","880820","12.15","12.20","12.10","12.15","-0.0500","189"
"8454","富邦媒","1538544","690804149","450.00","458.00","442.00","443.00","-1.5000","3725"
"8462","柏文","50937","6087554","119.50","120.00","119.00","119.50","-0.5000","198"
"8463","潤泰材","242695","6904614","28.60","28.65","28.25","28.30","-0.3000","168"
"8464","億豐","683124","245011931","357.00","361.00","357.00","359.50","2.5000","505"
"8466","美吉吉-KY","25001","1409956","56.50","57.10","56.00","56.60","-0.2000","24"
"8467","波力-KY","72001","11953758","165.50","168.50","165.50","165.50","0.0000","204"
"8473","山林水","329007","12938521","39.60","39.60","39.15","39.25","0.2000","213"
"8476","台境","54266","3199976","59.60","59.60","58.90","59.20","0.1000","44"
"8478","東哥遊艇","119977","44109318","370.00","370.00","366.50","366.50","-2.5000","359"
"8481","政伸","14243","744857","52.20","52.40","52.20","52.30","0.1000","14"
"8482","商億-KY","4000","257800","64.60","64.60","64.30","64.60","0.0000","4"
"8487","愛爾達-創","56120","4604751","81.80","82.40","81.60","81.60","0.3000","40"
"8488","吉源-KY","13167","210904","16.00","16.10","15.95","16.10","-0.0500","17"
"8499","鼎炫-KY","16606","2054251","124.00","124.00","123.50","124.00","0.5000","492"
"8926","台汽電","1178387","55356456","47.20","47.35","46.75","46.90","-0.3000","2443"
"8940","新天地","281516","7453485","26.75","26.85","26.30","26.30","-0.6000","288"
"8996","高力","1075478","516427683","508.00","508.00","466.00","468.00","-36.0000","1299"
"9103","美德醫療-DR","4535138","31165935","6.85","6.95","6.74","6.74","-0.0600","588"
"910322","康師傅-DR","35022","690859","19.60","19.80","19.60","19.80","0.5000","44"
"9105","泰金寶-DR","18638257","79007376","4.27","4.28","4.18","4.25","0.0100","2983"
"910861","神州-DR","93859","676986","7.32","7.32","7.10","7.11","-0.2100","44"
"9110","越南控-DR","9000","56390","6.24","6.38","6.23","6.38","0.0400","7"
"911608","明輝-DR","145000","505690","3.54","3.54","3.42","3.54","0.0000","55"
"911622","泰聚亨-DR","40830","208169","5.07","5.24","5.07","5.15","0.0300","10"
"911868","同方友友-DR","159000","204830","1.29","1.30","1.27","1.29","0.0000","29"
"912000","晨訊科-DR","1847472","6194890","3.43","3.43","3.33","3.36","0.0300","381"
"9136","巨騰-DR","139000","891740","6.41","6.45","6.39","6.45","0.0200","74"
"9802","鈺齊-KY","163848","20929203","128.00","128.50","127.00","127.50","-1.0000","206"
"9902","台火","1105467","19972944","18.35","18.35","17.85","18.05","-0.0500","626"
"9904","寶成","6070985","226183279","37.25","37.45","37.10","37.20","-0.3000","3352"
"9905","大華","74437","1809888","24.25","24.40","24.25","24.40","0.1500","67"
"9906","欣巴巴","224167","20768754","92.20","94.00","91.50","92.60","0.7000","330"
"9907","統一實","752192","11093525","14.80","14.85","14.70","14.75","-0.0500","491"
"9908","大台北","50445","1633165","32.35","32.45","32.35","32.35","0.0000","66"
"9910","豐泰","1069317","162865975","151.50","153.50","151.50","151.50","0.0000","1517"
"9911","櫻花","211134","18750786","89.50","90.20","88.40","88.50","-0.4000","654"
"9912","偉聯","220932","3065034","13.95","14.05","13.65","13.85","-0.1000","182"
"9914","美利達","1148110","270907059","244.50","245.00","233.00","237.50","-4.5000","10030"
"9917","中保科","297263","37258505","124.00","126.00","123.50","125.50","1.5000","396"
"9918","欣天然","6332","263109","41.55","41.55","41.50","41.50","0.0000","24"
"9919","康那香","2782911","61481170","22.20","22.30","21.90","22.25","0.2500","769"
"9921","巨大","1934112","437330718","229.50","231.00","223.50","226.00","-3.5000","8980"
"9924","福興","1067040","61083112","57.70","57.80","56.70","56.80","-0.8000","654"
"9925","新保","131181","5514809","42.00","42.10","42.00","42.10","0.1000","136"
"9926","新海","7163","390013","54.40","55.00","54.30","55.00","0.3000","11"
"9927","泰銘","578152","47178903","82.10","82.40","81.20","81.40","-0.5000","698"
"9928","中視","388576","8357311","22.25","22.25","21.20","21.50","-0.7000","289"
"9929","秋雨","252973","4213746","15.90","17.15","15.90","16.60","1.0000","319"
"9930","中聯資源","100993","6550509","65.60","65.60","64.60","64.90","-0.3000","113"
"9931","欣高","17780","660942","36.95","37.45","36.95","37.25","0.1000","21"
"9933","中鼎","2034882","98936206","48.80","48.90","48.45","48.50","-0.2000","1631"
"9934","成霖","2793961","55498346","20.00","20.10","19.65","19.65","-0.1000","1557"
"9935","慶豐富","267611","6700919","25.20","25.25","24.85","25.05","-0.1000","243"
"9937","全國","17006","1139800","67.10","67.30","66.90","66.90","-0.6000","22"
"9938","百和","1084234","69508502","64.10","65.00","63.30","64.40","0.0000","1006"
"9939","宏全","1199875","197922329","162.50","167.00","161.00","166.00","4.5000","1209"
"9940","信義","1052639","35232524","33.60","33.80","33.20","33.35","-0.2500","654"
"9941","裕融","879723","131335465","151.00","151.00","148.00","150.00","-0.5000","1374"
"9941A","裕融甲特","12534","639533","51.10","51.10","51.00","51.00","-0.1000","20"
"9942","茂順","117893","15108256","128.00","129.00","127.50","127.50","-0.5000","155"
"9943","好樂迪","91570","8272317","90.50","90.60","90.20","90.30","-0.2000","257"
"9944","新麗","325037","7479717","23.10","23.10","22.90","22.90","-0.2000","185"
"9945","潤泰新","11629455","523287950","45.05","45.50","44.45","45.15","0.2500","7336"
"9946","三發地產","4174659","189770745","47.50","47.50","44.40","45.20","-1.8000","2821"
"9955","佳龍","793533","25639008","32.85","32.85","32.05","32.60","-0.3500","697"
"9958","世紀鋼","3943394","1129709799","288.00","290.50","284.00","284.00","-2.0000","3057"
