證券代號,證券名稱,成交股數,成交金額,開盤價,最高價,最低價,收盤價,漲跌價差,成交筆數
"0050","元大台灣50","18069198","3139162083","172.75","174.60","172.65","174.20","5.7500","19789"
"0051","元大中型100","61064","4957704","81.65","81.80","80.85","81.10","0.0500","254"
"0052","富邦科技","1525158","260315710","170.50","171.60","169.50","170.75","5.7000","1789"
"0053","元大電子","13657","1291977","94.60","94.85","94.50","94.55","2.6000","110"
"0055","元大MSCI金融","290127","7714980","26.43","26.68","26.43","26.67","0.2500","399"
"0056","元大高股息","18890321","755453749","40.07","40.10","39.83","40.05","0.1900","15453"
"0057","富邦摩台","14789","1894471","127.30","128.40","127.30","128.25","3.8500","78"
"0061","元大寶滬深","299495","5253638","17.57","17.61","17.49","17.54","0.0400","169"
"006203","元大MSCI台灣","4503","371421","82.60","82.60","82.60","82.60","2.5000","116"
"006204","永豐臺灣加權","8705","945216","108.80","108.85","108.55","108.85","2.3500","112"
"006205","富邦上証","472570","14256598","30.12","30.32","30.03","30.17","0.0400","379"
"006206","元大上證50","120083","3455586","28.75","28.97","28.64","28.80","0.0500","106"
"006207","復華滬深","68737","1569172","22.79","22.90","22.75","22.79","-0.0400","78"
"006208","富邦台50","10253934","1043811392","101.45","102.25","101.10","101.80","3.0500","11293"
"00625K","富邦上証+R","","","","","","","0.0000",""
"00631L","元大台灣50正2","5402335","1212705038","224.35","225.95","222.80","224.45","8.9500","4698"
"00632R","元大台灣50反1","364337927","1315822781","3.62","3.63","3.60","3.60","-0.0900","13699"
"00633L","富邦上証正2","3770037","134263679","35.43","35.91","35.27","35.60","0.3100","857"
"00634R","富邦上証反1","79000","357390","4.53","4.54","4.51","4.52","-0.0200","11"
"00635U","期元大S&P黃金","629971","17639644","27.85","28.09","27.85","28.01","0.3200","305"
"00636","國泰中國A50","821727","17247305","20.95","21.13","20.91","21.02","0.0700","295"
"00636K","國泰中國A50+U","200","1306","6.53","6.53","6.53","6.53","0.0400","2"
"00637L","元大滬深300正2","43667072","624086347","14.20","14.40","14.16","14.28","0.1200","4310"
"00638R","元大滬深300反1","741002","6990968","9.49","9.50","9.42","9.43","-0.0800","85"
"00639","富邦深100","526211","5637354","10.67","10.78","10.67","10.71","-0.0400","293"
"00640L","富邦日本正2","379851","22104153","58.35","58.65","57.85","58.00","0.5000","182"
"00641R","富邦日本反1","617310","3942770","6.38","6.41","6.37","6.39","-0.0400","73"
"00642U","期元大S&P石油","2853763","47810177","16.74","16.77","16.73","16.75","0.2400","880"
"00643","群益深証中小","578433","6765935","11.69","11.79","11.65","11.68","-0.0800","153"
"00643K","群益深証中小+R","","","","","","","0.0000",""
"00645","富邦日本","1026373","39235664","38.30","38.34","38.10","38.17","0.1700","505"
"00646","元大S&P500","5837550","314969490","53.80","54.05","53.75","53.90","0.5000","2154"
"00647L","元大S&P500正2","90995","7835298","86.05","86.25","86.00","86.00","1.4500","76"
"00648R","元大S&P500反1","1788457","10073940","5.64","5.64","5.63","5.64","-0.0600","123"
"00650L","復華香港正2","27128813","293656299","10.83","10.99","10.68","10.68","-0.0700","1949"
"00651R","復華香港反1","361049","3081940","8.53","8.58","8.47","8.58","0.0100","113"
"00652","富邦印度","953364","35412545","36.75","37.45","36.71","37.41","1.0000","676"
"00653L","富邦印度正2","1904737","108537039","56.45","57.85","56.45","57.80","2.7000","730"
"00654R","富邦印度反1","1156792","7847546","6.86","6.86","6.72","6.75","-0.1900","101"
"00655L","國泰中國A50正2","3229111","78539085","24.16","24.56","24.12","24.34","0.2200","421"
"00656R","國泰中國A50反1","57280","486057","8.53","8.53","8.46","8.46","-0.0800","38"
"00657","國泰日經225","166521","7607502","45.71","45.79","45.53","45.53","0.3500","111"
"00657K","國泰日經225+U","200","2824","14.12","14.12","14.12","14.12","0.1700","2"
"00660","元大歐洲50","5207","190881","36.74","36.74","36.72","36.72","0.5800","97"
"00661","元大日經225","804594","40073333","49.92","50.00","49.71","49.73","0.4000","261"
"00662","富邦NASDAQ","2739318","216687936","79.15","79.25","79.00","79.05","1.2500","1668"
"00663L","國泰臺灣加權正2","549025","113460639","206.15","207.50","205.30","206.50","8.0000","64"
"00664R","國泰臺灣加權反1","16723564","68439824","4.09","4.11","4.08","4.10","-0.0700","1000"
"00665L","富邦恒生國企正2","74716328","534173326","7.15","7.27","7.06","7.06","-0.0800","4709"
"00666R","富邦恒生國企反1","141000","2019720","14.31","14.42","14.24","14.42","0.0300","48"
"00668","國泰美國道瓊","247051","11256291","45.58","45.62","45.52","45.53","-0.1500","150"
"00668K","國泰美國道瓊+U","200","2822","14.11","14.11","14.11","14.11","0.0200","2"
"00669R","國泰美國道瓊反1","941100","6759350","7.18","7.19","7.18","7.19","-0.0100","95"
"00670L","富邦NASDAQ正2","2033401","243110220","119.50","119.75","119.35","119.45","3.8500","816"
"00671R","富邦NASDAQ反1","9292934","36149940","3.90","3.90","3.88","3.90","-0.0700","550"
"00673R","期元大S&P原油反1","9928195","77392328","7.79","7.81","7.78","7.79","-0.1400","681"
"00674R","期元大S&P黃金反1","547406","5749234","10.55","10.55","10.47","10.48","-0.1300","135"
"00675L","富邦臺灣加權正2","2751803","247676424","89.95","90.65","89.35","90.15","3.5500","2229"
"00676R","富邦臺灣加權反1","15507299","35141281","2.27","2.28","2.26","2.27","-0.0400","607"
"00678","群益那斯達克生技","408025","11916784","29.21","29.22","29.17","29.17","0.3700","123"
"00680L","元大美債20正2","49637848","433304290","8.74","8.76","8.70","8.73","0.1200","5036"
"00681R","元大美債20反1","454034","9199849","20.23","20.27","20.21","20.23","-0.1600","51"
"00682U","期元大美元指數","","","","","","","0.0000",""
"00683L","期元大美元指正2","112000","2532420","22.64","22.64","22.60","22.64","0.0000","24"
"00684R","期元大美元指反1","22000","340000","15.48","15.48","15.45","15.45","0.0000","3"
"00685L","群益臺灣加權正2","853838","68529562","80.05","80.75","79.70","80.30","3.1500","254"
"00686R","群益臺灣加權反1","3945350","9654853","2.45","2.46","2.44","2.45","-0.0400","115"
"00688L","國泰20年美債正2","27731812","241159694","8.72","8.73","8.66","8.69","0.1100","2467"
"00689R","國泰20年美債反1","5000","104820","20.97","20.97","20.94","20.94","-0.1700","2"
"00690","兆豐藍籌30","2514882","84138514","33.25","33.64","33.25","33.58","0.9000","1074"
"00692","富邦公司治理","7271690","302364402","41.52","41.74","41.35","41.59","1.0700","4262"
"00693U","期街口S&P黃豆","158824","3755437","23.65","23.71","23.62","23.71","-0.1100","97"
"00700","富邦恒生國企","479485","6315344","13.08","13.26","13.08","13.12","-0.0600","184"
"00701","國泰股利精選30","1067699","29542449","27.51","27.77","27.51","27.65","0.1400","636"
"00702","國泰標普低波高息","134204","3146618","23.47","23.47","23.43","23.43","-0.1300","104"
"00703","台新MSCI中國","64137","1018144","15.85","15.94","15.82","15.83","-0.0300","17"
"00706L","期元大S&P日圓正2","5960572","36950000","6.20","6.22","6.18","6.18","-0.0300","554"
"00707R","期元大S&P日圓反1","","","","","","","0.0000",""
"00708L","期元大S&P黃金正2","1062205","36738834","34.30","34.84","34.30","34.69","0.7700","304"
"00709","富邦歐洲","42991","1305385","30.28","30.41","30.23","30.39","0.1700","157"
"00710B","復華彭博非投等債","324942","6337914","19.53","19.53","19.48","19.52","0.0000","108"
"00711B","復華彭博新興債","156036","2578269","16.52","16.53","16.52","16.52","0.0300","72"
"00712","復華富時不動產","14860532","145043449","9.80","9.80","9.75","9.75","0.0500","3889"
"00713","元大台灣高息低波","12459673","724483676","58.30","58.30","57.90","58.15","0.4000","8380"
"00714","群益道瓊美國地產","260134","5045843","19.41","19.44","19.37","19.39","-0.1000","126"
"00715L","期街口布蘭特正2","24927666","363253907","14.54","14.60","14.53","14.58","0.4100","3857"
"00717","富邦美國特別股","400893","6384083","15.92","15.94","15.90","15.92","-0.0300","244"
"00728","第一金工業30","784156","24301742","31.00","31.07","30.90","31.00","0.6000","932"
"00730","富邦臺灣優質高息","339340","7595555","22.35","22.48","22.30","22.39","0.1800","425"
"00731","復華富時高息低波","985517","73584395","74.90","74.90","74.50","74.50","0.2500","2492"
"00733","富邦臺灣中小","2242278","132063451","59.10","59.50","58.50","58.80","-0.0500","2458"
"00735","國泰臺韓科技","143461","5178586","36.09","36.14","36.00","36.10","0.7600","116"
"00736","國泰新興市場","103384","2314573","22.41","22.41","22.39","22.39","0.2600","67"
"00737","國泰AI+Robo","254464","7786862","30.60","30.65","30.56","30.58","0.3000","149"
"00738U","期元大道瓊白銀","1371630","38381772","27.64","28.14","27.64","28.01","0.6500","300"
"00739","元大MSCI A股","55968","1189367","21.31","21.36","21.18","21.27","0.0200","99"
"00752","中信中國50","5931369","112752360","19.02","19.15","18.95","18.97","-0.0500","1166"
"00753L","中信中國50正2","19031048","160066964","8.43","8.54","8.32","8.34","-0.0400","2243"
"00757","統一FANG+","1712870","142077819","82.95","83.05","82.80","82.85","1.3000","1854"
"00762","元大全球AI","669324","41718839","62.35","62.40","62.15","62.35","1.2000","1340"
"00763U","期街口道瓊銅","574081","16362243","28.39","28.61","28.39","28.51","0.6000","198"
"00770","國泰北美科技","723436","32511954","44.90","45.00","44.87","44.91","0.8600","595"
"00771","元大US高息特別股","44605","779884","17.50","17.50","17.46","17.49","-0.0100","85"
"00775B","新光投等債15+","925906","32032384","34.65","34.65","34.57","34.59","0.0300","43"
"00783","富邦中証500","111762","2023807","18.19","18.22","18.05","18.05","-0.2800","118"
"00830","國泰費城半導體","13484669","654669966","48.48","48.62","48.48","48.60","1.8400","4979"
"00850","元大臺灣ESG永續","2241408","96468262","42.96","43.24","42.85","43.12","1.0000","1789"
"00851","台新全球AI","51760","2291533","44.00","44.34","44.00","44.27","0.8900","74"
"00852L","國泰美國道瓊正2","1824200","43204596","23.64","23.71","23.64","23.66","-0.0200","165"
"00861","元大全球未來通訊","738301","30440010","41.01","41.33","41.01","41.22","0.8300","407"
"00865B","國泰US短期公債","151317","6839061","45.18","45.23","45.16","45.16","-0.1900","89"
"00875","國泰網路資安","90937","2872600","31.54","31.63","31.54","31.58","0.2900","102"
"00876","元大全球5G","2017638","81262990","40.12","40.43","40.01","40.34","1.2600","1196"
"00878","國泰永續高股息","42639538","980956375","23.00","23.06","22.93","23.00","0.1000","25877"
"00881","國泰台灣5G+","18279204","426608045","23.33","23.44","23.18","23.35","0.6300","6050"
"00882","中信中國高股息","23131471","279863437","12.13","12.17","12.05","12.06","-0.0700","4140"
"00885","富邦越南","6452209","79338978","12.31","12.33","12.26","12.30","-0.0100","2005"
"00891","中信關鍵半導體","15205487","281287531","18.40","18.59","18.37","18.54","0.4300","4448"
"00892","富邦台灣半導體","7838718","127878195","16.30","16.36","16.26","16.30","0.3600","2004"
"00893","國泰智能電動車","7554304","166383808","22.04","22.10","21.97","21.99","0.4600","2745"
"00894","中信小資高價30","1825254","36323893","19.90","19.96","19.85","19.90","0.4800","426"
"00895","富邦未來車","5443491","149706738","27.47","27.54","27.43","27.51","0.7100","1962"
"00896","中信綠能及電動車","2227740","39772100","17.89","17.90","17.80","17.88","0.2000","784"
"00897","富邦基因免疫生技","1847607","15473165","8.35","8.39","8.34","8.37","0.1700","535"
"00898","國泰基因免疫革命","591989","4248792","7.18","7.20","7.16","7.16","0.1000","297"
"00899","FT潔淨能源","188917","3500734","18.55","18.55","18.51","18.55","0.0400","191"
"00900","富邦特選高股息30","17916253","295099714","16.36","16.54","16.35","16.48","0.1400","4635"
"00901","永豐智能車供應鏈","1522746","29945694","19.62","19.74","19.56","19.63","0.4300","286"
"00902","中信電池及儲能","1255849","12445201","9.91","9.94","9.88","9.90","0.0300","551"
"00903","富邦元宇宙","2994291","41806231","13.94","13.99","13.93","13.96","0.2800","627"
"00904","新光臺灣半導體30","3482013","62484683","17.89","18.02","17.82","17.98","0.5300","743"
"00905","FT臺灣Smart","3055064","40280781","13.16","13.23","13.14","13.18","0.2400","923"
"00907","永豐優息存股","3552449","59291382","16.66","16.79","16.53","16.77","0.3000","849"
"00908","富邦入息REITs+","294311","3713817","12.62","12.64","12.61","12.62","0.0100","115"
"00909","國泰數位支付服務","2240545","61279232","27.35","27.42","27.29","27.29","0.2900","1175"
"00910","第一金太空衛星","106189","1920992","18.09","18.12","18.09","18.09","0.0300","9"
"00911","兆豐洲際半導體","244005","7191133","29.40","29.60","29.40","29.46","0.9000","155"
"00912","中信臺灣智慧50","2108962","38719614","18.10","18.43","18.09","18.38","0.4400","279"
"00913","兆豐台灣晶圓製造","398607","8421633","21.12","21.22","21.03","21.20","0.4500","93"
"00915","凱基優選高股息30","12610411","342339463","27.09","27.25","27.03","27.16","0.2000","3360"
"00916","國泰全球品牌50","894534","19543822","21.81","21.88","21.81","21.84","0.1200","427"
"00917","中信特選金融","816398","15851927","19.44","19.45","19.39","19.39","-0.0200","254"
"00918","大華優利高填息30","49172342","1246095490","25.47","25.50","25.24","25.30","0.0400","11672"
"00919","群益台灣精選高息","95478771","2480678321","26.00","26.05","25.85","26.00","0.1700","25993"
"00920","富邦ESG綠色電力","382531","5964804","15.50","15.65","15.50","15.58","0.0900","180"
"00921","兆豐龍頭等權重","4861257","94317561","19.53","19.53","19.33","19.37","0.0500","1282"
"00922","國泰台灣領袖50","5879317","121011017","20.56","20.65","20.50","20.57","0.4200","2140"
"00923","群益台ESG低碳50","8139068","174539031","21.40","21.55","21.33","21.45","0.4100","3229"
"00924","復華S&P500成長","595192","12898108","21.62","21.71","21.61","21.67","0.3400","518"
"00925","新光標普電動車","224085","3629971","16.17","16.20","16.17","16.19","0.0500","11"
"00926","凱基全球菁英55","1286190","28549643","22.21","22.22","22.16","22.17","0.4500","437"
"00927","群益半導體收益","9949596","196274928","19.75","19.82","19.61","19.76","0.3200","2366"
"00929","復華台灣科技優息","113868156","2347969796","20.66","20.71","20.56","20.60","0.0600","27758"
"00930","永豐ESG低碳高息","3609175","74717736","20.75","20.77","20.58","20.72","0.1800","817"
"00932","兆豐永續高息等權","2162075","38238874","17.69","17.79","17.60","17.69","0.0200","1089"
"00934","中信成長高股息","8358617","163133922","19.49","19.60","19.39","19.58","0.2400","1647"
"00935","野村臺灣新科技50","7119765","150975374","21.24","21.30","21.10","21.23","0.5200","2198"
"00936","台新永續高息中小","91301157","1734611999","19.17","19.19","18.90","18.91","-0.2200","23483"
"00939","統一台灣高息動能","27998277","409773557","14.62","14.69","14.57","14.65","0.0700","7983"
"00940","元大台灣價值高息","162477322","1609380843","9.88","9.93","9.85","9.91","0.0700","22779"
"00941","中信上游半導體","39252920","604974176","15.46","15.48","15.38","15.38","0.3200","6445"
"00943","兆豐電子高息等權","1872217","28460813","15.29","15.29","15.13","15.19","0.0100","443"
"00944","野村趨勢動能高息","8190157","121902337","14.91","14.94","14.81","14.90","0.0400","1386"
"00945B","凱基美國非投等債","5200941","78100518","15.03","15.04","15.00","15.01","-0.0200","511"
"00946","群益科技高息成長","40923358","423143690","10.36","10.41","10.26","10.39","0.0900","6010"
"01001T","土銀富邦R1","111000","1617290","14.57","14.58","14.55","14.58","-0.0100","8"
"01002T","土銀國泰R1","284000","4782550","16.90","16.90","16.80","16.85","0.0300","9"
"01004T","土銀富邦R2","180000","2275580","12.65","12.67","12.60","12.67","0.0100","24"
"01007T","兆豐國泰R2","100000","1678000","16.78","16.78","16.78","16.78","0.0000","2"
"01009T","王道圓滿R1","378000","3006800","7.97","7.97","7.94","7.96","0.0000","22"
"01010T","京城樂富R1","357000","3580160","10.04","10.04","10.02","10.02","-0.0200","45"
"020000","富邦特選蘋果N","","","","","","","0.0000",""
"020011","統一微波高息20N","","","","","","","0.0000",""
"020012","富邦行動通訊N","","","","","","","0.0000",""
"020015","統一MSCI美低波N","","","","","","","0.0000",""
"020016","統一MSCI美科技N","","","","","","","0.0000",""
"020018","統一價值成長30N","15000","372000","24.92","24.92","24.76","24.78","-0.0200","6"
"020019","統一特選台灣5GN","","","","","","","0.0000",""
"02001L","富邦蘋果正二N","96000","2506120","26.28","26.33","25.89","25.91","0.6500","20"
"02001R","富邦蘋果反一N","4494000","7010560","1.53","1.56","1.53","1.56","-0.0200","11"
"02001S","策元大加權策略N","21000","151410","7.21","7.21","7.21","7.21","0.1500","1"
"020020","元大台股領航N","155000","1708770","10.93","11.06","10.93","11.03","0.3000","26"
"020028","元大特選電動車N","33000","294440","8.95","8.95","8.89","8.89","-0.0100","14"
"020029","元大ESG高股息N","57000","520660","9.09","9.20","9.08","9.20","0.2200","23"
"020030","統一智慧電動車N","15000","91820","6.12","6.13","6.10","6.11","0.0800","10"
"020031","統一IC設計臺灣N","202000","1246750","6.19","6.19","6.16","6.18","0.0500","13"
"020032","元大綠能N","29000","173880","6.00","6.01","5.99","5.99","-0.0300","6"
"020034","元大IC設計N","34000","274810","8.10","8.12","8.07","8.10","0.1100","10"
"020036","元大金融配息N","","","","","","","0.0000",""
"020037","元大金融高股息N","17000","107680","6.32","6.34","6.32","6.34","0.0400","6"
"020038","元大ESG配息N","94000","740970","7.88","7.93","7.83","7.92","0.1700","21"
"020039","元大加權N","297000","1951870","6.55","6.58","6.55","6.58","0.1400","25"
"1101","台泥","8974514","293893340","32.70","32.85","32.70","32.70","0.0000","4954"
"1101B","台泥乙特","6028","291003","48.10","48.40","48.10","48.40","0.0000","8"
"1102","亞泥","13368921","543220804","41.00","41.15","40.25","40.60","0.0000","6662"
"1103","嘉泥","411115","7517685","18.40","18.45","18.15","18.25","-0.2000","491"
"1104","環泥","578564","19513945","33.80","33.90","33.60","33.65","-0.2500","438"
"1108","幸福","450480","7573371","16.85","16.90","16.75","16.85","0.0000","232"
"1109","信大","699499","13503304","19.40","19.45","19.25","19.25","-0.2500","397"
"1110","東泥","1226873","29928462","24.75","24.95","24.05","24.30","-0.1000","732"
"1201","味全","581731","10943278","18.80","18.90","18.75","18.80","-0.0500","390"
"1203","味王","20042","995821","49.55","49.75","49.50","49.75","-0.2500","39"
"1210","大成","1033957","59051773","57.30","57.40","56.90","57.20","-0.1000","983"
"1213","大飲","67526","483595","7.18","7.22","7.10","7.18","0.0000","40"
"1215","卜蜂","361565","38756162","107.00","107.50","106.50","107.00","-0.5000","660"
"1216","統一","9548787","765551798","79.30","80.50","79.30","80.30","0.8000","6086"
"1217","愛之味","600672","7246074","12.10","12.10","12.05","12.05","0.0000","355"
"1218","泰山","1676186","37652252","22.75","22.90","22.30","22.45","-0.2000","1076"
"1219","福壽","242627","4568858","18.80","18.90","18.80","18.80","0.0000","193"
"1220","台榮","400635","6084036","15.35","15.35","15.10","15.15","-0.2500","274"
"1225","福懋油","85246","7944612","94.20","94.20","92.20","93.40","0.6000","127"
"1227","佳格","584587","24347482","41.40","41.90","41.40","41.60","0.0000","503"
"1229","聯華","602865","40484388","67.00","67.30","67.00","67.30","0.2000","720"
"1231","聯華食","399904","40601331","101.00","103.00","100.50","102.00","1.0000","1000"
"1232","大統益","57613","8344821","144.50","145.00","144.50","144.50","-0.5000","157"
"1233","天仁","20595","701138","33.85","34.10","33.85","34.05","-0.0500","53"
"1234","黑松","245543","10674894","43.00","43.75","43.00","43.45","0.4500","290"
"1235","興泰","15139","1368623","90.20","90.80","90.10","90.70","-0.2000","18"
"1236","宏亞","35555","857521","24.10","24.15","24.00","24.00","-0.1500","264"
"1256","鮮活果汁-KY","30992","6127258","199.50","199.50","196.50","197.00","-2.5000","365"
"1301","台塑","11547330","719518970","62.60","63.00","62.10","62.40","-0.2000","8858"
"1303","南亞","18826076","953410694","51.00","51.30","50.30","50.40","-0.6000","11634"
"1304","台聚","4374450","66225500","15.40","15.40","15.05","15.20","-0.2000","3797"
"1305","華夏","4178589","70940877","17.50","17.50","16.75","17.05","-0.3500","1975"
"1307","三芳","584778","18595055","32.25","32.30","31.60","31.65","-0.6000","436"
"1308","亞聚","2171518","38283964","17.85","17.90","17.50","17.60","-0.3000","3149"
"1309","台達化","1030055","15527566","15.20","15.20","15.00","15.05","-0.1500","1039"
"1310","台苯","2840409","36271926","13.00","13.00","12.65","12.75","-0.1500","3228"
"1312","國喬","3894278","53030264","13.70","13.75","13.55","13.65","-0.1000","1829"
"1312A","國喬特","13000","308100","23.70","23.70","23.70","23.70","0.0000","6"
"1313","聯成","3841733","47598840","12.55","12.55","12.30","12.40","-0.1500","3775"
"1314","中石化","37630808","373596388","10.00","10.10","9.89","9.89","-0.1000","6844"
"1315","達新","5855","422358","72.20","72.30","72.00","72.30","0.0000","18"
"1316","上曜","5208964","97835077","19.00","19.20","18.50","18.90","0.0000","2521"
"1319","東陽","2466318","283183979","116.00","117.00","114.00","114.00","-1.0000","2211"
"1321","大洋","371278","14422248","39.25","39.45","38.60","38.75","-0.3000","196"
"1323","永裕","42800","1335594","31.15","31.30","31.15","31.30","0.1500","56"
"1324","地球","153692","2041864","13.25","13.40","13.15","13.25","0.0000","163"
"1325","恆大","327967","9120070","27.95","27.95","27.65","27.80","0.0000","196"
"1326","台化","5910421","301447426","50.90","51.40","50.90","50.90","-0.3000","4202"
"1337","再生-KY","1421793","10544364","7.66","7.66","7.36","7.40","-0.1900","680"
"1338","廣華-KY","47019","1596646","34.05","34.10","33.90","33.95","-0.1500","57"
"1339","昭輝","457195","31778424","70.30","70.90","68.60","69.40","-1.0000","413"
"1340","勝悅-KY","57774","583161","10.05","10.10","10.05","10.05","0.0500","190"
"1341","富林-KY","7071","499921","70.50","71.00","70.50","71.00","-0.5000","21"
"1342","八貫","768571","89852005","120.00","120.00","115.00","115.50","-3.5000","898"
"1402","遠東新","5011015","169603512","33.80","34.05","33.40","33.95","0.1500","3552"
"1409","新纖","3161756","51997940","16.50","16.60","16.35","16.40","-0.2000","1236"
"1410","南染","18000","675550","37.45","37.75","37.40","37.55","0.1000","18"
"1413","宏洲","617027","6650717","10.85","11.00","10.50","10.85","0.0000","231"
"1414","東和","804199","16856299","21.40","21.50","20.70","21.00","-0.3500","449"
"1416","廣豐","341539","4404500","13.00","13.05","12.80","12.90","-0.0500","263"
"1417","嘉裕","227035","2563985","11.45","11.45","11.25","11.30","-0.0500","328"
"1418","東華","103550","3159259","30.40","31.50","30.05","30.95","-0.0500","86"
"1419","新紡","44289","2135426","48.50","48.50","48.00","48.15","-0.4500","62"
"1423","利華","332099","12773616","39.95","39.95","38.05","38.45","-1.5500","246"
"1432","大魯閣","226915","3982592","17.70","17.75","17.50","17.50","-0.1500","492"
"1434","福懋","728217","16400875","22.50","22.60","22.50","22.55","0.0000","840"
"1435","中福","3846","183623","47.25","48.25","47.25","48.25","0.0000","17"
"1436","華友聯","636532","95764397","156.50","156.50","146.50","152.50","-2.5000","1127"
"1437","勤益控","255706","9291293","36.70","36.75","36.05","36.30","0.0000","285"
"1438","三地開發","200284","12295389","62.00","62.60","60.50","62.00","0.0000","209"
"1439","雋揚","143563","3902840","27.45","27.50","26.85","27.35","-0.2000","221"
"1440","南紡","3764289","67709036","18.30","18.35","17.80","17.90","-0.3500","1412"
"1441","大東","37825","504085","13.40","13.40","13.25","13.25","-0.1500","157"
"1442","名軒","2266814","137179443","60.80","61.40","60.00","61.10","0.6000","1617"
"1443","立益物流","51533","1623249","31.55","31.60","31.25","31.40","-0.2500","54"
"1444","力麗","1585127","15349878","9.72","9.77","9.64","9.66","-0.0600","687"
"1445","大宇","977589","22531394","23.10","23.10","23.00","23.00","-0.1000","304"
"1446","宏和","2668346","156208187","59.60","59.80","57.20","59.40","0.2000","1872"
"1447","力鵬","2722071","25935551","9.57","9.62","9.41","9.58","0.1200","947"
"1449","佳和","331002","6048579","18.40","18.45","18.10","18.40","0.0000","217"
"1451","年興","61119","1237933","20.20","20.35","20.10","20.35","0.1000","69"
"1452","宏益","137847","2353131","17.15","17.20","17.00","17.05","-0.0500","106"
"1453","大將","1591332","44644968","28.60","28.90","27.60","28.00","-0.3000","1356"
"1454","台富","39768","671561","16.90","17.15","16.55","16.80","-0.1000","42"
"1455","集盛","6558684","96947827","15.20","15.30","14.45","14.55","-0.3500","2854"
"1456","怡華","110109","2140971","19.50","19.50","19.35","19.45","0.0000","63"
"1457","宜進","348378","7645671","22.05","22.10","21.85","22.00","0.0000","197"
"1459","聯發","134175","1466463","10.85","11.10","10.80","10.90","-0.1000","101"
"1460","宏遠","705870","5733190","8.11","8.17","8.08","8.10","-0.0700","254"
"1463","強盛","132990","2662685","20.05","20.25","19.90","20.05","0.0500","110"
"1464","得力","858357","12728517","15.00","15.10","14.70","14.75","-0.2500","436"
"1465","偉全","63541","970176","15.25","15.30","15.20","15.25","-0.0500","74"
"1466","聚隆","134090","1676617","12.55","12.55","12.45","12.45","-0.0500","39"
"1467","南緯","350160","3982248","11.50","11.50","11.30","11.35","-0.1000","314"
"1468","昶和","48450","701808","14.65","14.65","14.40","14.45","-0.1000","56"
"1470","大統新創","12000","245300","20.20","20.70","20.15","20.70","0.3000","12"
"1471","首利","1448709","23376725","16.50","16.55","15.90","15.95","-0.5500","815"
"1472","三洋實業","176996","12956987","71.20","75.00","71.20","71.40","-3.2000","551"
"1473","台南","4279350","212336602","49.40","51.50","47.60","50.00","1.6000","2472"
"1474","弘裕","313808","4280890","13.85","13.85","13.55","13.55","-0.3000","191"
"1475","業旺","198624","11360131","57.10","57.50","56.90","57.10","0.1000","144"
"1476","儒鴻","1850682","961361206","507.00","525.00","507.00","524.00","24.5000","2778"
"1477","聚陽","2115838","843232564","395.00","402.00","393.00","400.00","5.5000","1870"
"1503","士電","3975988","933406798","234.00","237.50","231.50","236.00","4.0000","4870"
"1504","東元","16072933","921883901","57.30","57.70","56.80","57.60","0.3000","9325"
"1506","正道","288757","4865792","17.00","17.00","16.70","16.75","-0.2000","150"
"1512","瑞利","32994","285454","8.79","8.80","8.55","8.60","0.0500","40"
"1513","中興電","5337324","884367789","166.50","168.50","164.00","166.00","1.0000","4149"
"1514","亞力","5784544","626729074","109.50","111.00","107.00","107.50","-1.0000","4464"
"1515","力山","856390","38754234","45.50","46.25","44.85","45.45","0.3000","649"
"1516","川飛","955956","22547124","23.45","24.20","22.70","24.00","1.0000","788"
"1517","利奇","658609","11070687","17.00","17.25","16.60","16.60","-0.4000","551"
"1519","華城","4141743","2866738393","697.00","711.00","680.00","687.00","-4.0000","5509"
"1521","大億","58251","2339869","40.65","40.65","39.95","39.95","-0.8000","46"
"1522","堤維西","10508070","684972075","65.30","66.50","64.00","65.50","-0.6000","6655"
"1522A","堤維西甲特","170","7768","","","","","0.0000","5"
"1524","耿鼎","3930026","144546347","37.15","37.55","36.15","36.70","-0.1000","2809"
"1525","江申","70882","5472205","77.60","77.60","76.90","76.90","-0.7000","93"
"1526","日馳","74415","2466571","33.15","33.30","33.00","33.05","-0.1000","81"
"1527","鑽全","347510","15013042","43.65","43.65","42.90","42.90","-0.5000","404"
"1528","恩德","732799","9111960","12.55","12.60","12.35","12.35","-0.1500","389"
"1529","樂事綠能","790233","25295167","32.20","32.40","31.85","31.85","-0.3000","598"
"1530","亞崴","68121","2213873","32.70","32.70","32.30","32.40","-0.2500","306"
"1531","高林股","244457","3615172","15.05","15.05","14.70","14.85","-0.1500","301"
"1532","勤美","3489124","179183058","52.00","52.20","50.80","51.60","-0.6000","2032"
"1533","車王電","96435","4551521","48.45","48.45","46.65","46.85","-0.4000","93"
"1535","中宇","293248","20382676","70.20","70.20","69.20","69.90","-0.3000","377"
"1536","和大","1711431","95828360","56.90","57.10","55.50","55.60","-1.1000","1359"
"1537","廣隆","127031","18612775","148.00","148.00","146.00","146.50","-0.5000","522"
"1538","正峰","30001","426014","14.45","14.45","14.05","14.45","0.2500","21"
"1539","巨庭","71655","1700520","23.85","23.85","23.65","23.65","-0.1500","59"
"1540","喬福","456451","9264692","20.50","20.50","20.20","20.25","-0.1000","299"
"1541","錩泰","11503","362768","31.45","31.75","31.45","31.60","-0.0500","13"
"1558","伸興","28481","2874677","101.00","101.00","100.50","100.50","-0.5000","86"
"1560","中砂","2996190","845580141","286.50","289.00","276.50","276.50","-5.0000","5159"
"1563","巧新","1843803","146554456","79.60","80.50","78.50","78.70","-0.9000","744"
"1568","倉佑","335681","9769330","29.60","29.60","28.90","29.05","-0.3500","264"
"1582","信錦","4837555","542716812","115.50","116.00","109.50","110.50","-3.0000","5776"
"1583","程泰","9813","701823","72.30","72.30","71.00","71.40","0.2000","24"
"1587","吉茂","5894196","357020781","63.20","63.70","58.00","58.40","-3.7000","3459"
"1589","永冠-KY","375953","16865034","45.30","45.35","44.60","44.70","-0.2000","599"
"1590","亞德客-KY","397053","400301360","1020.00","1020.00","1000.00","1000.00","-15.0000","871"
"1597","直得","889458","61859687","71.20","71.30","68.80","69.10","-2.1000","673"
"1598","岱宇","194943","6015641","30.90","31.05","30.65","30.85","-0.0500","148"
"1603","華電","5131688","237771827","45.70","47.00","45.60","46.35","0.8000","3109"
"1604","聲寶","714284","20644562","28.75","29.10","28.65","29.00","0.2000","387"
"1605","華新","9215301","336422779","36.40","36.80","36.25","36.45","0.1000","4127"
"1608","華榮","4980390","179875012","36.75","36.80","35.75","36.10","-0.2000","2976"
"1609","大亞","9348892","459876771","49.15","49.85","48.70","49.10","0.5000","5462"
"1611","中電","1487266","26202500","17.80","17.85","17.50","17.65","-0.0500","756"
"1612","宏泰","2184767","82544066","38.10","38.40","37.40","38.00","-0.0500","1510"
"1614","三洋電","384927","16915444","44.50","44.65","43.75","43.85","-0.5500","264"
"1615","大山","810518","57084915","71.40","71.40","69.30","71.40","0.7000","1420"
"1616","億泰","2435083","55045767","23.05","23.25","22.35","22.35","-0.5500","1432"
"1617","榮星","408763","9086127","22.35","22.60","22.00","22.10","-0.2500","269"
"1618","合機","3717526","185151222","50.10","51.00","49.10","49.10","-0.9000","2442"
"1626","艾美特-KY","77845","1264657","16.30","16.40","16.10","16.10","-0.1500","222"
"1701","中化","451933","10054916","22.25","22.30","22.20","22.25","0.0500","288"
"1702","南僑","819711","47405006","58.10","58.30","57.50","57.90","-0.1000","789"
"1707","葡萄王","190859","30614143","161.50","161.50","160.00","160.00","-0.5000","248"
"1708","東鹼","926590","30169069","33.00","33.15","32.25","32.40","-0.5500","651"
"1709","和益","556169","11272133","20.50","20.50","20.20","20.20","-0.2500","469"
"1710","東聯","3277773","54900486","17.00","17.05","16.60","16.70","-0.2500","2136"
"1711","永光","1273814","24269885","19.15","19.15","19.00","19.05","-0.0500","1017"
"1712","興農","1074675","45012905","41.80","42.05","41.55","41.65","-0.0500","1110"
"1713","國化","732877","36806385","52.10","52.10","49.70","50.40","-1.6000","857"
"1714","和桐","3806711","36674303","9.76","9.76","9.59","9.63","-0.1300","1208"
"1717","長興","1623262","49866136","30.85","30.95","30.60","30.75","-0.1000","895"
"1718","中纖","3359460","26496520","7.99","7.99","7.85","7.86","-0.1100","1552"
"1720","生達","473007","33332895","71.10","71.20","70.00","70.10","-0.8000","1378"
"1721","三晃","980829","14201529","14.65","14.75","14.40","14.40","-0.2000","540"
"1722","台肥","3328728","214453144","64.60","64.70","64.10","64.40","-0.3000","2368"
"1723","中碳","1096120","119325778","110.50","110.50","108.00","109.50","-0.5000","1231"
"1725","元禎","617110","28328860","46.25","47.40","45.10","45.20","-0.6500","584"
"1726","永記","32170","2654944","83.00","83.00","82.00","82.70","0.2000","39"
"1727","中華化","406411","11552330","28.65","28.80","28.30","28.35","-0.3000","302"
"1730","花仙子","20157","1132069","56.30","56.30","56.00","56.10","-0.2000","46"
"1731","美吾華","346077","8802234","25.65","25.65","25.30","25.50","-0.2500","311"
"1732","毛寶","115539","3287802","28.40","28.65","28.25","28.50","0.2500","102"
"1733","五鼎","283239","9332746","33.35","33.55","32.75","32.75","-0.6000","218"
"1734","杏輝","634150","23544206","37.45","37.55","36.95","36.95","-0.3000","484"
"1735","日勝化","26531","468541","17.65","17.75","17.55","17.75","0.0000","51"
"1736","喬山","348863","31859974","91.40","92.00","90.00","91.70","0.6000","322"
"1737","臺鹽","170452","5786201","33.90","34.00","33.90","33.95","0.0500","161"
"1752","南光","592782","32131678","54.50","55.10","53.60","53.80","-0.2000","535"
"1760","寶齡富錦","312773","30423447","97.80","98.20","96.80","96.80","-1.0000","372"
"1762","中化生","112401","5372266","48.00","48.05","47.55","47.70","-0.3500","242"
"1773","勝一","276889","44276969","162.00","162.00","159.00","161.00","1.5000","281"
"1776","展宇","134803","2427527","18.20","18.20","17.85","17.85","-0.3500","96"
"1783","和康生","234940","10533431","45.30","45.30","44.35","44.90","0.0000","231"
"1786","科妍","2638741","307067441","112.00","119.50","111.50","119.00","7.5000","2311"
"1789","神隆","824564","23583913","29.00","29.00","28.45","28.50","-0.4000","625"
"1795","美時","3660871","1056388407","293.50","293.50","286.50","287.50","-5.0000","7934"
"1802","台玻","23296130","447336040","19.00","19.45","18.80","19.40","0.5000","6350"
"1805","寶徠","201051","3943481","19.95","20.00","19.25","19.40","-0.3500","187"
"1806","冠軍","343272","3707588","10.85","10.90","10.75","10.85","0.0500","227"
"1808","潤隆","902441","95941585","106.50","107.50","105.50","107.00","0.0000","1034"
"1809","中釉","2528725","61922732","25.05","25.10","24.15","24.35","-0.5500","1336"
"1810","和成","1037994","19715812","19.30","19.45","18.80","18.95","-0.1500","649"
"1817","凱撒衛","157202","6287960","40.40","40.40","39.85","39.85","0.0000","116"
"1903","士紙","626639","40123168","64.40","65.10","63.50","64.00","-0.4000","528"
"1904","正隆","843513","24239083","28.70","28.80","28.65","28.80","0.0000","701"
"1905","華紙","3348321","73308845","22.00","22.10","21.80","21.80","-0.2000","1941"
"1906","寶隆","48042","779544","16.25","16.30","16.15","16.20","-0.1500","108"
"1907","永豐餘","938380","27891857","29.70","29.80","29.65","29.80","0.0500","569"
"1909","榮成","3983037","55611380","14.10","14.15","13.90","13.90","-0.1500","1316"
"2002","中鋼","30816378","725814092","23.55","23.65","23.50","23.50","-0.0500","15072"
"2002A","中鋼特","12248","533431","43.50","43.60","43.50","43.60","0.1500","20"
"2006","東和鋼鐵","1798852","123879164","69.30","69.40","68.60","68.80","-0.7000","1497"
"2007","燁興","1164063","13324413","11.70","11.70","11.35","11.35","-0.3500","569"
"2008","高興昌","120618","2970320","24.65","24.85","24.60","24.80","-0.0500","93"
"2009","第一銅","3386605","175118707","51.80","52.50","51.30","51.50","0.2000","2276"
"2010","春源","721152","14520455","20.30","20.30","20.05","20.15","-0.1500","460"
"2012","春雨","34117","815506","23.75","24.10","23.75","24.00","-0.0500","47"
"2013","中鋼構","94499","5462559","58.20","58.50","57.50","57.70","0.3000","117"
"2014","中鴻","4775473","105546410","22.25","22.30","22.00","22.20","0.0000","2391"
"2015","豐興","143924","10318512","71.30","72.00","71.30","71.60","-0.4000","150"
"2017","官田鋼","1529062","21638960","14.40","14.40","14.05","14.10","-0.2000","709"
"2020","美亞","2037633","81811256","40.40","40.45","40.00","40.15","-0.3000","1456"
"2022","聚亨","1514882","17491534","11.85","11.85","11.40","11.40","-0.4000","753"
"2023","燁輝","1839709","28016186","15.30","15.35","15.15","15.20","-0.1500","941"
"2024","志聯","27063","637913","23.65","23.65","23.45","23.45","-0.2000","115"
"2025","千興","2034704","23403848","11.70","11.80","11.40","11.45","-0.2500","754"
"2027","大成鋼","6527229","246079444","37.50","38.00","37.25","38.00","0.5000","4051"
"2028","威致","307369","8261883","27.00","27.05","26.70","26.95","-0.0500","233"
"2029","盛餘","557439","15366012","27.70","27.70","27.45","27.55","-0.1500","363"
"2030","彰源","553994","10043743","18.15","18.20","18.05","18.15","-0.0500","274"
"2031","新光鋼","1006739","60569417","60.20","60.40","59.90","60.40","0.2000","550"
"2032","新鋼","233925","3943549","17.05","17.10","16.75","16.80","-0.3000","194"
"2033","佳大","216444","3368090","15.80","15.80","15.40","15.45","-0.2000","105"
"2034","允強","334044","8465814","25.35","25.45","25.30","25.35","-0.0500","205"
"2038","海光","506497","10208055","20.30","20.30","20.05","20.20","-0.0500","361"
"2049","上銀","2815014","612068120","223.00","223.00","216.00","216.00","-6.0000","4202"
"2059","川湖","1166557","1317301565","1130.00","1155.00","1095.00","1145.00","40.0000","2067"
"2062","橋椿","431220","12365999","28.85","28.90","28.50","28.80","0.0000","247"
"2069","運錩","96531","1591428","16.60","16.60","16.45","16.55","0.0000","53"
"2101","南港","44564550","2691150249","63.90","64.30","58.20","60.10","-3.3000","23870"
"2102","泰豐","693037","14256484","20.65","20.95","20.50","20.50","-0.1500","358"
"2103","台橡","1425456","34025227","24.20","24.20","23.75","23.80","-0.4000","743"
"2104","國際中橡","1688314","29398353","17.50","17.50","17.35","17.40","-0.1000","712"
"2105","正新","24829842","1280087139","53.40","53.50","50.70","51.80","-1.8000","12446"
"2106","建大","937034","32119449","34.70","34.70","34.10","34.20","-0.4500","713"
"2107","厚生","466143","12255897","26.40","26.40","26.20","26.35","-0.1000","308"
"2108","南帝","509955","17381132","34.10","34.30","33.95","33.95","-0.3500","390"
"2109","華豐","1330630","25555124","19.50","19.60","19.05","19.05","-0.4500","850"
"2114","鑫永銓","58196","6129860","105.50","106.00","105.00","105.50","0.0000","91"
"2115","六暉-KY","99355","3291222","33.35","33.40","33.00","33.20","-0.1500","74"
"2201","裕隆","5664628","398352515","71.10","71.40","69.80","69.80","-0.6000","4271"
"2204","中華","1082255","135421983","126.50","126.50","124.00","125.00","0.0000","1233"
"2206","三陽工業","2969237","225722272","76.60","76.70","75.60","76.20","-0.3000","2358"
"2207","和泰車","401368","251372996","621.00","630.00","621.00","622.00","0.0000","750"
"2208","台船","4530283","80061555","17.85","17.90","17.60","17.70","-0.1000","2369"
"2211","長榮鋼","3145306","474784652","149.50","152.00","149.00","152.00","3.5000","2722"
"2227","裕日車","45467","6238913","137.50","138.00","137.00","137.00","-2.5000","154"
"2228","劍麟","838241","102190656","121.50","125.50","120.00","122.50","0.0000","756"
"2231","為升","444521","58020116","130.00","131.50","129.00","131.00","1.5000","444"
"2233","宇隆","586411","76344083","131.50","132.00","128.50","131.00","0.0000","372"
"2236","百達-KY","2602876","210987781","78.80","82.50","78.00","81.40","2.8000","1923"
"2239","英利-KY","43231","2440349","56.70","56.70","56.20","56.20","-0.3000","33"
"2241","艾姆勒","3859548","175002274","46.70","47.10","44.50","45.15","-0.8000","2563"
"2243","宏旭-KY","890939","18078703","20.65","20.65","20.05","20.45","0.2500","552"
"2247","汎德永業","80934","26155606","324.00","327.00","322.00","322.50","1.0000","167"
"2250","IKKA-KY","645474","74329191","118.50","119.00","113.50","114.00","-3.5000","686"
"2254","巨鎧精密-創","93000","7478600","80.60","81.10","79.20","80.50","0.6000","24"
"2258","鴻華先進-創","1104006","50756073","46.00","46.55","45.55","45.60","-0.2500","517"
"2301","光寶科","14957347","1599116056","108.00","109.00","105.50","106.50","-0.5000","8140"
"2302","麗正","414389","7765563","18.80","19.10","18.50","18.50","-0.3500","367"
"2303","聯電","41806253","2258044361","54.10","54.20","53.70","54.20","0.7000","16205"
"2305","全友","520264","12002464","23.40","23.40","22.80","23.05","-0.1000","273"
"2308","台達電","10532422","3659471450","351.50","352.00","343.50","345.00","-1.0000","11461"
"2312","金寶","144971740","2628734402","17.20","18.70","16.90","18.25","1.2500","38010"
"2313","華通","11738610","834802049","71.20","71.80","70.30","71.00","0.5000","5780"
"2314","台揚","1189253","37110804","32.00","32.00","30.90","30.95","-0.8000","914"
"2316","楠梓電","3081679","141530875","46.70","46.90","45.40","45.70","-0.7000","1919"
"2317","鴻海","122671053","22094756570","181.50","183.00","177.50","177.50","2.0000","78146"
"2321","東訊","3283","53086","15.90","16.40","15.90","16.30","0.0500","6"
"2323","中環","10882283","139340285","13.00","13.05","12.70","12.70","-0.2000","3347"
"2324","仁寶","18216104","665864764","36.60","37.00","36.30","36.35","0.0500","8470"
"2327","國巨","2026868","1365265563","677.00","680.00","670.00","674.00","3.0000","2773"
"2328","廣宇","38136142","1578316950","42.30","42.80","40.10","40.85","-1.0500","21329"
"2329","華泰","8807981","539205599","62.00","62.20","60.50","60.90","-0.2000","4622"
"2330","台積電","67300344","60138015941","893.00","899.00","885.00","894.00","40.0000","112332"
"2331","精英","32000464","1122446231","34.90","36.00","34.30","34.50","0.1500","14473"
"2332","友訊","1179913","21068516","17.85","18.00","17.75","17.80","-0.0500","694"
"2337","旺宏","8186751","214209767","26.25","26.50","26.00","26.30","0.1500","3984"
"2338","光罩","1067270","76030512","72.00","72.40","70.70","70.70","-0.6000","1076"
"2340","台亞","1906102","75596251","40.15","40.30","39.35","39.60","-0.4000","1233"
"2342","茂矽","451970","14346007","32.30","32.40","30.70","31.65","-0.5500","492"
"2344","華邦電","25636604","616132418","24.20","24.35","23.90","23.90","0.0000","8147"
"2345","智邦","9393607","5143089435","554.00","560.00","534.00","544.00","16.0000","7670"
"2347","聯強","5595911","464587424","81.90","83.70","81.90","83.20","1.3000","3825"
"2348","海悅","2704369","642095365","244.00","247.50","230.00","235.00","-8.5000","3420"
"2348A","海悅甲特","5165","173635","33.65","33.65","33.60","33.60","0.0000","7"
"2349","錸德","4714204","42879405","9.22","9.26","9.00","9.05","-0.1000","1626"
"2351","順德","6284321","913037381","149.50","151.00","140.50","142.50","-2.5000","6021"
"2352","佳世達","6926525","271984675","39.45","39.75","39.05","39.20","-0.2000","4803"
"2353","宏碁","33783843","1708157671","51.10","51.30","50.10","50.60","0.1000","15874"
"2354","鴻準","58710115","4108497264","71.20","71.90","68.00","68.50","-0.8000","37941"
"2355","敬鵬","4963643","225157274","45.05","45.80","44.65","45.75","0.7000","2857"
"2356","英業達","19086110","1030422120","54.50","54.70","53.70","53.70","-0.2000","10949"
"2357","華碩","3784212","1875208510","495.00","500.00","491.50","493.00","4.5000","5012"
"2359","所羅門","4008693","675633131","168.50","172.00","165.00","170.00","6.0000","4659"
"2360","致茂","1208012","336168351","280.50","283.00","275.50","279.00","2.5000","944"
"2362","藍天","6705280","385196193","59.00","59.60","55.80","57.20","-0.8000","4459"
"2363","矽統","18701365","1049024550","57.00","57.20","55.50","55.70","-0.8000","10434"
"2364","倫飛","207305","17792276","87.50","88.30","85.00","85.00","-2.3000","227"
"2365","昆盈","6130966","201457290","33.80","33.80","32.30","32.90","-0.1500","4146"
"2367","燿華","84219219","3171832693","37.20","38.30","36.85","37.50","0.6500","35918"
"2368","金像電","2827001","558570128","197.50","200.50","195.50","196.50","1.0000","2875"
"2369","菱生","3501656","80882686","23.70","23.80","22.80","22.80","-0.6000","2074"
"2371","大同","14947597","802728610","54.30","54.70","53.10","53.60","-0.5000","7401"
"2373","震旦行","23122","1717687","74.50","74.50","74.20","74.30","0.0000","48"
"2374","佳能","8973648","562070072","64.50","64.50","61.70","61.70","0.7000","6036"
"2375","凱美","1574384","110555437","71.60","72.50","69.10","69.10","-1.9000","1331"
"2376","技嘉","5593184","1789298999","322.00","324.00","317.50","317.50","-0.5000","7054"
"2377","微星","5084960","949968976","189.00","189.00","184.00","186.50","0.5000","4335"
"2379","瑞昱","8993493","4795243999","534.00","540.00","524.00","536.00","13.0000","6543"
"2380","虹光","138189","974111","7.07","7.10","7.01","7.03","-0.0300","208"
"2382","廣達","19060891","5356602068","284.00","285.00","278.00","279.50","3.0000","15655"
"2383","台光電","7336534","3217785509","442.00","444.50","430.00","442.00","7.5000","8009"
"2385","群光","8006314","1621070977","201.00","206.00","200.00","202.00","1.5000","5475"
"2387","精元","655712","39811793","61.00","61.10","60.50","60.60","-0.3000","485"
"2388","威盛","2544469","293585407","118.00","118.50","114.00","114.00","-2.5000","2378"
"2390","云辰","959883","12785968","13.50","13.55","13.15","13.15","-0.4500","667"
"2392","正崴","7584872","515503071","70.40","70.50","66.40","66.60","-3.0000","5315"
"2393","億光","2303292","166054307","73.00","73.70","71.00","72.00","-1.1000","1994"
"2395","研華","1183733","425549057","361.00","364.00","357.00","360.00","-1.0000","1793"
"2397","友通","2221668","177252954","83.60","84.90","76.10","76.10","-8.3000","1853"
"2399","映泰","1740893","37689541","21.85","22.00","21.50","21.50","-0.4000","1115"
"2401","凌陽","10119772","352343000","35.65","35.70","34.15","34.30","-0.6000","5772"
"2402","毅嘉","1979377","67900663","34.70","34.95","34.05","34.15","-0.4500","1284"
"2404","漢唐","1789870","631704047","357.50","358.00","350.50","351.00","-3.5000","2807"
"2405","輔信","7560070","155592755","21.10","21.30","20.25","20.40","-0.4000","3121"
"2406","國碩","2374727","52055439","22.25","22.35","21.70","21.80","-0.2000","1333"
"2408","南亞科","4784015","304999044","63.90","64.40","63.30","63.40","0.4000","3231"
"2409","友達","28507374","500556149","17.65","17.90","17.45","17.45","-0.0500","7132"
"2412","中華電","8944591","1139707067","127.00","128.00","126.50","127.50","0.5000","5157"
"2413","環科","174240","4182851","24.50","24.55","23.85","23.90","-0.3000","129"
"2414","精技","270539","10032088","37.55","37.55","36.80","37.15","-0.4000","220"
"2415","錩新","189655","5181289","27.90","27.90","27.00","27.00","-0.4000","235"
"2417","圓剛","17147395","813192833","48.60","49.50","45.70","46.05","-2.5500","10506"
"2419","仲琦","1897276","58594215","31.40","31.75","30.50","30.75","-0.7000","1002"
"2420","新巨","417401","25801033","62.00","62.30","61.30","61.90","0.1000","387"
"2421","建準","6365507","744800769","118.50","120.00","114.50","115.50","-1.5000","4557"
"2423","固緯","497250","20880158","42.05","42.40","41.75","41.90","-0.1500","425"
"2424","隴華","17072","513783","30.45","30.45","29.80","29.80","-0.5500","20"
"2425","承啟","871964","35302311","41.25","41.40","39.85","39.90","-0.8000","688"
"2426","鼎元","511226","9200913","18.20","18.30","17.90","17.95","-0.2000","361"
"2427","三商電","28546968","897745051","31.05","32.00","30.70","30.80","0.1000","14922"
"2428","興勤","156934","26366990","170.00","170.00","167.50","167.50","0.0000","187"
"2429","銘旺科","85200","1727849","20.25","20.55","20.10","20.55","0.3000","52"
"2430","燦坤","50577","1829075","36.15","36.20","36.10","36.15","-0.1000","91"
"2431","聯昌","276269","3466370","12.60","12.70","12.45","12.45","-0.1500","143"
"2432","倚天酷碁-創","13000","506650","38.90","39.25","38.60","38.65","-0.2500","10"
"2433","互盛電","19521","1038988","53.20","53.40","53.10","53.40","-0.1000","36"
"2434","統懋","16273","539521","32.85","33.40","32.85","33.10","-0.1000","15"
"2436","偉詮電","1213395","77435729","65.60","65.60","63.20","63.40","-1.2000","1442"
"2438","翔耀","2413472","72720787","29.85","31.45","29.55","29.65","-0.4000","1221"
"2439","美律","2210641","273716759","126.00","127.00","122.00","122.50","-3.0000","1853"
"2440","太空梭","963830","15513668","16.30","16.40","15.80","16.15","0.0000","496"
"2441","超豐","570282","35818574","62.70","63.20","62.50","62.60","-0.1000","484"
"2442","新美齊","2857319","93968413","33.50","33.50","32.50","33.20","-0.2500","1557"
"2444","兆勁","2332542","31464501","13.65","13.80","13.00","13.05","-0.2000","836"
"2449","京元電子","11799323","1055170723","90.10","90.50","88.60","89.40","0.2000","8153"
"2450","神腦","237552","9459811","39.95","39.95","39.75","39.80","-0.1500","136"
"2451","創見","4403022","508477446","114.00","117.00","112.50","115.00","1.0000","3587"
"2453","凌群","1515211","98680414","65.80","66.20","64.30","64.70","-0.5000","1309"
"2454","聯發科","10328177","13199043800","1255.00","1300.00","1235.00","1290.00","60.0000","16487"
"2455","全新","2448052","360428403","146.00","151.00","145.00","145.50","1.0000","1787"
"2457","飛宏","3650348","186255761","52.00","52.00","50.40","51.30","-0.5000","3411"
"2458","義隆","3042813","480483649","160.50","161.00","156.50","157.00","-2.0000","2481"
"2459","敦吉","49813","3614273","72.60","72.80","72.40","72.60","0.0000","60"
"2460","建通","1670040","55062023","34.30","34.30","32.45","32.45","-1.5000","1054"
"2461","光群雷","692323","17220693","24.75","25.10","24.75","24.90","0.1000","325"
"2462","良得電","691890","24546086","35.20","35.80","34.80","35.20","0.2500","592"
"2464","盟立","15713790","1011927008","67.50","67.60","62.80","62.80","-2.8000","11481"
"2465","麗臺","4108120","533266759","131.50","132.00","127.00","130.50","3.0000","3329"
"2466","冠西電","21855","810905","37.50","37.50","36.75","37.10","-0.6000","45"
"2467","志聖","3877103","515748887","136.50","139.00","130.50","131.00","2.0000","3041"
"2468","華經","334605","8959622","27.20","27.20","26.50","26.70","-0.4000","225"
"2471","資通","457286","25559140","56.50","56.50","55.40","55.70","-0.8000","542"
"2472","立隆電","585828","44705934","76.60","77.00","76.00","76.10","-0.2000","637"
"2474","可成","2004623","449233561","221.50","225.00","221.00","225.00","3.0000","1683"
"2476","鉅祥","2124140","196513086","93.10","93.70","91.60","91.80","0.0000","1619"
"2477","美隆電","97150","2138506","22.10","22.10","21.95","22.00","-0.1000","71"
"2478","大毅","360326","19410845","54.30","54.30","53.40","53.80","0.0000","384"
"2480","敦陽科","139045","17634946","127.00","127.00","126.50","126.50","-0.5000","262"
"2481","強茂","1030191","59136372","57.40","57.80","57.00","57.70","0.5000","787"
"2482","連宇","20468007","840887027","43.00","43.10","39.25","43.05","2.2000","12444"
"2483","百容","264237","6708704","25.75","25.75","25.30","25.30","-0.2000","205"
"2484","希華","616341","19353705","31.55","31.65","31.25","31.30","-0.2500","466"
"2485","兆赫","966919","20054582","20.95","21.00","20.60","20.65","-0.2500","657"
"2486","一詮","37415045","3951056277","106.00","109.00","102.00","103.50","0.5000","21898"
"2488","漢平","224389","10677437","48.00","48.00","47.45","47.50","-0.4000","222"
"2489","瑞軒","19071075","371996167","20.15","20.25","19.20","19.20","-0.5000","10081"
"2491","吉祥全","254441","3951909","15.60","16.00","15.25","15.25","-0.3500","213"
"2492","華新科","3350186","371592625","113.50","113.50","109.50","110.50","-2.0000","2507"
"2493","揚博","185941","17588532","94.80","95.40","94.00","94.10","-0.5000","260"
"2495","普安","7146361","205343089","29.55","30.00","28.05","28.10","-1.4500","4284"
"2496","卓越","23553","1718278","73.40","73.40","72.70","72.90","-0.5000","35"
"2497","怡利電","673097","38844575","58.90","59.10","57.20","57.20","-1.6000","608"
"2498","宏達電","3304618","142549528","43.30","43.90","42.85","42.85","-0.3000","2419"
"2501","國建","10446150","367975874","35.60","35.75","34.80","35.30","-0.3000","5601"
"2504","國產","12259032","570674504","45.90","47.20","45.50","47.15","1.3000","6427"
"2505","國揚","778524","21637303","28.10","28.15","27.40","27.95","-0.1500","590"
"2506","太設","2320076","28572555","12.65","12.65","12.20","12.30","-0.3000","871"
"2509","全坤建","770411","18503816","24.15","24.25","23.85","24.00","-0.1500","422"
"2511","太子","4188016","50417442","12.10","12.20","11.95","12.05","0.0000","1243"
"2514","龍邦","1734688","40477114","23.55","23.65","23.05","23.50","0.1500","980"
"2515","中工","20570956","342517938","16.70","16.90","16.50","16.65","-0.1000","4966"
"2516","新建","1031868","11775022","11.60","11.60","11.35","11.45","-0.1500","387"
"2520","冠德","13473009","819664308","61.00","61.80","59.60","61.20","0.3000","8143"
"2524","京城","1515894","85692181","58.00","58.40","55.50","56.20","-1.4000","1320"
"2527","宏璟","1383957","66116342","48.20","48.70","47.20","47.90","-0.3000","1127"
"2528","皇普","538418","26353337","48.85","50.00","48.10","49.10","0.2500","406"
"2530","華建","821854","39323543","48.20","48.25","47.55","48.15","0.0000","628"
"2534","宏盛","1841620","49835464","27.25","27.45","26.75","27.40","-0.1000","1350"
"2535","達欣工","322507","17468537","54.00","54.50","53.70","54.30","0.3000","533"
"2536","宏普","671805","23473123","35.40","35.40","34.65","34.95","-0.4500","431"
"2537","聯上發","21805217","470548141","21.15","22.30","20.80","21.75","0.4000","9422"
"2538","基泰","3089599","58703109","19.25","19.35","18.75","19.00","-0.1500","1002"
"2539","櫻花建","697821","52376926","75.00","75.80","74.70","75.00","0.4000","1473"
"2540","愛山林","3669820","679372198","188.00","190.50","179.00","183.50","-2.5000","6293"
"2542","興富發","11554626","545005874","46.90","47.65","46.65","47.35","0.8000","7677"
"2543","皇昌","6320572","285529749","46.65","46.70","44.50","45.15","-1.8500","3785"
"2545","皇翔","1951295","119580086","61.70","62.50","60.10","62.40","0.7000","1839"
"2546","根基","198848","18970600","95.70","96.20","94.80","95.60","-0.2000","353"
"2547","日勝生","3479401","38339585","11.15","11.15","10.90","11.00","-0.1000","1086"
"2548","華固","6162654","1009357160","160.50","167.00","158.50","167.00","7.5000","5152"
"2597","潤弘","404337","72360776","180.00","181.00","176.50","180.50","-0.5000","669"
"2601","益航","3240619","27526380","8.54","8.64","8.42","8.43","-0.0500","1181"
"2603","長榮","48145304","10583865516","221.00","222.50","216.50","222.00","5.0000","27741"
"2605","新興","25654776","824828887","32.65","33.00","31.55","31.85","-0.2500","11929"
"2606","裕民","11130122","669941246","60.20","61.00","59.30","60.50","0.7000","6496"
"2607","榮運","3017213","101044446","33.20","33.95","33.10","33.50","0.6500","2029"
"2608","嘉里大榮","905723","40582301","44.60","45.20","44.55","45.10","0.4500","754"
"2609","陽明","320668936","26547985138","82.00","84.50","80.50","83.70","3.3000","160350"
"2610","華航","53540937","1215422854","22.35","23.00","22.20","23.00","0.7500","15641"
"2611","志信","23450277","793453882","34.85","35.85","32.70","33.45","-0.7500","13117"
"2612","中航","2276558","115170996","50.40","51.60","49.75","50.40","0.8500","1465"
"2613","中櫃","46572692","2062045947","45.15","45.20","41.00","45.20","4.1000","20399"
"2614","東森","1152574","22952287","20.15","20.20","19.75","19.90","-0.3000","1084"
"2615","萬海","146593520","13788107310","93.20","96.80","90.00","96.80","8.8000","76083"
"2616","山隆","271288","6947887","25.80","25.80","25.55","25.65","-0.0500","578"
"2617","台航","5604758","216807437","38.60","38.95","38.30","38.80","0.5000","2709"
"2618","長榮航","135892513","4936243309","35.70","36.75","35.50","36.65","1.0000","35720"
"2630","亞航","2321754","95131112","41.10","41.75","40.50","40.80","0.3000","1363"
"2633","台灣高鐵","1936799","57940336","29.80","30.00","29.80","30.00","0.2000","1119"
"2634","漢翔","6325339","340410701","54.40","54.50","53.10","54.00","0.2000","4074"
"2636","台驊投控","3449476","386576479","112.00","114.00","110.00","112.50","2.5000","2317"
"2637","慧洋-KY","11632845","906599228","78.30","79.50","77.00","77.30","1.2000","7404"
"2642","宅配通","91850","3535797","39.40","39.40","38.30","38.30","-0.1000","185"
"2645","長榮航太","604989","65993516","109.50","110.00","108.50","109.50","0.5000","606"
"2701","萬企","631354","8343343","13.45","13.45","13.10","13.15","-0.2500","272"
"2702","華園","68228","1328671","19.55","19.55","19.40","19.40","-0.2000","163"
"2704","國賓","376570","25758267","69.30","69.30","67.60","68.30","-0.8000","354"
"2705","六福","501185","10087122","20.25","20.40","20.00","20.10","-0.0500","335"
"2706","第一店","710979","11403776","16.20","16.25","15.95","16.00","-0.2000","351"
"2707","晶華","1147087","259626879","225.00","228.50","223.50","227.50","4.0000","1172"
"2712","遠雄來","24030","733460","30.65","30.65","30.30","30.55","-0.0500","16"
"2722","夏都","267768","15818174","59.00","59.60","58.70","58.80","-0.1000","232"
"2723","美食-KY","261836","23827259","91.50","91.50","90.80","90.90","-0.3000","259"
"2727","王品","684293","161966747","235.00","238.50","234.50","237.50","3.0000","1098"
"2731","雄獅","991445","151467435","152.50","154.00","151.50","153.50","0.5000","1046"
"2739","寒舍","904085","58047517","64.20","64.90","63.20","64.70","0.7000","725"
"2748","雲品","414781","29086645","70.40","70.60","69.90","70.20","-0.2000","660"
"2753","八方雲集","180840","30117106","167.50","167.50","166.00","166.00","-1.0000","362"
"2762","世界健身-KY","422785","41935507","99.60","100.50","98.70","98.80","-0.5000","406"
"2801","彰銀","9608173","174720378","18.10","18.25","18.10","18.25","0.1500","2762"
"2809","京城銀","11065520","665339671","59.30","61.00","59.10","60.40","1.0000","6862"
"2812","台中銀","2978595","55265365","18.60","18.60","18.50","18.55","0.0000","1554"
"2816","旺旺保","464635","15428310","33.20","33.50","32.90","33.30","0.1500","250"
"2820","華票","901983","13839991","15.35","15.40","15.30","15.35","0.0000","274"
"2832","台產","419794","11849594","28.15","28.35","28.05","28.25","0.0500","225"
"2834","臺企銀","20347416","346723318","16.95","17.10","16.95","17.10","0.1500","5296"
"2836","高雄銀","1388779","16211593","11.65","11.70","11.65","11.70","0.0500","519"
"2836A","高雄銀甲特","12014","253294","21.10","21.10","21.05","21.05","-0.0500","4"
"2838","聯邦銀","2179358","34376158","15.75","15.85","15.70","15.75","0.0500","615"
"2838A","聯邦銀甲特","25872","1379277","53.30","53.40","53.30","53.40","0.0000","19"
"2845","遠東銀","2988054","46574057","15.50","15.65","15.50","15.65","0.1000","891"
"2849","安泰銀","85273","1210182","14.10","14.30","14.10","14.20","-0.0500","65"
"2850","新產","971282","93364228","95.40","96.80","95.40","96.40","0.6000","678"
"2851","中再保","4124273","115019526","27.95","28.10","27.70","28.05","0.1000","1442"
"2852","第一保","882062","21969180","25.15","25.15","24.65","25.05","-0.1000","527"
"2855","統一證","8726238","247165269","28.05","28.50","27.90","28.45","0.5000","4301"
"2867","三商壽","14356479","104519024","7.24","7.35","7.23","7.26","0.0400","3277"
"2880","華南金","17413701","433611805","24.55","25.10","24.55","24.85","0.2000","5893"
"2881","富邦金","21329150","1597723829","74.00","75.20","73.80","75.20","1.2000","12859"
"2881A","富邦特","135156","8503079","62.90","63.00","62.90","62.90","0.0000","77"
"2881B","富邦金乙特","33472","1986845","59.40","59.50","59.30","59.50","0.0000","54"
"2881C","富邦金丙特","15508","833266","53.70","53.80","53.70","53.80","-0.1000","67"
"2882","國泰金","44205563","2536012641","56.60","57.60","56.60","57.50","1.0000","16058"
"2882A","國泰特","41194","2504450","60.80","60.80","60.80","60.80","0.1000","32"
"2882B","國泰金乙特","139438","8207607","59.00","59.20","58.80","59.20","-0.1000","60"
"2883","開發金","341952699","5055941264","14.20","15.10","14.20","15.10","1.0000","59199"
"2883B","開發金乙特","2105568","15779008","7.48","7.53","7.46","7.52","0.0500","482"
"2884","玉山金","27283531","785222094","28.40","28.85","28.40","28.85","0.2500","14672"
"2885","元大金","10646084","336496306","31.30","31.80","31.30","31.70","0.4000","4541"
"2886","兆豐金","21439410","840645160","39.05","39.40","39.05","39.30","0.1500","8832"
"2887","台新金","23301199","433050662","18.40","18.65","18.40","18.60","0.2000","5873"
"2887E","台新戊特","81231","4276047","52.60","52.70","52.60","52.60","0.0000","41"
"2887F","台新戊特二","5767","272356","47.25","47.30","47.25","47.25","0.0000","10"
"2887Z1","台新己特","7026","118126","16.75","16.85","16.75","16.85","0.1000","22"
"2888","新光金","69641304","651084347","9.27","9.43","9.25","9.38","0.1000","10443"
"2888A","新光金甲特","34413","1016493","29.70","29.70","29.50","29.60","-0.0500","24"
"2888B","新光金乙特","27098","802546","29.60","29.75","29.60","29.65","0.0500","28"
"2889","國票金","33344423","509255338","15.05","15.40","15.05","15.25","0.2000","7261"
"2890","永豐金","16006011","371914437","22.90","23.40","22.90","23.35","0.3000","5803"
"2891","中信金","71254886","2626731718","36.25","37.10","36.25","36.85","0.5500","16810"
"2891B","中信金乙特","5400","324041","60.00","60.10","60.00","60.10","0.0000","24"
"2891C","中信金丙特","970","56924","","","","","0.0000","44"
"2892","第一金","14885480","409877648","27.45","27.65","27.45","27.50","0.0500","5219"
"2897","王道銀行","7732616","81918011","10.55","10.65","10.50","10.60","0.0500","1149"
"2897A","王道銀甲特","63000","664400","10.55","10.55","10.50","10.55","0.0000","16"
"2901","欣欣","29554","812615","27.50","27.55","27.40","27.40","-0.1500","180"
"2903","遠百","4073928","132108251","32.40","32.80","31.85","32.45","0.4500","2632"
"2904","匯僑","67692","1281460","18.95","19.00","18.85","19.00","0.0500","45"
"2905","三商","3152147","55899622","18.30","18.50","17.45","17.55","-0.6500","2411"
"2906","高林","922954","19282838","21.00","21.15","20.70","20.85","-0.1500","399"
"2908","特力","245305","5149378","21.00","21.05","20.90","20.95","-0.0500","82"
"2910","統領","31000","846500","27.35","27.55","27.20","27.20","-0.3500","24"
"2911","麗嬰房","168809","1187627","7.11","7.11","6.99","7.06","-0.0500","328"
"2912","統一超","923089","250170994","270.00","272.00","270.00","270.50","0.5000","2280"
"2913","農林","1949179","40777316","21.05","21.15","20.85","20.85","-0.2000","1083"
"2915","潤泰全","6827128","473992969","69.00","70.10","68.60","70.00","1.3000","4249"
"2923","鼎固-KY","77576","2258720","29.20","29.55","28.75","29.50","-0.3000","117"
"2929","淘帝-KY","191550","1771856","9.30","9.30","9.22","9.25","-0.0300","113"
"2939","凱羿-KY","67000","1669250","25.15","25.15","24.80","25.15","0.1000","30"
"2945","三商家購","10329","462071","45.00","45.20","44.55","45.20","0.2000","16"
"3002","歐格","257190","4073938","16.05","16.10","15.70","15.90","-0.1000","146"
"3003","健和興","505606","40441992","80.70","80.70","79.50","79.50","-1.0000","877"
"3004","豐達科","180894","18970112","106.00","106.00","104.00","104.50","-1.0000","201"
"3005","神基","10857937","1212878265","114.00","114.50","110.50","111.00","-2.5000","6362"
"3006","晶豪科","3197026","293350814","91.70","93.70","90.60","90.70","-0.2000","2540"
"3008","大立光","1232168","2946142485","2330.00","2415.00","2330.00","2390.00","60.0000","5975"
"3010","華立","809839","101313789","126.00","126.50","124.00","125.50","0.0000","739"
"3011","今皓","498206","14784609","29.75","30.05","29.20","29.20","-0.5000","449"
"3013","晟銘電","20523583","1897986446","93.50","94.70","90.60","91.10","-0.5000","14961"
"3014","聯陽","2845254","488592791","172.00","173.50","169.00","172.00","1.0000","2108"
"3015","全漢","7513130","510709540","66.50","70.20","66.00","67.20","1.9000","5134"
"3016","嘉晶","403000","24494709","61.10","61.60","60.30","60.40","-0.5000","409"
"3017","奇鋐","24963824","16682187943","699.00","702.00","646.00","660.00","-25.0000","29001"
"3018","隆銘綠能","72667","1137330","15.60","15.65","15.55","15.65","0.0000","418"
"3019","亞光","2762849","188592356","69.20","69.30","67.40","67.70","0.4000","2047"
"3021","鴻名","288849","6956544","24.40","24.50","23.90","24.05","-0.3500","273"
"3022","威強電","1736429","148746071","87.10","87.70","84.80","85.00","-1.4000","1801"
"3023","信邦","663293","197567977","294.00","299.00","294.00","297.50","3.0000","2590"
"3024","憶聲","7425184","163987102","22.30","22.65","21.65","21.75","0.0000","3108"
"3025","星通","1084068","76084116","70.50","71.70","69.60","70.10","0.1000","899"
"3026","禾伸堂","127923","12597306","98.90","98.90","98.20","98.40","-0.2000","356"
"3027","盛達","561552","22408947","40.30","40.65","39.50","39.75","-0.3500","432"
"3028","增你強","379547","13580471","35.80","35.95","35.65","35.75","-0.0500","370"
"3029","零壹","530682","39359761","74.10","74.90","73.50","74.50","0.5000","599"
"3030","德律","10790850","1878091211","180.50","186.00","166.00","168.50","-10.0000","9172"
"3031","佰鴻","685098","15221307","22.30","22.55","21.95","21.95","-0.2500","446"
"3032","偉訓","691138","51454803","75.50","75.50","74.10","74.30","-0.3000","609"
"3033","威健","5074217","193116053","38.40","38.60","37.80","37.95","-0.2500","3127"
"3034","聯詠","4088159","2468125417","606.00","611.00","597.00","606.00","1.0000","4841"
"3035","智原","4946512","1483848479","303.00","303.00","297.00","299.50","1.5000","5735"
"3036","文曄","2957307","344098440","118.00","118.50","115.50","115.50","-1.5000","3573"
"3036A","文曄甲特","38066","1805026","47.45","47.45","47.40","47.40","0.0000","21"
"3037","欣興","8552045","1619148248","187.50","192.00","187.50","187.50","2.0000","6669"
"3038","全台","620027","20211031","32.55","33.00","32.35","32.40","-0.1500","438"
"3040","遠見","392260","14267830","36.90","37.00","35.80","35.80","-0.9500","317"
"3041","揚智","766561","16307290","21.45","21.70","21.05","21.10","-0.3500","672"
"3042","晶技","3541556","409342313","117.00","117.00","114.00","115.00","-1.0000","2398"
"3043","科風","75240","2321696","31.10","31.10","30.60","30.70","-0.3500","134"
"3044","健鼎","6795584","1461070308","217.00","217.50","213.00","216.00","-0.5000","5823"
"3045","台灣大","4979191","531568997","106.50","107.00","106.50","106.50","-0.5000","2614"
"3046","建碁","326764","20644071","63.00","63.70","62.70","63.00","0.4000","163"
"3047","訊舟","18185890","439378501","24.60","24.95","23.55","23.55","-0.5500","7774"
"3048","益登","18443292","649275322","35.00","36.45","34.40","34.45","-0.2000","11829"
"3049","精金","2085884","17356938","8.38","8.44","8.25","8.32","-0.0600","754"
"3050","鈺德","514015","10852105","21.50","21.70","21.00","21.05","-0.3500","402"
"3051","力特","991290","32735517","33.15","33.35","32.90","32.90","-0.2500","783"
"3052","夆典","581681","7756997","13.30","13.50","13.25","13.30","0.0000","298"
"3054","立萬利","32251","650205","20.30","20.30","20.15","20.15","-0.1500","41"
"3055","蔚華科","3238059","276394834","86.50","87.80","84.00","85.20","-0.4000","2830"
"3056","富華新","2575060","88051020","34.35","34.85","33.80","34.40","0.0500","2015"
"3057","喬鼎","824538","12106078","15.15","15.35","14.25","14.35","-0.7000","632"
"3058","立德","805901","16462045","20.60","20.65","20.30","20.40","-0.2000","710"
"3059","華晶科","5175274","217534422","42.80","43.05","41.50","41.60","-0.6500","3402"
"3060","銘異","4335386","138034515","32.60","32.80","31.40","31.60","-0.5500","2811"
"3062","建漢","8218129","204067601","25.45","25.50","24.30","24.50","-0.4500","4481"
"3090","日電貿","656570","44792845","68.80","69.10","67.50","68.50","-0.2000","591"
"3092","鴻碩","225883","7038454","31.55","31.65","31.00","31.05","-0.5000","434"
"3094","聯傑","283920","8856613","31.50","31.70","30.95","30.95","-0.3500","217"
"3130","一零四","19310","4543312","235.00","236.00","234.50","234.50","0.0000","73"
"3138","耀登","343633","44840068","134.00","134.50","128.50","129.50","-3.0000","400"
"3149","正達","806674","19309991","23.90","24.55","23.65","23.85","0.0500","493"
"3164","景岳","41589","1023026","24.55","24.65","24.50","24.60","0.0000","155"
"3167","大量","337082","19782694","59.00","60.40","57.60","57.60","-1.0000","329"
"3168","眾福科","114482","7257054","63.50","63.70","63.30","63.30","-0.3000","82"
"3189","景碩","2510566","232724715","93.00","93.60","92.20","92.30","-0.7000","2417"
"3209","全科","354212","12727174","35.95","36.05","35.85","36.00","0.1000","329"
"3229","晟鈦","1695621","33343424","20.50","21.05","19.15","19.40","-1.8500","906"
"3231","緯創","35649823","3996450614","113.50","114.00","111.50","112.00","0.0000","21091"
"3257","虹冠電","369044","22808188","62.60","63.00","61.40","61.40","-1.1000","476"
"3266","昇陽","1538103","41364956","26.75","27.40","26.55","26.75","-0.7500","753"
"3296","勝德","976920","22496882","23.20","23.55","22.80","22.80","-0.5000","603"
"3305","昇貿","3861423","283819842","74.90","75.00","72.10","74.50","0.3000","2814"
"3308","聯德","293130","8330584","29.00","29.00","28.05","28.40","-0.1000","411"
"3311","閎暉","163270","6531695","40.25","40.30","38.80","40.30","0.1000","149"
"3312","弘憶股","3135061","212386555","69.80","69.80","66.60","67.00","-0.4000","2650"
"3321","同泰","2773445","61753945","21.60","23.10","21.50","21.70","0.6000","1597"
"3338","泰碩","5582276","474700536","86.20","87.20","83.90","84.40","-0.9000","4189"
"3346","麗清","547487","22661677","41.95","41.95","41.20","41.40","-0.0500","462"
"3356","奇偶","4446922","323166241","74.50","74.60","71.40","72.50","-0.9000","3530"
"3376","新日興","16998729","3805385142","219.00","229.00","217.00","226.50","10.0000","15240"
"3380","明泰","2715654","95414576","35.80","35.80","34.80","34.90","-0.7000","1713"
"3406","玉晶光","3706941","2042694135","552.00","562.00","539.00","549.00","-2.0000","3927"
"3413","京鼎","805146","247908459","311.00","315.00","302.50","303.50","-2.0000","2491"
"3416","融程電","324168","50997838","156.50","159.00","155.50","159.00","3.0000","333"
"3419","譁裕","728996","12508806","17.50","17.65","16.90","17.00","-0.3500","407"
"3432","台端","1165255","28741490","25.60","26.05","24.10","24.10","-2.3000","675"
"3437","榮創","1364995","38071056","28.35","28.50","27.55","27.55","-0.5000","1003"
"3443","創意","4366956","6778410430","1565.00","1580.00","1530.00","1545.00","-35.0000","9164"
"3447","展達","60266","1968879","33.50","33.50","32.35","32.45","-0.2000","51"
"3450","聯鈞","9394034","793280093","84.60","85.80","82.10","85.00","2.3000","7168"
"3454","晶睿","174700","24033569","140.00","141.00","136.00","136.50","-3.0000","252"
"3481","群創","46579100","627899108","13.50","13.65","13.35","13.40","0.0000","11226"
"3494","誠研","419362","2827274","6.70","6.85","6.62","6.85","0.1100","107"
"3501","維熹","558827","38330170","67.50","69.30","67.50","69.20","1.8000","535"
"3504","揚明光","333231","19342618","58.90","59.30","57.40","57.40","-1.1000","398"
"3515","華擎","662885","155177148","236.50","238.50","232.00","232.00","-0.5000","743"
"3518","柏騰","212383","6442225","31.10","31.10","30.10","30.10","-0.2500","167"
"3528","安馳","18909","923038","48.90","48.95","48.60","48.90","0.0000","35"
"3530","晶相光","180489","18487109","104.00","104.00","101.00","102.50","0.0000","183"
"3532","台勝科","1313913","226062866","175.50","176.50","170.00","170.50","-3.5000","5350"
"3533","嘉澤","856647","1357292880","1615.00","1645.00","1560.00","1580.00","-15.0000","1565"
"3535","晶彩科","1601750","44243656","28.10","28.20","27.20","27.20","-0.7000","931"
"3543","州巧","162051","3796109","23.65","23.65","23.35","23.50","-0.1500","75"
"3545","敦泰","2120464","187363476","89.60","90.50","87.40","87.80","-1.6000","2044"
"3550","聯穎","109103","1699593","15.65","15.75","15.50","15.50","-0.1000","62"
"3557","嘉威","620375","48541357","78.80","79.20","77.00","78.80","0.6000","496"
"3563","牧德","482942","178240695","365.50","377.00","365.50","367.00","2.5000","646"
"3576","聯合再生","5261078","63852586","12.40","12.40","12.00","12.05","-0.3000","1928"
"3583","辛耘","3746088","1266581065","339.00","345.00","330.50","331.00","4.0000","3913"
"3588","通嘉","671868","58630016","89.30","89.30","86.50","86.70","-1.6000","566"
"3591","艾笛森","2085814","56985450","27.55","27.80","26.85","26.90","-0.3000","1210"
"3592","瑞鼎","1562348","646159618","421.00","421.00","410.50","415.00","-6.5000","1803"
"3593","力銘","50059","561312","11.30","11.30","11.10","11.30","0.0500","47"
"3596","智易","1679535","274121024","164.00","165.00","161.50","163.50","0.0000","1720"
"3605","宏致","1971608","94553620","48.10","48.80","47.35","48.25","0.7500","1333"
"3607","谷崧","606602","10918495","18.40","18.50","17.80","17.90","-0.4000","336"
"3617","碩天","840201","227708559","278.00","278.00","267.50","271.50","-2.5000","1544"
"3622","洋華","754054","44281139","59.10","59.60","58.00","59.20","0.5000","599"
"3645","達邁","1336463","54839111","41.85","41.95","40.60","40.80","-0.9000","974"
"3652","精聯","555669","18012142","33.40","33.55","31.90","32.10","-0.9000","326"
"3653","健策","723445","723863045","1020.00","1035.00","986.00","989.00","-21.0000","4235"
"3661","世芯-KY","2019069","5894298545","2980.00","2980.00","2875.00","2895.00","-25.0000","5157"
"3665","貿聯-KY","3565128","990338415","285.50","285.50","273.00","275.50","-10.0000","15399"
"3669","圓展","498597","26961890","55.80","55.80","53.30","54.30","-0.4000","612"
"3673","TPK-KY","1281664","47579970","37.45","37.55","36.90","37.00","-0.3000","1011"
"3679","新至陞","199656","28733708","144.50","146.00","142.00","146.00","2.0000","205"
"3686","達能","687967","12985300","19.15","19.25","18.65","18.80","-0.3000","552"
"3694","海華","1127552","57424014","51.70","51.70","50.30","50.50","-0.2000","889"
"3701","大眾控","806200","43311343","54.50","54.80","53.30","53.40","-0.9000","643"
"3702","大聯大","3289749","286107891","86.90","87.50","86.20","86.90","0.7000","2628"
"3702A","大聯大甲特","55305","2704392","48.90","48.95","48.85","48.90","0.0000","46"
"3703","欣陸","4134615","148493843","36.50","36.50","35.40","36.20","-0.3000","2841"
"3704","合勤控","1282098","51555076","40.50","40.75","40.00","40.20","-0.4000","949"
"3705","永信","712482","39253824","55.90","56.00","54.30","54.70","-1.2000","648"
"3706","神達","11618949","539595319","47.15","47.20","45.85","46.60","-0.0500","6686"
"3708","上緯投控","3982201","594128060","152.50","153.00","147.00","147.00","-3.0000","4384"
"3711","日月光投控","11518779","1843146687","159.00","162.00","158.50","160.00","3.0000","6628"
"3712","永崴投控","1944336","88823421","46.00","46.40","45.30","45.30","-0.1500","1358"
"3714","富采","3227212","139884331","43.75","44.10","43.00","43.05","-0.5500","2019"
"3715","定穎投控","3803351","228248958","61.10","61.10","59.40","60.30","-0.1000","3315"
"4104","佳醫","125866","11285869","90.00","90.00","89.50","89.70","-0.2000","278"
"4106","雃博","123164","3463118","28.25","28.25","28.00","28.00","-0.2000","349"
"4108","懷特","435404","8780558","20.35","20.45","19.90","19.95","-0.4000","1123"
"4119","旭富","307963","28611654","93.00","93.60","92.40","92.40","-0.5000","755"
"4133","亞諾法","132143","4316378","32.85","33.10","32.50","32.55","0.0000","176"
"4137","麗豐-KY","210733","34848458","167.00","167.00","164.50","165.00","-2.0000","326"
"4142","國光生","745460","20772808","27.75","28.10","27.65","27.70","-0.1000","483"
"4148","全宇生技-KY","29003","1454848","50.00","50.30","50.00","50.30","0.3000","28"
"4155","訊映","688742","17949048","26.20","26.25","25.80","25.80","-0.3500","424"
"4164","承業醫","775740","39267623","51.20","51.20","50.20","50.90","-0.4000","538"
"4190","佐登-KY","74920","3479380","47.25","47.25","46.05","46.20","-0.9500","133"
"4306","炎洲","1786298","35195592","19.90","19.90","19.60","19.75","-0.0500","797"
"4414","如興","554200","1710020","3.08","3.12","3.07","3.08","-0.0200","133"
"4426","利勤","111745","1865962","16.90","16.90","16.60","16.70","-0.2000","150"
"4438","廣越","85139","9797791","114.50","115.50","114.50","115.00","0.0000","112"
"4439","冠星-KY","18002","1940722","108.50","108.50","107.50","107.50","-1.0000","17"
"4440","宜新實業","126951","3166697","24.95","25.00","24.90","24.95","0.0000","118"
"4526","東台","3400037","80273756","24.20","24.45","23.15","23.20","-0.7500","1995"
"4532","瑞智","4905301","134924337","27.95","28.20","27.15","27.60","-0.3000","2320"
"4536","拓凱","174838","35157248","204.00","204.00","200.50","200.50","-1.5000","425"
"4540","全球傳動","172255","6063597","35.00","35.60","34.95","35.05","0.0500","129"
"4545","銘鈺","519062","21673734","41.80","42.50","40.75","41.45","0.1000","379"
"4551","智伸科","222853","25110062","112.00","114.50","110.50","113.50","3.5000","210"
"4552","力達-KY","135180","3903003","29.05","29.05","28.80","28.80","-0.1500","127"
"4555","氣立","180447","10638185","56.10","61.90","55.30","61.90","5.6000","156"
"4557","永新-KY","52312","6325450","121.00","121.00","120.50","120.50","-0.5000","47"
"4560","強信-KY","71250","2646185","37.35","37.35","37.05","37.15","0.1500","33"
"4562","穎漢","10870704","442639164","44.15","44.30","39.00","39.40","-3.2000","6719"
"4564","元翎","855725","20430133","24.35","24.55","23.55","23.85","-0.5000","829"
"4566","時碩工業","28408488","2201012540","74.40","80.10","73.20","80.10","7.2000","17190"
"4569","六方科-KY","41703","4365524","106.00","106.00","104.00","104.00","-3.0000","198"
"4571","鈞興-KY","2566690","373206203","138.50","148.50","135.00","148.50","13.5000","1457"
"4572","駐龍","102042","15357583","151.50","151.50","150.00","150.00","-1.5000","168"
"4576","大銀微系統","439685","33268473","77.20","77.30","74.30","74.40","-2.0000","496"
"4581","光隆精密-KY","43045","2754502","64.20","64.30","63.60","63.80","0.3000","28"
"4583","台灣精銳","133866","36373963","273.00","276.00","268.50","272.50","-1.0000","252"
"4588","玖鼎電力","313115","29182041","93.70","94.30","92.30","92.40","-1.3000","465"
"4720","德淵","490793","9134724","18.75","18.90","18.50","18.65","-0.1000","250"
"4722","國精化","194189","8014608","41.25","41.60","40.95","41.40","0.0000","217"
"4736","泰博","122719","20376271","166.50","167.00","165.50","165.50","-0.5000","180"
"4737","華廣","22734","1568356","68.80","69.20","68.80","68.90","0.1000","23"
"4739","康普","294558","19249283","65.70","66.20","65.00","65.00","-0.7000","602"
"4746","台耀","2639970","256972881","99.10","99.70","95.80","95.90","-2.1000","2129"
"4755","三福化","329306","45667127","139.50","141.00","137.00","138.00","-2.5000","482"
"4763","材料-KY","779263","652249673","841.00","842.00","832.00","840.00","6.0000","1558"
"4764","雙鍵","100599","4373120","45.00","45.00","43.00","43.10","-1.0500","101"
"4766","南寶","1250602","435118555","344.50","351.00","342.00","350.50","8.0000","1276"
"4770","上品","1075866","429910192","392.00","411.00","390.50","391.00","12.0000","1294"
"4771","望隼","276090","84334990","307.00","310.00","301.50","301.50","-3.0000","469"
"4807","日成-KY","6002","102834","17.15","17.15","17.05","17.15","0.0500","6"
"4904","遠傳","4902675","411911676","83.90","84.40","83.60","83.80","-0.4000","3635"
"4906","正文","19753546","761114764","38.10","38.90","37.85","38.30","0.5000","8146"
"4912","聯德控股-KY","210105","25532661","124.00","124.50","120.50","120.50","-2.5000","174"
"4915","致伸","7245026","790062119","108.00","111.00","107.00","108.00","-2.0000","4658"
"4916","事欣科","326038","9783835","30.25","30.25","29.85","30.00","-0.0500","218"
"4919","新唐","1393657","172596034","126.50","126.50","123.00","123.50","-1.0000","1431"
"4927","泰鼎-KY","2391319","94132716","40.90","41.20","38.65","39.00","-1.8000","1396"
"4930","燦星網","203947","6861600","33.80","33.80","33.35","33.75","-0.0500","215"
"4934","太極","809082","17860709","22.45","22.45","21.90","22.00","-0.2500","519"
"4935","茂林-KY","118345","7275242","61.80","61.80","61.10","61.30","-0.4000","116"
"4938","和碩","10230483","1150352410","112.50","114.50","111.50","111.50","0.5000","5627"
"4942","嘉彰","171902","7960338","46.60","46.60","46.20","46.20","-0.3000","109"
"4943","康控-KY","55063","1131885","20.95","20.95","20.30","20.30","-0.2000","43"
"4949","有成精密","242847","7004172","29.50","29.50","28.50","28.75","-0.5000","183"
"4952","凌通","4864116","332209030","67.80","70.10","67.10","67.90","2.4000","3769"
"4956","光鋐","7355294","167762617","21.65","22.95","21.50","22.95","2.0500","2628"
"4958","臻鼎-KY","14516499","1643823020","115.50","116.00","110.50","113.50","0.0000","7616"
"4960","誠美材","3779098","56099005","14.95","15.00","14.75","14.75","-0.1500","2142"
"4961","天鈺","3653290","931397067","264.00","264.50","251.50","253.50","-8.0000","14747"
"4967","十銓","25731149","3450214445","134.00","139.00","129.50","130.50","0.5000","16748"
"4968","立積","2145046","397473237","190.50","192.50","181.50","182.00","-4.0000","2303"
"4976","佳凌","1785930","84729429","47.45","48.25","46.35","47.50","0.0500","1205"
"4977","眾達-KY","584031","43180732","73.70","75.00","73.00","73.30","0.0000","514"
"4989","榮科","323745","8112971","25.85","25.85","24.80","25.00","-0.4500","469"
"4994","傳奇","986606","134039556","136.00","139.00","132.50","134.50","0.0000","605"
"4999","鑫禾","65157","2299514","35.40","35.40","35.15","35.25","-0.1500","207"
"5007","三星","391094","21695790","57.00","57.20","56.90","57.10","0.0000","125"
"5203","訊連","346536","34835840","101.00","102.00","99.60","100.50","0.5000","425"
"5215","科嘉-KY","81719","4224632","52.30","52.30","51.30","51.40","-0.8000","163"
"5222","全訊","376211","60417459","162.00","162.50","160.00","160.00","-1.0000","414"
"5225","東科-KY","4137574","461573948","117.00","117.00","109.00","112.50","-4.5000","2937"
"5234","達興材料","2117301","338263414","162.50","164.00","158.00","159.50","-3.5000","1884"
"5243","乙盛-KY","921185","54585153","59.90","60.40","58.50","58.50","-0.9000","1404"
"5244","弘凱","185253","8758522","47.30","47.85","46.80","47.05","0.0000","160"
"5258","虹堡","902520","115186090","127.50","129.00","126.50","127.50","1.0000","648"
"5269","祥碩","644938","1323673680","2040.00","2095.00","2015.00","2025.00","30.0000","1383"
"5283","禾聯碩","51681","5725164","110.50","111.00","110.50","111.00","0.0000","138"
"5284","jpp-KY","1508888","180903293","125.50","125.50","117.50","118.00","-7.5000","1605"
"5285","界霖","187731","13126522","69.90","70.60","69.40","69.90","0.0000","186"
"5288","豐祥-KY","321098","67023537","217.00","222.00","205.00","205.00","-10.0000","192"
"5292","華懋","496263","85816517","174.00","179.50","168.50","168.50","-2.5000","4277"
"5306","桂盟","83615","11951472","143.50","143.50","142.50","142.50","-1.0000","146"
"5388","中磊","4474867","523457354","119.50","120.50","116.00","116.50","-2.5000","4188"
"5434","崇越","1016044","273748880","270.00","270.50","268.00","270.00","1.5000","3456"
"5469","瀚宇博","5351816","298885262","56.30","56.70","55.40","55.60","-0.9000","3663"
"5471","松翰","330145","17237128","52.80","53.20","51.80","51.90","-0.9000","336"
"5484","慧友","2928754","110267535","37.65","37.65","37.65","37.65","3.4000","1179"
"5515","建國","2000000","45981861","23.50","23.50","22.65","23.15","-0.1000","1091"
"5519","隆大","6290202","313271643","48.70","51.80","48.20","51.00","2.1000","3978"
"5521","工信","2066106","26436692","12.85","12.90","12.70","12.75","-0.1000","750"
"5522","遠雄","4735957","430781572","91.80","92.90","89.60","91.30","-1.9000","3563"
"5525","順天","175953","6393320","36.80","36.85","36.00","36.60","-0.1500","164"
"5531","鄉林","2364672","26466873","11.50","11.50","11.05","11.10","-0.3500","877"
"5533","皇鼎","290159","7022353","24.30","24.35","24.05","24.25","0.0000","221"
"5534","長虹","1570542","192065897","123.00","124.50","120.00","124.50","1.0000","1818"
"5538","東明-KY","9025","293248","32.15","32.65","32.15","32.55","0.3500","11"
"5546","永固-KY","12408","411187","33.00","33.50","32.95","32.95","-0.0500","13"
"5607","遠雄港","551810","30933152","56.20","56.50","55.50","56.30","0.4000","435"
"5608","四維航","33080984","809422843","24.60","25.05","23.80","24.20","0.0500","15667"
"5706","鳳凰","840045","63557889","76.20","76.40","75.00","75.60","-0.5000","724"
"5871","中租-KY","6510473","1004581840","156.00","156.00","153.50","154.00","-1.5000","5641"
"5871A","中租-KY甲特","60222","5844482","97.00","97.20","97.00","97.20","0.0000","32"
"5876","上海商銀","5609004","258484751","45.65","46.20","45.65","45.95","0.2500","3358"
"5880","合庫金","11280754","288854215","25.50","25.70","25.50","25.60","0.1000","4835"
"5906","台南-KY","56166","3719810","67.00","67.40","64.90","65.50","0.1000","29"
"5907","大洋-KY","203236","1844240","9.20","9.20","8.96","9.05","-0.1500","111"
"6005","群益證","27301078","672135559","24.40","24.95","24.25","24.55","0.5500","9203"
"6024","群益期","510506","31216238","61.40","61.60","60.70","61.00","-0.2000","552"
"6108","競國","204256","4350638","21.40","21.40","21.15","21.30","-0.0500","133"
"6112","邁達特","1028099","64306464","63.10","63.10","61.80","62.60","0.0000","967"
"6115","鎰勝","188954","10485065","55.50","55.70","55.40","55.70","0.0000","161"
"6116","彩晶","8889725","88251615","9.94","10.05","9.89","9.90","-0.0300","2887"
"6117","迎廣","2492372","363534422","150.00","152.00","140.50","142.00","-5.5000","2345"
"6120","達運","2604136","40306290","15.55","15.60","15.35","15.50","0.0000","1090"
"6128","上福","366550","14525566","40.40","40.40","39.30","39.50","-0.7500","329"
"6133","金橋","902243","13585600","15.70","15.70","14.80","14.80","-0.6000","455"
"6136","富爾特","176480","4068074","23.15","23.15","23.00","23.00","-0.1500","102"
"6139","亞翔","1858842","388066673","210.50","212.00","207.00","207.50","0.0000","2606"
"6141","柏承","275371","4572531","16.75","16.80","16.50","16.60","-0.2000","175"
"6142","友勁","244187","2417216","9.93","9.97","9.85","9.86","-0.0700","152"
"6152","百一","905689","9873224","11.15","11.15","10.85","10.85","-0.1500","300"
"6153","嘉聯益","1576622","32948166","21.30","21.40","20.65","20.80","-0.3500","991"
"6155","鈞寶","1481072","41367633","27.35","28.40","27.35","28.20","1.0500","842"
"6164","華興","4224137","68642570","16.35","16.60","15.90","16.20","0.4000","1909"
"6165","浪凡","995273","37929359","39.00","39.10","37.80","38.20","-0.5000","573"
"6166","凌華","2261786","172123516","78.50","78.80","74.90","75.00","-2.3000","2029"
"6168","宏齊","883356","20964413","24.10","24.30","23.40","23.65","-0.3500","610"
"6176","瑞儀","3686592","791292984","215.50","218.00","211.00","215.00","0.0000","6192"
"6177","達麗","4096574","244039917","60.00","60.50","58.50","60.00","0.0000","3119"
"6183","關貿","17722","1304333","73.30","73.70","73.30","73.70","-0.1000","47"
"6184","大豐電","35262","1956224","55.50","55.60","55.40","55.40","-0.1000","67"
"6189","豐藝","2856026","255952266","90.60","90.60","88.60","89.50","0.4000","2559"
"6191","精成科","2370490","171032996","72.60","72.80","71.70","72.00","-0.5000","2953"
"6192","巨路","320098","34452060","107.00","109.00","106.00","108.50","2.0000","244"
"6196","帆宣","833762","130897826","157.00","158.00","156.00","156.00","1.0000","855"
"6197","佳必琪","29969548","5353235708","180.00","187.50","170.50","172.50","2.0000","18842"
"6201","亞弘電","117879","7494817","64.00","64.30","63.20","63.20","-0.8000","100"
"6202","盛群","1131531","66683712","60.50","60.50","58.50","58.50","-1.6000","1227"
"6205","詮欣","348746","26530292","76.20","77.20","74.70","75.40","0.8000","235"
"6206","飛捷","1995083","199655175","101.00","103.50","98.00","98.00","-2.0000","2222"
"6209","今國光","3106876","98333904","32.05","32.35","31.25","31.25","-0.6000","1669"
"6213","聯茂","19326882","2163469630","110.50","116.50","106.50","114.00","6.5000","11719"
"6214","精誠","732253","91076825","125.00","125.50","123.00","124.00","-0.5000","675"
"6215","和椿","14639500","858736733","58.60","59.80","56.50","59.40","3.2000","9751"
"6216","居易","562268","22888612","40.55","41.20","40.40","40.60","0.2000","450"
"6224","聚鼎","106631","5747696","54.70","54.70","53.40","54.10","-0.1000","130"
"6225","天瀚","6595","112685","16.65","17.80","16.65","17.15","0.5000","12"
"6226","光鼎","1309768","14294393","10.65","11.15","10.55","10.90","0.2500","518"
"6230","尼得科超眾","2128081","665444613","322.00","328.50","304.50","305.00","-15.5000","5531"
"6235","華孚","1031383","87115793","85.60","85.80","84.00","84.10","-0.6000","1172"
"6239","力成","5383084","997423964","186.00","189.00","181.00","185.50","1.5000","8031"
"6243","迅杰","617384","39505049","65.30","66.20","63.00","63.00","-1.8000","591"
"6257","矽格","7127116","585055921","81.30","83.50","80.90","81.00","1.0000","4730"
"6269","台郡","1736701","150839144","87.20","87.50","86.10","87.00","0.0000","1525"
"6271","同欣電","1214703","183530759","153.00","153.00","150.00","150.00","-2.0000","1166"
"6277","宏正","123196","10275778","84.30","84.30","83.00","83.70","-0.2000","339"
"6278","台表科","4187414","475061213","114.00","114.50","111.50","113.50","-1.5000","3014"
"6281","全國電","51439","4346373","84.50","84.60","84.40","84.40","-0.2000","67"
"6282","康舒","5333108","197246429","37.40","37.55","36.60","36.90","0.0000","3720"
"6283","淳安","954822","28577974","30.70","30.95","29.40","29.75","-0.8500","618"
"6285","啟碁","3187544","515691609","163.00","165.00","160.00","162.00","0.5000","6462"
"6288","聯嘉","1433154","44078699","31.20","31.45","30.50","30.50","-0.6000","851"
"6405","悅城","66000","1548800","23.60","23.60","23.40","23.45","-0.2500","42"
"6409","旭隼","89943","151596810","1695.00","1715.00","1670.00","1685.00","0.0000","229"
"6412","群電","963817","142039549","144.00","149.50","144.00","147.50","3.5000","702"
"6414","樺漢","759684","248600430","330.50","331.50","324.00","326.50","0.0000","1078"
"6415","矽力*-KY","1791199","832297650","468.50","476.00","457.00","457.50","-4.5000","2033"
"6416","瑞祺電通","584852","73408474","126.00","127.00","124.00","125.50","1.0000","535"
"6423","億而得-創","34030","3476045","104.00","104.00","100.50","102.00","-1.5000","28"
"6426","統新","90687","5735222","63.30","63.50","62.70","63.40","0.4000","133"
"6431","光麗-KY","61011","761032","12.55","12.65","12.40","12.50","-0.0500","51"
"6438","迅得","571178","64871977","114.50","114.50","113.00","113.00","-0.5000","558"
"6442","光聖","12710503","2785978818","230.00","230.00","203.50","230.00","20.5000","9494"
"6443","元晶","4162566","115136712","27.95","28.15","27.50","27.55","-0.5500","2373"
"6446","藥華藥","8477122","3956180655","480.00","485.50","450.00","456.00","-11.5000","27226"
"6449","鈺邦","6858181","871813617","121.50","132.00","121.00","126.00","6.0000","4412"
"6451","訊芯-KY","3042145","556839998","184.50","187.50","178.00","182.00","1.0000","3247"
"6456","GIS-KY","1659256","108098088","65.90","66.30","64.50","64.70","-1.5000","1586"
"6464","台數科","57518","4901161","85.20","85.70","85.00","85.50","0.0000","54"
"6472","保瑞","1892215","1477809094","786.00","794.00","772.00","782.00","-3.0000","5257"
"6477","安集","338558","12655054","38.00","38.00","37.25","37.30","-0.4500","363"
"6491","晶碩","497365","241852248","490.00","491.00","483.00","483.50","-5.5000","815"
"6504","南六","47480","3463558","72.70","73.50","72.50","73.10","0.1000","73"
"6505","台塑化","4187570","276251176","65.70","66.50","65.70","65.80","-0.7000","3299"
"6515","穎崴","947147","848446610","886.00","916.00","875.00","876.00","5.0000","1131"
"6525","捷敏-KY","217392","14327041","66.50","66.50","65.60","65.60","-0.6000","219"
"6526","達發","757747","548032199","720.00","729.00","713.00","726.00","16.0000","1248"
"6531","愛普*","4542138","1589209878","359.50","360.00","345.50","346.00","-15.5000","5877"
"6533","晶心科","557840","233281143","428.50","428.50","414.00","417.00","-3.0000","2032"
"6534","正瀚-創","148199","12304896","84.10","84.10","82.60","82.60","-2.2000","113"
"6541","泰福-KY","118722","4874618","40.60","41.80","40.60","40.70","0.1000","162"
"6550","北極星藥業-KY","8768184","657106219","76.20","76.50","73.60","73.60","1.5000","6351"
"6552","易華電","794914","39385807","50.70","51.10","48.55","49.15","-1.1500","689"
"6558","興能高","90848","2259571","25.00","25.05","24.65","24.75","-0.3500","109"
"6573","虹揚-KY","69076","977778","14.30","14.30","14.05","14.15","-0.1500","46"
"6579","研揚","1470421","280710647","195.00","195.00","188.00","188.00","-2.0000","3291"
"6581","鋼聯","26585","2840396","106.50","107.50","106.50","107.00","-0.5000","132"
"6582","申豐","94385","4766502","51.10","51.10","50.20","50.40","-0.7000","122"
"6585","鼎基","1173525","224282846","190.00","195.00","187.00","187.50","0.5000","1228"
"6591","動力-KY","712095","45221799","64.50","64.50","62.90","64.10","0.6000","797"
"6592","和潤企業","502325","55088172","109.50","110.00","109.00","110.00","0.0000","537"
"6592A","和潤企業甲特","9170","909903","99.20","99.30","99.20","99.30","0.1000","18"
"6592B","和潤企業乙特","12330","1177390","95.50","95.50","95.40","95.50","0.0000","21"
"6598","ABC-KY","47281","936978","19.95","19.95","19.75","19.85","-0.2000","43"
"6605","帝寶","470191","103297063","221.50","223.00","217.50","219.50","-1.0000","907"
"6606","建德工業","250113","6909776","27.85","28.00","27.45","27.50","-0.2500","163"
"6625","必應","115915","10999759","95.20","96.00","94.20","94.70","-0.2000","155"
"6641","基士德-KY","8051","337712","42.00","42.00","41.85","42.00","-0.2000","10"
"6645","金萬林-創","19130","708703","37.05","37.25","37.00","37.05","0.0500","15"
"6655","科定","1000","127000","127.00","127.00","127.00","127.00","0.0000","1"
"6657","華安","128413","6610906","52.30","52.90","51.00","51.80","-0.5000","104"
"6658","聯策","2676827","132312280","51.30","52.40","46.65","46.65","-1.0000","1803"
"6666","羅麗芬-KY","44211","2785692","63.50","63.50","62.50","63.30","-0.1000","85"
"6668","中揚光","1207693","74672559","63.40","63.40","61.00","61.50","-1.1000","1348"
"6669","緯穎","1177975","3097450205","2600.00","2660.00","2595.00","2620.00","95.0000","3607"
"6670","復盛應用","232641","69377737","304.00","304.00","296.00","298.00","-5.0000","869"
"6671","三能-KY","10331","469836","46.40","46.40","45.20","45.20","-0.3500","17"
"6672","騰輝電子-KY","386734","32605075","84.50","85.30","83.20","84.00","2.0000","388"
"6674","鋐寶科技","409448","11951422","29.70","30.60","27.50","28.10","-1.6000","339"
"6689","伊雲谷","1697404","167376706","100.00","100.50","96.00","99.10","0.1000","1659"
"6691","洋基工程","318693","128927372","400.50","407.50","400.50","404.50","-1.0000","510"
"6695","芯鼎","2489312","161405507","67.40","67.40","62.00","66.60","0.8000","2053"
"6698","旭暉應材","674322","24838069","38.30","38.30","36.20","37.20","-0.5000","660"
"6706","惠特","1413830","103995024","74.70","75.20","72.50","73.00","-1.2000","1211"
"6715","嘉基","212156","35700073","166.00","170.50","166.00","170.00","4.0000","356"
"6719","力智","784458","225864532","292.00","292.50","285.50","285.50","-2.5000","1461"
"6742","澤米","1048512","71267051","70.60","70.60","66.50","66.80","-4.6000","862"
"6743","安普新","289641","17001900","59.10","59.10","58.50","58.50","-0.6000","290"
"6753","龍德造船","1605906","193236050","123.00","123.50","118.50","120.00","-0.5000","1483"
"6754","匯僑設計","58343","3682297","63.50","63.60","62.70","63.40","0.0000","60"
"6756","威鋒電子","149265","29359123","199.50","201.50","195.00","195.00","-2.5000","244"
"6757","台灣虎航-創","608877","29573317","48.50","49.15","48.15","48.75","-0.3000","386"
"6768","志強-KY","256257","24903723","98.00","98.40","96.50","97.00","-0.8000","270"
"6770","力積電","13292288","322386395","24.45","24.75","24.10","24.15","-0.1500","5778"
"6771","平和環保-創","19000","1281600","67.30","67.50","67.30","67.50","0.2000","16"
"6776","展碁國際","84554","5438119","64.70","65.10","64.00","64.10","-0.6000","94"
"6781","AES-KY","119312","73616484","625.00","629.00","612.00","615.00","-5.0000","378"
"6782","視陽","1310536","363852051","281.00","282.00","273.50","279.00","-1.0000","2982"
"6789","采鈺","2596653","805466818","311.50","317.50","304.00","307.50","-4.0000","12822"
"6790","永豐實","364764","18988489","52.30","52.30","51.80","52.00","-0.3000","274"
"6792","詠業","62815","5221081","84.10","84.10","82.70","82.70","-0.5000","103"
"6794","向榮生技-創","12000","1012000","85.70","85.70","83.20","83.90","-0.8000","12"
"6796","晉弘","264346","22138529","85.00","86.60","82.20","82.20","-4.3000","332"
"6799","來頡","283750","40108535","143.50","144.00","140.00","140.00","-2.5000","410"
"6805","富世達","1328392","897644696","684.00","693.00","663.00","679.00","9.0000","2754"
"6806","森崴能源","917980","113079677","124.00","125.50","122.50","122.50","0.0000","1255"
"6807","峰源-KY","167785","9298518","55.90","56.20","55.00","55.90","-0.1000","243"
"6830","汎銓","167609","21822142","131.50","131.50","129.50","130.50","0.5000","130"
"6834","天二科技","510480","16061936","30.50","32.25","30.50","31.05","0.6000","330"
"6835","圓裕","335734","18136834","53.60","54.80","52.80","54.10","0.6000","195"
"6854","錼創科技-KY創","44000","3389600","77.60","77.60","76.30","77.30","-0.5000","37"
"6861","睿生光電","13878","1007855","73.00","73.00","72.10","72.10","-0.6000","40"
"6863","永道-KY","2840998","673179127","219.00","240.50","219.00","240.50","21.5000","1996"
"6869","雲豹能源-創","420100","52217700","123.00","126.50","122.50","126.00","2.5000","250"
"6873","泓德能源-創","124000","20348000","165.00","166.00","162.50","166.00","2.0000","81"
"6901","鑽石投資","2382954","96164942","40.65","41.00","39.85","40.05","-0.8000","1305"
"6902","走著瞧-創","10000","1458500","146.00","150.00","144.00","147.50","2.0000","10"
"6906","現觀科","181328","28688200","161.00","163.00","155.50","158.00","-5.0000","250"
"6914","阜爾運通","226180","36172436","160.50","162.00","158.50","160.00","1.0000","371"
"6916","華凌","57000","1542950","27.20","27.30","26.70","26.70","-0.5000","42"
"6928","攸泰科技","304383","24190422","82.60","82.60","78.10","78.60","-3.3000","413"
"6933","AMAX-KY","370121","126727065","340.00","349.50","338.50","339.50","4.0000","521"
"6937","天虹","58760","11513800","196.00","197.50","195.00","196.50","3.0000","238"
"6949","沛爾生醫-創","32000","4239500","132.50","133.00","132.00","133.00","1.0000","23"
"8011","台通","2921276","63867692","22.30","22.30","21.65","21.65","-0.4500","1589"
"8016","矽創","722687","191235158","270.00","270.00","262.00","264.00","-3.0000","2065"
"8021","尖點","4462580","142962096","30.50","32.70","30.45","32.00","2.0000","2663"
"8028","昇陽半導體","4251338","271195645","64.00","65.00","62.30","64.00","0.8000","2717"
"8033","雷虎","1537759","117526382","78.00","78.00","75.50","76.30","0.3000","1511"
"8039","台虹","7180518","389665901","54.80","56.00","52.80","53.80","2.0000","4268"
"8046","南電","2467111","472019675","192.00","193.50","189.50","189.50","-1.5000","2723"
"8070","長華*","10160718","505789216","50.70","50.70","49.00","49.75","-0.4500","5063"
"8072","陞泰","163699","4691157","28.90","29.00","28.35","28.50","-0.3000","253"
"8081","致新","347090","106928715","306.50","310.00","304.50","308.00","4.0000","2185"
"8101","華冠","173703","634350","3.72","3.72","3.62","3.63","-0.0900","74"
"8103","瀚荃","2408557","118315573","47.70","50.00","47.65","48.75","1.5000","1981"
"8104","錸寶","238850","8364188","35.45","35.50","34.90","34.90","-0.2000","284"
"8105","凌巨","2930595","42096621","14.50","14.65","14.20","14.25","-0.2500","1081"
"8110","華東","14536123","280595172","18.70","19.75","18.55","19.15","0.6500","5967"
"8112","至上","18869976","1585778229","84.00","84.90","82.70","84.90","2.9000","12004"
"8112A","至上甲特","17635","764724","43.35","43.40","43.35","43.35","0.0500","21"
"8114","振樺電","4579473","669405593","146.50","153.00","137.00","137.00","-2.5000","3143"
"8131","福懋科","470735","18448158","39.25","39.55","38.90","39.50","0.4500","341"
"8150","南茂","2431373","106608467","44.15","44.35","43.40","43.75","-0.1500","1578"
"8162","微矽電子-創","64100","2319655","36.05","36.50","36.05","36.30","-0.5500","39"
"8163","達方","3258817","236845571","73.40","74.60","71.50","71.50","-0.3000","2955"
"8201","無敵","360809","6725968","18.60","19.60","18.30","19.00","0.2000","238"
"8210","勤誠","2214065","693091395","315.50","320.50","308.50","308.50","-2.5000","5730"
"8213","志超","507302","19758834","38.95","39.10","38.80","39.00","0.2000","372"
"8215","明基材","476685","15682526","32.85","33.05","32.85","32.85","-0.1500","334"
"8222","寶一","455701","19637553","43.55","43.75","42.90","42.95","-0.2500","399"
"8249","菱光","107012","3178177","29.90","29.90","29.60","29.70","-0.2000","171"
"8261","富鼎","697851","57600206","83.00","84.20","81.80","81.90","-0.7000","692"
"8271","宇瞻","740859","49885317","68.10","68.40","66.80","66.80","-0.6000","783"
"8341","日友","103842","10063817","97.40","97.40","96.70","96.70","-0.7000","376"
"8367","建新國際","63460","3101757","50.10","50.20","48.30","48.50","-0.2500","86"
"8374","羅昇","1131737","75367193","68.00","68.00","64.90","65.60","-0.4000","839"
"8404","百和興業-KY","2415114","51548855","20.60","21.85","20.60","21.10","1.0500","1249"
"8411","福貞-KY","57783","811910","14.10","14.10","14.00","14.10","0.0000","148"
"8422","可寧衛","211002","40498517","192.00","192.50","191.50","191.50","0.0000","330"
"8429","金麗-KY","311058","3161698","10.35","10.40","10.05","10.05","-0.3000","298"
"8438","昶昕","747049","29973655","40.95","41.40","39.40","39.40","-1.1500","599"
"8442","威宏-KY","192276","23556342","123.00","124.00","121.00","122.00","-0.5000","100"
"8443","阿瘦","84203","1021681","12.15","12.20","12.10","12.15","0.0000","139"
"8454","富邦媒","598146","264552592","442.00","447.50","440.00","440.00","-3.0000","1753"
"8462","柏文","51498","6116687","119.50","119.50","118.00","119.50","0.0000","88"
"8463","潤泰材","281121","7961136","28.30","28.50","28.10","28.40","0.1000","132"
"8464","億豐","441439","159704670","365.00","365.50","359.50","364.00","4.5000","442"
"8466","美吉吉-KY","44000","2480000","56.00","56.80","56.00","56.50","-0.1000","36"
"8467","波力-KY","160855","27165972","167.50","170.50","167.00","169.50","4.0000","147"
"8473","山林水","451904","17859851","39.60","40.10","39.05","40.00","0.7500","383"
"8476","台境","53233","3120448","59.00","59.00","58.30","58.70","-0.5000","52"
"8478","東哥遊艇","167958","61662315","368.00","372.00","365.50","366.00","-0.5000","384"
"8481","政伸","20075","1048736","52.30","52.50","52.00","52.10","-0.2000","22"
"8482","商億-KY","1000","64400","64.40","64.40","64.40","64.40","-0.2000","1"
"8487","愛爾達-創","11267","918527","81.10","82.00","81.10","82.00","0.4000","16"
"8488","吉源-KY","10002","160985","16.15","16.20","16.05","16.10","0.0000","9"
"8499","鼎炫-KY","22995","2852134","124.00","125.00","124.00","124.00","0.0000","233"
"8926","台汽電","1256386","58610789","46.70","46.90","46.50","46.65","-0.2500","949"
"8940","新天地","455318","11775192","26.20","26.25","25.70","25.95","-0.3500","406"
"8996","高力","1000833","473705413","481.50","481.50","464.00","479.50","11.5000","1097"
"9103","美德醫療-DR","2466530","16471149","6.79","6.80","6.61","6.63","-0.1100","643"
"910322","康師傅-DR","133087","2676133","19.80","20.30","19.80","20.00","0.2000","126"
"9105","泰金寶-DR","44897413","195049037","4.30","4.48","4.22","4.36","0.1100","6115"
"910861","神州-DR","76800","534339","7.18","7.18","6.88","7.08","-0.0300","48"
"9110","越南控-DR","53000","333460","6.21","6.44","6.18","6.44","0.0600","24"
"911608","明輝-DR","191030","674366","3.46","3.59","3.43","3.58","0.0400","77"
"911622","泰聚亨-DR","14000","71200","5.09","5.13","5.08","5.13","-0.0200","9"
"911868","同方友友-DR","928296","1200215","1.29","1.31","1.28","1.29","0.0000","73"
"912000","晨訊科-DR","1538863","5164743","3.38","3.41","3.30","3.35","-0.0100","403"
"9136","巨騰-DR","97000","623800","6.49","6.49","6.42","6.43","-0.0200","50"
"9802","鈺齊-KY","201286","25617684","127.50","128.00","126.50","127.50","0.0000","197"
"9902","台火","1520597","26788839","18.25","18.25","17.30","17.65","-0.4000","853"
"9904","寶成","7221181","267658246","37.15","37.70","36.85","37.00","-0.2000","3655"
"9905","大華","80717","1963989","24.45","24.45","24.25","24.30","-0.1000","80"
"9906","欣巴巴","382740","34739387","92.90","92.90","89.70","90.20","-2.4000","717"
"9907","統一實","2017915","29727617","14.90","14.90","14.65","14.65","-0.1000","967"
"9908","大台北","63646","2060670","32.40","32.45","32.35","32.35","0.0000","83"
"9910","豐泰","2254670","342056227","152.00","153.50","149.50","150.00","-1.5000","1921"
"9911","櫻花","828192","72289260","88.70","88.80","86.80","87.50","-1.0000","952"
"9912","偉聯","158626","2176517","13.85","13.95","13.65","13.75","-0.1000","139"
"9914","美利達","394482","92964323","240.00","240.50","233.00","236.50","-1.0000","2968"
"9917","中保科","317136","39964300","125.00","127.00","124.50","126.00","0.5000","352"
"9918","欣天然","1199","48354","","","","","0.0000","18"
"9919","康那香","1301508","28711183","22.25","22.30","21.80","21.80","-0.4500","544"
"9921","巨大","693334","155950179","227.00","229.50","222.50","224.50","-1.5000","1050"
"9924","福興","3059303","173377061","57.10","57.10","55.90","56.60","-0.2000","738"
"9925","新保","154993","6527446","42.10","42.20","42.05","42.10","0.0000","107"
"9926","新海","39","2243","","","","","0.0000","5"
"9927","泰銘","590983","47497422","82.10","82.10","79.90","80.10","-1.3000","583"
"9928","中視","139077","2953382","21.50","21.90","21.05","21.15","-0.3500","112"
"9929","秋雨","92870","1483995","16.50","16.50","15.10","16.00","-0.6000","61"
"9930","中聯資源","84143","5446405","64.90","65.20","64.60","64.90","0.0000","122"
"9931","欣高","19270","718792","37.10","37.50","37.00","37.30","0.0500","19"
"9933","中鼎","1652033","79463774","48.50","48.55","47.90","48.20","-0.3000","1449"
"9934","成霖","2032539","39942502","19.80","20.05","19.40","19.55","-0.1000","1130"
"9935","慶豐富","248190","6160416","25.10","25.15","24.65","24.80","-0.2500","190"
"9937","全國","13396","895408","66.80","67.10","66.60","67.10","0.2000","28"
"9938","百和","2520151","165949160","65.70","66.70","64.70","65.70","1.3000","1803"
"9939","宏全","1166899","193430733","166.00","167.50","164.50","165.00","-1.0000","1114"
"9940","信義","1943771","65075777","33.45","33.70","33.30","33.55","0.2000","911"
"9941","裕融","1076782","161066720","150.00","152.00","148.50","148.50","-1.5000","1456"
"9941A","裕融甲特","21683","1107625","51.00","51.10","51.00","51.10","0.1000","18"
"9942","茂順","70293","8999412","127.50","129.00","127.50","127.50","0.0000","157"
"9943","好樂迪","92083","8326395","90.40","90.60","90.20","90.60","0.3000","305"
"9944","新麗","438397","10034215","22.95","23.10","22.70","22.90","0.0000","163"
"9945","潤泰新","12726703","572392695","45.15","45.40","44.60","45.05","-0.1000","8802"
"9946","三發地產","1458088","65861825","46.35","46.35","44.70","45.05","-0.1500","1041"
"9955","佳龍","2969300","100861376","32.85","35.20","32.85","35.05","2.4500","2178"
"9958","世紀鋼","5348159","1555765089","286.50","296.00","283.00","295.00","11.0000","4247"
