證券代號,證券名稱,成交股數,成交金額,開盤價,最高價,最低價,收盤價,漲跌價差,成交筆數
"0050","元大台灣50","10376879","1745935737","168.00","169.00","167.70","167.90","-2.9500","23558"
"0051","元大中型100","53914","4406421","82.20","82.20","81.30","81.45","-0.9000","306"
"0052","富邦科技","850189","140626561","165.40","166.00","164.15","164.85","-3.5500","1450"
"0053","元大電子","15802","1453674","91.85","92.20","91.75","91.75","-1.7000","111"
"0055","元大MSCI金融","272348","7112128","26.14","26.24","25.94","25.94","-0.3000","386"
"0056","元大高股息","21478943","862252024","40.10","40.31","40.01","40.03","-0.5600","19737"
"0057","富邦摩台","23087","2876054","124.70","124.70","123.90","123.90","-1.7000","73"
"0061","元大寶滬深","176251","3082984","17.52","17.57","17.46","17.46","-0.1000","103"
"006203","元大MSCI台灣","6022","481521","80.10","80.15","79.90","79.90","-1.4000","110"
"006204","永豐臺灣加權","32862","3507175","106.90","106.90","106.55","106.55","-1.5000","96"
"006205","富邦上証","431053","13034534","30.21","30.37","30.15","30.15","-0.0600","167"
"006206","元大上證50","72491","2096510","28.91","29.08","28.78","28.78","-0.1200","97"
"006207","復華滬深","93246","2134048","22.93","22.93","22.85","22.90","0.0100","12"
"006208","富邦台50","10044194","990254371","98.65","99.00","98.30","98.30","-1.7500","25543"
"00625K","富邦上証+R","","","","","","","0.0000",""
"00631L","元大台灣50正2","5265751","1136706893","216.05","217.80","214.25","214.30","-7.6500","8269"
"00632R","元大台灣50反1","186896648","688882893","3.67","3.70","3.67","3.70","0.0600","7445"
"00633L","富邦上証正2","4169782","147679930","35.67","35.97","35.08","35.10","-0.5800","1090"
"00634R","富邦上証反1","761000","3453630","4.52","4.56","4.51","4.56","0.0500","31"
"00635U","期元大S&P黃金","431143","11927724","27.69","27.71","27.60","27.65","-0.3100","325"
"00636","國泰中國A50","1359565","28521270","21.01","21.14","20.90","20.91","-0.1000","258"
"00636K","國泰中國A50+U","200","1296","6.48","6.48","6.48","6.48","-0.0700","2"
"00637L","元大滬深300正2","42671403","606802860","14.29","14.42","14.07","14.10","-0.2100","5310"
"00638R","元大滬深300反1","722100","6858721","9.46","9.55","9.43","9.55","0.1300","72"
"00639","富邦深100","375720","4003635","10.59","10.69","10.59","10.64","0.0000","155"
"00640L","富邦日本正2","608203","34200835","55.70","56.95","55.65","56.60","-1.0500","304"
"00641R","富邦日本反1","1350000","8784100","6.54","6.54","6.48","6.50","0.0500","150"
"00642U","期元大S&P石油","2016783","35979923","17.82","17.88","17.80","17.80","-0.2100","385"
"00643","群益深証中小","1342808","15566449","11.53","11.63","11.53","11.58","0.0200","128"
"00643K","群益深証中小+R","","","","","","","0.0000",""
"00645","富邦日本","1551880","58445141","37.54","37.80","37.36","37.68","-0.3600","422"
"00646","元大S&P500","693591","36704232","53.00","53.05","52.85","52.90","-0.3000","869"
"00647L","元大S&P500正2","113567","9408561","82.85","83.05","82.65","82.65","-1.4500","88"
"00648R","元大S&P500反1","1290200","7425701","5.75","5.77","5.75","5.77","0.0600","97"
"00650L","復華香港正2","45982590","485962380","10.56","10.81","10.41","10.42","-0.3900","4214"
"00651R","復華香港反1","2380799","20634724","8.60","8.72","8.58","8.72","0.1600","178"
"00652","富邦印度","150107","5535578","36.96","36.96","36.80","36.82","-0.1500","241"
"00653L","富邦印度正2","615127","35355835","57.20","57.80","57.05","57.20","-0.8500","191"
"00654R","富邦印度反1","477000","3254660","6.85","6.87","6.80","6.85","0.0800","58"
"00655L","國泰中國A50正2","2575427","62496029","24.36","24.59","23.98","24.01","-0.4500","588"
"00656R","國泰中國A50反1","85000","724710","8.48","8.56","8.47","8.56","0.0900","20"
"00657","國泰日經225","286669","12770128","44.26","44.68","44.25","44.58","-0.7100","91"
"00657K","國泰日經225+U","200","2754","13.77","13.77","13.77","13.77","-0.3100","2"
"00660","元大歐洲50","6437","230946","35.99","35.99","35.80","35.80","-0.6900","96"
"00661","元大日經225","814030","39646294","48.46","48.85","48.41","48.75","-0.8000","341"
"00662","富邦NASDAQ","2116844","164615614","77.90","77.90","77.65","77.65","-0.5500","1143"
"00663L","國泰臺灣加權正2","11123","2210306","199.45","199.45","198.00","198.00","-5.7500","16"
"00664R","國泰臺灣加權反1","12749360","53290979","4.17","4.19","4.16","4.19","0.0700","588"
"00665L","富邦恒生國企正2","87993602","614286459","7.04","7.14","6.86","6.87","-0.2700","7634"
"00666R","富邦恒生國企反1","668000","9731990","14.39","14.66","14.39","14.66","0.3100","102"
"00668","國泰美國道瓊","125648","5646095","44.95","44.97","44.89","44.90","-0.5200","177"
"00668K","國泰美國道瓊+U","200","2770","13.85","13.85","13.85","13.85","-0.2200","2"
"00669R","國泰美國道瓊反1","9503306","69617810","7.31","7.34","7.31","7.34","0.1400","445"
"00670L","富邦NASDAQ正2","1889720","216993133","114.95","115.05","114.35","114.35","-2.8000","898"
"00671R","富邦NASDAQ反1","6482680","25854966","3.98","4.00","3.97","4.00","0.0500","382"
"00673R","期元大S&P原油反1","7715054","56732658","7.35","7.37","7.34","7.36","0.0800","447"
"00674R","期元大S&P黃金反1","655773","6984031","10.64","10.68","10.62","10.66","0.1300","163"
"00675L","富邦臺灣加權正2","3316398","287499715","86.65","87.50","86.05","86.15","-2.9500","4181"
"00676R","富邦臺灣加權反1","7033395","16290759","2.31","2.33","2.30","2.32","0.0300","317"
"00678","群益那斯達克生技","430158","11877253","27.58","27.63","27.58","27.62","-0.2700","112"
"00680L","元大美債20正2","57873470","460475876","7.94","7.99","7.93","7.99","-0.1400","6180"
"00681R","元大美債20反1","936000","19881490","21.25","21.27","21.21","21.21","0.2000","45"
"00682U","期元大美元指數","56000","1190060","21.25","21.27","21.25","21.27","0.0900","8"
"00683L","期元大美元指正2","523000","12036760","23.08","23.08","23.01","23.05","0.2000","38"
"00684R","期元大美元指反1","3000","46020","15.35","15.35","15.32","15.32","-0.0900","3"
"00685L","群益臺灣加權正2","529609","40890471","77.10","77.90","76.55","76.65","-2.6500","313"
"00686R","群益臺灣加權反1","2008100","4997518","2.48","2.50","2.48","2.50","0.0500","79"
"00688L","國泰20年美債正2","21643702","171230567","7.90","7.95","7.89","7.95","-0.1200","2811"
"00689R","國泰20年美債反1","312000","6857900","22.00","22.00","21.96","21.96","0.2000","11"
"00690","兆豐藍籌30","1003586","32920527","32.77","32.90","32.60","32.78","-0.4600","734"
"00692","富邦公司治理","2493750","100563114","40.18","40.50","40.16","40.23","-0.6900","3365"
"00693U","期街口S&P黃豆","205844","5009753","24.33","24.39","24.30","24.30","-0.1600","112"
"00700","富邦恒生國企","973139","12712216","13.10","13.21","12.95","12.97","-0.2300","338"
"00701","國泰股利精選30","582155","15906319","27.35","27.45","27.25","27.26","-0.2700","514"
"00702","國泰標普低波高息","104250","2379926","22.77","22.83","22.77","22.77","-0.1600","14"
"00703","台新MSCI中國","99622","1575350","15.83","15.89","15.68","15.68","-0.1900","77"
"00706L","期元大S&P日圓正2","8301200","50554881","6.09","6.11","6.08","6.11","0.0100","957"
"00707R","期元大S&P日圓反1","1000","29980","29.98","29.98","29.98","29.98","0.0800","1"
"00708L","期元大S&P黃金正2","869705","29409998","33.82","33.96","33.65","33.77","-0.7600","329"
"00709","富邦歐洲","54311","1608597","29.64","29.68","29.50","29.50","-0.3900","94"
"00710B","復華彭博非投等債","304486","5911823","19.36","19.44","19.36","19.42","0.0500","72"
"00711B","復華彭博新興債","162170","2617410","16.11","16.17","16.11","16.17","-0.0300","84"
"00712","復華富時不動產","35282112","332305190","9.42","9.43","9.41","9.43","-0.0400","10923"
"00713","元大台灣高息低波","6468739","370126368","57.15","57.50","56.95","57.20","-0.4000","8923"
"00714","群益道瓊美國地產","334467","6271698","18.73","18.77","18.73","18.76","-0.0800","139"
"00715L","期街口布蘭特正2","10359883","169891586","16.37","16.46","16.35","16.36","-0.2700","1493"
"00717","富邦美國特別股","140405","2203393","15.68","15.72","15.68","15.71","-0.0200","110"
"00728","第一金工業30","252847","7720201","30.60","30.67","30.48","30.50","-0.5000","186"
"00730","富邦臺灣優質高息","206503","4546716","21.97","22.12","21.94","22.04","-0.1600","228"
"00731","復華富時高息低波","1280265","95190539","74.10","74.55","74.00","74.10","-0.8000","3253"
"00733","富邦臺灣中小","1851240","108516670","58.90","59.00","58.40","58.40","-0.7500","2757"
"00735","國泰臺韓科技","133480","4720515","35.64","35.64","35.25","35.35","-0.5500","91"
"00736","國泰新興市場","101451","2262487","22.34","22.34","22.30","22.30","-0.2200","6"
"00737","國泰AI+Robo","251949","7617884","30.26","30.34","30.22","30.25","-0.4200","129"
"00738U","期元大道瓊白銀","1307385","38252839","29.46","29.55","28.89","29.17","-0.4700","278"
"00739","元大MSCI A股","16431","349235","21.25","21.34","21.22","21.22","-0.0100","64"
"00752","中信中國50","3848150","72452109","18.89","19.00","18.73","18.73","-0.2300","1348"
"00753L","中信中國50正2","34777787","286743242","8.32","8.45","8.12","8.14","-0.2600","4251"
"00757","統一FANG+","3191915","262328491","82.10","82.25","82.00","82.15","-0.1000","1565"
"00762","元大全球AI","231834","14327605","62.25","62.25","61.65","61.70","-0.6000","428"
"00763U","期街口道瓊銅","1037363","30139840","29.30","29.36","28.85","28.85","-1.0100","434"
"00770","國泰北美科技","700217","31054643","44.48","44.48","44.23","44.25","-0.4300","550"
"00771","元大US高息特別股","33635","578770","17.24","17.24","17.20","17.24","-0.0600","77"
"00775B","新光投等債15+","135932","4544314","33.44","33.47","33.40","33.47","-0.1200","97"
"00783","富邦中証500","44085","804901","18.24","18.28","18.24","18.26","0.0300","11"
"00830","國泰費城半導體","13220513","624872230","47.35","47.35","47.19","47.19","-0.9400","4888"
"00850","元大臺灣ESG永續","1819794","76632540","42.19","42.30","41.95","41.99","-0.7600","2228"
"00851","台新全球AI","36891","1605566","43.72","43.72","43.45","43.45","-0.3200","105"
"00852L","國泰美國道瓊正2","1234485","28276354","22.93","22.95","22.85","22.86","-0.6900","373"
"00861","元大全球未來通訊","34564","1388446","40.39","40.39","40.12","40.12","-0.5000","109"
"00865B","國泰US短期公債","133448","6049170","45.32","45.34","45.27","45.34","0.1600","66"
"00875","國泰網路資安","328498","10447142","31.76","31.85","31.71","31.85","-0.0500","108"
"00876","元大全球5G","1020191","40035654","39.44","39.44","39.01","39.20","-0.6200","380"
"00878","國泰永續高股息","58924766","1363506448","23.15","23.24","23.06","23.11","-0.2200","36338"
"00881","國泰台灣5G+","13407145","307517349","23.00","23.04","22.84","22.87","-0.4500","4239"
"00882","中信中國高股息","21726807","263251694","12.16","12.25","12.02","12.03","-0.1500","4787"
"00885","富邦越南","9846266","118204952","12.12","12.12","11.94","11.96","-0.1600","2505"
"00891","中信關鍵半導體","11999075","220033212","18.35","18.44","18.19","18.31","-0.2400","3233"
"00892","富邦台灣半導體","3173060","50683508","15.93","16.04","15.89","15.95","-0.2100","797"
"00893","國泰智能電動車","5619911","120697747","21.52","21.52","21.45","21.46","-0.2900","1040"
"00894","中信小資高價30","674344","13269541","19.84","19.84","19.61","19.61","-0.3600","279"
"00895","富邦未來車","2516640","67043517","26.82","26.82","26.55","26.62","-0.3600","1300"
"00896","中信綠能及電動車","1351455","23948301","17.73","17.80","17.66","17.67","-0.2700","716"
"00897","富邦基因免疫生技","1751651","13941033","8.00","8.00","7.95","7.95","-0.0600","238"
"00898","國泰基因免疫革命","331119","2284002","6.92","6.92","6.88","6.90","-0.0800","192"
"00899","FT潔淨能源","127647","2312456","18.26","18.26","18.08","18.09","-0.1700","133"
"00900","富邦特選高股息30","6391828","103641184","16.20","16.28","16.13","16.24","-0.0800","1638"
"00901","永豐智能車供應鏈","739138","14219909","19.26","19.34","19.19","19.19","-0.3700","225"
"00902","中信電池及儲能","2658839","25986473","9.85","9.85","9.75","9.76","-0.1400","950"
"00903","富邦元宇宙","725260","9851223","13.62","13.62","13.57","13.58","-0.0400","157"
"00904","新光臺灣半導體30","1902582","33513614","17.57","17.68","17.46","17.60","-0.2500","460"
"00905","FT臺灣Smart","2115558","27504526","13.05","13.05","12.96","12.99","-0.1800","1186"
"00907","永豐優息存股","1858723","30331957","16.34","16.44","16.25","16.29","-0.1400","586"
"00908","富邦入息REITs+","254871","3106678","12.23","12.23","12.18","12.19","-0.0800","43"
"00909","國泰數位支付服務","1731574","45787123","26.58","26.58","26.40","26.43","-0.4000","921"
"00910","第一金太空衛星","171302","3086857","18.05","18.05","18.01","18.01","0.5300","23"
"00911","兆豐洲際半導體","205848","5948054","29.22","29.22","28.87","28.87","-0.4400","140"
"00912","中信臺灣智慧50","726445","13013351","18.05","18.05","17.86","17.87","-0.2900","264"
"00913","兆豐台灣晶圓製造","549747","11444398","20.74","20.90","20.68","20.87","-0.1500","54"
"00915","凱基優選高股息30","21076509","561669620","26.67","26.74","26.56","26.67","-0.2700","9903"
"00916","國泰全球品牌50","427215","9186824","21.59","21.59","21.48","21.48","-0.1200","342"
"00917","中信特選金融","2152343","41453807","19.28","19.29","19.21","19.22","-0.2000","3348"
"00918","大華優利高填息30","15691967","394887408","25.15","25.28","25.01","25.18","-0.2100","6447"
"00919","群益台灣精選高息","72463899","1872973507","25.80","25.95","25.70","25.93","-0.0100","26081"
"00920","富邦ESG綠色電力","154382","2331097","15.21","15.21","15.08","15.08","-0.3600","132"
"00921","兆豐龍頭等權重","3613085","68663378","19.07","19.07","18.97","18.97","-0.2300","5246"
"00922","國泰台灣領袖50","5656960","113986211","20.21","20.25","20.08","20.09","-0.3500","3447"
"00923","群益台ESG低碳50","6368234","134302479","21.05","21.18","21.00","21.05","-0.3200","4768"
"00924","復華S&P500成長","1153281","24569508","21.33","21.33","21.28","21.29","-0.0800","448"
"00925","新光標普電動車","297767","4688596","15.76","15.77","15.73","15.73","-0.1800","21"
"00926","凱基全球菁英55","527580","11376694","21.59","21.59","21.54","21.55","-0.0700","190"
"00927","群益半導體收益","8690672","171751742","19.66","19.89","19.60","19.78","-0.1900","2495"
"00929","復華台灣科技優息","130736830","2701833427","20.66","20.75","20.59","20.68","-0.1600","43616"
"00930","永豐ESG低碳高息","2151845","43828489","20.36","20.46","20.29","20.36","-0.2400","1001"
"00932","兆豐永續高息等權","2679036","47413395","17.75","17.76","17.61","17.66","-0.1400","1230"
"00934","中信成長高股息","6594699","126999932","19.23","19.35","19.16","19.33","-0.0700","973"
"00935","野村臺灣新科技50","6176564","128955898","20.98","20.98","20.78","20.83","-0.3600","2571"
"00936","台新永續高息中小","6652323","120152808","18.06","18.14","18.00","18.08","-0.1000","1990"
"00939","統一台灣高息動能","27334491","403208617","14.82","14.82","14.70","14.72","-0.1800","8544"
"00940","元大台灣價值高息","90196700","890931905","9.82","9.86","9.76","9.80","-0.0800","25038"
"00941","中信上游半導體","10213271","154365694","15.16","15.17","15.10","15.11","-0.1900","4055"
"00943","兆豐電子高息等權","3255592","49930513","15.34","15.42","15.25","15.30","-0.1700","677"
"00944","野村趨勢動能高息","8562543","126748709","14.81","14.89","14.75","14.82","-0.0600","3528"
"00945B","凱基美國非投等債","7746808","115834172","14.94","14.97","14.93","14.95","0.0200","325"
"00946","群益科技高息成長","44209454","459031621","10.33","10.45","10.30","10.40","-0.0800","10303"
"01001T","土銀富邦R1","150000","2166450","14.39","14.58","14.30","14.58","0.0000","5"
"01002T","土銀國泰R1","20000","336050","16.81","16.81","16.80","16.80","-0.1500","3"
"01004T","土銀富邦R2","183010","2328468","12.75","12.75","12.66","12.71","-0.0400","46"
"01007T","兆豐國泰R2","34065","568707","16.60","16.79","16.60","16.79","0.0000","12"
"01009T","王道圓滿R1","22000","175580","7.98","8.00","7.98","8.00","0.0200","5"
"01010T","京城樂富R1","73000","733450","10.05","10.05","10.04","10.05","-0.0100","21"
"020000","富邦特選蘋果N","","","","","","","0.0000",""
"020011","統一微波高息20N","1000","10310","10.31","10.31","10.31","10.31","-0.1300","1"
"020012","富邦行動通訊N","1000","10180","10.18","10.18","10.18","10.18","0.0000","1"
"020015","統一MSCI美低波N","","","","","","","0.0000",""
"020016","統一MSCI美科技N","5000","137700","27.54","27.54","27.54","27.54","0.0000","1"
"020018","統一價值成長30N","9000","225660","25.08","25.14","25.01","25.02","0.0000","8"
"020019","統一特選台灣5GN","","","","","","","0.0000",""
"02001L","富邦蘋果正二N","262000","6616790","25.17","25.52","25.02","25.03","-1.0700","57"
"02001R","富邦蘋果反一N","301000","475580","1.58","1.58","1.58","1.58","0.0500","2"
"02001S","策元大加權策略N","","","","","","","0.0000",""
"020020","元大台股領航N","65000","700060","10.74","10.79","10.74","10.74","-0.1700","19"
"020028","元大特選電動車N","54000","483990","9.01","9.01","8.92","8.92","-0.1800","11"
"020029","元大ESG高股息N","73000","664760","9.12","9.15","9.08","9.10","-0.1100","28"
"020030","統一智慧電動車N","61000","376210","6.25","6.25","6.14","6.14","-0.1100","17"
"020031","統一IC設計臺灣N","938000","5779600","6.11","6.17","6.11","6.15","-0.0500","32"
"020032","元大綠能N","25000","149620","5.98","6.01","5.96","5.96","-0.0800","8"
"020034","元大IC設計N","42000","339390","8.02","8.11","8.01","8.09","-0.0300","14"
"020036","元大金融配息N","","","","","","","0.0000",""
"020037","元大金融高股息N","6000","37250","6.23","6.23","6.19","6.19","-0.0600","4"
"020038","元大ESG配息N","83000","652210","7.90","7.90","7.83","7.83","-0.1200","27"
"020039","元大加權N","103000","662840","6.42","6.46","6.41","6.42","-0.1000","31"
"1101","台泥","19340292","638352299","33.05","33.35","32.85","32.85","-0.3500","9874"
"1101B","台泥乙特","10013","484337","48.40","48.40","48.35","48.40","0.0000","9"
"1102","亞泥","9821027","415467477","42.50","42.90","42.00","42.00","-0.8000","7081"
"1103","嘉泥","266551","4796309","18.10","18.15","17.90","17.90","-0.2000","734"
"1104","環泥","704032","23489471","33.45","33.55","33.25","33.30","-0.2000","494"
"1108","幸福","449355","7555267","16.85","16.95","16.70","16.80","-0.0500","249"
"1109","信大","247127","4796285","19.35","19.50","19.30","19.45","0.0500","148"
"1110","東泥","247069","4986030","20.10","20.45","19.85","19.90","-0.2000","139"
"1201","味全","832286","15412816","18.65","18.65","18.45","18.50","-0.0500","835"
"1203","味王","15726","800544","52.00","52.00","50.30","50.30","-0.9000","86"
"1210","大成","1234516","69870681","56.70","56.80","56.50","56.50","-0.2000","1140"
"1213","大飲","7270","50512","6.93","6.98","6.93","6.97","0.0200","10"
"1215","卜蜂","308829","32612558","105.50","106.00","105.00","105.50","0.0000","359"
"1216","統一","10978563","846146209","77.00","77.80","76.60","77.00","0.2000","6450"
"1217","愛之味","581398","6998728","12.05","12.10","12.00","12.00","-0.0500","433"
"1218","泰山","5765381","131962210","21.90","23.70","21.75","22.85","0.9500","2869"
"1219","福壽","296472","5596313","18.85","18.95","18.80","18.85","0.0000","201"
"1220","台榮","242513","3784802","15.60","15.70","15.50","15.50","-0.1000","158"
"1225","福懋油","149555","12383909","81.00","84.30","80.40","84.00","3.6000","186"
"1227","佳格","737232","30169616","41.00","41.25","40.70","40.75","-0.3500","1417"
"1229","聯華","874385","58365574","66.90","67.00","66.50","66.60","-0.5000","1013"
"1231","聯華食","134106","13336927","99.70","100.50","98.90","99.40","-0.3000","295"
"1232","大統益","50686","7316247","144.50","144.50","144.00","144.00","-0.5000","117"
"1233","天仁","8255","280631","34.15","34.15","33.95","33.95","-0.2000","24"
"1234","黑松","116223","4931843","42.95","42.95","42.20","42.30","-0.2500","173"
"1235","興泰","69867","6145718","87.90","88.60","87.40","88.00","0.0000","59"
"1236","宏亞","28663","689785","24.10","24.10","24.00","24.10","0.1000","127"
"1256","鮮活果汁-KY","17409","3640427","212.00","212.00","207.50","209.50","0.5000","112"
"1301","台塑","8476565","556734399","65.80","65.90","65.50","65.60","-0.5000","6852"
"1303","南亞","44467478","2332766152","52.70","53.20","52.00","53.20","0.1000","18811"
"1304","台聚","1843287","29319699","15.95","16.00","15.85","15.85","-0.2000","1132"
"1305","華夏","1884460","34210470","18.20","18.30","18.00","18.20","0.0500","920"
"1307","三芳","566611","17946483","31.80","32.00","31.50","31.75","-0.3500","362"
"1308","亞聚","469451","8675117","18.50","18.60","18.35","18.40","-0.1000","591"
"1309","台達化","1421282","22920043","15.90","16.65","15.85","15.95","0.0500","784"
"1310","台苯","373638","5111260","13.60","13.80","13.55","13.60","-0.0500","482"
"1312","國喬","4379598","64198445","14.40","14.85","14.35","14.55","0.1000","1864"
"1312A","國喬特","23000","552400","24.05","24.10","24.00","24.00","0.0000","11"
"1313","聯成","1367036","17836603","13.10","13.10","13.00","13.05","-0.0500","868"
"1314","中石化","9475235","96221264","10.15","10.25","10.10","10.10","-0.1000","2511"
"1315","達新","22904","1657732","72.00","73.00","72.00","72.40","0.4000","38"
"1316","上曜","29663358","591212431","19.05","20.45","19.05","19.70","0.6000","13060"
"1319","東陽","3484489","405012691","118.00","118.00","115.00","115.00","-3.5000","2909"
"1321","大洋","162527","6247493","38.30","38.65","38.25","38.45","0.0500","135"
"1323","永裕","44112","1372191","31.15","31.25","31.10","31.10","-0.1500","30"
"1324","地球","71523","1004288","14.15","14.15","14.00","14.00","-0.1000","123"
"1325","恆大","357250","10210102","28.55","28.95","28.35","28.40","0.1500","250"
"1326","台化","6048937","323671917","53.50","53.90","53.30","53.30","-0.6000","4163"
"1337","再生-KY","630549","4899991","7.85","7.91","7.62","7.62","-0.2300","488"
"1338","廣華-KY","136478","4698956","34.55","34.55","34.10","34.35","0.2000","115"
"1339","昭輝","383814","27173261","71.80","72.00","70.20","71.00","-1.2000","358"
"1340","勝悅-KY","247112","2511914","10.30","10.30","10.05","10.15","-0.1500","428"
"1341","富林-KY","6557","458838","69.90","70.20","69.90","70.00","-0.2000","22"
"1342","八貫","326093","37423427","114.50","116.00","113.50","114.50","1.0000","340"
"1402","遠東新","6361705","213339402","33.15","33.80","33.15","33.40","0.1000","3384"
"1409","新纖","1792672","29625646","16.45","16.70","16.35","16.50","0.0500","845"
"1410","南染","57111","2113796","37.20","37.45","36.75","37.20","0.2000","49"
"1413","宏洲","99216","977768","9.95","9.95","9.83","9.87","-0.0700","96"
"1414","東和","431134","8652124","20.00","20.25","19.95","20.10","0.0500","328"
"1416","廣豐","1059117","14053489","13.05","13.40","13.05","13.15","0.0500","377"
"1417","嘉裕","230504","2639898","11.55","11.55","11.35","11.50","-0.0500","314"
"1418","東華","26026","774976","29.40","30.35","29.40","30.35","0.4000","34"
"1419","新紡","53065","2543975","48.30","48.40","47.50","47.50","0.0500","35"
"1423","利華","96536","3430647","35.70","35.70","35.40","35.50","0.1000","74"
"1432","大魯閣","634893","11399502","18.00","18.00","17.90","17.95","-0.1500","245"
"1434","福懋","2376073","53905220","22.85","22.90","22.50","22.55","-0.4500","2599"
"1435","中福","26102","1202959","47.00","48.80","44.10","48.80","0.8000","39"
"1436","華友聯","157510","21596390","138.50","139.00","134.50","139.00","2.0000","183"
"1437","勤益控","222089","7989769","35.85","36.20","35.75","35.85","0.0000","186"
"1438","三地開發","122299","6641479","54.00","54.80","53.90","54.50","0.6000","125"
"1439","雋揚","79273","2198730","27.80","28.40","27.55","27.55","-0.2500","85"
"1440","南紡","4261037","74481331","17.10","17.70","17.10","17.35","0.2500","1739"
"1441","大東","155119","2047022","13.35","13.45","13.00","13.00","-0.3500","562"
"1442","名軒","7636174","462551318","58.40","61.30","58.20","61.00","2.5000","3986"
"1443","立益物流","34582","1086464","31.25","31.60","31.15","31.50","0.2500","43"
"1444","力麗","2514110","24950808","9.79","10.05","9.75","9.90","0.1100","1135"
"1445","大宇","335010","7701759","23.20","23.20","22.90","22.90","-0.3500","241"
"1446","宏和","1442094","75406634","52.20","53.20","51.20","52.50","0.5000","956"
"1447","力鵬","8381660","80363314","9.20","9.85","9.19","9.44","0.1900","3143"
"1449","佳和","372191","6693897","17.70","18.25","17.60","17.90","0.0000","204"
"1451","年興","251077","5062083","20.30","20.30","20.00","20.15","-0.1500","349"
"1452","宏益","115774","1970639","17.00","17.05","16.95","17.00","0.1000","60"
"1453","大將","8317961","240383980","28.30","30.50","28.00","28.00","0.0000","5140"
"1454","台富","98972","1646022","16.90","16.90","16.55","16.55","-0.3500","46"
"1455","集盛","1466259","20186771","13.90","13.95","13.65","13.80","-0.1000","706"
"1456","怡華","134595","2644600","19.50","19.95","19.30","19.55","-0.2500","96"
"1457","宜進","670727","14691884","22.00","22.15","21.70","21.70","-0.3000","445"
"1459","聯發","126531","1390319","11.15","11.15","10.90","11.00","-0.2000","114"
"1460","宏遠","454373","3766586","8.26","8.35","8.22","8.22","-0.0600","238"
"1463","強盛","64817","1328326","20.45","20.65","20.35","20.40","-0.2000","141"
"1464","得力","331019","4698578","14.25","14.25","14.15","14.25","0.0000","221"
"1465","偉全","87986","1386786","15.75","15.85","15.75","15.75","0.0000","48"
"1466","聚隆","158334","1988573","12.60","12.60","12.50","12.55","-0.0500","49"
"1467","南緯","428272","4920674","11.60","11.60","11.40","11.40","-0.2000","425"
"1468","昶和","53012","741517","14.10","14.10","13.80","14.00","-0.0500","38"
"1470","大統新創","2080","42992","20.65","20.70","20.65","20.70","0.4000","8"
"1471","首利","9455929","162670603","18.10","18.10","16.30","16.65","-0.2000","3835"
"1472","三洋實業","16184","1191967","74.90","74.90","73.10","73.10","-0.2000","22"
"1473","台南","8717175","373096884","40.50","43.35","40.50","43.00","3.5500","4030"
"1474","弘裕","252811","3573742","14.10","14.25","14.00","14.00","-0.1000","159"
"1475","業旺","209684","11862812","57.20","57.30","56.20","56.40","-0.8000","231"
"1476","儒鴻","555347","267367765","480.00","484.50","477.00","482.00","-3.0000","828"
"1477","聚陽","899391","343781319","378.50","386.00","377.00","382.00","3.5000","879"
"1503","士電","6000859","1418516343","235.50","243.00","231.50","232.50","-3.5000","6392"
"1504","東元","10676144","568351984","53.30","53.80","52.70","53.00","-0.3000","5899"
"1506","正道","371709","6285029","16.85","17.00","16.85","16.95","0.0000","191"
"1512","瑞利","33194","311556","9.45","9.47","9.34","9.47","-0.0800","37"
"1513","中興電","7329560","1232843327","167.00","170.50","165.00","167.00","-1.5000","6002"
"1514","亞力","7027804","767935082","110.00","112.00","107.00","107.50","-2.5000","5635"
"1515","力山","1016849","46522013","46.00","46.30","45.30","45.40","-0.6500","655"
"1516","川飛","2112869","53736764","25.95","26.35","24.55","24.55","-1.3500","1682"
"1517","利奇","313816","5300577","17.05","17.10","16.75","16.85","-0.2000","358"
"1519","華城","7183632","5300387179","733.00","757.00","719.00","719.00","-18.0000","8767"
"1521","大億","488925","20311931","39.60","42.10","39.60","41.70","1.9500","355"
"1522","堤維西","4898120","314985858","64.40","65.40","63.30","64.50","0.1000","4101"
"1522A","堤維西甲特","3000","137300","45.75","45.80","45.75","45.80","0.0500","3"
"1524","耿鼎","8756555","324066031","37.35","38.00","36.30","36.95","-0.6500","6633"
"1525","江申","337534","26569093","77.30","80.20","77.00","78.20","1.5000","371"
"1526","日馳","150221","5059125","33.90","33.90","33.50","33.50","-0.4000","109"
"1527","鑽全","223977","9671981","43.25","43.35","43.00","43.30","0.0500","201"
"1528","恩德","793126","10265411","13.15","13.15","12.80","12.85","-0.2500","511"
"1529","樂事綠能","925731","30078447","32.65","32.85","32.30","32.30","-0.3500","708"
"1530","亞崴","70663","2305130","32.60","32.80","32.25","32.70","-0.1500","277"
"1531","高林股","267674","4080544","15.50","15.50","15.00","15.10","-0.3000","290"
"1532","勤美","4844664","246382284","51.40","51.60","50.00","50.50","-0.6000","2866"
"1533","車王電","171330","8369855","48.55","49.40","48.00","48.80","0.2500","197"
"1535","中宇","170059","12076996","71.70","71.70","70.30","70.90","-1.1000","233"
"1536","和大","19655183","1154916738","54.40","59.90","53.90","59.00","4.5000","11514"
"1537","廣隆","101584","14560058","144.00","144.00","142.50","142.50","-1.5000","121"
"1538","正峰","62099","902629","14.95","15.45","14.45","14.75","-0.2000","27"
"1539","巨庭","52359","1243754","23.75","23.85","23.60","23.65","-0.2000","47"
"1540","喬福","755436","15961194","21.45","21.45","21.00","21.05","-0.4500","535"
"1541","錩泰","19402","616422","32.00","32.00","31.60","31.65","-0.3500","24"
"1558","伸興","37189","3752176","100.50","101.50","100.50","101.00","0.5000","71"
"1560","中砂","6722423","1935022667","281.00","298.00","276.50","295.50","12.5000","13538"
"1563","巧新","1979013","160154525","81.00","81.50","80.40","80.50","-0.4000","708"
"1568","倉佑","315540","9360752","29.70","29.90","29.50","29.50","-0.4000","253"
"1582","信錦","5772644","572422115","99.90","102.00","97.20","100.50","0.0000","5103"
"1583","程泰","1043","75291","72.20","72.20","72.20","72.20","0.4000","6"
"1587","吉茂","4085792","292040062","74.50","74.70","68.40","68.70","-5.7000","3242"
"1589","永冠-KY","264819","12119023","45.90","46.35","45.20","45.90","0.0000","569"
"1590","亞德客-KY","1780169","1797864826","1020.00","1020.00","1000.00","1010.00","-20.0000","1554"
"1597","直得","233871","15519027","67.00","67.10","66.00","66.10","-1.4000","443"
"1598","岱宇","224979","7129476","31.70","32.40","31.40","31.50","-0.3500","179"
"1603","華電","1477944","65171439","44.60","44.90","43.60","43.60","-1.0500","1102"
"1604","聲寶","296862","8557623","28.85","29.00","28.75","28.75","-0.1000","288"
"1605","華新","10070595","372687573","37.15","37.30","36.80","36.85","-0.5000","5756"
"1608","華榮","4877981","180148097","36.70","37.50","36.50","36.55","-0.5500","3254"
"1609","大亞","9441055","468445831","50.00","50.50","49.10","49.10","-1.2000","7265"
"1611","中電","1367971","24361165","17.90","18.05","17.60","17.70","-0.2500","818"
"1612","宏泰","1616517","61436686","38.10","38.40","37.75","37.80","-0.3500","1208"
"1614","三洋電","272764","12009152","43.95","44.45","43.65","44.20","-0.1500","173"
"1615","大山","608934","41958802","68.40","69.60","67.90","69.10","0.6000","776"
"1616","億泰","2217856","52622104","23.85","24.15","23.40","23.45","-0.5000","1370"
"1617","榮星","645237","14498512","22.60","22.80","22.30","22.45","-0.3500","456"
"1618","合機","2836882","137645788","48.85","49.80","47.70","47.70","-1.3000","2055"
"1626","艾美特-KY","42510","684303","16.05","16.10","16.05","16.05","0.0000","187"
"1701","中化","604794","13303510","22.25","22.25","21.90","21.90","-0.2500","403"
"1702","南僑","2390732","147226836","61.20","62.00","61.10","62.00","0.6000","1467"
"1707","葡萄王","209955","33443967","159.50","160.00","158.50","159.50","0.0000","406"
"1708","東鹼","2801161","97079847","34.70","34.90","34.45","34.50","-0.4000","1254"
"1709","和益","724852","14865351","20.40","20.65","20.35","20.40","-0.0500","415"
"1710","東聯","1793742","30706442","17.30","17.30","17.05","17.20","-0.1500","1376"
"1711","永光","1374839","26580749","19.55","19.55","19.20","19.25","-0.3000","1129"
"1712","興農","287501","11676930","40.70","40.75","40.40","40.65","0.0500","310"
"1713","國化","105860","5139201","48.50","49.30","48.25","48.40","-0.1000","130"
"1714","和桐","2235980","21989479","9.83","9.89","9.78","9.86","0.0100","929"
"1717","長興","1753823","53637634","30.80","30.80","30.40","30.50","-0.4000","1350"
"1718","中纖","2735610","21940152","8.00","8.10","7.93","7.99","-0.0300","1215"
"1720","生達","336540","23303834","69.60","69.70","69.00","69.10","-0.6000","606"
"1721","三晃","819611","12261013","15.00","15.15","14.80","14.85","-0.3000","548"
"1722","台肥","3827981","238580767","62.50","62.60","62.20","62.30","-0.3000","2654"
"1723","中碳","343532","38513232","112.00","112.50","111.50","112.00","-0.5000","340"
"1725","元禎","6468027","350729361","50.30","54.90","50.20","54.90","4.9500","3049"
"1726","永記","9334","768013","82.30","82.40","82.30","82.40","0.0000","21"
"1727","中華化","1275278","37575067","29.20","29.85","29.15","29.20","0.3000","811"
"1730","花仙子","13526","759557","56.10","56.40","56.10","56.40","0.1000","29"
"1731","美吾華","263172","6584620","24.95","25.10","24.90","25.00","0.0500","171"
"1732","毛寶","138017","3961689","28.95","28.95","28.40","28.45","-0.3000","142"
"1733","五鼎","321812","10668885","33.55","33.55","33.05","33.10","-0.4000","234"
"1734","杏輝","396098","14387152","36.55","36.55","36.15","36.20","-0.3500","311"
"1735","日勝化","10241","180613","17.60","17.65","17.60","17.60","0.0500","36"
"1736","喬山","910910","80851194","87.20","89.90","86.50","88.00","0.1000","898"
"1737","臺鹽","187705","6377713","34.05","34.05","33.95","34.00","-0.0500","440"
"1752","南光","441145","23329669","53.30","53.40","52.50","52.50","-0.4000","420"
"1760","寶齡富錦","214496","20549635","96.30","96.50","95.20","95.20","-1.5000","256"
"1762","中化生","155617","7475655","48.30","48.40","47.55","47.80","-0.6000","309"
"1773","勝一","628552","101215449","165.50","165.50","159.50","159.50","-7.0000","780"
"1776","展宇","40117","743658","18.65","18.65","18.45","18.50","0.0000","45"
"1783","和康生","134540","5720046","42.50","43.10","42.20","42.20","-0.4000","139"
"1786","科妍","198780","19948519","101.00","101.00","99.60","100.50","0.0000","248"
"1789","神隆","855783","23911896","28.10","28.20","27.75","27.80","-0.3500","742"
"1795","美時","4030262","1122779160","282.50","283.50","276.00","276.00","-5.0000","5066"
"1802","台玻","12962359","228658678","17.25","18.00","17.10","17.95","0.5500","4509"
"1805","寶徠","149344","2851128","19.00","19.25","18.85","19.10","0.0500","103"
"1806","冠軍","472099","5205671","11.25","11.25","10.90","10.90","-0.2500","299"
"1808","潤隆","1478460","153768443","104.50","105.00","103.50","103.50","-1.0000","1701"
"1809","中釉","4351314","114860681","26.20","27.05","25.75","26.00","-0.3500","2175"
"1810","和成","1556234","30326078","19.80","19.80","19.30","19.35","-0.4000","901"
"1817","凱撒衛","123250","4918920","39.85","40.10","39.70","39.70","-0.4000","133"
"1903","士紙","514442","33137767","63.50","65.20","63.50","63.90","0.4000","453"
"1904","正隆","746490","21448946","28.75","28.80","28.70","28.80","0.0500","638"
"1905","華紙","2535452","56772444","22.55","22.55","22.30","22.30","-0.2000","1162"
"1906","寶隆","94991","1569567","16.65","16.65","16.45","16.45","-0.2000","215"
"1907","永豐餘","754469","22581009","30.00","30.10","29.85","29.85","-0.1500","537"
"1909","榮成","1329034","19119243","14.40","14.50","14.30","14.35","-0.0500","579"
"2002","中鋼","30548300","728969868","23.90","23.95","23.80","23.85","-0.1000","16664"
"2002A","中鋼特","15056","655791","43.60","43.60","43.50","43.50","-0.0500","10"
"2006","東和鋼鐵","1071311","74031737","69.00","69.40","68.90","68.90","-0.1000","934"
"2007","燁興","849642","10338066","12.15","12.30","12.05","12.05","-0.2500","384"
"2008","高興昌","110282","2753010","25.25","25.25","24.60","24.70","-0.2000","89"
"2009","第一銅","7550101","390471465","52.50","52.60","51.00","51.00","-2.2000","5463"
"2010","春源","608333","12371869","20.35","20.45","20.20","20.40","0.0000","421"
"2012","春雨","67437","1643314","24.10","24.60","24.10","24.30","0.4500","78"
"2013","中鋼構","40131","2335891","58.30","58.40","58.00","58.00","-0.3000","73"
"2014","中鴻","3894837","87970089","22.70","22.75","22.50","22.55","-0.2000","1901"
"2015","豐興","118472","8435274","71.50","71.50","71.00","71.10","-0.5000","120"
"2017","官田鋼","1062003","15390373","14.55","14.65","14.40","14.45","-0.1000","476"
"2020","美亞","1532968","61972419","40.80","40.80","40.25","40.25","-0.5500","1007"
"2022","聚亨","561294","6742045","12.10","12.15","11.90","11.90","-0.1500","347"
"2023","燁輝","781117","12036654","15.45","15.50","15.35","15.40","-0.1000","535"
"2024","志聯","21331","496057","23.50","23.50","23.10","23.35","0.2000","41"
"2025","千興","2110437","24969544","11.95","12.10","11.70","11.70","-0.3000","929"
"2027","大成鋼","4911186","187067752","38.30","38.40","37.90","37.95","-0.3500","3147"
"2028","威致","139958","3745936","26.80","26.95","26.60","26.70","-0.2000","117"
"2029","盛餘","233514","6561769","28.25","28.30","28.00","28.05","-0.1000","170"
"2030","彰源","359406","6693563","18.70","18.75","18.50","18.60","-0.1000","223"
"2031","新光鋼","1222148","73912898","60.90","60.90","60.20","60.40","-0.6000","1286"
"2032","新鋼","173350","3061462","17.70","17.80","17.50","17.50","-0.2000","123"
"2033","佳大","183220","2905121","15.95","16.00","15.80","15.85","-0.1500","141"
"2034","允強","314420","8053739","25.80","25.80","25.50","25.50","-0.2500","226"
"2038","海光","821237","17276553","21.00","21.30","20.80","20.90","-0.2500","291"
"2049","上銀","1883118","419001847","225.00","225.00","221.00","222.00","-4.5000","2743"
"2059","川湖","1627077","1909300490","1230.00","1230.00","1145.00","1165.00","-65.0000","4129"
"2062","橋椿","427171","12606021","29.60","29.75","29.25","29.70","0.0000","266"
"2069","運錩","184338","3108571","16.85","16.95","16.70","16.80","-0.1000","113"
"2101","南港","6969682","402406894","57.50","58.30","57.00","57.40","-0.2000","3921"
"2102","泰豐","453821","9313021","20.60","20.65","20.40","20.55","0.0500","232"
"2103","台橡","550374","13133780","23.95","24.00","23.80","23.85","-0.1000","292"
"2104","國際中橡","889790","15615364","17.60","17.65","17.45","17.45","-0.2500","552"
"2105","正新","43073140","2497449541","55.90","59.50","55.80","57.70","1.6000","17493"
"2106","建大","989606","33028207","33.10","33.85","33.00","33.70","0.4000","777"
"2107","厚生","222338","5850180","26.50","26.50","26.20","26.20","-0.3000","437"
"2108","南帝","264024","9029801","34.15","34.40","34.10","34.10","-0.1500","302"
"2109","華豐","1066820","20126557","18.50","19.00","18.45","18.95","0.4000","598"
"2114","鑫永銓","292455","32184344","110.50","111.00","109.00","111.00","0.0000","295"
"2115","六暉-KY","72519","2376587","32.40","33.20","32.40","32.85","0.4000","56"
"2201","裕隆","4914658","347048867","71.30","71.40","70.10","70.10","-1.4000","3693"
"2204","中華","1915258","241515691","127.00","127.50","125.00","125.50","-2.0000","1711"
"2206","三陽工業","2554365","194910699","76.20","77.20","75.70","75.90","-0.6000","2006"
"2207","和泰車","391357","235210878","601.00","605.00","599.00","600.00","-5.0000","1124"
"2208","台船","2587928","46553647","18.10","18.10","17.95","17.95","-0.1500","1595"
"2211","長榮鋼","775884","104794701","137.00","137.00","134.00","135.00","-1.5000","785"
"2227","裕日車","69063","9668654","139.00","143.00","136.50","141.50","2.0000","150"
"2228","劍麟","318041","36280517","115.00","115.00","113.50","114.00","-1.5000","299"
"2231","為升","1963934","260528218","132.00","134.50","129.00","132.50","1.5000","1745"
"2233","宇隆","82440","10871849","132.00","132.50","131.50","131.50","-1.0000","104"
"2236","百達-KY","580432","44622148","78.40","78.40","75.80","76.30","-2.3000","681"
"2239","英利-KY","20233","1161527","57.60","57.70","57.20","57.20","0.0000","22"
"2241","艾姆勒","4870758","240624102","49.50","50.50","48.70","48.75","-1.3500","3708"
"2243","宏旭-KY","1104244","20411483","19.05","19.05","18.25","18.25","-0.9500","725"
"2247","汎德永業","29251","9444993","323.00","326.00","322.00","322.00","-0.5000","100"
"2250","IKKA-KY","1837274","215370792","120.00","121.50","113.00","113.50","-9.0000","1888"
"2254","巨鎧精密-創","387000","33213100","85.40","88.00","83.00","85.60","0.4000","138"
"2258","鴻華先進-創","558030","24832082","44.00","44.95","44.00","44.55","0.3500","234"
"2301","光寶科","44078841","4835461751","111.00","112.50","108.00","108.00","-5.5000","23693"
"2302","麗正","721067","13802667","19.30","19.30","19.00","19.00","-0.5000","417"
"2303","聯電","74341759","4142865520","55.00","56.40","54.70","55.80","-0.1000","34281"
"2305","全友","1354241","33424180","25.05","25.05","24.45","24.50","-0.4500","906"
"2308","台達電","9934939","3297167783","335.50","336.00","330.00","330.00","-11.5000","18406"
"2312","金寶","8209179","136326186","16.70","16.85","16.45","16.55","-0.2000","2897"
"2313","華通","20512368","1501952686","74.60","74.80","72.50","72.90","-2.1000","12761"
"2314","台揚","1724666","57126789","33.80","33.80","32.70","32.70","-1.1500","2175"
"2316","楠梓電","2038827","91302706","45.00","45.40","44.30","44.30","-1.1500","1632"
"2317","鴻海","80629020","14299977466","177.00","179.50","176.00","176.50","-4.0000","61089"
"2321","東訊","3725","59838","16.40","16.40","16.40","16.40","-0.0500","15"
"2323","中環","11937172","152234121","12.75","12.90","12.60","12.75","-0.1000","3112"
"2324","仁寶","27491059","1026858428","37.55","37.80","37.10","37.15","-0.9500","13923"
"2327","國巨","2161975","1419604607","659.00","662.00","653.00","657.00","-11.0000","6607"
"2328","廣宇","30080967","1160096779","38.95","39.50","37.80","38.95","-1.2000","16597"
"2329","華泰","12423119","763032069","61.20","62.80","60.20","60.30","-1.0000","7897"
"2330","台積電","42535118","35840589611","841.00","848.00","838.00","838.00","-19.0000","110390"
"2331","精英","20252668","677099867","32.05","34.20","32.00","32.85","0.4000","9566"
"2332","友訊","3213398","58501033","18.10","18.55","18.00","18.05","-0.1500","1379"
"2337","旺宏","4657008","124836825","26.95","27.00","26.70","26.70","-0.3000","2750"
"2338","光罩","1540261","110066713","71.90","72.30","71.10","71.20","-1.1000","1333"
"2340","台亞","2927243","121461557","41.00","42.00","40.75","41.10","-0.2000","1960"
"2342","茂矽","359350","11644697","32.40","32.60","32.20","32.40","-0.2000","310"
"2344","華邦電","22486073","575823361","25.90","25.90","25.40","25.40","-0.6500","9340"
"2345","智邦","4510824","2387094306","520.00","536.00","517.00","525.00","-2.0000","4835"
"2347","聯強","42421757","3556207333","86.60","86.70","81.50","85.40","-2.0000","21122"
"2348","海悅","3987673","862025509","205.00","224.00","204.50","224.00","20.0000","5986"
"2348A","海悅甲特","4432","148576","33.50","33.55","33.50","33.55","0.0500","14"
"2349","錸德","7887791","72412483","9.32","9.32","9.06","9.07","-0.3600","2933"
"2351","順德","6003419","752690960","124.00","131.00","120.00","120.50","-4.0000","4172"
"2352","佳世達","10754374","434493618","40.60","40.90","40.10","40.35","-0.4500","6966"
"2353","宏碁","75428733","4011541691","53.00","54.60","52.50","52.50","-1.2000","41388"
"2354","鴻準","66808178","4876581118","73.30","74.90","71.30","72.10","-2.5000","47382"
"2355","敬鵬","1913185","83611074","43.85","44.05","43.50","43.50","-0.5000","1456"
"2356","英業達","28155895","1534902348","55.00","55.20","54.10","54.40","-1.4000","17249"
"2357","華碩","11596152","5942945737","515.00","516.00","508.00","515.00","-9.0000","11436"
"2359","所羅門","7913510","1407026693","177.00","183.50","173.00","175.50","-1.0000","7140"
"2360","致茂","2741062","805273571","292.50","299.00","289.00","292.50","-2.5000","2907"
"2362","藍天","3680376","223903664","61.70","61.70","60.00","60.10","-2.9000","3000"
"2363","矽統","42268992","2510737080","59.80","60.90","58.00","58.20","-1.6000","24858"
"2364","倫飛","93206","8364840","90.70","90.70","89.10","89.40","-1.4000","145"
"2365","昆盈","18572870","701123200","38.90","38.90","37.00","37.30","-2.3000","11407"
"2367","燿華","33772207","1212615645","36.15","36.75","35.45","35.50","-0.8000","14941"
"2368","金像電","5818540","1188862620","200.00","207.00","199.00","204.00","3.0000","4992"
"2369","菱生","7165348","174831732","24.75","25.00","23.95","24.15","-0.4500","3705"
"2371","大同","21706128","1185399990","54.90","55.70","54.10","54.30","-1.0000","11410"
"2373","震旦行","23870","1770281","74.30","74.40","74.00","74.10","-0.3000","40"
"2374","佳能","8122939","476446546","59.60","60.70","59.20","59.20","-0.8000","2493"
"2375","凱美","1165255","80424545","70.00","70.20","68.00","68.10","-2.6000","1028"
"2376","技嘉","7287532","2390064463","329.00","330.00","325.50","329.00","-3.0000","14152"
"2377","微星","14334810","2832135939","195.50","203.00","193.00","193.50","-4.0000","34765"
"2379","瑞昱","6990460","3972448304","556.00","577.00","553.00","570.00","9.0000","6793"
"2380","虹光","397215","2784799","7.09","7.10","6.90","7.01","0.0100","327"
"2382","廣達","18805873","5326290022","286.00","287.00","281.00","281.50","-5.5000","34580"
"2383","台光電","4897802","2048092199","427.00","427.00","415.00","415.50","-11.5000","6584"
"2385","群光","6273266","1173114299","190.00","190.50","185.50","186.50","-4.0000","7747"
"2387","精元","728664","44837405","61.50","62.20","61.10","61.20","-0.8000","608"
"2388","威盛","4142773","490391378","116.50","120.00","115.00","119.00","1.5000","3181"
"2390","云辰","444039","5983734","13.55","13.60","13.35","13.35","-0.3500","493"
"2392","正崴","5229592","383528669","74.00","74.10","72.50","72.50","-2.5000","4355"
"2393","億光","6154340","449773122","71.50","74.20","71.20","72.40","0.6000","3984"
"2395","研華","1162327","410925093","357.50","358.50","350.00","351.50","-7.5000","1694"
"2397","友通","2386685","188860497","80.80","82.50","76.30","76.50","-4.0000","2196"
"2399","映泰","23867398","564742988","22.70","23.90","22.30","23.90","2.1500","9334"
"2401","凌陽","28136380","1022218663","36.00","37.35","35.50","35.65","-1.2000","15841"
"2402","毅嘉","3818331","132930122","35.30","35.60","34.25","34.25","-1.0500","2739"
"2404","漢唐","1216317","433990638","352.00","359.00","351.00","358.00","5.0000","1541"
"2405","輔信","61428084","1381907992","23.40","23.60","21.30","21.30","-2.0500","22573"
"2406","國碩","2998236","66665908","22.55","22.55","22.00","22.20","-0.4000","1588"
"2408","南亞科","18482221","1214196069","66.30","66.50","64.80","64.80","-1.2000","10771"
"2409","友達","40989622","742278508","17.85","18.45","17.80","18.00","0.0500","8763"
"2412","中華電","22337083","2809010846","125.00","126.50","125.00","126.00","1.0000","7226"
"2413","環科","172249","4349504","25.20","25.60","25.00","25.00","-0.5000","122"
"2414","精技","277290","10516299","38.40","38.40","37.70","37.90","-0.2500","279"
"2415","錩新","67175","1855932","27.65","27.85","27.40","27.40","-0.2500","76"
"2417","圓剛","6101683","276700527","45.75","46.30","44.50","44.70","-2.0500","5210"
"2419","仲琦","2672378","87683447","33.05","33.50","32.25","32.50","-1.1000","1881"
"2420","新巨","1257576","79843529","63.40","64.60","62.40","62.60","-0.4000","1057"
"2421","建準","3145814","362768247","116.00","117.00","114.00","115.00","-2.5000","2721"
"2423","固緯","418702","18102524","43.25","43.70","42.80","42.80","-0.8500","605"
"2424","隴華","33209","1005120","30.70","30.70","29.85","29.85","-0.2500","23"
"2425","承啟","5359716","210087644","38.10","40.50","37.10","39.45","1.3500","3371"
"2426","鼎元","1475703","27829828","18.50","19.10","18.25","18.75","0.2500","916"
"2427","三商電","1396529","37583785","27.10","27.20","26.75","26.80","-0.4500","764"
"2428","興勤","206267","34984787","172.00","172.00","168.50","169.00","-1.5000","273"
"2429","銘旺科","41006","842921","20.35","20.75","20.35","20.70","0.3500","25"
"2430","燦坤","91483","3326435","36.35","36.50","36.15","36.30","-0.1000","126"
"2431","聯昌","324150","4156719","12.90","13.00","12.70","12.90","0.0000","184"
"2432","倚天酷碁-創","21000","826200","40.05","40.40","39.05","39.90","-0.1500","7"
"2433","互盛電","24556","1317725","53.70","53.80","53.50","53.50","-0.2000","87"
"2434","統懋","17430","579674","33.55","33.55","32.80","32.80","-0.4500","44"
"2436","偉詮電","2513856","163914958","65.20","66.70","64.20","64.30","-1.4000","2134"
"2438","翔耀","499674","11775709","23.25","23.95","23.20","23.50","0.1500","302"
"2439","美律","1611096","201172383","123.50","126.00","123.50","125.00","1.0000","1335"
"2440","太空梭","816895","13843035","17.15","17.20","16.75","16.75","-0.4000","504"
"2441","超豐","897893","56684431","63.70","63.70","62.60","62.90","-0.9000","1398"
"2442","新美齊","3873241","129294546","33.50","34.20","32.60","32.80","-1.0500","2390"
"2444","兆勁","1958457","25686455","12.70","13.50","12.50","13.15","0.4500","823"
"2449","京元電子","13702160","1243553768","90.20","91.70","89.60","90.40","-0.3000","11236"
"2450","神腦","107194","4265112","39.75","39.85","39.75","39.75","-0.1000","116"
"2451","創見","6685254","773812776","115.00","118.50","112.50","114.50","-0.5000","4190"
"2453","凌群","3135864","214208275","69.00","69.60","67.40","67.90","-1.9000","2938"
"2454","聯發科","8581664","10994980566","1255.00","1300.00","1250.00","1290.00","0.0000","11952"
"2455","全新","1470366","213487475","146.50","146.50","144.00","144.00","-4.5000","1459"
"2457","飛宏","1303193","66671352","51.40","51.90","50.60","51.00","-0.4000","1509"
"2458","義隆","4041995","686238342","175.00","175.00","167.00","167.00","-7.0000","25059"
"2459","敦吉","81111","5914876","73.50","73.50","72.60","72.80","-0.7000","79"
"2460","建通","1007464","34504283","34.55","34.90","33.70","33.90","-0.9500","720"
"2461","光群雷","571765","14288740","24.95","25.10","24.80","24.95","0.0000","352"
"2462","良得電","705844","24945117","34.80","35.95","34.70","34.90","-0.1500","668"
"2464","盟立","18963676","1235729612","65.50","67.40","63.90","63.90","-2.8000","13070"
"2465","麗臺","8216730","1056957347","127.00","133.00","124.00","124.50","-4.5000","6461"
"2466","冠西電","20002","744677","37.00","37.50","37.00","37.50","0.5000","20"
"2467","志聖","1870688","257152454","138.50","140.00","135.50","135.50","0.0000","1945"
"2468","華經","495466","13584563","27.45","27.70","27.15","27.15","-0.7000","388"
"2471","資通","160713","9172942","57.20","57.70","56.40","56.90","-0.2000","188"
"2472","立隆電","1876918","144533927","77.80","78.00","76.20","76.60","-2.4000","1502"
"2474","可成","2584511","584825652","226.00","228.50","222.50","226.00","-1.5000","2375"
"2476","鉅祥","7124512","670857659","93.80","96.80","92.10","93.80","-1.5000","6621"
"2477","美隆電","125581","2760394","22.20","22.20","21.75","21.85","-0.3500","99"
"2478","大毅","640863","34331025","54.40","54.40","52.80","53.50","-1.0000","780"
"2480","敦陽科","155472","19523659","126.00","126.00","125.00","125.50","-0.5000","255"
"2481","強茂","2247349","133470916","58.90","60.10","58.40","59.00","-0.1000","1963"
"2482","連宇","486343","16415100","33.65","34.35","33.15","33.70","-0.2000","437"
"2483","百容","644412","17095252","27.00","27.00","26.25","26.25","-0.8500","446"
"2484","希華","533915","17472885","32.70","33.00","32.50","32.55","-0.2500","404"
"2485","兆赫","1568236","33792175","21.60","21.95","21.25","21.25","-0.3500","1214"
"2486","一詮","22392334","2222207935","98.50","101.50","97.10","97.10","-0.9000","13326"
"2488","漢平","296546","14120487","48.00","48.00","47.35","47.50","-0.5000","251"
"2489","瑞軒","80611695","1790145502","23.05","23.20","21.20","21.30","-2.2500","31640"
"2491","吉祥全","267150","4400169","16.20","17.25","15.95","16.60","0.4000","218"
"2492","華新科","1645913","185881370","113.00","114.00","112.00","112.00","-2.5000","1532"
"2493","揚博","152140","14083510","93.10","93.10","92.10","92.10","-1.0000","233"
"2495","普安","11850122","355344634","30.70","31.00","29.05","29.20","-1.5000","6479"
"2496","卓越","34845","2546571","72.60","73.60","72.10","72.80","0.0000","50"
"2497","怡利電","1358148","79550963","57.50","59.30","56.80","58.90","1.1000","1248"
"2498","宏達電","3857580","167198769","43.05","44.20","42.65","43.15","-0.1500","2694"
"2501","國建","10068358","340162156","33.65","34.50","33.45","33.65","0.0000","5633"
"2504","國產","14700897","700074603","47.45","48.65","46.85","46.90","-0.5500","7443"
"2505","國揚","543037","14499044","26.50","26.90","26.25","26.70","0.1000","705"
"2506","太設","5398490","66882470","12.15","12.65","12.15","12.25","0.1500","1956"
"2509","全坤建","437427","10035901","23.15","23.40","22.65","22.90","-0.2500","342"
"2511","太子","1959755","23213187","11.85","11.95","11.70","11.80","-0.1000","782"
"2514","龍邦","4971477","116162254","23.20","23.85","22.90","23.00","-1.0500","2611"
"2515","中工","25731148","414083200","16.00","16.25","15.90","16.05","-0.0500","6892"
"2516","新建","734424","8461724","11.50","11.70","11.40","11.45","-0.1000","359"
"2520","冠德","5156303","287050320","55.50","56.50","54.80","55.60","-0.2000","3139"
"2524","京城","1058773","52308444","49.00","50.60","48.60","48.80","0.2000","766"
"2527","宏璟","7742377","383697791","49.00","50.70","48.55","50.20","2.5000","5487"
"2528","皇普","543113","26426947","48.25","49.00","48.20","48.25","-0.1500","424"
"2530","華建","683362","32512832","47.55","48.30","47.20","47.35","-0.4000","459"
"2534","宏盛","791614","20516482","25.75","26.15","25.70","25.95","0.1500","551"
"2535","達欣工","252627","13391174","52.80","53.40","52.30","52.80","0.0000","532"
"2536","宏普","426504","14646321","34.40","34.70","34.05","34.15","-0.3000","441"
"2537","聯上發","18057742","328873297","17.90","18.80","17.60","17.70","-0.2000","7186"
"2538","基泰","20181291","389311773","19.15","19.95","18.60","19.05","-0.1000","6163"
"2539","櫻花建","693894","49515136","70.90","71.90","70.30","71.30","0.4000","939"
"2540","愛山林","2092835","337610728","160.50","164.50","158.50","160.50","1.5000","1637"
"2542","興富發","4811578","216470578","45.20","45.50","44.75","44.80","-0.5500","3201"
"2543","皇昌","13340027","661935896","49.00","51.10","47.60","48.85","0.0000","7526"
"2545","皇翔","822193","48158693","58.40","59.40","57.70","58.50","0.0000","679"
"2546","根基","210352","19948613","95.30","95.60","94.00","94.20","-1.4000","344"
"2547","日勝生","2482387","26143466","10.55","10.75","10.40","10.45","-0.1500","1035"
"2548","華固","6757286","1094235636","162.00","166.00","159.00","162.00","2.0000","6633"
"2597","潤弘","632852","113380289","174.00","181.00","174.00","179.00","3.5000","749"
"2601","益航","3563666","30390513","8.60","8.68","8.42","8.45","-0.1200","1483"
"2603","長榮","29442445","6419678454","219.00","221.00","215.00","218.50","0.5000","18031"
"2605","新興","48393505","1616942158","33.05","34.50","32.40","33.15","0.3500","24033"
"2606","裕民","7801723","461923897","59.30","60.40","58.40","59.00","-0.5000","5885"
"2607","榮運","2666875","89973648","33.80","34.35","33.45","33.60","-0.4000","1494"
"2608","嘉里大榮","522176","22571612","42.85","43.45","42.70","43.10","0.2500","413"
"2609","陽明","32411138","2514319232","76.70","79.10","75.10","78.30","1.1000","19526"
"2610","華航","47019058","1063099688","22.60","23.00","22.20","22.50","-0.3000","14788"
"2611","志信","5477421","173306613","31.80","32.35","31.25","31.25","-0.5000","3305"
"2612","中航","1025952","51152006","50.30","50.70","49.35","49.40","-0.9000","910"
"2613","中櫃","38110827","1639221755","43.40","46.00","39.25","40.85","-1.2000","20824"
"2614","東森","1681226","34611554","20.80","20.80","20.40","20.55","-0.5000","2021"
"2615","萬海","14047286","1209104727","84.60","87.70","83.70","87.50","1.9000","10487"
"2616","山隆","199349","5130400","25.80","25.80","25.65","25.70","-0.1000","546"
"2617","台航","2922273","110733094","38.20","38.60","37.35","37.70","-0.7500","2264"
"2618","長榮航","107376636","3859619099","36.00","36.35","35.65","35.65","-0.4000","31873"
"2630","亞航","1294780","52320155","40.50","41.00","40.10","40.15","-0.6000","1020"
"2633","台灣高鐵","5875394","174915991","29.80","29.90","29.65","29.65","-0.2000","3176"
"2634","漢翔","8130150","432812179","53.70","53.80","52.90","52.90","-1.1000","5901"
"2636","台驊投控","2046597","233943290","114.00","116.50","112.50","113.00","-0.5000","1662"
"2637","慧洋-KY","6711172","512824088","76.90","77.50","74.70","76.60","0.6000","4964"
"2642","宅配通","57538","2224432","38.50","39.00","38.50","38.60","0.0000","202"
"2645","長榮航太","867908","94225799","109.00","109.50","108.00","108.00","-1.0000","1250"
"2701","萬企","780675","10508164","13.70","13.70","13.35","13.35","-0.3500","298"
"2702","華園","135502","2670766","19.75","19.95","19.55","19.70","-0.2000","279"
"2704","國賓","372338","25758672","69.80","69.90","68.80","68.80","-0.8000","329"
"2705","六福","1299146","26501942","20.75","20.75","20.20","20.30","-0.5500","966"
"2706","第一店","1059237","17275604","16.60","16.60","16.10","16.15","-0.4500","864"
"2707","晶華","2509179","574986702","238.00","238.00","225.50","225.50","-14.5000","58531"
"2712","遠雄來","59150","1814500","30.70","31.70","30.30","30.65","-0.0500","48"
"2722","夏都","2378765","152600320","66.00","66.50","62.50","62.50","-6.9000","1919"
"2723","美食-KY","250774","22798543","91.10","91.50","90.70","90.80","-0.2000","267"
"2727","王品","1146649","269183024","238.00","238.00","233.00","233.00","-6.0000","1937"
"2731","雄獅","2250602","347256623","156.00","156.00","153.00","153.50","-4.5000","2778"
"2739","寒舍","2071761","130877796","63.00","64.30","62.60","63.00","-2.3000","1709"
"2748","雲品","584452","41968688","72.60","73.10","71.30","71.40","-1.2000","532"
"2753","八方雲集","207247","34639364","167.50","168.00","166.00","166.50","-1.0000","241"
"2762","世界健身-KY","297359","29459089","99.10","100.50","98.50","98.50","-0.8000","255"
"2801","彰銀","13259922","240396978","18.10","18.20","18.05","18.10","-0.0500","4400"
"2809","京城銀","9434337","581374744","60.70","62.30","60.40","62.00","0.4000","5350"
"2812","台中銀","3713536","67698840","18.20","18.35","18.15","18.15","-0.0500","1504"
"2816","旺旺保","459447","15120969","33.20","33.20","32.70","32.75","-0.4500","248"
"2820","華票","302663","4644249","15.35","15.40","15.30","15.35","0.0000","237"
"2832","台產","235374","6573774","27.80","28.05","27.80","27.90","-0.1000","149"
"2834","臺企銀","25515468","427812553","16.80","16.85","16.70","16.70","-0.1500","11436"
"2836","高雄銀","1379900","16023999","11.60","11.65","11.55","11.60","0.0000","606"
"2836A","高雄銀甲特","4065","85765","21.10","21.10","21.10","21.10","0.0500","3"
"2838","聯邦銀","1116483","17487838","15.70","15.75","15.60","15.60","-0.1000","483"
"2838A","聯邦銀甲特","112344","5988138","53.30","53.40","53.30","53.40","0.0000","31"
"2845","遠東銀","7190640","112741147","15.65","15.75","15.60","15.75","0.0000","1571"
"2849","安泰銀","58401","834169","14.25","14.35","14.20","14.20","-0.1000","49"
"2850","新產","209832","19356675","92.00","92.60","91.80","92.40","0.2000","235"
"2851","中再保","1818032","50161723","27.50","27.70","27.45","27.60","0.0500","645"
"2852","第一保","615106","15136151","24.30","24.75","24.30","24.75","0.2500","348"
"2855","統一證","1977307","51819877","26.35","26.35","26.05","26.20","-0.2500","1043"
"2867","三商壽","23910204","170952620","7.18","7.30","7.05","7.09","-0.1500","5922"
"2880","華南金","27284536","679144941","24.95","25.10","24.75","24.75","-0.3000","9279"
"2881","富邦金","25315997","1826156061","71.90","72.90","71.80","71.90","-0.5000","10045"
"2881A","富邦特","757915","47386252","62.70","62.70","62.60","62.70","0.1000","37"
"2881B","富邦金乙特","5879","350222","59.60","59.60","59.60","59.60","0.0000","13"
"2881C","富邦金丙特","33700","1813106","53.80","53.90","53.80","53.80","0.0000","56"
"2882","國泰金","32908216","1841098802","55.50","56.70","55.40","55.60","0.0000","9630"
"2882A","國泰特","27816","1686299","60.60","60.70","60.50","60.50","0.0000","20"
"2882B","國泰金乙特","18102","1068919","59.00","59.30","59.00","59.30","0.2000","11"
"2883","開發金","70017477","972078381","13.85","14.00","13.80","13.85","-0.0500","9407"
"2883B","開發金乙特","1582044","11879933","7.53","7.54","7.50","7.53","0.0000","297"
"2884","玉山金","29743900","825915357","27.80","28.00","27.70","27.70","-0.2000","11467"
"2885","元大金","31506887","994727370","31.60","31.95","31.25","31.45","-0.4000","9867"
"2886","兆豐金","31740618","1235174254","38.85","39.20","38.85","38.90","-0.1000","18682"
"2887","台新金","20927588","382652405","18.25","18.40","18.20","18.25","-0.0500","7861"
"2887E","台新戊特","94626","4965860","52.50","52.60","52.40","52.60","0.0000","28"
"2887F","台新戊特二","3020","142946","47.40","47.40","47.30","47.30","0.0000","4"
"2887Z1","台新己特","1642","27472","16.75","16.75","16.75","16.75","0.0000","9"
"2888","新光金","50650679","454419729","8.99","9.10","8.92","8.94","-0.0500","8028"
"2888A","新光金甲特","25367","734534","28.85","29.00","28.85","29.00","0.1500","28"
"2888B","新光金乙特","319516","9359509","29.30","29.30","29.10","29.10","-0.2000","52"
"2889","國票金","30188849","465886630","15.40","15.65","15.25","15.30","-0.1000","5716"
"2890","永豐金","33360406","758120529","22.60","22.90","22.50","22.75","0.0000","7871"
"2891","中信金","97024313","3454487783","35.80","36.30","35.20","35.30","-0.7500","30824"
"2891B","中信金乙特","25274","1519015","60.00","60.30","60.00","60.10","-0.1000","22"
"2891C","中信金丙特","4181","244319","58.70","58.70","58.00","58.70","0.1000","19"
"2892","第一金","24716965","677350089","27.40","27.60","27.30","27.30","-0.3000","10356"
"2897","王道銀行","7017000","74330767","10.40","10.50","10.35","10.40","-0.0500","1002"
"2897A","王道銀甲特","43000","451400","10.50","10.50","10.45","10.50","0.0000","11"
"2901","欣欣","35549","962329","27.05","27.35","26.95","27.10","0.0000","232"
"2903","遠百","3954582","126206207","32.15","32.30","31.70","31.70","-0.4500","2094"
"2904","匯僑","77316","1454733","18.85","18.90","18.65","18.90","0.0500","65"
"2905","三商","2737754","48463800","17.90","17.95","17.25","17.35","-0.5500","1306"
"2906","高林","604488","12836775","21.10","21.40","20.95","21.00","-0.1000","340"
"2908","特力","358737","7534882","20.95","21.20","20.90","21.05","0.1500","120"
"2910","統領","30222","825610","27.60","27.60","27.20","27.25","-0.3500","40"
"2911","麗嬰房","139673","984953","7.10","7.10","7.00","7.08","-0.0100","293"
"2912","統一超","1749509","468574019","270.00","270.00","267.00","267.00","-1.0000","2475"
"2913","農林","2052530","43344761","21.15","21.30","21.00","21.00","-0.2500","904"
"2915","潤泰全","3622961","244240112","67.10","68.10","67.00","67.00","-0.9000","2061"
"2923","鼎固-KY","102353","3040816","29.80","30.55","29.15","29.15","-0.6500","104"
"2929","淘帝-KY","195501","1829309","9.42","9.42","9.33","9.33","-0.0800","111"
"2939","凱羿-KY","45002","1128602","25.30","25.30","24.85","25.15","-0.3500","36"
"2945","三商家購","11302","506138","45.05","45.05","44.65","44.70","-0.3500","17"
"3002","歐格","597861","9912660","17.00","17.00","16.10","16.45","-0.5000","392"
"3003","健和興","605242","49184701","80.70","82.30","80.20","80.90","-0.3000","543"
"3004","豐達科","645750","67928808","107.50","107.50","103.00","104.50","-3.5000","527"
"3005","神基","9342448","1052848811","113.50","114.50","112.00","112.50","-1.5000","5466"
"3006","晶豪科","5845189","558479074","95.80","97.10","94.40","94.40","-1.9000","5059"
"3008","大立光","560558","1253834765","2255.00","2255.00","2215.00","2250.00","-30.0000","2532"
"3010","華立","1392407","170976503","123.50","124.00","122.00","122.50","-2.0000","1969"
"3011","今皓","532864","16646634","31.55","31.75","30.90","30.90","-0.6500","294"
"3013","晟銘電","19848069","1771927081","90.00","91.90","87.20","87.30","-4.1000","14498"
"3014","聯陽","4060521","726914760","177.00","181.00","174.50","179.00","2.5000","6541"
"3015","全漢","786425","49345000","63.50","63.70","62.00","63.00","-0.7000","876"
"3016","嘉晶","771027","48272886","62.50","63.50","62.00","62.50","-0.3000","1449"
"3017","奇鋐","13394233","10645645652","797.00","811.00","781.00","781.00","-30.0000","18694"
"3018","隆銘綠能","17414","266677","15.25","15.25","15.25","15.25","0.0000","142"
"3019","亞光","888914","59493693","66.90","67.60","66.20","66.20","-0.6000","1030"
"3021","鴻名","940803","23964959","25.65","26.40","24.70","24.95","-0.7000","713"
"3022","威強電","1073009","92794932","86.40","87.20","85.80","86.80","0.2000","1293"
"3023","信邦","520039","150409237","287.00","292.50","285.50","286.50","-3.5000","3330"
"3024","憶聲","2623734","56138748","21.50","21.65","21.20","21.25","-0.2500","1218"
"3025","星通","3853043","272982108","71.20","72.90","68.90","69.00","-2.0000","3591"
"3026","禾伸堂","136850","13508235","99.10","99.10","98.50","98.60","-0.6000","178"
"3027","盛達","482943","20423720","42.30","42.60","42.10","42.10","-0.3000","367"
"3028","增你強","276960","10031727","36.25","36.40","36.05","36.10","-0.2500","254"
"3029","零壹","769712","56107522","73.40","73.40","72.50","72.90","-0.6000","845"
"3030","德律","6782151","1181087161","177.00","179.00","166.00","176.50","-4.0000","11212"
"3031","佰鴻","1156363","25537725","22.40","22.50","21.70","21.70","-0.9000","603"
"3032","偉訓","2201916","166580870","77.00","77.20","74.50","75.00","-2.3000","1739"
"3033","威健","43292621","1720102939","37.85","41.00","37.60","39.15","1.0500","20398"
"3034","聯詠","7160803","4352376533","608.00","613.00","604.00","605.00","-6.0000","7814"
"3035","智原","18626175","5651133787","297.00","307.50","296.50","302.00","5.0000","18517"
"3036","文曄","7509813","883712617","119.50","120.00","116.00","116.00","-4.0000","6225"
"3036A","文曄甲特","43082","2038032","47.30","47.35","47.25","47.35","0.0000","20"
"3037","欣興","10607080","1993467291","190.50","190.50","186.00","187.50","-3.5000","25871"
"3038","全台","545739","17912170","33.00","33.15","32.60","32.60","-0.5000","687"
"3040","遠見","3038514","117427954","37.60","40.60","36.30","38.70","1.1000","2043"
"3041","揚智","1728133","38642578","22.90","22.90","22.00","22.00","-0.9500","1145"
"3042","晶技","2642014","299094984","116.00","116.00","112.00","113.00","-3.0000","2416"
"3043","科風","372710","12205646","32.20","33.65","31.95","31.95","-0.3000","412"
"3044","健鼎","7177677","1515304839","212.00","213.00","210.00","210.00","-1.0000","5254"
"3045","台灣大","9827163","1026488273","102.50","105.50","102.50","104.50","1.5000","4290"
"3046","建碁","276163","17637565","64.70","64.80","63.10","63.10","-1.4000","363"
"3047","訊舟","47577570","1193236139","24.80","26.30","24.10","24.30","-0.7500","21204"
"3048","益登","6926920","196064193","27.70","29.15","27.10","28.70","0.1500","3687"
"3049","精金","2511550","21852148","8.60","8.86","8.55","8.58","-0.0600","1186"
"3050","鈺德","775117","16951114","22.20","22.20","21.60","21.65","-0.8500","485"
"3051","力特","1673510","58331067","34.95","35.50","34.35","34.45","-0.2500","1121"
"3052","夆典","924475","12115000","13.20","13.25","13.00","13.00","-0.2000","389"
"3054","立萬利","31006","627120","20.30","20.50","20.05","20.20","0.1000","23"
"3055","蔚華科","18932343","1842706545","92.60","102.00","91.70","95.50","1.8000","14173"
"3056","富華新","1172472","38620494","33.10","33.25","32.75","32.90","-0.3500","1458"
"3057","喬鼎","415207","5841920","14.20","14.40","13.85","13.90","-0.3000","418"
"3058","立德","3437112","73067606","20.40","21.90","20.20","20.95","0.5500","1885"
"3059","華晶科","10068992","427336005","43.25","43.30","41.60","41.60","-2.1000","6840"
"3060","銘異","11256025","381412367","35.50","35.85","32.70","32.95","-2.9000","7141"
"3062","建漢","4387378","105489899","24.40","24.40","23.75","23.80","-0.8500","2330"
"3090","日電貿","1232344","84595116","69.60","69.60","68.00","68.40","-1.6000","1195"
"3092","鴻碩","162449","5311685","33.00","33.00","32.50","32.65","-0.2500","146"
"3094","聯傑","318015","10319910","32.60","32.85","32.10","32.10","-0.8500","285"
"3130","一零四","21105","4964079","236.50","237.00","233.50","234.50","-2.0000","415"
"3138","耀登","213384","28714822","133.00","136.50","132.00","133.00","-1.0000","232"
"3149","正達","615232","15489067","25.40","25.70","24.95","25.20","-0.4000","633"
"3164","景岳","135666","3332195","24.35","24.70","24.30","24.45","-0.1500","203"
"3167","大量","133189","7455310","56.50","56.60","55.30","55.30","-1.6000","153"
"3168","眾福科","243868","15966067","65.30","66.30","64.40","65.10","-0.2000","302"
"3189","景碩","2128902","203541226","96.00","96.50","95.00","95.80","-0.5000","2082"
"3209","全科","394851","14195952","36.10","36.10","35.75","35.85","-0.2500","367"
"3229","晟鈦","95251","1478923","15.50","15.60","15.40","15.60","0.0500","94"
"3231","緯創","43029138","4968215353","115.50","117.50","114.00","114.00","-2.0000","25800"
"3257","虹冠電","217478","13709549","63.10","63.70","62.60","62.60","-1.2000","573"
"3266","昇陽","650958","16025381","24.40","25.00","24.25","24.50","-0.3000","432"
"3296","勝德","581835","14037776","24.55","24.75","23.75","23.85","-0.7500","421"
"3305","昇貿","2282961","168261051","74.60","74.80","73.00","73.00","-1.4000","2581"
"3308","聯德","1940999","58325961","30.30","30.35","28.95","30.35","2.7500","938"
"3311","閎暉","80475","3273520","41.05","41.05","40.50","40.80","0.1000","97"
"3312","弘憶股","43546287","2986934980","65.60","71.60","63.00","71.60","6.5000","23842"
"3321","同泰","7060042","158573578","21.30","23.60","20.55","22.45","0.9500","4789"
"3338","泰碩","19060350","1769587948","91.60","94.70","91.50","92.00","0.6000","13010"
"3346","麗清","531471","22268087","42.00","42.35","41.70","41.75","-0.4500","438"
"3356","奇偶","5285564","364288743","68.60","70.70","67.50","67.70","-1.9000","4885"
"3376","新日興","8237685","1539442140","192.50","192.50","184.00","184.50","-10.0000","7027"
"3380","明泰","4772673","173762355","37.25","37.25","36.10","36.30","-0.9000","3439"
"3406","玉晶光","2827389","1508655673","533.00","545.00","523.00","538.00","3.0000","4372"
"3413","京鼎","510599","153281087","300.50","303.00","298.00","298.50","-2.0000","1812"
"3416","融程電","834592","131679022","153.50","161.00","153.00","158.50","5.0000","727"
"3419","譁裕","146862","2472475","16.90","16.95","16.70","16.70","-0.2000","144"
"3432","台端","850998","18248730","19.80","21.70","19.80","21.70","1.9500","603"
"3437","榮創","774754","20650492","27.00","27.00","26.40","26.40","-0.7000","595"
"3443","創意","1435762","2187032700","1505.00","1545.00","1495.00","1510.00","-20.0000","3385"
"3447","展達","878913","30575498","36.15","36.15","33.80","33.80","-2.7500","678"
"3450","聯鈞","15324924","1470115918","94.60","99.40","93.00","94.00","-1.8000","12635"
"3454","晶睿","295249","41428274","141.50","142.50","138.50","139.00","-2.5000","260"
"3481","群創","59998392","844775174","13.90","14.30","13.80","14.00","0.0000","11257"
"3494","誠研","530772","3438906","6.40","6.66","6.30","6.65","0.5500","225"
"3501","維熹","487757","33246078","68.80","68.80","67.70","67.70","-1.7000","738"
"3504","揚明光","1106447","66803230","59.20","61.20","58.80","59.70","0.0000","1254"
"3515","華擎","4069331","975781565","236.50","243.50","236.50","237.00","3.5000","5827"
"3518","柏騰","613065","18587626","31.45","31.45","29.90","29.95","-1.4000","481"
"3528","安馳","37298","1852403","49.70","50.10","49.25","49.75","0.0000","39"
"3530","晶相光","370014","38727256","106.00","107.50","103.00","103.50","-2.5000","815"
"3532","台勝科","1330915","228696399","170.50","174.00","170.00","170.00","-1.0000","1580"
"3533","嘉澤","1079469","1762241100","1655.00","1665.00","1600.00","1625.00","-40.0000","3329"
"3535","晶彩科","4635573","134926599","28.80","29.75","28.25","29.30","0.3000","2597"
"3543","州巧","157228","3726332","23.95","23.95","23.45","23.65","-0.3500","121"
"3545","敦泰","2407326","218057932","91.00","91.80","89.80","89.90","-1.2000","2195"
"3550","聯穎","109785","1711838","15.60","15.70","15.50","15.50","-0.1000","77"
"3557","嘉威","1043548","82187564","77.50","80.10","77.00","78.80","1.5000","860"
"3563","牧德","651603","245946379","376.00","383.50","373.00","374.00","-9.5000","1160"
"3576","聯合再生","3031756","36556255","12.15","12.20","11.95","12.05","-0.1000","1519"
"3583","辛耘","2308667","768634322","337.50","338.00","330.00","330.00","-13.0000","3459"
"3588","通嘉","993269","86987000","88.00","89.60","86.20","86.40","-2.0000","861"
"3591","艾笛森","911674","23296454","25.20","26.00","25.00","25.35","0.0000","364"
"3592","瑞鼎","1151644","472014371","412.50","414.50","408.00","408.50","-3.0000","1277"
"3593","力銘","245720","2704313","11.25","11.40","10.85","11.15","-0.0500","153"
"3596","智易","1609777","266010484","165.00","167.00","163.00","165.50","0.0000","1698"
"3605","宏致","3388438","174747679","52.60","53.00","50.70","50.80","-1.3000","2608"
"3607","谷崧","908551","16632712","18.70","18.70","18.05","18.10","-0.5500","485"
"3617","碩天","590012","164741095","280.00","283.50","276.50","276.50","-4.5000","2308"
"3622","洋華","761623","44415109","59.00","59.00","58.00","58.00","-1.0000","685"
"3645","達邁","656270","27976677","43.00","43.10","42.30","42.35","-0.7500","413"
"3652","精聯","2152713","75379066","33.70","36.25","33.15","34.20","0.4000","1750"
"3653","健策","653494","688754375","1075.00","1080.00","1030.00","1050.00","-35.0000","1302"
"3661","世芯-KY","2011660","5843578650","2850.00","2940.00","2845.00","2915.00","35.0000","5545"
"3665","貿聯-KY","4009619","1067772720","260.00","272.00","259.50","268.00","6.5000","5246"
"3669","圓展","426204","23512020","55.90","56.40","54.20","54.50","-1.2000","775"
"3673","TPK-KY","2250732","86682676","38.70","39.10","38.15","38.25","-0.5500","1442"
"3679","新至陞","71149","10018606","140.00","141.50","140.00","141.00","0.5000","140"
"3686","達能","2388663","50321273","21.40","21.70","20.20","20.40","-0.7000","1727"
"3694","海華","2264215","120042628","53.60","54.10","52.30","52.50","-1.7000","1870"
"3701","大眾控","885609","49164403","56.50","56.50","55.10","55.40","-0.8000","622"
"3702","大聯大","6802497","585394361","85.50","86.70","85.50","86.10","0.1000","4813"
"3702A","大聯大甲特","127100","6222530","48.90","49.05","48.85","48.95","0.0500","54"
"3703","欣陸","2915750","99747246","34.20","34.85","33.80","33.85","-0.4500","2014"
"3704","合勤控","949156","39856027","42.10","42.25","41.70","41.95","-0.2000","899"
"3705","永信","787534","42659245","53.50","54.60","53.40","54.50","0.9000","636"
"3706","神達","14978261","720921945","48.50","48.80","47.60","47.60","-1.4000","10065"
"3708","上緯投控","2396846","313403864","133.50","133.50","129.00","130.00","-4.0000","2198"
"3711","日月光投控","15086352","2395043270","159.50","161.00","157.00","158.50","-4.5000","9127"
"3712","永崴投控","5669362","283365235","50.90","51.40","48.70","49.00","-2.3000","4659"
"3714","富采","6764771","312425713","46.55","47.70","45.10","45.10","-1.9000","4674"
"3715","定穎投控","4887394","299436588","62.30","62.30","60.80","60.80","-1.5000","4280"
"4104","佳醫","288250","25753571","89.50","89.80","89.00","89.10","-0.8000","752"
"4106","雃博","126863","3569345","28.25","28.25","28.05","28.25","0.0000","210"
"4108","懷特","143356","2814486","19.75","19.75","19.55","19.55","-0.2500","625"
"4119","旭富","111297","10284884","92.30","92.60","92.00","92.50","0.2000","155"
"4133","亞諾法","109065","3547556","32.75","32.75","32.30","32.35","-0.3000","252"
"4137","麗豐-KY","120765","20161960","168.00","168.00","166.00","166.00","-2.5000","197"
"4142","國光生","413792","11332289","27.55","27.55","27.25","27.30","-0.2500","346"
"4148","全宇生技-KY","27001","1356851","50.40","50.50","50.10","50.40","0.0000","23"
"4155","訊映","246644","6310423","25.75","25.80","25.40","25.40","-0.2500","408"
"4164","承業醫","276317","14568747","53.30","53.30","52.40","52.50","-0.8000","307"
"4190","佐登-KY","42370","2007311","48.10","48.10","47.20","47.40","-0.4000","59"
"4306","炎洲","5594428","111903530","20.15","20.45","19.65","19.75","-0.3000","2363"
"4414","如興","805191","2563788","3.21","3.21","3.17","3.18","-0.0100","133"
"4426","利勤","102672","1758890","17.00","17.20","17.00","17.15","0.0000","88"
"4438","廣越","45238","5028426","111.50","111.50","110.50","111.50","0.5000","47"
"4439","冠星-KY","4002","427222","107.00","107.00","106.50","106.50","-1.0000","6"
"4440","宜新實業","85074","2196642","26.00","26.00","25.75","25.75","-0.0500","68"
"4526","東台","3692270","86326789","24.00","24.00","23.10","23.30","-0.8500","2378"
"4532","瑞智","3379262","98070773","29.25","29.45","28.70","29.15","-0.1500","2018"
"4536","拓凱","228882","45929820","203.00","203.00","199.00","200.50","-3.0000","359"
"4540","全球傳動","314581","11135232","36.00","36.00","34.60","34.60","-1.0000","261"
"4545","銘鈺","1079699","44955747","42.00","42.80","40.85","40.85","-1.4500","801"
"4551","智伸科","130665","14801029","112.00","114.50","111.50","113.00","0.0000","139"
"4552","力達-KY","148205","4331903","29.45","29.45","29.10","29.20","-0.2000","148"
"4555","氣立","24001","1323858","55.90","55.90","54.40","54.50","-1.2000","25"
"4557","永新-KY","134189","16327808","121.50","123.00","121.50","121.50","0.0000","69"
"4560","強信-KY","55001","2051841","37.40","37.40","37.20","37.40","-0.1000","21"
"4562","穎漢","28021244","1188297507","45.60","45.85","39.25","39.30","-2.8500","17760"
"4564","元翎","780403","19106532","24.70","24.90","24.20","24.20","-0.6000","719"
"4566","時碩工業","15307758","1003944340","64.40","67.50","63.00","65.40","1.9000","8433"
"4569","六方科-KY","25816","2675274","104.00","104.50","103.00","104.00","0.0000","49"
"4571","鈞興-KY","1513518","188505043","123.50","131.00","120.50","123.00","-4.5000","1363"
"4572","駐龍","150260","22540071","150.50","151.00","149.50","149.50","-1.0000","233"
"4576","大銀微系統","936048","72549820","79.40","79.40","76.00","76.20","-3.7000","1104"
"4581","光隆精密-KY","18015","1145684","63.40","64.00","63.40","63.70","0.5000","21"
"4583","台灣精銳","181518","50719309","281.50","284.00","276.00","277.00","-6.5000","800"
"4588","玖鼎電力","134232","13139765","98.20","98.50","97.00","97.20","-0.9000","170"
"4720","德淵","500035","9373335","18.75","18.95","18.65","18.70","-0.2500","260"
"4722","國精化","88660","3675666","41.70","41.75","41.20","41.75","0.5000","86"
"4736","泰博","124430","20417629","165.00","165.00","163.00","163.50","-1.5000","218"
"4737","華廣","33037","2254523","68.40","68.50","67.90","68.00","0.1000","33"
"4739","康普","312466","20874106","67.50","67.50","66.50","66.60","-0.9000","1085"
"4746","台耀","525007","48697293","93.10","93.80","92.20","92.20","-1.3000","566"
"4755","三福化","183384","26019107","144.50","144.50","141.00","141.00","-3.5000","297"
"4763","材料-KY","2799940","2389862731","835.00","873.00","829.00","857.00","17.0000","5478"
"4764","雙鍵","81903","3059776","35.15","38.70","35.15","37.75","2.5500","119"
"4766","南寶","722795","241306692","332.50","339.50","330.00","331.50","-5.0000","1116"
"4770","上品","171362","66669866","390.00","392.00","387.00","387.00","-7.5000","324"
"4771","望隼","393385","110776938","287.00","287.00","278.50","281.50","-5.5000","744"
"4807","日成-KY","4053","69506","17.20","17.20","17.10","17.10","-0.0500","18"
"4904","遠傳","6080847","501980641","81.80","83.00","81.80","82.40","0.4000","3611"
"4906","正文","22653911","866636561","38.00","38.90","37.35","38.00","0.0000","10367"
"4912","聯德控股-KY","265095","34512104","131.00","132.00","128.00","129.50","-3.0000","229"
"4915","致伸","6409883","630619122","97.50","99.60","95.90","99.30","2.5000","5134"
"4916","事欣科","363626","11133571","30.85","30.95","30.30","30.40","-0.5500","265"
"4919","新唐","1230624","157489142","127.00","129.00","125.50","129.00","0.5000","1531"
"4927","泰鼎-KY","821537","33180865","41.30","41.30","40.05","40.10","-0.2000","623"
"4930","燦星網","108497","3679076","34.15","34.15","33.80","33.80","-0.3000","331"
"4934","太極","560980","12552964","22.55","22.70","22.20","22.20","-0.4000","381"
"4935","茂林-KY","231985","14659460","64.50","64.50","62.40","62.40","-2.0000","183"
"4938","和碩","10161718","1053528233","103.50","105.00","103.00","103.50","-1.0000","5797"
"4942","嘉彰","156199","7251820","46.55","46.60","46.15","46.40","-0.1500","99"
"4943","康控-KY","39675","808273","20.70","20.70","20.10","20.10","-0.2500","36"
"4949","有成精密","440050","13307416","29.90","30.70","29.90","30.30","0.2500","327"
"4952","凌通","3513435","254730907","72.60","74.40","71.30","71.50","-2.9000","2872"
"4956","光鋐","1922512","41592982","22.45","22.45","21.25","21.50","-0.9500","1176"
"4958","臻鼎-KY","13097987","1627277008","121.50","127.50","120.00","124.50","2.5000","7817"
"4960","誠美材","6616002","100029124","15.05","15.25","14.90","15.05","0.0000","2598"
"4961","天鈺","1319986","336289483","256.00","256.50","253.00","255.00","-3.5000","1422"
"4967","十銓","35045164","4367529421","125.50","128.00","120.50","121.50","-2.5000","22567"
"4968","立積","2283455","445448012","198.50","199.50","190.50","192.00","-8.5000","2649"
"4976","佳凌","1694727","79030531","47.60","47.90","46.05","46.15","-1.4500","1532"
"4977","眾達-KY","493630","37255516","76.00","76.40","74.70","74.80","-0.7000","503"
"4989","榮科","187983","4865197","25.95","26.25","25.75","25.75","-0.3500","140"
"4994","傳奇","231732","28981219","123.50","126.50","123.50","124.50","0.5000","216"
"4999","鑫禾","120828","4289123","35.35","35.80","35.25","35.25","-0.3000","386"
"5007","三星","35013","1989041","56.90","57.00","56.50","56.70","-0.3000","34"
"5203","訊連","1676347","172150447","98.80","105.00","98.70","104.00","5.4000","1682"
"5215","科嘉-KY","64789","3382934","51.90","52.70","51.90","51.90","-0.8000","64"
"5222","全訊","433607","70005289","162.00","162.50","160.50","161.00","-2.0000","526"
"5225","東科-KY","1458234","171310689","119.50","119.50","116.00","117.00","-3.0000","1217"
"5234","達興材料","1952166","337621317","174.50","176.50","168.50","176.00","1.5000","2938"
"5243","乙盛-KY","1093868","65198232","60.00","60.20","59.20","59.20","-1.2000","1345"
"5244","弘凱","1972151","95995689","48.00","50.60","46.30","47.75","0.4000","1519"
"5258","虹堡","948508","118780333","126.00","127.00","124.00","125.00","-2.0000","757"
"5269","祥碩","1308733","2656804515","2040.00","2075.00","1985.00","2045.00","-40.0000","2228"
"5283","禾聯碩","42568","4735265","111.00","111.50","111.00","111.00","-0.5000","62"
"5284","jpp-KY","910776","113794797","127.00","127.50","123.50","124.00","-3.0000","938"
"5285","界霖","195372","13462124","68.90","69.60","67.70","68.90","-0.1000","277"
"5288","豐祥-KY","237781","52731941","217.00","225.50","217.00","225.00","5.0000","233"
"5292","華懋","243882","38268578","155.50","158.50","155.50","157.00","2.5000","244"
"5306","桂盟","51258","7280859","142.00","143.00","141.50","142.00","0.0000","90"
"5388","中磊","3439525","415400946","122.50","122.50","120.00","120.00","-3.5000","3008"
"5434","崇越","658028","175689378","267.00","269.00","265.00","268.00","0.5000","1653"
"5469","瀚宇博","7756387","459678648","60.20","60.60","58.20","58.50","-1.7000","5823"
"5471","松翰","477397","25676425","54.20","54.50","53.50","53.80","-0.7000","696"
"5484","慧友","15296","392594","26.00","26.00","25.50","25.75","0.1000","24"
"5515","建國","1283583","30037436","23.60","23.75","23.10","23.10","-0.4500","893"
"5519","隆大","2878929","120961999","41.85","42.80","41.50","41.65","0.1000","2056"
"5521","工信","4154849","53713383","12.90","13.10","12.75","13.00","0.0500","1240"
"5522","遠雄","3070914","259473099","84.40","85.50","82.60","84.50","1.0000","2736"
"5525","順天","61750","2190745","35.55","35.65","35.35","35.60","-0.0500","112"
"5531","鄉林","2782376","31359998","11.20","11.55","11.10","11.15","0.0000","1048"
"5533","皇鼎","346918","8325927","24.15","24.30","23.80","23.85","-0.3000","258"
"5534","長虹","2716211","324653975","117.00","121.00","116.50","120.00","2.5000","2160"
"5538","東明-KY","8020","263844","33.00","33.00","32.70","32.90","0.2000","7"
"5546","永固-KY","13000","430650","32.95","33.60","32.90","32.90","-0.0500","12"
"5607","遠雄港","493716","27328815","55.60","55.80","55.20","55.20","-0.4000","463"
"5608","四維航","18604644","444242096","23.05","24.65","22.80","23.45","-0.1500","9798"
"5706","鳳凰","2380968","186658319","79.60","79.60","77.50","77.90","-3.1000","2462"
"5871","中租-KY","7349288","1130743487","153.50","154.50","153.00","153.00","-2.0000","4722"
"5871A","中租-KY甲特","32000","3116800","97.40","97.40","97.40","97.40","-0.2000","13"
"5876","上海商銀","10893527","498658995","45.45","46.15","45.45","45.60","0.0500","5188"
"5880","合庫金","25645439","661862044","25.85","25.95","25.70","25.70","-0.2500","13176"
"5906","台南-KY","57114","3517988","63.50","63.50","61.50","62.40","0.9000","28"
"5907","大洋-KY","119197","1093578","9.16","9.25","9.13","9.20","-0.0500","87"
"6005","群益證","15023880","360847729","24.25","24.35","23.85","23.85","-0.6000","6453"
"6024","群益期","357585","21115788","59.40","59.50","58.60","59.50","0.0000","346"
"6108","競國","486341","10453564","21.45","21.70","21.05","21.50","-0.1500","320"
"6112","邁達特","437679","26046109","59.60","60.30","58.90","59.00","-0.9000","421"
"6115","鎰勝","174263","9679485","56.00","56.00","55.00","55.50","-0.5000","261"
"6116","彩晶","14690226","149139373","10.25","10.30","10.05","10.10","-0.1000","2369"
"6117","迎廣","31428787","4236693569","135.00","143.00","129.00","130.50","-4.5000","20486"
"6120","達運","6638231","108108405","16.40","16.65","16.00","16.05","-0.4000","2420"
"6128","上福","140401","5502573","39.45","39.45","39.00","39.15","-0.3000","194"
"6133","金橋","465844","7036187","15.25","15.30","15.00","15.00","-0.3500","269"
"6136","富爾特","197475","4595671","23.55","23.55","23.15","23.20","-0.3500","197"
"6139","亞翔","3665905","785629954","216.00","218.00","212.50","214.50","-4.0000","5717"
"6141","柏承","123114","2101846","17.25","17.25","17.00","17.00","-0.0500","71"
"6142","友勁","403219","4055127","10.10","10.20","10.00","10.00","-0.1000","156"
"6152","百一","2834067","32124270","11.10","11.50","10.95","11.30","0.2000","962"
"6153","嘉聯益","1606995","34958630","22.10","22.10","21.45","21.50","-0.4000","1046"
"6155","鈞寶","288781","7904947","27.20","27.80","27.20","27.25","-0.1000","132"
"6164","華興","722983","11095182","15.45","15.45","15.15","15.35","-0.1000","382"
"6165","浪凡","581429","23050434","40.15","40.20","39.20","39.60","-0.6000","391"
"6166","凌華","4124955","330660844","82.60","82.60","78.40","78.90","-4.7000","4488"
"6168","宏齊","2028135","50219497","25.00","25.05","24.50","24.50","-0.7500","1129"
"6176","瑞儀","3517949","693751669","199.50","199.50","196.00","198.00","-2.0000","30004"
"6177","達麗","3839158","224647229","58.30","59.50","57.90","58.20","-0.3000","2971"
"6183","關貿","22397","1652806","74.20","74.50","73.50","73.50","-0.3000","64"
"6184","大豐電","33943","1873948","55.60","55.60","55.00","55.10","-0.5000","83"
"6189","豐藝","13987705","1310949838","93.80","95.90","92.00","92.00","-2.5000","12362"
"6191","精成科","3075017","222388840","72.50","73.40","71.50","72.50","-0.2000","3335"
"6192","巨路","270620","29092435","109.00","109.00","106.50","106.50","-3.5000","272"
"6196","帆宣","532724","82677082","156.50","156.50","154.50","154.50","-2.0000","737"
"6197","佳必琪","7406157","1174609312","163.50","164.50","154.00","155.00","-8.5000","10293"
"6201","亞弘電","83381","5372749","64.90","64.90","64.20","64.40","-0.5000","328"
"6202","盛群","1060473","65382358","61.80","62.40","61.20","61.30","-0.5000","1628"
"6205","詮欣","283661","21711240","77.00","77.40","75.90","76.10","-0.9000","254"
"6206","飛捷","610374","58615953","96.90","97.20","95.40","95.80","-1.4000","1746"
"6209","今國光","43582422","1513097943","35.30","35.90","33.25","33.35","-1.3500","24351"
"6213","聯茂","9296246","1043432944","112.00","115.00","110.50","111.00","-3.0000","6237"
"6214","精誠","402337","48651691","120.50","122.00","119.50","121.00","0.5000","411"
"6215","和椿","8620486","487531223","56.10","58.50","55.10","55.70","-0.6000","6083"
"6216","居易","845543","33529190","40.10","40.10","39.25","39.80","-0.7000","624"
"6224","聚鼎","189677","10530916","56.00","56.30","55.10","55.20","-1.0000","548"
"6225","天瀚","3000","49800","16.60","16.60","16.60","16.60","0.0000","1"
"6226","光鼎","694083","7283301","10.40","10.55","10.25","10.50","0.1000","364"
"6230","尼得科超眾","1846381","659650913","360.50","368.00","346.00","346.50","-14.0000","2338"
"6235","華孚","2144416","189792309","88.10","90.40","86.60","87.00","-2.2000","2047"
"6239","力成","9602071","1806124934","187.00","192.00","185.00","186.50","-2.5000","20158"
"6243","迅杰","4573800","307660507","66.80","68.90","65.20","66.00","-0.8000","3899"
"6257","矽格","3687597","295807092","81.00","81.00","79.40","79.90","-1.6000","3056"
"6269","台郡","18316492","1608361632","90.80","90.90","85.80","85.80","0.0000","13411"
"6271","同欣電","1940318","302867441","157.00","158.00","155.00","155.50","-2.5000","1873"
"6277","宏正","148291","12355891","83.20","83.60","82.90","83.00","-0.1000","163"
"6278","台表科","3696250","439277145","117.50","120.00","117.00","119.50","1.0000","2790"
"6281","全國電","41544","3519276","84.80","84.80","84.50","84.80","0.0000","59"
"6282","康舒","5282575","199642901","37.70","38.30","37.35","37.40","-0.3000","3319"
"6283","淳安","1238619","41476450","34.50","34.50","32.80","32.90","-1.2500","1036"
"6285","啟碁","5122110","823991723","163.50","163.50","159.00","159.50","-4.0000","11208"
"6288","聯嘉","1825527","56863343","31.35","31.60","30.80","30.80","-0.4000","991"
"6405","悅城","52263","1243050","23.90","23.95","23.65","23.65","-0.3000","38"
"6409","旭隼","210577","360562090","1755.00","1755.00","1695.00","1695.00","-40.0000","348"
"6412","群電","649083","99601422","155.50","155.50","152.00","153.00","-2.0000","1211"
"6414","樺漢","1663587","546083390","332.00","334.00","324.00","324.50","-9.5000","2376"
"6415","矽力*-KY","3657487","1702631529","461.00","476.50","453.00","468.00","-2.0000","3665"
"6416","瑞祺電通","997001","129143128","130.00","132.00","127.00","127.00","-2.5000","975"
"6423","億而得-創","35018","3481095","100.00","100.00","98.80","99.60","-0.9000","35"
"6426","統新","122332","7936635","65.50","66.70","63.90","63.90","-1.9000","129"
"6431","光麗-KY","35056","445178","12.90","12.90","12.60","12.60","-0.2000","31"
"6438","迅得","826583","97460911","119.50","119.50","117.00","117.00","-2.5000","769"
"6442","光聖","237887","40884449","170.00","175.00","170.00","170.50","-2.5000","235"
"6443","元晶","4663495","129649950","28.00","28.15","27.55","27.65","-0.3500","2561"
"6446","藥華藥","726152","306499182","428.00","428.00","419.00","419.00","-6.5000","1272"
"6449","鈺邦","2647100","322772382","125.50","125.50","119.00","121.00","-3.0000","2426"
"6451","訊芯-KY","4018913","757923578","191.00","194.00","184.50","184.50","-9.0000","3622"
"6456","GIS-KY","1185141","79149009","67.60","67.60","66.20","66.60","-0.8000","2094"
"6464","台數科","17189","1463323","85.40","85.40","84.90","85.00","-0.2000","28"
"6472","保瑞","1368138","1007765373","733.00","750.00","729.00","730.00","-7.0000","2692"
"6477","安集","317301","11956979","37.85","38.00","37.40","37.60","-0.2000","366"
"6491","晶碩","402859","189143770","470.00","473.50","466.00","466.50","-1.5000","729"
"6504","南六","63131","4574240","71.90","73.20","71.50","72.50","0.1000","65"
"6505","台塑化","3788210","256943673","67.60","68.40","67.60","67.70","-0.5000","2997"
"6515","穎崴","424759","377271277","892.00","897.00","873.00","886.00","-14.0000","673"
"6525","捷敏-KY","336019","22765624","68.20","68.20","67.00","67.40","0.0000","355"
"6526","達發","1134822","832260119","736.00","748.00","725.00","726.00","-21.0000","2313"
"6531","愛普*","2083008","747734333","356.50","362.50","354.00","359.00","1.0000","2416"
"6533","晶心科","260693","105469161","404.50","408.50","400.00","405.50","0.5000","566"
"6534","正瀚-創","82200","7097420","88.70","88.70","85.30","85.80","-1.2000","59"
"6541","泰福-KY","79029","3028893","37.90","38.70","37.90","38.70","0.3500","94"
"6550","北極星藥業-KY","4532058","324438275","72.30","73.30","71.10","71.30","-1.3000","2241"
"6552","易華電","1021947","50111244","45.20","49.70","44.60","49.70","4.5000","582"
"6558","興能高","120977","3002043","25.10","25.10","24.60","24.60","-0.5500","156"
"6573","虹揚-KY","161209","2375758","14.95","15.10","14.50","14.85","0.0000","126"
"6579","研揚","1054584","187919222","180.00","181.50","175.00","175.00","-8.5000","2948"
"6581","鋼聯","69573","7469204","107.50","109.00","105.50","109.00","1.0000","114"
"6582","申豐","55844","2805066","50.50","50.50","50.10","50.20","-0.2000","65"
"6585","鼎基","670179","130524687","200.00","200.00","192.00","194.00","-6.0000","823"
"6591","動力-KY","2539756","165956039","65.40","67.20","63.80","64.10","-1.3000","2472"
"6592","和潤企業","525000","56713457","108.00","108.50","107.00","107.50","0.0000","701"
"6592A","和潤企業甲特","16199","1602832","99.00","99.00","98.90","98.90","0.0000","21"
"6592B","和潤企業乙特","10136","968885","95.50","95.60","95.50","95.60","0.0000","16"
"6598","ABC-KY","66998","1368597","20.50","20.60","20.35","20.35","-0.1500","71"
"6605","帝寶","486070","104647609","213.50","218.00","210.50","216.50","3.0000","653"
"6606","建德工業","167988","4544224","26.95","27.15","26.95","27.00","0.2000","134"
"6625","必應","77672","7319718","94.60","95.00","94.00","94.10","-0.5000","151"
"6641","基士德-KY","7590","318563","42.00","42.45","41.20","42.35","0.3500","14"
"6645","金萬林-創","34053","1286014","38.70","38.70","37.45","38.00","0.2000","28"
"6655","科定","1024","130512","127.50","127.50","127.50","127.50","2.0000","3"
"6657","華安","74008","3899724","53.00","53.50","52.20","52.30","-0.7000","55"
"6658","聯策","1125063","45093952","41.40","41.80","40.95","41.20","-0.8000","68"
"6666","羅麗芬-KY","21885","1404743","64.00","64.60","64.00","64.10","0.1000","31"
"6668","中揚光","1633128","105026343","65.80","65.80","63.40","63.40","-2.6000","1519"
"6669","緯穎","1021964","2710698765","2605.00","2710.00","2605.00","2645.00","5.0000","2190"
"6670","復盛應用","278660","81010379","290.00","293.50","287.50","292.00","0.5000","475"
"6671","三能-KY","33160","1508928","45.50","45.60","45.50","45.50","-0.1000","15"
"6672","騰輝電子-KY","248686","20842938","84.50","84.90","83.40","83.50","-1.0000","286"
"6674","鋐寶科技","78471","1923144","24.55","24.95","24.05","24.60","0.6000","68"
"6689","伊雲谷","210677","19148878","91.50","92.30","90.30","90.50","-1.0000","279"
"6691","洋基工程","380398","145055667","371.00","385.00","370.00","385.00","11.0000","589"
"6695","芯鼎","13342058","957066176","72.00","72.00","69.10","70.90","5.4000","6195"
"6698","旭暉應材","673370","24779897","36.20","38.00","35.75","36.00","-0.5000","756"
"6706","惠特","1428345","105146416","75.50","75.50","72.60","73.10","-2.4000","1583"
"6715","嘉基","308500","52936636","174.00","174.00","169.00","169.00","-6.0000","733"
"6719","力智","1528812","461804797","301.50","305.50","300.00","302.00","-4.0000","4196"
"6742","澤米","340852","24718284","71.00","75.00","71.00","71.40","0.5000","444"
"6743","安普新","149497","8176934","54.50","55.20","54.20","55.00","0.6000","160"
"6753","龍德造船","1158125","133793102","113.50","117.50","112.50","116.00","2.0000","1125"
"6754","匯僑設計","58253","3664360","62.30","64.20","62.30","62.80","0.3000","105"
"6756","威鋒電子","242204","48730208","200.50","204.00","199.50","200.00","-1.5000","305"
"6757","台灣虎航-創","1262510","56720444","45.35","45.60","44.45","44.95","0.1500","470"
"6768","志強-KY","644317","60510254","95.90","95.90","92.60","94.60","-2.0000","994"
"6770","力積電","21555668","550502996","25.55","25.90","25.40","25.40","-0.4000","7832"
"6771","平和環保-創","44534","3032812","67.90","69.00","67.90","68.10","0.0000","37"
"6776","展碁國際","123503","7986797","64.40","65.50","64.00","64.50","0.0000","100"
"6781","AES-KY","50224","32010888","640.00","642.00","632.00","632.00","-13.0000","199"
"6782","視陽","157098","36503803","232.50","234.50","231.00","232.00","-0.5000","319"
"6789","采鈺","551939","153124577","278.00","281.50","275.00","275.00","-3.5000","1753"
"6790","永豐實","203447","10541980","51.90","52.00","51.70","51.70","-0.3000","170"
"6792","詠業","77065","6266723","81.60","81.80","81.00","81.00","-0.8000","48"
"6794","向榮生技-創","22000","1811100","82.00","83.90","81.00","83.50","0.5000","22"
"6796","晉弘","29439","2348458","81.30","81.30","79.30","79.90","-1.1000","103"
"6799","來頡","377141","55117940","147.00","148.00","144.50","145.50","-2.5000","420"
"6805","富世達","2240911","1602086269","732.00","735.00","703.00","711.00","-27.0000","6297"
"6806","森崴能源","1214410","155055093","129.00","129.50","126.50","126.50","-3.0000","1853"
"6807","峰源-KY","97281","5476701","56.60","56.80","55.90","56.30","-0.1000","91"
"6830","汎銓","453725","59302055","129.00","132.50","127.50","131.00","2.5000","419"
"6834","天二科技","285512","9023614","31.60","32.00","31.35","31.50","-0.4000","227"
"6835","圓裕","205573","11109099","54.60","54.60","53.80","54.00","-0.7000","190"
"6854","錼創科技-KY創","49000","3865900","79.90","79.90","78.00","78.70","0.0000","33"
"6861","睿生光電","20766","1514254","73.60","73.60","72.70","72.70","-0.9000","39"
"6863","永道-KY","757247","178578690","225.00","245.00","223.00","236.00","8.0000","967"
"6869","雲豹能源-創","300249","40372366","134.50","136.00","133.00","134.00","-2.0000","213"
"6873","泓德能源-創","166000","27908500","167.00","169.50","167.00","167.00","-2.0000","129"
"6901","鑽石投資","447662","17454992","39.20","39.40","38.85","38.85","-0.4500","417"
"6902","走著瞧-創","","","","","","","0.0000",""
"6906","現觀科","144585","22540827","158.00","158.00","154.00","155.00","-4.5000","569"
"6914","阜爾運通","385923","63191175","168.00","168.00","161.50","164.50","-4.0000","706"
"6916","華凌","104657","2791663","25.75","27.80","25.75","27.25","1.5500","143"
"6928","攸泰科技","267520","22515804","85.00","85.00","84.00","84.00","-1.5000","328"
"6933","AMAX-KY","841264","303699722","371.00","371.00","352.00","353.00","-20.5000","1488"
"6937","天虹","84391","16609440","198.50","198.50","195.50","198.00","0.0000","120"
"6949","沛爾生醫-創","29000","3910500","138.50","138.50","133.50","134.00","-7.0000","27"
"8011","台通","3377451","79932746","23.75","24.15","23.25","23.40","-0.3500","2091"
"8016","矽創","1595556","416387861","263.50","263.50","259.50","259.50","-5.0000","1501"
"8021","尖點","793020","24457903","31.05","31.35","30.50","30.60","-0.5500","524"
"8028","昇陽半導體","13691640","904347490","66.80","68.60","64.00","64.20","-2.6000","12872"
"8033","雷虎","1077706","79689720","73.50","75.10","73.00","73.50","-0.2000","1181"
"8039","台虹","1426692","74508252","52.90","52.90","51.90","52.30","-0.9000","1589"
"8046","南電","3188749","650036771","203.50","206.50","202.50","202.50","-4.5000","10929"
"8070","長華*","17586979","929583053","52.10","54.80","51.00","54.80","3.3000","7797"
"8072","陞泰","186543","5490142","29.60","29.75","29.20","29.40","-0.2000","204"
"8081","致新","327185","101942179","314.00","314.50","309.00","311.00","-4.0000","1443"
"8101","華冠","52304","167663","3.22","3.22","3.20","3.22","-0.1400","50"
"8103","瀚荃","717964","34021053","47.80","48.10","47.00","47.10","-0.7500","642"
"8104","錸寶","348532","12495214","36.05","36.15","35.60","35.65","-0.5000","470"
"8105","凌巨","49074916","753514059","15.20","15.95","14.85","15.10","0.1000","16457"
"8110","華東","6045846","118218082","20.00","20.05","19.20","19.40","-0.4500","2717"
"8112","至上","16259852","1359453279","83.60","85.00","82.50","83.10","-0.6000","12210"
"8112A","至上甲特","7388","319753","43.30","43.35","43.25","43.35","0.0500","13"
"8114","振樺電","214175","28149219","132.50","133.00","130.50","131.50","-1.0000","343"
"8131","福懋科","339968","13240302","39.05","39.05","38.85","39.00","-0.1000","254"
"8150","南茂","5611763","254617396","45.70","45.80","44.95","45.05","-0.1500","3630"
"8162","微矽電子-創","11750","453037","38.60","39.10","38.40","38.40","-0.1000","12"
"8163","達方","1918157","129240064","68.50","68.50","67.10","67.40","-1.1000","1581"
"8201","無敵","239732","4442443","18.15","18.80","18.15","18.65","0.4000","171"
"8210","勤誠","6221144","2021528217","330.00","335.00","315.50","315.50","-20.5000","7916"
"8213","志超","424807","16818156","39.70","39.85","39.30","39.35","-0.3500","445"
"8215","明基材","505987","16631839","32.80","33.00","32.75","32.80","-0.3500","325"
"8222","寶一","621944","27147648","43.75","44.20","43.35","43.40","-0.6000","487"
"8249","菱光","203642","6091699","29.75","30.20","29.70","29.75","-0.2000","199"
"8261","富鼎","1012705","85980559","83.90","86.20","83.30","83.60","-1.0000","873"
"8271","宇瞻","1307287","89170941","69.00","69.20","67.60","67.80","-1.1000","1138"
"8341","日友","120971","11713342","97.00","97.20","96.50","96.60","-1.0000","290"
"8367","建新國際","130107","6386107","49.00","49.30","48.70","49.15","0.5500","104"
"8374","羅昇","3665682","216132959","57.00","59.80","57.00","59.80","5.4000","2220"
"8404","百和興業-KY","268682","5418705","20.35","20.35","20.10","20.10","-0.1500","178"
"8411","福貞-KY","66741","914017","13.75","13.75","13.60","13.75","0.0000","216"
"8422","可寧衛","118207","22454297","190.50","190.50","188.50","190.50","0.5000","800"
"8429","金麗-KY","163416","1625340","10.05","10.05","9.90","9.94","-0.0500","521"
"8438","昶昕","5556406","267731513","46.50","50.00","45.65","46.15","0.6500","3836"
"8442","威宏-KY","61000","7284000","119.50","120.00","119.00","120.00","1.0000","26"
"8443","阿瘦","33862","415314","12.30","12.30","12.20","12.20","-0.1000","106"
"8454","富邦媒","584608","245121962","420.50","422.50","417.50","419.00","-4.5000","1781"
"8462","柏文","58659","7203729","122.00","123.50","121.50","123.00","0.0000","83"
"8463","潤泰材","282521","8259047","28.95","29.50","28.80","29.35","0.3000","217"
"8464","億豐","339595","118546811","346.50","353.00","345.00","349.00","0.0000","281"
"8466","美吉吉-KY","21000","1186600","56.80","57.00","56.00","56.00","-0.7000","20"
"8467","波力-KY","499429","84988473","177.50","177.50","167.50","168.50","-6.5000","483"
"8473","山林水","532963","21129926","39.85","39.90","39.50","39.50","-0.2000","361"
"8476","台境","47554","2783973","58.60","58.90","58.30","58.70","-0.2000","62"
"8478","東哥遊艇","231128","85410751","371.00","371.50","368.00","369.00","-5.5000","637"
"8481","政伸","20236","1061577","52.10","53.00","52.10","52.40","0.1000","27"
"8482","商億-KY","3004","192860","64.60","64.60","63.50","64.50","-0.2000","4"
"8487","愛爾達-創","6129","519736","85.00","85.00","84.50","84.50","0.5000","8"
"8488","吉源-KY","22600","365762","16.30","16.30","15.90","15.90","-0.2000","62"
"8499","鼎炫-KY","19703","2438347","124.00","124.50","123.50","123.50","-1.5000","46"
"8926","台汽電","865810","40136176","46.50","46.70","46.10","46.25","-0.2500","895"
"8940","新天地","526377","14283884","28.10","28.10","26.80","26.80","-1.0000","571"
"8996","高力","7069846","3610926503","492.00","524.00","488.00","501.00","2.5000","7256"
"9103","美德醫療-DR","4541564","31935921","6.94","7.10","6.94","6.96","-0.0200","683"
"910322","康師傅-DR","36214","714154","19.80","19.80","19.60","19.60","-0.4000","243"
"9105","泰金寶-DR","16994494","69046236","4.10","4.12","4.03","4.04","-0.0500","3143"
"910861","神州-DR","7145","48187","6.91","6.91","6.68","6.88","-0.0300","7"
"9110","越南控-DR","43000","272320","6.33","6.52","6.31","6.40","-0.1500","19"
"911608","明輝-DR","146231","519253","3.59","3.60","3.54","3.59","-0.0100","45"
"911622","泰聚亨-DR","2000","10260","5.09","5.17","5.09","5.17","0.0100","2"
"911868","同方友友-DR","353001","453381","1.30","1.30","1.28","1.29","-0.0100","57"
"912000","晨訊科-DR","2271644","7435662","3.30","3.39","3.20","3.22","-0.1000","590"
"9136","巨騰-DR","95000","617270","6.50","6.51","6.47","6.51","0.0100","58"
"9802","鈺齊-KY","231342","28724932","125.50","125.50","123.50","123.50","-2.5000","240"
"9902","台火","4086921","70758386","16.50","17.85","16.30","17.15","0.6500","1964"
"9904","寶成","9983279","371459235","37.30","37.60","36.85","37.00","-0.6000","4888"
"9905","大華","57679","1405345","24.40","24.40","24.30","24.35","-0.0500","58"
"9906","欣巴巴","411180","35832401","86.00","88.60","85.80","86.50","0.5000","490"
"9907","統一實","1167103","17230410","14.85","14.85","14.70","14.70","-0.1500","836"
"9908","大台北","81931","2652015","32.30","32.45","32.30","32.35","0.0000","93"
"9910","豐泰","1522185","228737314","150.00","151.50","149.50","149.50","-1.0000","1785"
"9911","櫻花","329459","29742806","90.20","90.90","89.70","89.90","-0.8000","499"
"9912","偉聯","486893","6943843","14.30","14.60","14.00","14.40","0.2000","343"
"9914","美利達","307768","71805691","234.00","236.00","231.50","233.00","-1.0000","729"
"9917","中保科","347179","42758913","122.50","124.00","122.00","123.00","-1.0000","545"
"9918","欣天然","5412","228630","42.30","42.30","42.20","42.20","0.2000","35"
"9919","康那香","5839784","132489048","22.55","22.95","22.35","22.75","0.2000","1201"
"9921","巨大","1244021","279799771","223.00","226.50","222.00","224.00","0.0000","1307"
"9924","福興","432789","24413434","56.80","56.80","56.20","56.30","-0.5000","288"
"9925","新保","121596","5087027","41.80","41.90","41.80","41.85","0.0500","119"
"9926","新海","5086","278042","55.20","55.20","54.30","54.90","-0.3000","12"
"9927","泰銘","224865","17970812","79.80","80.20","79.60","79.70","-0.3000","237"
"9928","中視","828003","18868215","21.60","23.90","21.60","22.75","0.9000","585"
"9929","秋雨","20001","311765","15.55","15.60","15.55","15.60","0.0500","17"
"9930","中聯資源","110596","7149264","64.90","65.00","64.20","64.50","-0.5000","175"
"9931","欣高","6688","248214","37.50","37.50","36.85","36.90","0.0000","16"
"9933","中鼎","1223516","58038385","47.55","47.60","47.25","47.35","-0.3000","1098"
"9934","成霖","954768","17843479","18.80","18.80","18.60","18.80","-0.0500","455"
"9935","慶豐富","233860","5637706","24.40","24.40","23.95","23.95","-0.6500","212"
"9937","全國","37694","2544953","67.60","67.80","66.90","67.80","0.2000","48"
"9938","百和","1529309","95686634","63.40","63.40","62.10","62.50","-0.9000","1188"
"9939","宏全","525849","84408238","159.50","162.00","158.00","160.50","0.0000","646"
"9940","信義","278034","9197861","33.05","33.20","32.95","33.00","-0.1500","336"
"9941","裕融","2032247","306552416","153.00","153.50","149.00","149.50","-5.5000","5051"
"9941A","裕融甲特","36000","1838800","51.10","51.10","51.00","51.10","0.0000","14"
"9942","茂順","67050","8690465","129.50","130.50","129.00","129.50","-0.5000","128"
"9943","好樂迪","73248","6618776","90.50","90.70","90.10","90.40","-0.2000","105"
"9944","新麗","347256","7911628","22.75","23.00","22.70","22.80","-0.2000","159"
"9945","潤泰新","14198791","630649477","44.40","45.25","43.85","43.85","-0.7000","8175"
"9946","三發地產","1785251","79339322","44.35","45.00","43.85","44.35","0.0500","1410"
"9955","佳龍","1264894","42193060","34.00","34.05","32.80","33.00","-1.3000","1051"
"9958","世紀鋼","5510697","1586658768","292.00","292.50","284.50","285.50","-6.5000","7706"
