證券代號,證券名稱,成交股數,成交金額,開盤價,最高價,最低價,收盤價,漲跌價差,成交筆數
"0050","元大台灣50","26852782","4585081468","171.05","172.40","169.00","170.55","-3.6000","29484"
"0051","元大中型100","78997","6042047","77.00","77.00","75.60","76.10","-1.1500","370"
"0052","富邦科技","2102821","348365410","165.05","167.00","163.80","165.65","-3.9000","2204"
"0053","元大電子","18446","1695972","92.75","92.75","91.00","91.85","-1.7500","112"
"0055","元大MSCI金融","189033","5202603","27.40","27.68","27.22","27.59","0.0300","254"
"0056","元大高股息","26335839","962789338","36.51","36.82","36.30","36.77","-0.2200","24097"
"0057","富邦摩台","204961","25889238","125.85","126.85","125.20","126.65","-1.8500","134"
"0061","元大寶滬深","177556","2966784","16.71","16.85","16.60","16.81","0.0800","145"
"006203","元大MSCI台灣","7143","576331","80.40","81.30","80.40","81.05","-0.5500","113"
"006204","永豐臺灣加權","3017","318432","105.95","105.95","105.95","105.95","-1.5000","99"
"006205","富邦上証","433966","12642878","29.38","29.38","29.05","29.26","-0.1400","167"
"006206","元大上證50","78674","2193070","27.92","28.03","27.75","28.03","0.0300","74"
"006207","復華滬深","100326","2160207","21.64","21.68","21.48","21.65","0.0300","76"
"006208","富邦台50","16011513","1598661086","99.85","100.85","98.90","99.70","-1.8000","22597"
"00625K","富邦上証+R","","","","","","","0.0000",""
"00631L","元大台灣50正2","13174166","2648916032","201.10","205.50","196.85","200.35","-8.9500","13569"
"00632R","元大台灣50反1","365004252","1343371718","3.68","3.72","3.64","3.68","0.0700","12529"
"00633L","富邦上証正2","3258007","101088457","30.90","31.58","30.72","31.31","-0.0500","656"
"00634R","富邦上証反1","132000","634320","4.83","4.85","4.78","4.80","0.0100","22"
"00635U","期元大S&P黃金","318978","8925061","27.97","28.06","27.93","28.06","-0.0100","212"
"00636","國泰中國A50","735325","14850508","20.16","20.32","20.07","20.24","-0.0500","187"
"00636K","國泰中國A50+U","200","1250","6.25","6.25","6.25","6.25","0.0500","2"
"00637L","元大滬深300正2","39877338","499482839","12.46","12.69","12.37","12.56","-0.0500","3356"
"00638R","元大滬深300反1","1006404","10196501","10.21","10.24","10.10","10.14","-0.0200","52"
"00639","富邦深100","902610","8813754","9.85","9.85","9.71","9.82","-0.0300","198"
"00640L","富邦日本正2","2578545","113271905","43.25","44.98","43.25","43.74","-2.2600","1213"
"00641R","富邦日本反1","4233151","28923789","6.87","6.89","6.75","6.85","0.1500","455"
"00642U","期元大S&P石油","4465260","76935092","17.22","17.28","17.19","17.22","0.3400","1176"
"00643","群益深証中小","157255","1738066","11.09","11.17","11.00","11.12","-0.0300","104"
"00643K","群益深証中小+R","","","","","","","0.0000",""
"00645","富邦日本","1221282","41436499","33.72","34.29","33.62","33.80","-0.8000","512"
"00646","元大S&P500","2079105","110113700","53.05","53.05","52.80","52.85","-1.0000","2191"
"00647L","元大S&P500正2","352664","28177568","79.55","80.20","79.40","79.75","-2.9500","512"
"00648R","元大S&P500反1","3932100","23015156","5.86","5.87","5.82","5.84","0.0900","144"
"00650L","復華香港正2","30965995","280789050","8.95","9.23","8.85","9.22","0.0400","1779"
"00651R","復華香港反1","456999","4223910","9.29","9.35","9.15","9.19","0.0000","75"
"00652","富邦印度","315004","12456752","39.81","39.81","39.44","39.47","-0.5400","324"
"00653L","富邦印度正2","175756","11105376","63.10","63.50","62.85","63.05","-1.0500","65"
"00654R","富邦印度反1","778028","5028992","6.48","6.48","6.43","6.48","0.0600","104"
"00655L","國泰中國A50正2","1484272","31370166","20.98","21.46","20.86","21.25","-0.0800","373"
"00656R","國泰中國A50反1","617000","5603690","9.12","9.15","9.01","9.03","-0.0300","17"
"00657","國泰日經225","593961","24449736","40.63","41.50","40.63","41.02","-0.8900","130"
"00657K","國泰日經225+U","200","2536","12.68","12.68","12.68","12.68","-0.0600","2"
"00660","元大歐洲50","11230","380036","33.76","33.93","33.76","33.86","-0.1700","98"
"00661","元大日經225","874080","39094993","44.24","45.30","44.12","44.64","-0.9800","237"
"00662","富邦NASDAQ","1945812","146388615","75.10","75.50","74.95","75.10","-1.9500","1833"
"00663L","國泰臺灣加權正2","488314","89053709","183.60","187.15","180.00","183.20","-6.9500","72"
"00664R","國泰臺灣加權反1","23144378","95908909","4.16","4.18","4.10","4.16","0.1000","1048"
"00665L","富邦恒生國企正2","48274868","286889040","5.84","6.06","5.80","6.04","0.0100","2836"
"00666R","富邦恒生國企反1","16001","248335","15.60","15.80","15.43","15.46","-0.0500","10"
"00668","國泰美國道瓊","355519","16338139","46.00","46.04","45.94","45.97","-0.7700","181"
"00668K","國泰美國道瓊+U","200","2826","14.13","14.13","14.13","14.13","-0.1500","2"
"00669R","國泰美國道瓊反1","3852854","28032274","7.27","7.29","7.26","7.27","0.0900","225"
"00670L","富邦NASDAQ正2","2171747","222419015","101.75","103.40","101.35","102.35","-4.8500","1568"
"00671R","富邦NASDAQ反1","12246450","50493675","4.14","4.14","4.10","4.13","0.1000","478"
"00673R","期元大S&P原油反1","9369211","70212086","7.51","7.52","7.47","7.50","-0.1700","602"
"00674R","期元大S&P黃金反1","457095","4792096","10.49","10.51","10.46","10.48","0.0200","66"
"00675L","富邦臺灣加權正2","8985492","722262106","80.50","82.40","78.90","80.20","-3.3500","7723"
"00676R","富邦臺灣加權反1","22361582","51531332","2.31","2.33","2.28","2.31","0.0500","763"
"00678","群益那斯達克生技","584315","17304656","29.64","29.72","29.57","29.58","-0.9300","122"
"00680L","元大美債20正2","125066727","1166655433","9.32","9.36","9.28","9.35","-0.0700","8734"
"00681R","元大美債20反1","679100","13223778","19.49","19.53","19.45","19.48","0.0800","73"
"00682U","期元大美元指數","34035","709590","20.86","20.86","20.83","20.85","-0.0600","8"
"00683L","期元大美元指正2","168000","3729570","22.22","22.23","22.18","22.19","-0.1000","24"
"00684R","期元大美元指反1","41000","638260","15.56","15.58","15.56","15.56","0.0200","7"
"00685L","群益臺灣加權正2","2437090","174656148","71.80","73.40","70.25","71.40","-3.0500","1313"
"00686R","群益臺灣加權反1","1987800","4982923","2.51","2.53","2.48","2.51","0.0400","146"
"00688L","國泰20年美債正2","67940515","630949066","9.28","9.32","9.25","9.32","-0.0700","4640"
"00689R","國泰20年美債反1","798000","16153010","20.23","20.27","20.20","20.21","0.0600","14"
"00690","兆豐藍籌30","1519024","49741842","32.80","33.00","32.47","32.70","-0.4400","862"
"00692","富邦公司治理","3225895","129593019","40.24","40.58","39.82","40.14","-0.7000","3076"
"00693U","期街口S&P黃豆","166050","3489562","20.98","21.06","20.96","21.00","0.0800","55"
"00700","富邦恒生國企","214855","2604864","12.09","12.25","12.00","12.18","-0.0300","104"
"00701","國泰股利精選30","751189","21126159","28.03","28.35","27.81","28.09","-0.1700","381"
"00702","國泰標普低波高息","4970","120148","24.24","24.24","24.15","24.15","-0.2100","76"
"00703","台新MSCI中國","46305","680272","14.64","14.84","14.57","14.81","0.0800","62"
"00706L","期元大S&P日圓正2","22230944","152538957","6.87","6.90","6.81","6.87","0.1300","1396"
"00707R","期元大S&P日圓反1","20000","563200","28.16","28.16","28.16","28.16","-0.1200","2"
"00708L","期元大S&P黃金正2","516099","17733116","34.33","34.49","34.21","34.49","-0.0600","204"
"00709","富邦歐洲","351077","10194293","29.14","29.14","28.90","29.00","0.0000","53"
"00710B","復華彭博非投等債","438237","8620124","19.73","19.73","19.63","19.64","-0.0800","94"
"00711B","復華彭博新興債","126765","2136873","16.88","16.89","16.85","16.86","-0.0900","64"
"00712","復華富時不動產","11952369","116655134","9.77","9.78","9.73","9.75","-0.0500","3655"
"00713","元大台灣高息低波","10572745","587703635","55.50","55.90","55.00","55.40","-0.4000","9402"
"00714","群益道瓊美國地產","630292","13264694","21.11","21.11","21.00","21.04","-0.2300","146"
"00715L","期街口布蘭特正2","49665734","740882758","14.98","14.99","14.82","14.87","0.4500","5209"
"00717","富邦美國特別股","64675","1028660","15.84","15.92","15.84","15.89","-0.0300","98"
"00728","第一金工業30","260069","7830367","30.24","30.28","29.97","30.01","-0.5700","159"
"00730","富邦臺灣優質高息","150872","3231134","21.41","21.58","21.29","21.39","-0.2300","240"
"00731","復華富時高息低波","1315717","96065859","73.05","73.45","72.50","72.85","-1.1500","1279"
"00733","富邦臺灣中小","2750719","139552408","50.90","51.35","50.20","50.50","-0.7000","2547"
"00735","國泰臺韓科技","591859","18750594","32.00","32.00","31.45","31.59","-0.7400","479"
"00736","國泰新興市場","383437","8573826","22.22","22.46","22.22","22.46","0.2900","29"
"00737","國泰AI+Robo","332620","9316789","27.75","28.08","27.75","27.96","-0.4500","108"
"00738U","期元大道瓊白銀","737403","18008763","24.42","24.56","24.34","24.52","-0.3000","276"
"00739","元大MSCI A股","211222","4253901","20.17","20.30","20.09","20.25","-0.0600","75"
"00752","中信中國50","2922633","52093582","17.75","17.94","17.59","17.92","0.0500","430"
"00753L","中信中國50正2","12758939","89864754","7.01","7.17","6.89","7.14","0.0200","1587"
"00757","統一FANG+","2449779","194845728","79.25","79.90","79.00","79.35","-3.0500","5833"
"00762","元大全球AI","363297","19958159","54.80","55.05","54.60","54.70","-1.6500","968"
"00763U","期街口道瓊銅","232602","5655536","24.35","24.37","24.25","24.34","-0.3300","106"
"00770","國泰北美科技","658297","27976345","42.90","42.90","42.00","42.45","-1.1200","775"
"00771","元大US高息特別股","62705","1108248","17.64","17.71","17.64","17.67","0.0100","80"
"00775B","新光投等債15+","1214260","42940672","35.52","35.52","35.29","35.32","-0.3300","65"
"00783","富邦中証500","126109","2108849","16.58","16.83","16.58","16.80","0.0100","16"
"00830","國泰費城半導體","16715562","685472049","40.91","41.34","40.72","40.90","-2.0800","9557"
"00850","元大臺灣ESG永續","1802545","75703915","41.98","42.47","41.65","42.02","-0.6900","2067"
"00851","台新全球AI","6734","288737","42.80","42.92","42.80","42.85","-0.8300","72"
"00852L","國泰美國道瓊正2","1362670","31563824","23.08","23.22","23.08","23.16","-0.7000","158"
"00861","元大全球未來通訊","1396783","55188604","39.30","39.67","39.10","39.48","-0.9600","257"
"00865B","國泰US短期公債","230075","10597849","46.16","46.16","46.03","46.03","-0.1700","136"
"00875","國泰網路資安","43660","1356426","31.12","31.12","30.98","30.98","-0.2600","81"
"00876","元大全球5G","1044578","38059963","36.04","36.62","36.00","36.33","-0.7800","329"
"00878","國泰永續高股息","113528398","2511701091","22.06","22.29","21.94","22.10","-0.2700","57798"
"00881","國泰台灣5G+","35832455","807777007","22.59","22.78","22.33","22.50","-0.5100","13715"
"00882","中信中國高股息","9938974","109004210","11.00","11.01","10.90","10.98","-0.0900","2292"
"00885","富邦越南","5349242","61457734","11.51","11.54","11.43","11.51","0.0500","1119"
"00891","中信關鍵半導體","13610664","233669452","17.14","17.35","16.97","17.17","-0.3200","4524"
"00892","富邦台灣半導體","3918781","59992673","15.28","15.50","15.16","15.32","-0.2100","841"
"00893","國泰智能電動車","5802301","112555854","19.40","19.48","19.31","19.37","-0.6800","2819"
"00894","中信小資高價30","1798504","34641694","19.16","19.44","19.03","19.24","-0.2900","516"
"00895","富邦未來車","2621518","65903077","25.12","25.24","25.02","25.10","-0.8500","1385"
"00896","中信綠能及電動車","738541","12310383","16.90","16.90","16.49","16.63","-0.3200","622"
"00897","富邦基因免疫生技","640885","5106895","7.94","8.00","7.94","7.95","-0.1700","207"
"00898","國泰基因免疫革命","203176","1488073","7.40","7.40","7.30","7.30","-0.1400","129"
"00899","FT潔淨能源","277341","4547038","16.50","16.50","16.35","16.35","-0.1100","139"
"00900","富邦特選高股息30","17194621","259897371","15.10","15.23","15.01","15.10","-0.1300","5159"
"00901","永豐智能車供應鏈","857070","16260402","18.97","19.06","18.71","18.88","-0.4000","225"
"00902","中信電池及儲能","3534265","29559150","8.43","8.43","8.32","8.35","-0.2300","1316"
"00903","富邦元宇宙","953264","12264067","12.85","12.92","12.81","12.84","-0.3100","251"
"00904","新光臺灣半導體30","1058427","17556299","16.50","16.76","16.41","16.58","-0.3200","462"
"00905","FT臺灣Smart","5970015","74652212","12.51","12.64","12.31","12.49","-0.2400","2760"
"00907","永豐優息存股","4132200","64653448","15.66","15.75","15.54","15.62","-0.1700","1232"
"00908","富邦入息REITs+","288562","3707988","12.81","12.86","12.81","12.85","-0.0200","60"
"00909","國泰數位支付服務","1403326","34459379","24.45","24.68","24.35","24.59","-0.7700","1115"
"00910","第一金太空衛星","172725","3387761","19.64","19.64","19.60","19.62","-0.2300","31"
"00911","兆豐洲際半導體","1250222","29674280","23.77","23.90","23.64","23.70","-1.1500","995"
"00912","中信臺灣智慧50","1526055","27379467","17.84","18.01","17.76","17.87","-0.2400","248"
"00913","兆豐台灣晶圓製造","743212","14926801","20.19","20.28","19.96","20.11","-0.4000","129"
"00915","凱基優選高股息30","11882090","306906276","25.66","26.05","25.50","25.79","-0.2000","3984"
"00916","國泰全球品牌50","797735","17078232","21.40","21.45","21.35","21.36","-0.2500","1208"
"00917","中信特選金融","90994","1794065","19.73","19.75","19.70","19.71","-0.1600","105"
"00918","大華優利高填息30","9603185","221096603","23.02","23.22","22.89","23.06","-0.2000","4494"
"00919","群益台灣精選高息","52049593","1213469509","23.31","23.49","23.14","23.27","-0.3000","30765"
"00920","富邦ESG綠色電力","686341","9893866","14.42","14.47","14.36","14.41","-0.1500","119"
"00921","兆豐龍頭等權重","1341045","23947169","17.91","17.97","17.72","17.83","-0.2200","686"
"00922","國泰台灣領袖50","6598762","132228495","20.10","20.24","19.87","20.04","-0.3000","2653"
"00923","群益台ESG低碳50","10936151","223449451","20.52","20.62","20.24","20.44","-0.3700","5532"
"00924","復華S&P500成長","2323752","48524961","20.95","20.95","20.83","20.84","-0.4600","1656"
"00925","新光標普電動車","236087","3553139","15.12","15.12","15.04","15.06","-0.3700","21"
"00926","凱基全球菁英55","1183151","25504852","21.61","21.61","21.51","21.51","-0.4100","304"
"00927","群益半導體收益","7867671","139991022","17.88","17.96","17.65","17.77","-0.3500","4082"
"00929","復華台灣科技優息","150065489","2806511296","18.65","18.85","18.55","18.67","-0.2600","53288"
"00930","永豐ESG低碳高息","2186715","40582515","18.53","18.68","18.36","18.53","-0.2500","778"
"00932","兆豐永續高息等權","6511373","108350152","16.70","16.76","16.53","16.62","-0.1600","2121"
"00934","中信成長高股息","20714212","387092936","18.60","18.83","18.56","18.65","-0.2100","5126"
"00935","野村臺灣新科技50","8553117","175031069","20.45","20.67","20.27","20.42","-0.4700","3671"
"00936","台新永續高息中小","19229763","314821600","16.31","16.49","16.24","16.35","-0.1800","7159"
"00939","統一台灣高息動能","12619705","174888234","13.81","13.95","13.73","13.84","-0.1300","3735"
"00940","元大台灣價值高息","93573140","870657267","9.20","9.31","9.15","9.24","0.0000","21239"
"00941","中信上游半導體","12094991","169739151","14.05","14.12","13.92","14.03","-0.3500","2977"
"00943","兆豐電子高息等權","1109277","15377191","13.83","13.95","13.78","13.83","-0.2100","269"
"00944","野村趨勢動能高息","3320244","47701456","14.35","14.46","14.17","14.35","-0.1500","930"
"00945B","凱基美國非投等債","13245045","202468594","15.32","15.34","15.26","15.27","-0.0400","1653"
"00946","群益科技高息成長","19381449","183849705","9.45","9.56","9.42","9.49","-0.1200","5683"
"00947","台新臺灣IC設計","5894146","76874547","12.93","13.23","12.88","13.08","-0.1600","1624"
"00949","復華日本龍頭","5956296","84351824","14.17","14.30","14.09","14.12","-0.3200","2270"
"00951","台新日本半導體","10591476","90992338","8.64","8.74","8.50","8.67","-0.2600","2420"
"01001T","土銀富邦R1","106565","1489693","13.98","13.98","13.96","13.96","-0.0200","8"
"01002T","土銀國泰R1","98000","1618960","16.52","16.52","16.52","16.52","0.0200","16"
"01004T","土銀富邦R2","72001","889863","12.38","12.38","12.30","12.36","-0.0300","12"
"01007T","兆豐國泰R2","212000","3508600","16.60","16.60","16.50","16.50","0.0000","22"
"01009T","王道圓滿R1","104000","801280","7.72","7.72","7.70","7.70","0.0000","16"
"01010T","京城樂富R1","20","201","","","","","0.0000","2"
"020000","富邦特選蘋果N","21000","232920","11.09","11.14","11.07","11.14","-0.1700","3"
"020011","統一微波高息20N","","","","","","","0.0000",""
"020012","富邦行動通訊N","","","","","","","0.0000",""
"020015","統一MSCI美低波N","","","","","","","0.0000",""
"020016","統一MSCI美科技N","","","","","","","0.0000",""
"020018","統一價值成長30N","","","","","","","0.0000",""
"020019","統一特選台灣5GN","","","","","","","0.0000",""
"02001L","富邦蘋果正二N","249000","5675630","23.63","23.63","22.26","22.89","-1.1600","64"
"02001R","富邦蘋果反一N","120000","189550","1.58","1.58","1.57","1.57","0.0300","3"
"02001S","策元大加權策略N","","","","","","","0.0000",""
"020020","元大台股領航N","25000","266140","10.64","10.71","10.59","10.66","-0.2000","12"
"020028","元大特選電動車N","6000","52460","8.77","8.77","8.73","8.73","-0.1300","4"
"020029","元大ESG高股息N","36000","303730","8.42","8.48","8.38","8.42","-0.0900","13"
"020030","統一智慧電動車N","15000","86250","5.75","5.75","5.75","5.75","-0.1500","4"
"020031","統一IC設計臺灣N","34000","178910","5.21","5.30","5.20","5.24","-0.0500","13"
"020032","元大綠能N","37000","215700","5.89","5.89","5.76","5.80","-0.0900","11"
"020034","元大IC設計N","97000","675130","6.93","7.03","6.88","6.97","-0.0500","16"
"020036","元大金融配息N","","","","","","","0.0000",""
"020037","元大金融高股息N","1000","6610","6.61","6.61","6.61","6.61","0.0500","1"
"020038","元大ESG配息N","9000","65540","7.30","7.32","7.27","7.27","-0.0800","4"
"020039","元大加權N","61000","387970","6.40","6.41","6.31","6.34","-0.1300","41"
"1101","台泥","21842342","743534371","33.40","34.35","33.40","34.00","0.2000","7980"
"1101B","台泥乙特","3190","149580","46.80","47.05","46.80","47.05","0.0000","7"
"1102","亞泥","11504211","484956551","41.10","42.60","41.10","42.35","0.7500","4781"
"1103","嘉泥","428897","7358456","17.10","17.30","17.05","17.20","-0.2000","413"
"1104","環泥","589727","18142746","30.80","31.00","30.50","30.80","-0.3500","453"
"1108","幸福","206571","3209706","15.50","15.70","15.40","15.50","-0.1000","159"
"1109","信大","100646","1752786","17.30","17.50","17.30","17.45","-0.0500","121"
"1110","東泥","416678","9363284","22.65","22.90","22.15","22.25","-0.4000","308"
"1201","味全","570628","10189787","17.85","18.00","17.65","17.95","0.0500","439"
"1203","味王","22074","1121520","50.60","51.30","50.60","50.70","-1.2000","69"
"1210","大成","929099","49212147","52.50","53.30","52.50","52.90","-0.1000","1043"
"1213","大飲","79339","996381","12.50","12.65","12.30","12.65","0.1500","46"
"1215","卜蜂","297384","29435013","98.80","99.40","98.10","99.30","-0.2000","563"
"1216","統一","17216961","1364543968","77.80","80.20","77.50","79.20","0.9000","7520"
"1217","愛之味","866019","10002387","11.60","11.65","11.45","11.50","-0.2000","528"
"1218","泰山","594021","11858872","19.95","20.10","19.85","19.90","-0.0500","508"
"1219","福壽","340000","5792409","16.95","17.10","16.95","17.05","-0.2500","208"
"1220","台榮","80794","1183872","14.35","14.80","14.35","14.80","0.0500","68"
"1225","福懋油","123872","17805936","142.00","149.00","141.00","141.00","-6.0000","165"
"1227","佳格","714751","27358014","38.20","38.60","38.10","38.40","-0.2500","470"
"1229","聯華","1317619","80951786","61.30","61.90","61.00","61.20","-1.4000","1706"
"1231","聯華食","135361","13542379","99.40","101.00","99.40","100.00","-1.0000","347"
"1232","大統益","76702","10931988","142.00","143.00","142.00","142.50","-1.0000","253"
"1233","天仁","5232","168367","32.00","32.20","32.00","32.20","0.2500","23"
"1234","黑松","150007","6248134","41.35","41.95","41.20","41.65","-0.3000","204"
"1235","興泰","18789","2248243","116.50","123.50","116.50","118.00","-2.0000","41"
"1236","宏亞","29977","735821","24.00","24.80","24.00","24.45","0.2500","171"
"1256","鮮活果汁-KY","2130","350312","164.00","164.00","164.00","164.00","-1.0000","47"
"1301","台塑","16783763","900902924","54.30","54.40","53.20","53.30","-1.7000","9863"
"1303","南亞","13617893","635238492","46.50","47.40","46.35","46.40","-1.1000","7483"
"1304","台聚","1429932","20708792","14.55","14.65","14.30","14.45","-0.2500","1068"
"1305","華夏","887947","14891461","16.80","17.00","16.60","16.70","-0.4500","728"
"1307","三芳","475353","14868638","31.05","31.55","30.90","31.20","-0.5000","380"
"1308","亞聚","1028722","17287365","16.70","17.05","16.55","16.80","-0.0500","879"
"1309","台達化","2154682","34364318","16.00","16.20","15.75","16.05","-0.1000","903"
"1310","台苯","944393","12181880","12.85","13.15","12.70","12.95","-0.1000","557"
"1312","國喬","2287287","30147642","13.10","13.40","12.95","13.25","-0.0500","1143"
"1312A","國喬特","4000","93850","23.30","23.55","23.30","23.50","0.0000","3"
"1313","聯成","1729983","19237676","11.20","11.30","10.95","11.20","-0.1000","1019"
"1314","中石化","20482320","203773416","9.93","10.10","9.77","9.93","-0.0500","4917"
"1315","達新","38973","2742737","70.20","71.00","70.00","70.50","-0.1000","60"
"1316","上曜","9706102","183209419","19.25","19.45","18.40","18.90","-0.4500","4507"
"1319","東陽","1986948","174011258","88.00","88.50","86.50","87.00","-3.0000","2770"
"1321","大洋","672000","24452000","34.75","37.25","34.75","36.70","1.5500","346"
"1323","永裕","11102","329432","29.70","29.70","29.65","29.70","-0.0500","11"
"1324","地球","42984","560012","13.15","13.15","12.90","13.15","-0.0500","101"
"1325","恆大","192113","5064813","26.60","26.60","26.10","26.30","-0.3000","231"
"1326","台化","8267245","380799830","46.50","46.50","45.70","45.85","-1.8500","5367"
"1337","再生-KY","799119","5364558","6.66","6.79","6.55","6.73","0.0500","455"
"1338","廣華-KY","80874","2350194","28.75","29.95","28.55","29.20","0.0000","109"
"1339","昭輝","85064","5043001","59.00","60.40","58.00","59.10","0.1000","116"
"1340","勝悅-KY","121487","1213303","9.99","10.10","9.88","9.95","-0.0400","206"
"1341","富林-KY","3061","198959","65.00","65.00","65.00","65.00","0.4000","7"
"1342","八貫","122699","11279486","92.80","92.80","91.10","91.80","-1.6000","173"
"1402","遠東新","12830771","432839828","33.30","34.05","33.25","33.65","-0.4500","4056"
"1409","新纖","2057029","32423858","15.75","15.90","15.65","15.70","-0.3000","1157"
"1410","南染","26964","988241","36.35","36.90","36.30","36.90","-0.0500","33"
"1413","宏洲","43198","401131","9.50","9.50","9.24","9.28","-0.2300","18"
"1414","東和","290878","6296203","21.80","21.95","21.35","21.75","-0.0500","262"
"1416","廣豐","150216","1690293","11.30","11.35","11.20","11.25","-0.1000","158"
"1417","嘉裕","160082","1722019","10.70","10.85","10.65","10.85","0.0000","228"
"1418","東華","8036","276468","33.60","35.25","33.60","34.90","-0.6000","22"
"1419","新紡","61138","2806478","45.70","46.80","45.70","45.70","-0.8000","63"
"1423","利華","74266","3035765","41.10","41.10","40.70","41.00","-0.1000","69"
"1432","大魯閣","69589","1214185","17.30","17.70","17.25","17.60","0.0000","227"
"1434","福懋","2175583","45406539","20.80","20.95","20.65","20.85","-0.4000","1195"
"1435","中福","4711","212025","45.20","45.20","45.00","45.20","-1.3000","26"
"1436","華友聯","1637266","258265069","152.00","164.50","149.50","160.00","9.5000","1410"
"1437","勤益控","115631","3937245","33.90","34.45","33.70","33.80","-0.6500","111"
"1438","三地開發","1209331","95568654","76.20","82.60","74.30","81.20","3.7000","996"
"1439","雋揚","74450","2236373","30.60","30.60","29.60","29.90","-0.1000","44"
"1440","南紡","1601423","25715883","15.90","16.40","15.85","16.10","-0.1500","858"
"1441","大東","15102","227915","15.15","15.15","15.15","15.15","0.1500","67"
"1442","名軒","1180415","73473254","64.10","64.10","61.40","61.80","-2.4000","1202"
"1443","立益物流","147730","4610259","30.10","32.40","30.10","31.40","1.3000","171"
"1444","力麗","799298","7568385","9.38","9.57","9.32","9.50","-0.0300","564"
"1445","大宇","281351","4331095","15.80","15.80","15.15","15.40","-0.4000","161"
"1446","宏和","1723454","80346868","46.95","48.30","44.65","44.65","-2.3500","1362"
"1447","力鵬","2167615","20994403","9.38","9.89","9.35","9.77","0.2200","781"
"1449","佳和","764753","12835404","17.00","17.05","16.45","16.85","-0.2000","543"
"1451","年興","73424","1443545","19.60","19.75","19.50","19.70","-0.1000","117"
"1452","宏益","55243","908863","16.50","16.50","16.40","16.40","-0.1000","49"
"1453","大將","915998","19923116","22.55","22.55","21.30","21.65","-0.9000","647"
"1454","台富","1076419","20848824","19.30","19.90","18.90","18.90","-0.1500","536"
"1455","集盛","2314575","28279449","12.90","12.90","11.80","12.05","0.2500","1008"
"1456","怡華","170262","3592680","20.85","21.50","20.50","21.35","0.2500","126"
"1457","宜進","348563","6975316","19.70","20.30","19.70","20.15","-0.1500","191"
"1459","聯發","37724","370779","9.75","9.86","9.75","9.85","-0.1000","99"
"1460","宏遠","231452","1672554","7.18","7.29","7.18","7.25","-0.1300","106"
"1463","強盛","533454","12785360","24.40","24.40","23.75","24.15","-0.2500","216"
"1464","得力","356772","4716329","13.15","13.35","13.05","13.15","-0.2500","304"
"1465","偉全","68351","1007354","14.45","14.90","14.45","14.85","0.2500","68"
"1466","聚隆","41051","481596","11.85","11.85","11.65","11.70","-0.1000","19"
"1467","南緯","140896","1471727","10.35","10.55","10.35","10.40","-0.1000","495"
"1468","昶和","31000","435700","13.70","14.25","13.70","14.25","-0.1500","30"
"1470","大統新創","10190","208894","20.05","21.00","20.05","20.45","-0.0500","12"
"1471","首利","397504","5329221","13.50","13.60","13.20","13.40","-0.5000","249"
"1472","三洋實業","24068","1312013","54.20","54.80","54.20","54.50","-0.5000","137"
"1473","台南","346711","11608870","33.40","34.00","32.80","33.35","-0.4500","335"
"1474","弘裕","117898","1504203","12.75","12.90","12.60","12.70","-0.1500","135"
"1475","業旺","215406","13902691","65.10","65.80","63.50","65.60","-0.4000","288"
"1476","儒鴻","635443","316682306","495.00","505.00","491.50","500.00","-6.0000","740"
"1477","聚陽","2330806","859441255","364.00","375.00","362.50","366.50","0.0000","2128"
"1503","士電","7610484","1574732127","210.00","215.50","203.00","203.50","-14.5000","8302"
"1504","東元","3541576","156795684","44.25","44.80","43.90","44.05","-1.4500","3061"
"1506","正道","241188","3689074","15.25","15.45","15.15","15.20","-0.5500","136"
"1512","瑞利","42984","307519","7.20","7.38","7.10","7.12","-0.1800","43"
"1513","中興電","15052987","2427870814","163.00","165.50","156.50","161.50","-6.0000","13301"
"1514","亞力","8389184","998613648","121.00","123.50","116.50","117.50","-7.5000","6576"
"1515","力山","607401","23401692","38.00","39.10","37.90","38.70","-0.3500","444"
"1516","川飛","70488","1502316","20.85","21.60","20.85","21.30","0.0500","67"
"1517","利奇","172955","2758900","15.75","16.15","15.75","15.90","-0.2000","228"
"1519","華城","6372280","3796374492","608.00","613.00","582.00","594.00","-30.0000","9468"
"1521","大億","16512","625372","37.50","38.95","37.20","37.70","-0.1000","30"
"1522","堤維西","4604450","276619217","61.10","61.60","59.30","59.70","-2.4000","3863"
"1522A","堤維西甲特","1000","44300","44.30","44.30","44.30","44.30","0.0000","1"
"1524","耿鼎","812910","23458958","29.00","29.15","28.50","28.95","-0.1500","699"
"1525","江申","26143","1714745","66.70","66.70","65.00","66.00","-1.1000","54"
"1526","日馳","33382","956381","28.80","28.80","28.15","28.70","-0.3500","79"
"1527","鑽全","409221","16849230","41.00","41.80","40.00","41.35","0.5000","377"
"1528","恩德","1181422","15651071","13.00","13.55","13.00","13.10","-0.2000","793"
"1529","樂事綠能","2714924","86641607","31.55","32.40","31.20","31.70","-0.7000","1352"
"1530","亞崴","257720","7633059","29.90","30.00","29.45","29.55","0.0000","1002"
"1531","高林股","172553","2345066","13.70","13.70","13.45","13.60","-0.2000","237"
"1532","勤美","1854843","75154839","41.10","41.10","40.10","40.15","-1.3000","1264"
"1533","車王電","77746","2958411","38.95","38.95","37.10","38.00","-1.0000","113"
"1535","中宇","159764","9105856","57.50","57.60","56.00","57.10","-0.5000","234"
"1536","和大","7872495","513346862","64.70","67.40","63.30","65.50","-0.7000","5889"
"1537","廣隆","215081","31179725","146.00","146.00","144.00","144.50","-0.5000","273"
"1538","正峰","6165","107905","17.60","17.60","17.45","17.45","-0.5000","6"
"1539","巨庭","58825","1260306","21.45","21.70","21.10","21.70","0.2000","52"
"1540","喬福","61368656","2675045690","42.50","45.00","41.50","42.65","-0.2500","33867"
"1541","錩泰","41026","1241022","29.90","31.00","29.90","31.00","0.0000","33"
"1558","伸興","78193","7675115","98.00","98.60","97.40","98.50","0.8000","141"
"1560","中砂","2702201","777869108","285.00","292.50","284.00","284.00","-6.5000","5264"
"1563","巧新","753620","47194358","62.50","63.40","62.10","62.20","-0.3000","449"
"1568","倉佑","450379","12123656","27.00","27.30","26.65","26.80","-0.8000","409"
"1582","信錦","1419736","130754337","91.90","94.00","89.80","93.40","0.4000","1177"
"1583","程泰","25566","1707111","66.90","67.00","66.20","66.50","-0.5000","29"
"1587","吉茂","708077","33659526","48.00","48.90","46.50","46.50","-1.5000","571"
"1589","永冠-KY","170708","6834489","41.25","41.25","39.55","40.00","-0.8000","547"
"1590","亞德客-KY","817433","649794438","781.00","805.00","781.00","794.00","-4.0000","758"
"1597","直得","21539211","2337522861","104.00","112.50","104.00","107.00","1.0000","15785"
"1598","岱宇","78387","2186645","27.35","28.20","27.35","28.15","-0.0500","90"
"1603","華電","756376","28326827","37.60","38.10","36.90","37.15","-1.2500","712"
"1604","聲寶","175874","4874242","27.60","27.90","27.55","27.70","-0.2000","314"
"1605","華新","8934354","287923466","32.35","32.65","31.75","32.30","-0.8000","5756"
"1608","華榮","5278777","171519030","32.80","32.95","31.90","32.40","-0.9500","3301"
"1609","大亞","14792393","812402070","54.40","55.70","53.80","55.20","0.0000","11624"
"1611","中電","1083099","18052662","16.80","16.90","16.50","16.70","-0.4500","852"
"1612","宏泰","1003305","33562831","33.70","34.00","33.10","33.45","-0.9000","993"
"1614","三洋電","129121","5039192","38.90","39.40","38.75","38.75","-0.2500","112"
"1615","大山","153642","9630328","62.40","63.50","62.10","62.40","-1.2000","166"
"1616","億泰","1493141","31235696","21.40","21.40","20.65","20.70","-0.9000","981"
"1617","榮星","632264","13656536","21.80","22.05","21.20","21.55","-0.8000","531"
"1618","合機","2015314","86668292","43.15","43.85","42.35","42.85","-1.5000","1396"
"1626","艾美特-KY","101262","1472486","14.65","14.85","14.45","14.45","-0.2500","314"
"1701","中化","229955","4833261","20.85","21.25","20.80","21.05","-0.1500","222"
"1702","南僑","667452","37971270","56.00","57.40","55.90","56.80","0.1000","480"
"1707","葡萄王","191209","26791311","139.50","141.50","138.50","140.50","-1.0000","420"
"1708","東鹼","625495","20898360","33.05","33.80","32.85","33.40","-0.2000","730"
"1709","和益","1651797","38174482","23.05","23.35","22.85","23.20","-0.0500","935"
"1710","東聯","839417","13800523","16.25","16.65","16.20","16.45","-0.0500","547"
"1711","永光","1317519","24673898","18.85","18.95","18.55","18.65","-0.4000","755"
"1712","興農","926506","40352876","43.90","44.25","43.30","43.35","-0.9000","865"
"1713","國化","74933","4224139","56.00","57.20","56.00","56.20","-0.4000","165"
"1714","和桐","11578779","107191837","9.46","9.46","9.10","9.23","-0.5600","3224"
"1717","長興","1514881","43392462","28.70","29.00","28.40","28.60","-0.4500","884"
"1718","中纖","3740179","30365372","8.09","8.21","7.95","8.17","0.1100","1498"
"1720","生達","815923","53108397","66.10","66.10","64.50","65.10","-1.2000","703"
"1721","三晃","660644","9014847","13.70","13.85","13.40","13.55","-0.2500","550"
"1722","台肥","1461879","90582571","61.60","62.40","61.60","61.90","-0.1000","855"
"1723","中碳","635054","61898508","98.00","98.20","96.80","97.50","-1.0000","708"
"1725","元禎","188294","7128915","38.20","38.40","37.00","37.90","-1.1000","231"
"1726","永記","25938","2004638","77.10","77.60","77.10","77.50","-1.0000","47"
"1727","中華化","540588","14984147","28.00","28.20","27.20","27.90","-0.3500","412"
"1730","花仙子","18279","972357","53.20","53.20","53.10","53.10","-0.1000","48"
"1731","美吾華","89887","2061933","22.70","23.20","22.55","23.10","0.1000","100"
"1732","毛寶","63512","1673323","26.50","26.50","26.00","26.35","-0.1500","66"
"1733","五鼎","159585","4569139","28.90","28.90","28.40","28.55","-0.3500","216"
"1734","杏輝","1341620","48630693","37.15","37.15","35.95","36.25","-0.7000","726"
"1735","日勝化","4760","83675","17.30","17.60","17.30","17.60","-0.1000","24"
"1736","喬山","1156926","121729904","105.00","109.50","100.00","108.50","1.0000","979"
"1737","臺鹽","106255","3586568","33.70","33.90","33.65","33.85","0.0000","131"
"1752","南光","197521","8598568","43.30","44.10","43.00","43.70","-0.2500","253"
"1760","寶齡富錦","269082","23631482","88.00","88.60","87.00","88.00","-1.4000","363"
"1762","中化生","158236","7267093","46.15","46.40","45.50","45.80","-1.0000","425"
"1773","勝一","396286","55289495","141.00","141.50","137.50","138.50","-6.0000","455"
"1776","展宇","12015","208605","17.25","17.65","17.25","17.45","0.0000","20"
"1783","和康生","175950","7203978","40.75","41.75","39.90","41.50","0.6500","200"
"1786","科妍","236624","24506670","105.50","105.50","102.50","103.50","-2.0000","303"
"1789","神隆","286254","7056365","24.50","25.00","24.45","24.70","-0.4000","387"
"1795","美時","2130574","536693407","250.50","256.00","246.50","252.00","-3.5000","3248"
"1802","台玻","2577942","41000195","15.65","16.20","15.65","15.95","-0.1500","1338"
"1805","寶徠","634764","13831107","21.20","22.70","20.50","21.70","0.5000","460"
"1806","冠軍","764604","8761899","11.50","11.60","11.35","11.45","-0.2500","454"
"1808","潤隆","2336957","250527780","108.00","110.00","105.00","107.00","-4.0000","2202"
"1809","中釉","1324094","28673628","21.65","22.15","21.15","21.45","-0.5500","906"
"1810","和成","867859","14370230","16.50","16.65","16.40","16.55","-0.3500","280"
"1817","凱撒衛","70255","2813890","40.15","40.20","39.95","40.00","-0.2000","135"
"1903","士紙","204214","11176397","54.60","55.40","54.30","54.40","-1.4000","199"
"1904","正隆","782743","19476574","24.70","25.10","24.60","24.90","-0.1500","751"
"1905","華紙","1504379","27931529","18.45","18.80","18.40","18.55","-0.4000","976"
"1906","寶隆","45238","669887","14.90","14.90","14.60","14.75","-0.1500","244"
"1907","永豐餘","2730742","78178369","28.50","28.95","28.30","28.65","-0.2000","591"
"1909","榮成","700110","9173800","13.05","13.25","13.00","13.10","-0.2000","432"
"2002","中鋼","16782823","370682085","22.00","22.25","21.95","22.10","-0.2000","6670"
"2002A","中鋼特","19433","823909","42.50","42.50","42.30","42.35","-0.1000","25"
"2006","東和鋼鐵","1747221","133674369","75.50","77.20","75.40","76.50","0.5000","1677"
"2007","燁興","437519","4416362","10.10","10.25","9.96","10.20","-0.1000","235"
"2008","高興昌","155507","4255402","27.90","27.90","27.20","27.50","0.2000","80"
"2009","第一銅","1234661","49822394","40.50","40.85","39.85","40.50","-0.6000","1100"
"2010","春源","316390","5656707","17.70","18.00","17.70","17.90","-0.1000","260"
"2012","春雨","30161","737175","23.90","24.80","23.90","24.70","-0.2000","62"
"2013","中鋼構","58541","3002039","50.80","51.70","50.00","51.50","-0.4000","98"
"2014","中鴻","2836910","53839243","19.00","19.25","18.80","18.85","-0.4500","1628"
"2015","豐興","190231","14914979","77.10","78.80","77.10","78.70","-0.5000","272"
"2017","官田鋼","1257081","16248641","12.85","13.15","12.75","13.00","-0.1500","447"
"2020","美亞","662596","18744735","28.20","28.65","28.00","28.45","0.2500","485"
"2022","聚亨","356547","3540729","9.74","10.05","9.74","9.97","-0.0300","310"
"2023","燁輝","1960892","28866393","14.40","15.00","14.40","15.00","0.3000","867"
"2024","志聯","34022","725789","21.90","21.90","21.25","21.85","-0.2000","26"
"2025","千興","1988917","22960572","11.10","12.00","11.10","11.85","0.2500","544"
"2027","大成鋼","3211445","111953699","34.80","35.20","34.55","34.75","-0.5500","2217"
"2028","威致","70480","1602954","22.70","22.90","22.60","22.80","-0.2000","91"
"2029","盛餘","263134","6490460","24.65","24.80","24.50","24.70","-0.3500","208"
"2030","彰源","973856","16456609","16.55","17.10","16.40","16.90","0.4500","563"
"2031","新光鋼","6851804","414254773","58.90","61.80","58.60","60.00","1.1000","4186"
"2032","新鋼","404098","5896265","14.60","14.70","14.45","14.60","0.1500","152"
"2033","佳大","135150","1956210","14.70","14.70","14.35","14.50","-0.1000","62"
"2034","允強","372508","8821476","23.50","23.85","23.35","23.75","0.0500","228"
"2038","海光","206823","3656509","17.35","17.85","17.35","17.60","-0.2000","161"
"2049","上銀","1099591","214055345","194.00","196.50","192.50","195.00","-3.0000","1327"
"2059","川湖","3718859","4159370185","1100.00","1175.00","1065.00","1070.00","-25.0000","5187"
"2062","橋椿","2828962","86308170","30.80","30.80","30.45","30.45","-3.3500","1325"
"2069","運錩","1825575","29824168","15.60","16.40","15.60","16.40","1.4500","394"
"2101","南港","3654688","176206145","48.60","48.90","47.30","48.20","-0.4000","1948"
"2102","泰豐","1794120","41842953","23.60","24.00","22.60","23.05","-0.6000","1036"
"2103","台橡","1656698","36730121","21.90","22.40","21.90","22.35","0.1000","1023"
"2104","國際中橡","943892","15212312","16.10","16.30","15.95","16.15","-0.2500","604"
"2105","正新","3821317","176677058","45.50","46.70","45.50","46.05","-0.4000","2384"
"2106","建大","360187","11065718","30.40","31.05","30.40","30.95","-0.1500","390"
"2107","厚生","468425","11965442","25.70","25.80","25.20","25.65","-0.3500","715"
"2108","南帝","2287739","86693453","39.25","39.25","37.20","37.80","-2.7000","1882"
"2109","華豐","167315","3047520","18.10","18.30","18.05","18.25","-0.2000","140"
"2114","鑫永銓","30405","2984042","97.90","98.70","97.60","98.60","-0.8000","163"
"2115","六暉-KY","31909","938441","29.25","29.60","29.15","29.45","-0.2000","29"
"2201","裕隆","3036772","163270219","54.10","54.50","53.30","53.40","-1.8000","2946"
"2204","中華","3278367","272066095","83.40","84.40","81.50","82.90","-2.2000","3607"
"2206","三陽工業","1287135","93843530","72.60","73.70","72.40","72.70","-1.2000","1134"
"2207","和泰車","474504","285816784","597.00","611.00","597.00","600.00","-10.0000","779"
"2208","台船","1602566","26005693","16.40","16.50","16.05","16.10","-0.1500","945"
"2211","長榮鋼","458843","52902634","112.50","117.00","112.50","115.00","0.0000","617"
"2227","裕日車","119270","14238215","119.00","121.00","118.50","119.50","-2.0000","263"
"2228","劍麟","212970","19212735","88.90","91.00","88.80","90.10","0.1000","233"
"2231","為升","214585","22597511","107.00","107.00","104.00","105.50","-1.5000","208"
"2233","宇隆","690908","89308760","131.50","131.50","127.50","127.50","5.0000","784"
"2236","百達-KY","2285055","251490625","112.50","114.50","107.00","108.50","-5.0000","2128"
"2239","英利-KY","39742","1659933","41.25","42.05","41.15","41.60","-0.9500","45"
"2241","艾姆勒","908545","26655527","29.40","29.80","29.00","29.25","-0.9500","548"
"2243","宏旭-KY","6925898","195011825","26.25","28.85","25.50","28.85","2.6000","3113"
"2247","汎德永業","46800","13511160","289.50","289.50","288.00","289.50","0.0000","119"
"2250","IKKA-KY","423724","39289419","91.00","95.30","90.20","92.10","3.4000","519"
"2254","巨鎧精密-創","125000","10984300","88.40","89.30","86.20","86.20","-3.2000","32"
"2258","鴻華先進-創","1261000","50087400","39.80","40.35","38.90","39.00","-2.2500","477"
"2301","光寶科","18285731","1869809669","102.00","104.00","100.50","102.00","-2.0000","9116"
"2302","麗正","126460","2086372","16.40","16.70","16.30","16.55","-0.3500","114"
"2303","聯電","41940773","2198500998","52.00","52.90","51.60","52.80","-0.2000","16856"
"2305","全友","512681","10828238","20.95","21.60","20.60","21.00","-0.1000","356"
"2308","台達電","14078142","5345701402","380.00","386.50","373.50","377.00","-2.5000","13895"
"2312","金寶","25134600","548085966","21.35","22.30","20.95","21.90","0.1000","9071"
"2313","華通","13357199","924911384","68.80","70.20","67.70","69.00","-1.0000","10560"
"2314","台揚","477817","12838057","26.90","27.15","26.55","26.80","-0.7000","440"
"2316","楠梓電","2407295","110928890","45.30","47.05","45.30","45.45","-1.1000","1825"
"2317","鴻海","175362627","28738573698","163.50","166.50","161.00","163.50","-7.0000","124274"
"2321","東訊","4334","66574","15.45","15.50","15.15","15.15","-0.4000","8"
"2323","中環","5012147","57031592","11.40","11.50","11.25","11.40","-0.2000","1944"
"2324","仁寶","19627063","589908040","30.30","30.55","29.75","30.05","-0.9000","8625"
"2327","國巨","2505859","1757974775","691.00","715.00","684.00","701.00","-1.0000","4029"
"2328","廣宇","1360767","43913037","32.05","32.60","31.90","32.30","-0.5500","980"
"2329","華泰","8722829","367156735","42.50","43.05","41.30","41.30","-2.8500","5892"
"2330","台積電","41288222","37045507217","901.00","905.00","887.00","896.00","-24.0000","107303"
"2331","精英","3526603","93753381","26.85","27.05","26.20","26.55","-0.5000","1982"
"2332","友訊","1006237","17282389","16.90","17.40","16.85","17.15","-0.0500","770"
"2337","旺宏","15845395","426789540","26.95","27.30","26.50","27.00","0.1000","6548"
"2338","光罩","3296074","198127731","60.00","61.00","59.30","60.20","-3.0000","5339"
"2340","台亞","1742301","59596079","33.35","34.85","33.35","34.30","0.3000","1507"
"2342","茂矽","169877","4939455","28.45","29.40","28.45","29.10","-0.3000","344"
"2344","華邦電","26024938","596357959","23.10","23.25","22.65","22.65","-0.9000","10574"
"2345","智邦","3148659","1559961935","489.50","511.00","489.50","491.00","-4.5000","3181"
"2347","聯強","3552668","247952725","68.60","70.50","68.60","69.70","-0.4000","1552"
"2348","海悅","2010647","511765864","257.00","262.00","246.00","257.50","-2.0000","2399"
"2348A","海悅甲特","","","","","","","0.0000",""
"2349","錸德","52212645","830629981","16.15","16.55","15.10","15.60","0.0000","17434"
"2351","順德","1646049","185784360","111.50","114.50","110.50","113.00","-1.0000","1223"
"2352","佳世達","5484281","178023944","32.45","32.85","31.95","32.70","0.2000","3797"
"2353","宏碁","19985456","844367871","42.15","42.75","41.80","42.30","-0.2500","10937"
"2354","鴻準","5745885","343053985","59.50","60.70","58.80","59.70","-1.0000","4581"
"2355","敬鵬","1766388","72542232","40.85","41.60","40.65","41.00","-0.8000","1476"
"2356","英業達","36104321","1609237690","44.60","45.20","43.90","44.20","-0.5000","17558"
"2357","華碩","16971668","8554121108","509.00","513.00","494.50","502.00","32.5000","16292"
"2359","所羅門","45908680","6953750347","147.50","158.00","144.00","152.00","0.5000","30412"
"2360","致茂","1382236","394142095","292.00","294.00","280.00","282.00","-10.0000","2493"
"2362","藍天","5792183","314441303","54.30","55.30","53.50","53.80","-1.6000","4026"
"2363","矽統","10110728","691404205","70.00","70.00","67.50","67.50","-3.1000","10047"
"2364","倫飛","111624","8963076","81.60","81.60","79.10","81.10","-1.3000","172"
"2365","昆盈","121292099","7351072330","59.10","63.30","57.60","61.30","3.3000","66180"
"2367","燿華","13789783","445332446","31.60","32.85","31.60","32.25","-0.6000","6189"
"2368","金像電","15381991","3258550937","206.50","217.50","205.50","209.00","2.0000","11872"
"2369","菱生","1104876","20590519","18.50","18.90","18.35","18.60","-0.3500","955"
"2371","大同","13540030","626387764","46.85","46.90","45.80","45.85","-1.4500","7323"
"2373","震旦行","94574","6396891","67.90","68.30","67.30","67.70","-0.7000","183"
"2374","佳能","10273931","490771804","46.90","48.90","46.50","47.05","-0.5000","6446"
"2375","凱美","353314","21540834","60.10","61.90","60.10","61.20","-1.3000","357"
"2376","技嘉","17909807","3978729231","225.00","226.00","219.00","222.00","-12.5000","15883"
"2377","微星","2537009","411521739","161.00","164.00","160.00","161.00","-3.0000","2017"
"2379","瑞昱","2564719","1255890784","487.00","495.00","486.00","487.00","-2.0000","2831"
"2380","虹光","136528","884625","6.46","6.59","6.43","6.47","0.0100","167"
"2382","廣達","57582750","13828271846","240.00","244.00","236.00","240.00","-10.0000","46103"
"2383","台光電","5023473","2213008708","439.00","446.00","433.00","442.00","-2.0000","6831"
"2385","群光","5773498","886430146","155.00","158.00","151.00","151.50","-2.5000","4573"
"2387","精元","507003","27737358","53.80","55.40","53.80","54.70","-0.2000","515"
"2388","威盛","6129868","597020416","98.50","99.60","95.60","96.00","-3.9000","4914"
"2390","云辰","333312","4009763","12.10","12.15","11.85","12.05","-0.1500","655"
"2392","正崴","5669194","363957281","63.90","65.40","63.20","63.70","-2.3000","4479"
"2393","億光","4320939","316481406","72.00","74.60","70.90","73.20","0.4000","2882"
"2395","研華","739010","248381336","334.00","339.50","334.00","336.00","-3.5000","953"
"2397","友通","296648","18852425","63.00","65.20","62.60","63.30","-1.5000","268"
"2399","映泰","1389244","28030893","19.90","20.50","19.85","20.15","-0.6500","825"
"2401","凌陽","2709703","80300474","29.30","30.15","29.10","29.75","-0.5000","1927"
"2402","毅嘉","6608145","243252587","36.65","37.60","36.10","36.80","-0.3000","3706"
"2404","漢唐","848234","271244084","320.00","327.00","316.00","316.00","-12.0000","1784"
"2405","輔信","9107925","186614010","20.45","20.85","20.20","20.25","-0.3000","3811"
"2406","國碩","2670456","57247568","21.20","21.70","21.05","21.40","-0.1000","1526"
"2408","南亞科","21884762","1076154474","48.50","50.20","48.20","49.50","-0.5000","11017"
"2409","友達","49018137","739304887","14.95","15.30","14.75","15.05","0.1000","10580"
"2412","中華電","11110264","1349335599","121.00","122.00","121.00","121.50","0.0000","5808"
"2413","環科","111550","2238678","19.80","20.20","19.80","19.90","-0.5500","88"
"2414","精技","162759","5623598","34.50","34.80","34.20","34.80","0.1000","141"
"2415","錩新","185843","4310443","22.70","23.90","22.70","23.10","0.3500","111"
"2417","圓剛","3539821","149841427","41.20","43.40","41.05","42.10","-0.1500","2359"
"2419","仲琦","1126162","30259650","26.85","27.25","26.35","26.95","-0.4500","839"
"2420","新巨","187207","11007150","58.90","59.70","58.20","58.40","-1.3000","205"
"2421","建準","3624630","336801998","90.30","94.40","90.30","94.40","2.3000","3699"
"2423","固緯","420538","15137220","36.80","36.80","35.70","35.70","-1.6000","392"
"2424","隴華","","","","","","","0.0000",""
"2425","承啟","294708","8736704","29.80","30.00","29.30","29.60","-0.7000","260"
"2426","鼎元","206855","3578755","17.05","17.55","17.05","17.40","-0.1500","259"
"2427","三商電","1576791","42146905","26.95","27.10","26.30","26.55","-0.4000","1068"
"2428","興勤","249209","37973975","153.00","154.00","150.50","153.00","-0.5000","291"
"2429","銘旺科","326242","8890041","27.25","27.25","27.25","27.25","-3.0000","367"
"2430","燦坤","48914","1596591","32.85","32.85","32.50","32.60","-0.3000","147"
"2431","聯昌","221371","2528086","11.55","11.55","11.30","11.40","-0.2000","151"
"2432","倚天酷碁-創","16000","574150","36.50","36.90","35.50","35.50","-1.1500","11"
"2433","互盛電","16498","830790","50.10","50.60","50.10","50.30","-0.4000","31"
"2434","統懋","22058","695466","31.80","31.80","31.40","31.60","0.1500","22"
"2436","偉詮電","862852","45365934","52.90","53.50","51.60","52.20","-0.2000","844"
"2438","翔耀","428760","24367276","59.00","59.00","55.00","58.80","0.3000","356"
"2439","美律","3357782","403388274","116.50","123.00","115.00","122.00","3.5000","2566"
"2440","太空梭","236617","3356552","14.50","14.50","13.95","14.20","-0.3000","161"
"2441","超豐","1063118","61632932","57.60","58.30","57.60","57.80","-1.0000","894"
"2442","新美齊","2882073","97794227","34.00","34.75","33.20","34.20","0.0500","1818"
"2444","兆勁","317561","4058797","12.60","13.00","12.60","12.75","-0.2500","163"
"2449","京元電子","24892855","2563008220","100.00","106.00","98.60","103.50","1.0000","16107"
"2450","神腦","85329","2975607","34.80","35.10","34.70","34.90","-0.3000","133"
"2451","創見","743483","69107728","93.30","94.00","92.30","92.50","-1.0000","729"
"2453","凌群","745990","39464503","53.00","53.70","51.80","53.20","-0.4000","651"
"2454","聯發科","8260831","9237311345","1120.00","1140.00","1100.00","1115.00","-35.0000","12520"
"2455","全新","2394182","307135259","127.50","130.50","124.50","128.50","-3.5000","1925"
"2457","飛宏","2833970","111250803","40.50","40.50","38.80","38.80","-2.0000","2207"
"2458","義隆","1471092","197425375","134.00","136.50","132.50","133.00","-2.0000","1111"
"2459","敦吉","38490","2754459","71.70","72.00","71.40","72.00","0.0000","48"
"2460","建通","454010","11874461","25.80","26.85","25.50","26.35","0.2500","339"
"2461","光群雷","847660","18476894","22.40","22.40","21.55","21.55","-0.4000","455"
"2462","良得電","216352","6563203","30.55","30.80","30.00","30.40","-0.4500","324"
"2464","盟立","29826042","2219599350","72.10","77.00","72.10","74.40","0.3000","19345"
"2465","麗臺","1849688","162632939","85.00","90.90","84.50","89.60","-1.8000","1559"
"2466","冠西電","7000","248300","35.60","35.60","35.05","35.05","-0.8000","7"
"2467","志聖","2698114","460458591","172.00","178.00","167.00","168.00","-4.5000","3150"
"2468","華經","223253","5274099","23.60","24.00","23.30","23.65","0.0500","156"
"2471","資通","182993","9156223","49.95","50.40","49.60","49.90","-0.5000","152"
"2472","立隆電","1185391","95363925","79.10","81.90","78.70","80.80","0.7000","1183"
"2474","可成","2590847","567461499","217.00","221.50","216.00","219.00","-3.0000","6565"
"2476","鉅祥","5248258","506590810","93.00","99.50","92.90","96.60","3.9000","4215"
"2477","美隆電","310809","7283225","23.85","23.95","23.05","23.25","-0.6500","281"
"2478","大毅","114606","5475941","47.00","48.35","47.00","47.95","-0.3000","130"
"2480","敦陽科","154447","17932411","114.50","117.00","114.00","117.00","1.5000","236"
"2481","強茂","2176778","105568981","48.60","49.30","47.90","48.30","-1.6500","2030"
"2482","連宇","635570","19011451","30.10","30.70","29.35","30.05","-0.7000","526"
"2483","百容","116172","2685882","23.20","23.40","22.90","23.10","-0.5500","94"
"2484","希華","159503","4541889","28.30","28.70","28.20","28.50","-0.4000","187"
"2485","兆赫","891249","15289427","17.00","17.40","16.90","17.20","-0.4000","877"
"2486","一詮","18986526","1900751384","98.00","103.50","97.30","98.90","0.1000","11675"
"2488","漢平","98547","4467155","45.00","45.70","45.00","45.25","-0.5000","136"
"2489","瑞軒","49753987","1060039057","20.25","22.10","20.25","21.55","1.4500","19983"
"2491","吉祥全","36676","487986","13.15","13.70","13.10","13.55","0.0000","29"
"2492","華新科","1825640","188876276","103.00","105.00","102.00","102.50","-2.5000","1570"
"2493","揚博","141136","11196362","78.50","80.20","78.20","79.00","-0.5000","246"
"2495","普安","1655119","45312071","27.40","27.80","26.75","27.40","-0.4000","1172"
"2496","卓越","25484","1842785","72.40","72.70","72.00","72.70","-0.5000","81"
"2497","怡利電","948200","55473852","57.20","59.80","56.20","58.00","0.0000","869"
"2498","宏達電","4817341","186587614","38.60","39.50","38.00","39.05","-0.4000","3071"
"2501","國建","7520939","201115481","27.55","27.55","26.25","26.55","-1.3500","3762"
"2504","國產","3042184","145860719","48.40","48.50","47.60","47.70","-0.9500","2380"
"2505","國揚","512313","12647803","24.80","25.15","24.10","24.85","-0.5500","393"
"2506","太設","2750588","32456925","11.80","11.80","11.80","11.80","1.0500","462"
"2509","全坤建","2958251","72191796","23.80","25.10","23.70","23.95","0.6500","1633"
"2511","太子","2288338","25326950","11.00","11.25","10.90","11.15","-0.0500","949"
"2514","龍邦","555041","12336898","22.20","22.80","21.90","22.10","-0.6000","479"
"2515","中工","15361109","218543966","14.30","14.40","14.10","14.10","-0.4000","5354"
"2516","新建","764449","9823350","12.70","13.00","12.65","12.80","-0.1000","284"
"2520","冠德","14049138","731505786","51.50","53.70","50.30","52.10","0.6000","8151"
"2524","京城","1707981","171878982","99.50","106.50","96.10","102.00","-0.5000","1564"
"2527","宏璟","1231079","48399976","39.10","40.50","38.40","39.60","-1.0000","1077"
"2528","皇普","1452041","61785229","44.00","44.00","41.90","42.65","-1.5500","819"
"2530","華建","1851866","89164041","47.80","49.10","47.05","48.25","0.0000","1352"
"2534","宏盛","1551556","39977678","26.10","26.30","25.25","26.10","-0.2500","1076"
"2535","達欣工","281461","14924146","52.70","53.80","52.30","53.80","0.9000","388"
"2536","宏普","959596","30719032","32.40","32.70","31.50","32.40","-0.2500","447"
"2537","聯上發","20723269","447365827","21.65","22.20","20.85","21.40","0.0500","7701"
"2538","基泰","5408996","105248283","20.20","20.25","18.80","19.90","-0.8500","2187"
"2539","櫻花建","700071","51663315","72.70","75.00","72.30","74.30","-0.9000","904"
"2540","愛山林","1306197","224774871","174.50","177.00","167.00","171.00","-6.0000","2316"
"2542","興富發","9643828","503575612","52.00","53.50","51.00","52.70","-0.3000","5758"
"2543","皇昌","19519678","1205399195","58.00","63.60","56.80","61.60","3.6000","11266"
"2545","皇翔","939692","51073487","54.50","55.20","53.50","54.50","-0.6000","751"
"2546","根基","168162","13527357","82.40","82.40","79.80","80.10","-2.3000","378"
"2547","日勝生","2870513","29432121","10.35","10.40","10.15","10.25","-0.2500","1007"
"2548","華固","1134078","162139923","143.00","145.50","139.50","144.00","-1.0000","2388"
"2597","潤弘","587194","118480215","203.50","207.00","197.00","200.50","-4.5000","1114"
"2601","益航","994777","7161315","7.21","7.30","7.00","7.20","-0.1500","458"
"2603","長榮","21757837","3753327851","175.00","175.50","170.50","172.50","-4.5000","14847"
"2605","新興","2489653","64024208","25.80","26.10","25.45","25.45","-0.8000","1737"
"2606","裕民","3187091","164222844","51.30","52.00","51.10","51.20","-0.8000","2023"
"2607","榮運","1098044","33310146","30.30","30.60","30.10","30.20","-0.7000","1031"
"2608","嘉里大榮","218587","8642542","39.40","39.80","39.30","39.35","-0.3500","198"
"2609","陽明","38987975","2409069292","63.00","63.20","61.10","61.20","-2.4000","20746"
"2610","華航","25769598","537641973","20.75","21.20","20.65","20.65","-0.4500","7128"
"2611","志信","731255","18202195","25.25","25.25","24.70","24.80","-0.6500","851"
"2612","中航","137410","5693791","41.60","41.90","41.00","41.50","-0.4000","134"
"2613","中櫃","535233","17870555","33.55","33.90","32.90","33.20","-0.7500","653"
"2614","東森","629595","12586512","20.00","20.20","19.80","20.05","-0.3500","644"
"2615","萬海","45530940","3678844806","81.70","83.00","78.80","78.80","-5.4000","34434"
"2616","山隆","108506","2324996","21.60","21.60","21.30","21.50","-0.1000","308"
"2617","台航","796534","25636061","32.30","32.45","32.00","32.05","-0.7500","653"
"2618","長榮航","24498570","787911459","32.15","32.40","31.95","32.10","-0.5000","8764"
"2630","亞航","511027","16407652","31.60","32.50","31.55","32.30","-0.2500","363"
"2633","台灣高鐵","3369826","97919067","28.95","29.30","28.95","29.00","-0.3000","1417"
"2634","漢翔","3426892","163631612","47.70","48.20","47.25","47.70","-0.6000","2551"
"2636","台驊投控","862834","77756379","92.00","92.00","88.00","91.20","-1.6000","1468"
"2637","慧洋-KY","2838857","191279295","67.00","68.40","66.50","66.50","-1.4000","3049"
"2642","宅配通","46475","1602329","34.35","34.95","33.50","34.85","-0.2000","252"
"2645","長榮航太","1037117","99600524","96.80","97.50","95.30","95.80","-3.7000","1080"
"2701","萬企","81131","1037815","12.85","12.85","12.70","12.75","-0.1000","41"
"2702","華園","181691","3088373","17.15","17.25","16.85","16.95","-0.1000","214"
"2704","國賓","348457","21663024","63.30","63.40","61.10","61.80","-3.0000","450"
"2705","六福","115600","2043707","17.55","17.80","17.50","17.65","-0.2000","271"
"2706","第一店","109928","1618188","14.70","14.80","14.60","14.75","-0.0500","250"
"2707","晶華","144920","29384108","201.00","204.00","200.00","203.50","2.0000","373"
"2712","遠雄來","2181","60510","28.00","28.00","27.95","27.95","-0.0500","5"
"2722","夏都","105888","4313778","41.45","41.45","39.90","40.90","-1.4000","154"
"2723","美食-KY","239929","18961261","78.00","79.70","77.60","79.00","-0.3000","246"
"2727","王品","248418","48789588","198.50","198.50","194.50","196.00","-3.0000","779"
"2731","雄獅","1144322","150337893","134.50","134.50","130.00","130.50","-5.0000","2284"
"2739","寒舍","534873","31219286","58.80","60.00","57.20","58.30","-1.8000","464"
"2748","雲品","196238","11056250","58.10","58.10","55.50","56.40","-1.8000","446"
"2753","八方雲集","156557","23338625","149.50","151.00","147.00","150.00","-3.0000","362"
"2762","世界健身-KY","66395","4996725","76.00","76.00","74.70","75.30","-1.0000","148"
"2801","彰銀","23839436","437973138","18.20","18.45","18.20","18.40","0.1000","5312"
"2809","京城銀","1703154","89705799","52.80","53.20","52.20","52.60","-1.2000","1129"
"2812","台中銀","5180533","87940063","17.05","17.10","16.85","16.95","-0.1000","2233"
"2816","旺旺保","228971","7729313","33.60","34.20","33.35","33.75","-0.3500","239"
"2820","華票","558437","8252346","14.70","14.90","14.70","14.80","0.0000","361"
"2832","台產","141940","3852155","26.95","27.30","26.90","27.20","-0.1500","117"
"2834","臺企銀","99598160","1589722758","15.85","15.90","15.55","15.60","0.0000","24174"
"2836","高雄銀","4909373","60698246","12.10","12.50","12.10","12.45","0.2000","1005"
"2836A","高雄銀甲特","2000","41600","20.80","20.80","20.80","20.80","0.0000","1"
"2838","聯邦銀","1688324","24326357","14.25","14.60","14.20","14.40","-0.1500","628"
"2838A","聯邦銀甲特","36077","1865588","51.70","51.80","51.70","51.80","0.0000","17"
"2845","遠東銀","7926095","117895560","14.65","15.05","14.60","14.90","-0.1000","2534"
"2849","安泰銀","180153","2538322","14.15","14.20","13.95","14.10","-0.3500","148"
"2850","新產","247146","22033495","89.00","89.90","88.60","88.80","-1.6000","404"
"2851","中再保","1178102","29808097","25.20","25.50","25.15","25.25","-0.3000","697"
"2852","第一保","229058","5017243","22.10","22.10","21.70","21.75","-0.3500","269"
"2855","統一證","2882588","74257812","25.70","26.00","25.45","25.85","0.1500","1484"
"2867","三商壽","12068890","86269292","7.11","7.24","7.05","7.17","-0.0500","2495"
"2880","華南金","22794296","611537004","26.35","27.20","26.35","26.80","-0.3000","5447"
"2881","富邦金","19898529","1650645079","81.50","84.40","81.40","83.10","0.5000","15900"
"2881A","富邦特","29044","1783196","61.40","61.40","61.30","61.40","-0.1000","20"
"2881B","富邦金乙特","240178","13953924","58.00","58.20","58.00","58.20","0.1000","24"
"2881C","富邦金丙特","20108","1027146","51.10","51.10","51.00","51.00","-0.1000","25"
"2882","國泰金","22209483","1287562886","57.50","58.80","57.20","57.80","-0.8000","12231"
"2882A","國泰特","188581","11314519","60.00","60.00","59.90","60.00","0.1000","47"
"2882B","國泰金乙特","113509","6493363","57.20","57.50","57.10","57.50","0.0000","71"
"2883","開發金","41648221","624467292","14.85","15.20","14.75","15.00","-0.1000","7534"
"2883B","開發金乙特","1050066","7659454","7.32","7.32","7.27","7.30","-0.0300","187"
"2884","玉山金","23575854","609624234","25.65","26.10","25.60","25.80","-0.1000","8472"
"2885","元大金","19625364","614948736","30.80","31.65","30.75","31.40","0.1000","6233"
"2886","兆豐金","74093305","2807936441","38.00","38.35","37.65","38.10","0.0000","45132"
"2887","台新金","25006953","440473277","17.45","17.80","17.35","17.70","0.2000","7655"
"2887E","台新戊特","90178","4612544","51.20","51.40","51.00","51.20","0.1000","34"
"2887F","台新戊特二","2040","93432","45.80","45.80","45.80","45.80","0.0000","3"
"2887Z1","台新己特","13540","219867","16.25","16.25","16.20","16.20","-0.0500","16"
"2888","新光金","69544362","716725510","10.30","10.45","10.20","10.30","-0.1500","7774"
"2888A","新光金甲特","12040","365009","30.20","30.40","30.20","30.40","0.0000","6"
"2888B","新光金乙特","64987","1972878","30.40","30.50","30.30","30.40","0.0000","26"
"2889","國票金","6323157","93886802","14.60","15.00","14.55","14.95","0.3000","2051"
"2890","永豐金","18469285","469235353","25.00","25.65","25.00","25.35","-0.2500","5211"
"2891","中信金","52233495","1769941076","33.70","34.30","33.30","33.75","-0.1500","15905"
"2891B","中信金乙特","15658","935130","59.70","59.90","59.70","59.90","0.0000","25"
"2891C","中信金丙特","349","19998","","","","","0.0000","11"
"2892","第一金","44838766","1189488384","26.50","26.75","26.40","26.40","0.0000","17386"
"2897","王道銀行","3627837","35684684","9.75","9.93","9.74","9.84","-0.0500","958"
"2897A","王道銀甲特","3752000","37972150","10.20","10.20","10.10","10.15","-0.0500","211"
"2901","欣欣","11384","312731","27.55","27.65","27.20","27.65","-0.0500","79"
"2903","遠百","1721522","50113475","29.00","29.45","28.75","29.10","-0.6500","1098"
"2904","匯僑","17335","316610","18.35","18.35","18.15","18.20","-0.1000","31"
"2905","三商","2001452","38014852","18.35","19.35","18.35","19.10","0.2500","1066"
"2906","高林","273618","5265593","19.20","19.40","19.10","19.20","-0.3000","248"
"2908","特力","258752","5232635","20.15","20.30","20.05","20.30","0.0000","139"
"2910","統領","73291","1991701","27.00","27.50","26.90","27.30","-0.1500","55"
"2911","麗嬰房","179398","1290495","7.18","7.38","7.15","7.18","-0.2300","363"
"2912","統一超","1982075","554783859","279.00","281.50","278.00","279.00","-1.5000","2723"
"2913","農林","2488537","50449279","20.40","20.45","20.15","20.20","-0.5000","1152"
"2915","潤泰全","3098990","226299243","72.50","74.00","71.90","73.60","0.4000","2419"
"2923","鼎固-KY","222973","6156200","27.85","29.40","26.90","27.35","-1.9500","245"
"2929","淘帝-KY","198178","1684745","8.41","8.61","8.41","8.45","-0.2100","105"
"2939","凱羿-KY","11201","279079","24.90","25.00","24.85","25.00","0.1500","179"
"2945","三商家購","6327","268276","42.00","42.95","42.00","42.10","-0.4500","19"
"3002","歐格","134474","1910755","14.10","14.40","14.00","14.20","0.0500","79"
"3003","健和興","500773","37841041","74.00","76.50","74.00","75.00","-0.5000","527"
"3004","豐達科","58914","5492339","93.00","93.90","92.30","93.50","0.3000","73"
"3005","神基","2665010","265437202","99.50","101.00","98.60","99.10","-1.9000","2352"
"3006","晶豪科","2620037","196868791","74.20","76.50","74.00","75.30","-1.4000","2515"
"3008","大立光","764118","2091982565","2740.00","2775.00","2690.00","2745.00","-30.0000","2850"
"3010","華立","1276742","172881706","133.00","137.50","133.00","136.00","0.0000","1423"
"3011","今皓","235998","6352715","27.00","27.60","26.75","27.00","-0.0500","154"
"3013","晟銘電","9729074","843288715","85.20","88.80","84.80","85.90","-2.5000","7339"
"3014","聯陽","956051","135321164","141.50","143.50","140.00","140.00","-3.5000","1020"
"3015","全漢","289511","14675273","50.70","51.30","50.10","50.50","-1.8000","353"
"3016","嘉晶","394876","22030392","55.80","56.60","54.70","56.00","-0.9000","521"
"3017","奇鋐","13326706","7127858233","541.00","549.00","521.00","530.00","-29.0000","14809"
"3018","隆銘綠能","18189","423933","23.10","23.35","23.10","23.35","0.2500","81"
"3019","亞光","25816842","2449264086","92.00","97.30","91.40","94.00","0.6000","19633"
"3021","鴻名","144913","3250853","22.70","22.85","21.60","22.35","-0.5000","151"
"3022","威強電","1885898","143407516","74.20","77.60","73.90","76.60","1.0000","1668"
"3023","信邦","1249917","361914757","286.00","294.50","286.00","288.50","-1.5000","11223"
"3024","憶聲","9781979","210058696","21.00","22.10","20.65","21.75","0.2000","3393"
"3025","星通","2678035","161808041","57.10","62.50","57.10","60.70","3.7000","2391"
"3026","禾伸堂","159397","13790420","86.00","87.00","85.30","86.90","0.3000","247"
"3027","盛達","605478","20686227","34.60","34.60","33.70","34.10","-0.5000","430"
"3028","增你強","270192","8968326","33.40","33.40","33.00","33.25","-0.3000","375"
"3029","零壹","1443739","133836188","92.00","94.50","91.10","93.50","-1.0000","1629"
"3030","德律","2798160","353895570","127.50","130.00","124.50","125.00","-7.0000","2062"
"3031","佰鴻","144222","2599967","17.85","18.20","17.80","18.10","-0.1500","98"
"3032","偉訓","916435","55161808","59.40","61.80","58.70","60.10","0.0000","792"
"3033","威健","2052392","64965266","31.80","32.00","31.35","31.50","-0.7500","1670"
"3034","聯詠","3182488","1571222106","485.00","499.50","485.00","495.50","0.0000","4064"
"3035","智原","12347841","3254129170","258.00","270.50","257.00","262.50","1.5000","12950"
"3036","文曄","10510505","1067173242","100.50","103.50","99.50","102.00","3.0000","7458"
"3036A","文曄甲特","82186","3872805","47.15","47.15","47.10","47.10","-0.0500","34"
"3037","欣興","22189762","3186858151","143.00","146.00","141.50","144.00","-4.5000","15840"
"3038","全台","257530","6814694","26.25","26.70","26.20","26.45","-0.3500","278"
"3040","遠見","196036","6652909","33.90","34.25","33.75","34.15","0.7500","223"
"3041","揚智","418866","7926527","18.75","19.15","18.55","19.00","-0.2500","533"
"3042","晶技","2893251","310843669","106.00","109.00","105.50","106.00","-1.5000","1771"
"3043","科風","91346","2788826","30.85","30.95","30.30","30.30","-0.9000","146"
"3044","健鼎","6140438","1194401305","191.00","197.50","187.50","196.50","2.5000","5184"
"3045","台灣大","8967519","959749739","106.50","108.00","106.00","107.00","-1.0000","4239"
"3046","建碁","1989944","116168500","57.90","59.20","55.90","59.20","5.3000","947"
"3047","訊舟","42590738","1599406403","36.80","38.80","36.05","38.05","1.9000","22987"
"3048","益登","13617694","583975081","40.95","44.45","40.80","43.15","1.0000","9106"
"3049","精金","1133987","9199571","8.13","8.22","8.04","8.07","-0.2000","615"
"3050","鈺德","2040558","44812254","22.00","22.55","21.25","21.90","0.0000","1098"
"3051","力特","470440","13751500","29.00","29.60","28.90","29.15","-0.1500","397"
"3052","夆典","644442","8331355","13.00","13.10","12.80","12.90","-0.1500","369"
"3054","立萬利","6000","122100","20.00","20.50","20.00","20.35","0.0000","6"
"3055","蔚華科","584950","39364020","67.00","68.80","65.60","67.40","-0.9000","1035"
"3056","富華新","3212468","112391706","35.00","35.95","34.00","35.50","-0.6500","3476"
"3057","喬鼎","110097","1339808","11.80","12.40","11.80","12.30","-0.2000","268"
"3058","立德","400018","6682162","16.50","16.95","16.40","16.65","-0.3500","273"
"3059","華晶科","1410073","48642657","34.40","34.95","33.80","34.35","-0.7500","1288"
"3060","銘異","1052849","27249550","25.70","26.25","25.40","25.70","-0.6000","973"
"3062","建漢","3634293","92722585","25.45","25.95","25.10","25.30","-0.6500","1949"
"3090","日電貿","728658","45312697","62.60","62.70","61.80","62.00","-1.0000","1024"
"3092","鴻碩","110593","3186020","29.00","29.00","28.00","28.80","-0.4000","79"
"3094","聯傑","446003","13071272","29.00","29.80","28.95","29.15","-0.8000","387"
"3130","一零四","10805","2476395","227.50","230.50","227.50","230.00","3.0000","123"
"3138","耀登","187185","20033795","106.50","109.00","105.00","106.50","-1.0000","461"
"3149","正達","561849","12219146","21.40","22.05","21.40","21.70","-0.6500","600"
"3150","鈺寶-創","10030","386920","38.50","38.75","38.50","38.75","-0.6000","11"
"3164","景岳","9206","206581","22.35","22.90","22.25","22.35","0.0000","48"
"3167","大量","4071031","283180062","64.60","71.10","64.60","71.10","6.4000","2302"
"3168","眾福科","5191","281926","54.70","54.70","54.00","54.00","-0.7000","11"
"3189","景碩","23895958","2414622510","98.80","105.00","97.70","102.00","2.2000","15333"
"3209","全科","370354","11959931","32.35","32.50","32.05","32.30","-0.4000","360"
"3229","晟鈦","163635","4091072","25.00","25.85","24.10","25.50","-0.1000","170"
"3231","緯創","57848732","5476290025","95.00","95.80","92.80","94.80","-2.7000","31538"
"3257","虹冠電","67818","3309160","49.35","49.35","48.10","48.90","-0.5000","107"
"3266","昇陽","133653","2794255","21.10","21.25","20.60","20.80","-0.6500","153"
"3296","勝德","264219","6305901","23.95","24.10","23.30","23.95","-0.0500","251"
"3305","昇貿","1169787","74310153","64.00","64.50","62.80","63.40","-1.4000","964"
"3308","聯德","86444","2092434","23.95","24.60","23.80","24.15","-0.1000","326"
"3311","閎暉","41396","1441662","34.75","35.30","34.30","34.80","0.0000","228"
"3312","弘憶股","11795747","884862610","75.60","77.30","73.30","74.00","-2.5000","8922"
"3321","同泰","294596","5444882","18.85","18.95","18.05","18.55","-0.4000","298"
"3338","泰碩","1530373","112976276","72.50","75.60","72.20","73.90","-0.1000","1472"
"3346","麗清","302759","10825531","35.80","36.25","35.15","35.75","-0.5500","311"
"3356","奇偶","3329185","202354797","59.60","62.20","59.20","61.20","1.6000","2543"
"3376","新日興","10316994","2074279873","198.00","205.00","197.50","199.00","-2.5000","8835"
"3380","明泰","958217","29170893","30.10","30.80","30.00","30.40","-0.4500","815"
"3406","玉晶光","2594885","1301421422","498.00","515.00","489.00","501.00","3.0000","3483"
"3413","京鼎","1471831","428431040","292.00","295.00","287.50","289.00","-8.5000","1905"
"3416","融程電","275289","34399792","123.00","126.00","123.00","125.50","2.5000","261"
"3419","譁裕","362339","5982253","16.30","16.75","16.20","16.55","-0.1500","238"
"3432","台端","22475","531707","23.85","23.85","23.25","23.70","-0.1500","45"
"3437","榮創","618499","14249408","23.20","23.40","22.60","22.80","-0.4000","520"
"3443","創意","3114137","3092533989","985.00","1005.00","971.00","998.00","-17.0000","6690"
"3447","展達","28313","877800","30.35","31.50","30.35","31.45","0.0500","23"
"3450","聯鈞","27350841","3219533706","109.50","122.00","109.00","122.00","11.0000","15130"
"3454","晶睿","130692","13722674","104.00","106.50","103.00","106.00","-1.0000","204"
"3481","群創","58334110","807637731","13.75","14.10","13.60","13.80","-0.2000","14425"
"3494","誠研","63201","444540","7.13","7.13","7.00","7.02","0.0000","32"
"3501","維熹","715309","50023316","68.00","70.70","68.00","70.00","2.0000","812"
"3504","揚明光","218206","11179209","50.00","52.30","50.00","51.40","0.2000","199"
"3515","華擎","407275","74624272","185.00","187.00","180.00","183.00","-4.0000","1014"
"3518","柏騰","2466391","82075666","33.55","34.75","32.20","32.90","-1.0500","1735"
"3528","安馳","173981","8608190","50.50","50.50","49.00","49.30","-1.2000","304"
"3530","晶相光","112504","9354176","85.00","85.00","82.40","82.40","-2.8000","434"
"3532","台勝科","449597","62367963","138.50","140.00","137.00","138.00","-4.5000","519"
"3533","嘉澤","809571","1136709345","1415.00","1440.00","1375.00","1390.00","-40.0000","1144"
"3535","晶彩科","20386446","1405025736","68.30","71.40","65.00","68.80","1.7000","13053"
"3543","州巧","54022","1113484","20.25","20.80","20.25","20.80","-0.1000","37"
"3545","敦泰","1848761","142149196","76.40","78.40","75.20","77.60","0.6000","1575"
"3550","聯穎","90178","1281887","14.35","14.35","13.90","14.35","-0.0500","83"
"3557","嘉威","98644","7207673","71.70","73.50","71.70","73.40","0.4000","169"
"3563","牧德","419685","125736957","299.00","305.00","296.00","297.50","-7.5000","1235"
"3576","聯合再生","4859540","54258741","11.30","11.30","11.00","11.20","-0.1500","2065"
"3583","辛耘","5284623","1903303101","365.00","371.00","351.00","361.50","-9.5000","5701"
"3588","通嘉","437477","29726060","67.80","69.10","66.50","67.50","-0.9000","843"
"3591","艾笛森","511580","12313838","23.85","24.50","23.55","24.00","-0.1500","306"
"3592","瑞鼎","383756","134050889","352.00","353.50","346.50","348.00","-10.0000","734"
"3593","力銘","486487","7417774","15.60","15.80","15.00","15.20","-1.0000","307"
"3596","智易","917102","124885850","134.00","138.00","134.00","136.00","-1.5000","874"
"3605","宏致","546538","22965837","42.00","42.60","41.55","41.75","-0.8500","401"
"3607","谷崧","1068839","18872638","17.40","17.90","17.15","17.60","0.1500","632"
"3617","碩天","1033153","266676934","247.50","264.00","247.50","260.50","10.0000","1117"
"3622","洋華","604136","33627128","55.20","56.40","54.60","55.80","-1.4000","784"
"3645","達邁","762278","30146680","39.30","40.05","39.00","39.50","-0.4000","578"
"3652","精聯","1098500","45840556","41.60","42.80","40.05","42.05","0.1000","914"
"3653","健策","1641033","1797972030","1120.00","1150.00","1045.00","1045.00","-115.0000","2740"
"3661","世芯-KY","2969883","6498666365","2150.00","2240.00","2110.00","2190.00","15.0000","11272"
"3665","貿聯-KY","2902320","1065334052","364.00","372.00","360.00","367.00","-4.5000","2368"
"3669","圓展","157833","7075994","46.40","46.40","43.80","44.50","-0.3000","223"
"3673","TPK-KY","4042237","155347747","38.20","39.10","37.85","38.40","-0.9500","2534"
"3679","新至陞","122570","15418577","127.00","127.50","124.50","125.00","-4.0000","170"
"3686","達能","1528735","41063761","27.10","27.65","26.30","26.95","-0.9000","1218"
"3694","海華","783088","30459513","37.90","39.85","37.90","38.80","-0.0500","567"
"3701","大眾控","513041","20376985","39.60","40.40","39.25","39.50","-1.2500","356"
"3702","大聯大","5654544","467979595","81.40","84.20","80.80","83.30","-0.4000","4062"
"3702A","大聯大甲特","94200","4480030","47.55","47.60","47.55","47.60","0.0000","33"
"3703","欣陸","1540589","49960141","32.50","32.90","32.10","32.15","-0.8500","1215"
"3704","合勤控","1138224","38455585","34.30","34.35","33.40","33.50","-1.1500","990"
"3705","永信","1235513","65738569","52.50","53.90","52.50","53.10","2.0000","870"
"3706","神達","5195301","208051865","40.45","40.50","39.60","40.05","-1.1000","3849"
"3708","上緯投控","861706","88756675","104.00","104.50","101.50","103.00","-3.0000","845"
"3711","日月光投控","22538326","3120866918","139.00","140.50","136.00","138.00","-7.5000","16590"
"3712","永崴投控","2406777","125832956","52.90","53.30","51.70","52.10","-1.8000","2122"
"3714","富采","1405680","55239464","38.60","39.90","38.50","39.35","0.0000","1221"
"3715","定穎投控","22152104","1246911206","52.50","57.20","52.40","57.20","5.2000","11795"
"4104","佳醫","76278","6636043","87.10","87.40","86.30","87.40","0.3000","195"
"4106","雃博","110385","2797669","25.35","25.50","25.00","25.30","-0.2500","398"
"4108","懷特","219528","3946383","17.90","18.15","17.70","18.00","-0.1000","436"
"4119","旭富","81768","7378745","90.00","90.90","89.30","90.20","-0.3000","454"
"4133","亞諾法","91587","2765372","29.80","30.45","29.80","30.30","0.3000","147"
"4137","麗豐-KY","153104","22082870","144.50","147.50","143.00","143.00","-1.5000","215"
"4142","國光生","634802","16536755","25.55","26.35","25.55","26.20","0.0500","411"
"4148","全宇生技-KY","2025","95117","47.15","47.15","46.80","46.80","0.0000","3"
"4155","訊映","309795","7317367","23.75","23.85","23.30","23.65","-0.2000","295"
"4164","承業醫","605925","25045665","42.00","42.05","40.30","41.70","-1.6500","878"
"4190","佐登-KY","72467","3485267","48.00","48.15","47.85","47.95","-0.1000","687"
"4306","炎洲","2541245","51369702","20.25","20.40","20.05","20.25","-0.1500","1580"
"4414","如興","545175","1888839","3.52","3.52","3.33","3.47","0.0400","108"
"4426","利勤","94105","1352542","14.20","14.60","14.20","14.60","0.0000","86"
"4438","廣越","19701","2114998","107.00","108.00","107.00","107.50","-0.5000","30"
"4439","冠星-KY","11632","1147161","100.00","100.50","96.20","97.40","-3.6000","74"
"4440","宜新實業","89174","2243049","25.10","25.50","24.90","25.20","-0.2000","72"
"4526","東台","8383030","219113923","25.50","26.80","25.05","26.15","0.5500","4718"
"4532","瑞智","9664219","249973457","27.10","27.15","25.50","25.60","-2.2000","5402"
"4536","拓凱","152923","28185075","180.00","185.50","180.00","185.00","3.0000","408"
"4540","全球傳動","7803411","317110187","40.65","42.05","38.65","39.20","-1.4500","4975"
"4545","銘鈺","330017","15422692","48.00","48.00","46.05","46.75","-0.9500","285"
"4551","智伸科","390579","38783542","98.00","100.50","97.50","100.00","2.2000","642"
"4552","力達-KY","196668","4874146","25.30","25.30","24.55","24.80","-0.6500","216"
"4555","氣立","3446783","131496025","41.60","41.60","37.20","37.45","-3.0500","2111"
"4557","永新-KY","83802","8836695","104.00","107.50","104.00","107.50","5.0000","82"
"4560","強信-KY","222462","7715084","35.35","35.35","34.00","34.30","-1.5500","136"
"4562","穎漢","27802220","1858451441","63.70","69.30","61.90","69.30","6.3000","15666"
"4564","元翎","7757440","206631019","26.20","27.60","26.05","26.05","-0.7000","4446"
"4566","時碩工業","12433123","1023405477","80.30","85.00","79.10","82.00","0.0000","7776"
"4569","六方科-KY","3112","292135","93.20","94.30","93.20","94.30","-0.6000","7"
"4571","鈞興-KY","215828","25108888","117.00","119.00","114.50","114.50","-3.5000","367"
"4572","駐龍","154307","23656474","152.00","155.50","151.00","152.00","-1.5000","200"
"4576","大銀微系統","188568","13189297","68.90","71.10","68.90","69.90","-1.1000","296"
"4581","光隆精密-KY","11000","567600","50.80","52.30","50.80","51.80","0.2000","11"
"4583","台灣精銳","1401434","490343783","335.00","360.50","335.00","351.00","21.0000","1814"
"4588","玖鼎電力","103646","9368603","92.00","92.00","89.60","90.20","-2.3000","119"
"4720","德淵","1263120","26376623","21.05","21.20","20.25","21.20","-0.4000","663"
"4722","國精化","45835","1997491","44.25","44.25","43.05","43.50","-0.8000","51"
"4736","泰博","70660","11103270","156.50","157.50","156.50","157.00","-1.0000","145"
"4737","華廣","11712","763492","65.60","65.60","64.20","64.20","0.0000","17"
"4739","康普","316274","17950946","57.10","57.80","55.60","56.50","-0.6000","343"
"4746","台耀","586039","54880306","93.00","94.70","92.80","93.40","-1.8000","542"
"4755","三福化","159330","18533969","116.00","118.00","114.50","115.50","-3.0000","273"
"4763","材料-KY","2230826","1835488487","831.00","840.00","804.00","806.00","-39.0000","6247"
"4764","雙鍵","5378","225326","42.50","42.50","41.45","41.95","-1.0500","79"
"4766","南寶","576689","170549600","304.00","304.00","290.00","296.00","-8.0000","1418"
"4770","上品","145301","53000442","372.00","372.00","360.00","365.00","-6.5000","166"
"4771","望隼","73132","16219009","225.00","225.00","218.00","220.50","-9.0000","1208"
"4807","日成-KY","13002","225584","17.25","17.60","17.25","17.25","0.0000","15"
"4904","遠傳","10392795","906129720","87.20","87.80","86.50","87.00","-1.6000","9414"
"4906","正文","4327018","167265355","38.45","39.25","38.10","38.50","-0.7000","2878"
"4912","聯德控股-KY","149752","14515664","95.00","98.10","95.00","96.60","0.1000","169"
"4915","致伸","1812068","150265877","82.10","83.90","81.50","83.00","0.0000","1411"
"4916","事欣科","429037","11550315","27.10","27.25","26.50","26.90","-0.5500","382"
"4919","新唐","5828785","481103060","85.90","86.50","80.70","81.20","-5.8000","5149"
"4927","泰鼎-KY","921525","45991868","48.80","50.60","48.80","49.75","-0.5500","866"
"4930","燦星網","24418","763643","31.45","31.45","30.95","31.30","-0.2000","52"
"4934","太極","462399","8596051","19.10","19.10","18.40","18.50","-0.6500","343"
"4935","茂林-KY","172977","10158382","58.40","59.70","57.70","59.20","1.1000","109"
"4938","和碩","6153704","588353550","94.00","97.10","93.70","95.80","-0.4000","3956"
"4942","嘉彰","272486","11300849","40.55","41.95","40.55","41.55","0.4000","185"
"4943","康控-KY","3201","64139","20.50","20.50","19.80","19.80","-0.3000","6"
"4949","有成精密","183293","4304482","24.00","24.00","23.15","23.45","-1.2500","203"
"4952","凌通","678377","36396154","53.40","54.50","52.60","53.30","0.4000","599"
"4956","光鋐","1594065","38284504","23.60","24.70","23.25","24.30","0.5500","844"
"4958","臻鼎-KY","14345015","1756793872","125.00","127.50","120.50","121.50","-7.0000","8643"
"4960","誠美材","2996295","42337323","14.00","14.50","13.80","14.30","0.1500","1125"
"4961","天鈺","1598463","383785538","245.00","247.50","234.00","235.00","-13.5000","5467"
"4967","十銓","3481892","406689048","115.00","118.50","114.00","118.50","1.0000","2453"
"4968","立積","3786321","653403340","176.00","177.00","169.00","170.50","-9.0000","4473"
"4976","佳凌","542997","22707709","41.50","43.00","40.85","42.10","-0.1000","563"
"4977","眾達-KY","592690","40617923","67.60","70.00","67.30","67.60","-0.7000","625"
"4989","榮科","154635","3119349","20.30","20.55","19.80","20.50","-0.1500","290"
"4994","傳奇","273511","27488872","102.00","105.00","96.00","104.00","2.0000","522"
"4999","鑫禾","19589","640949","32.20","32.90","32.20","32.80","0.0000","104"
"5007","三星","43015","2438509","56.50","57.00","56.50","56.60","-0.5000","347"
"5203","訊連","164283","15227744","92.80","93.80","91.80","92.60","-0.6000","168"
"5215","科嘉-KY","105531","4363907","41.70","42.15","40.60","41.35","-0.4500","108"
"5222","全訊","332450","48878940","148.00","149.00","145.00","147.00","-2.0000","424"
"5225","東科-KY","1402955","155885731","111.50","114.00","110.00","112.00","-2.5000","1183"
"5234","達興材料","756920","98158326","127.00","132.50","126.50","128.00","-2.0000","622"
"5243","乙盛-KY","967996","51726324","52.90","54.30","52.70","53.40","-0.6000","841"
"5244","弘凱","150784","6096044","41.70","42.40","39.25","40.10","-1.6000","139"
"5258","虹堡","352706","41149620","117.00","118.50","115.00","116.50","-1.5000","498"
"5269","祥碩","1393498","1969952580","1465.00","1480.00","1375.00","1380.00","-120.0000","3140"
"5283","禾聯碩","100653","10511445","104.00","105.00","104.00","104.00","-0.5000","102"
"5284","jpp-KY","202355","21304298","105.50","108.00","103.50","104.50","-2.5000","257"
"5285","界霖","122915","7346987","59.20","60.30","59.00","60.00","-0.3000","198"
"5288","豐祥-KY","90417","19465580","212.00","217.00","212.00","216.00","6.5000","116"
"5292","華懋","77158","11267725","148.00","148.00","144.50","145.00","-3.5000","167"
"5306","桂盟","250407","34747315","137.00","141.00","135.50","139.00","2.0000","313"
"5388","中磊","2159785","228549357","103.50","107.50","103.00","106.50","1.0000","1754"
"5434","崇越","522462","134831544","257.00","261.00","257.00","257.00","-7.0000","5699"
"5469","瀚宇博","1996522","93411719","47.00","47.20","46.50","46.70","-1.1000","1583"
"5471","松翰","567084","24599299","43.40","43.80","43.05","43.10","-0.8500","376"
"5484","慧友","1931364","135020615","70.70","73.00","66.60","70.40","-2.2000","2311"
"5515","建國","941918","20802340","22.15","22.40","21.80","22.00","-0.6500","736"
"5519","隆大","3954855","178011760","44.20","46.40","43.60","45.50","0.3500","2882"
"5521","工信","3709021","43819636","11.70","12.10","11.60","11.60","-0.2500","1368"
"5522","遠雄","1154440","86559429","73.70","76.50","73.50","75.40","-1.2000","1075"
"5525","順天","221727","8266475","37.60","38.20","36.55","37.90","-0.3000","238"
"5531","鄉林","2014222","20380554","10.15","10.25","10.00","10.10","-0.3000","914"
"5533","皇鼎","431443","8929610","21.20","21.20","20.40","20.75","-0.5500","234"
"5534","長虹","1788160","217909504","122.00","125.00","119.50","121.00","-5.0000","1433"
"5538","東明-KY","12548","369585","29.50","29.50","29.50","29.50","0.0000","29"
"5546","永固-KY","27035","790022","29.00","30.15","29.00","29.00","0.0000","18"
"5607","遠雄港","2081774","98363525","49.00","49.35","45.85","47.00","-3.6000","1946"
"5608","四維航","844172","14995268","17.80","17.95","17.55","17.75","-0.4000","707"
"5706","鳳凰","312632","18583024","60.40","60.40","58.60","59.30","-1.1000","469"
"5871","中租-KY","5700691","801395680","140.00","142.50","139.00","140.00","-3.0000","4318"
"5871A","中租-KY甲特","52287","4879632","93.40","93.40","93.30","93.40","-0.1000","54"
"5876","上海商銀","6837287","269169003","39.35","39.75","39.10","39.30","-0.7500","3087"
"5880","合庫金","12879829","336610341","26.00","26.35","25.95","26.05","-0.1000","4290"
"5906","台南-KY","2091","131840","63.00","63.00","63.00","63.00","1.4000","8"
"5907","大洋-KY","144149","1180819","8.16","8.27","8.15","8.19","-0.0500","66"
"6005","群益證","5567216","116899427","20.80","21.25","20.70","21.05","-0.1500","2796"
"6024","群益期","296726","16254282","54.10","55.20","54.10","55.00","0.4000","644"
"6108","競國","170179","2857734","16.50","17.05","16.50","16.85","-0.1000","115"
"6112","邁達特","1043450","46436742","45.05","45.25","43.55","44.45","-1.3000","977"
"6115","鎰勝","129246","6723153","52.00","52.30","51.70","51.90","-0.9000","181"
"6116","彩晶","6435999","54288686","8.49","8.55","8.32","8.39","-0.2500","3194"
"6117","迎廣","3177215","328346409","102.00","105.00","101.00","103.00","-0.5000","2378"
"6120","達運","6667500","91213894","13.65","14.10","13.35","13.70","0.6500","2560"
"6128","上福","98045","3433526","34.80","35.20","34.75","35.15","0.3000","83"
"6133","金橋","1062066","19892673","18.20","19.15","18.05","18.95","0.4000","621"
"6136","富爾特","115959","2492974","21.75","21.75","21.35","21.55","-0.2000","87"
"6139","亞翔","2590906","555915590","213.00","220.50","211.00","213.50","-3.5000","4004"
"6141","柏承","235441","3463012","14.65","15.15","14.35","14.60","-0.1000","166"
"6142","友勁","400115","3979455","10.00","10.05","9.80","9.91","-0.1400","227"
"6152","百一","1131982","17346514","15.15","15.80","14.70","15.60","0.2000","619"
"6153","嘉聯益","2113820","42805425","20.40","20.50","19.95","20.45","-0.4500","1169"
"6155","鈞寶","180055","4677480","26.10","26.45","25.55","26.05","-0.0500","126"
"6164","華興","225164","3166964","13.95","14.20","13.95","14.05","-0.2000","208"
"6165","浪凡","711756","26171673","37.00","38.15","35.55","35.60","-1.4000","498"
"6166","凌華","472235","31947284","67.20","68.90","66.40","67.40","-1.6000","514"
"6168","宏齊","313609","6462085","20.60","20.95","20.30","20.60","-0.4000","220"
"6176","瑞儀","2900526","523954674","180.00","183.50","178.50","180.00","-3.5000","5587"
"6177","達麗","4649212","267159391","58.50","59.60","56.20","56.70","-2.4000","3611"
"6183","關貿","45353","3302958","72.10","73.60","72.10","72.90","-1.6000","218"
"6184","大豐電","33936","1779305","52.40","52.90","52.20","52.40","-0.3000","139"
"6189","豐藝","2171220","182002603","83.80","85.10","82.70","83.70","-1.1000","2899"
"6191","精成科","1574726","95265337","60.50","61.00","59.70","60.70","-0.5000","2044"
"6192","巨路","139668","15133734","108.00","110.00","106.50","108.00","-3.0000","742"
"6196","帆宣","452280","62113689","136.50","139.50","135.00","136.50","-2.5000","542"
"6197","佳必琪","5981216","938321714","153.50","161.00","153.00","153.50","1.0000","6336"
"6201","亞弘電","53548","3000110","56.00","56.20","55.90","56.00","0.0000","155"
"6202","盛群","513534","23954219","47.20","47.50","46.00","46.90","-0.5000","585"
"6205","詮欣","273901","18047866","66.90","66.90","65.30","65.30","-1.8000","200"
"6206","飛捷","853910","72763439","83.10","87.40","82.60","85.40","3.8000","896"
"6209","今國光","847199","20909624","24.90","25.00","24.40","24.50","-0.8000","489"
"6213","聯茂","14258073","1039985566","73.30","74.50","71.70","71.90","-1.6000","10058"
"6214","精誠","431691","48669254","113.50","114.00","111.00","112.50","-2.5000","528"
"6215","和椿","13000761","789508965","54.80","63.00","54.50","60.60","3.2000","9002"
"6216","居易","601132","26485703","43.40","44.70","43.30","44.45","0.3500","399"
"6224","聚鼎","427879","22973899","51.20","55.00","51.00","55.00","3.6000","446"
"6225","天瀚","5134","82262","15.90","15.90","15.75","15.75","-0.2000","8"
"6226","光鼎","109447","1055351","9.74","9.79","9.51","9.66","-0.1900","103"
"6230","尼得科超眾","208187","47273113","232.00","234.00","222.50","227.00","-5.0000","783"
"6235","華孚","1680548","114974733","67.10","69.70","66.60","68.40","-0.5000","1805"
"6239","力成","7097348","949638866","134.00","135.50","132.50","133.00","-5.0000","5267"
"6243","迅杰","204866","9958992","48.55","49.15","48.10","48.35","-1.2500","297"
"6257","矽格","3484215","239671290","68.80","69.80","67.90","68.70","-1.1000","2653"
"6269","台郡","3133747","252585849","81.80","81.80","80.20","80.40","-2.9000","2725"
"6271","同欣電","934903","118016429","124.50","128.50","124.00","126.00","-1.0000","985"
"6277","宏正","44207","3444398","77.80","78.30","77.60","78.10","-0.3000","99"
"6278","台表科","1594535","177671438","111.00","113.00","110.00","111.50","-1.0000","1053"
"6281","全國電","47464","3953969","83.20","83.80","83.00","83.80","0.6000","106"
"6282","康舒","4178032","140874960","33.65","34.15","33.15","33.75","-0.2000","3165"
"6283","淳安","151624","3879639","26.10","26.10","25.25","25.60","-0.5000","100"
"6285","啟碁","3392486","437377602","129.00","131.00","127.00","129.00","-1.5000","2269"
"6288","聯嘉","704097","17765181","25.15","25.50","24.75","25.20","-0.3500","537"
"6405","悅城","68010","1531976","22.70","23.00","22.05","23.00","0.0000","47"
"6409","旭隼","132133","228594815","1740.00","1765.00","1695.00","1745.00","-50.0000","249"
"6412","群電","1664139","211731762","127.50","131.50","125.50","126.50","0.5000","1026"
"6414","樺漢","1017940","287656404","281.50","286.00","278.50","283.50","-6.5000","3226"
"6415","矽力*-KY","2339612","906707967","386.00","395.00","378.50","387.50","-13.5000","2395"
"6416","瑞祺電通","548427","60682132","109.50","112.00","109.00","111.50","-3.5000","495"
"6423","億而得-創","26061","2303781","90.00","90.00","88.00","88.00","-3.5000","26"
"6426","統新","61153","3418067","55.20","57.10","55.20","55.70","-0.4000","61"
"6431","光麗-KY","412276","6686448","16.70","16.70","15.80","16.10","-0.6000","271"
"6438","迅得","399614","43497072","108.50","110.50","107.50","108.00","-2.0000","540"
"6442","光聖","4442850","1640553062","374.00","394.50","349.50","380.50","-3.5000","4529"
"6443","元晶","4666193","114093389","24.95","24.95","24.15","24.25","-0.9500","2678"
"6446","藥華藥","4754056","3189144777","665.00","684.00","659.00","661.00","-9.0000","9861"
"6449","鈺邦","4513030","639158157","130.00","149.00","130.00","142.00","6.5000","3612"
"6451","訊芯-KY","3465035","639077650","181.50","190.00","179.50","181.50","-4.0000","3227"
"6456","GIS-KY","387671","22240486","57.00","57.90","56.80","57.50","-0.5000","383"
"6464","台數科","20049","1590574","79.10","79.90","79.10","79.90","-0.2000","23"
"6472","保瑞","1184897","911613738","775.00","786.00","755.00","771.00","-9.0000","2209"
"6477","安集","656279","21971619","33.80","33.95","32.95","33.40","-0.7000","466"
"6491","晶碩","314910","129965333","406.50","417.00","406.00","411.00","-4.5000","450"
"6504","南六","45101","3142158","70.10","70.50","69.10","69.10","-0.3000","44"
"6505","台塑化","3740399","235378335","63.00","63.60","62.60","62.60","-1.4000","3076"
"6515","穎崴","1079408","1002280481","893.00","952.00","891.00","920.00","17.0000","1657"
"6525","捷敏-KY","155483","9700122","62.40","63.30","61.60","62.80","-0.5000","146"
"6526","達發","519232","288444882","550.00","566.00","543.00","554.00","-10.0000","1071"
"6531","愛普*","3298617","956229287","286.00","297.00","280.00","289.00","1.0000","3818"
"6533","晶心科","543373","174381597","308.50","327.00","308.50","322.00","1.5000","1041"
"6534","正瀚-創","34000","2556700","74.60","76.00","74.60","75.00","-1.1000","28"
"6541","泰福-KY","111280","5433755","49.50","49.65","48.00","49.50","-0.4500","126"
"6550","北極星藥業-KY","835999","47454461","56.60","57.40","56.20","56.70","-0.9000","1295"
"6552","易華電","125906","5277950","41.25","42.80","41.25","42.80","0.0000","140"
"6558","興能高","139686","3052601","21.55","22.40","21.50","21.85","0.5000","141"
"6573","虹揚-KY","56082","796463","14.10","14.50","13.85","14.35","0.0500","44"
"6579","研揚","202084","30356762","147.50","152.00","147.50","149.50","-3.5000","287"
"6581","鋼聯","61200","6317323","105.00","105.00","102.50","103.00","-3.5000","56"
"6582","申豐","179047","10421835","58.70","59.20","57.50","58.00","-1.6000","410"
"6585","鼎基","1064814","185510384","170.00","178.50","165.00","175.50","8.5000","1047"
"6591","動力-KY","98152","4544158","46.70","46.90","45.90","46.05","-0.9500","110"
"6592","和潤企業","450891","43948813","96.10","98.70","96.10","98.00","-0.2000","755"
"6592A","和潤企業甲特","4477","423697","94.80","94.80","94.60","94.60","-0.4000","11"
"6592B","和潤企業乙特","12264","1159747","94.50","94.70","94.50","94.70","0.2000","20"
"6598","ABC-KY","580921","12462147","21.90","21.90","21.00","21.45","-0.5500","503"
"6605","帝寶","504018","120740456","238.50","243.00","236.00","238.00","-6.5000","910"
"6606","建德工業","125625","3188534","24.80","25.60","24.80","25.60","-0.3000","76"
"6625","必應","198236","14893302","77.80","77.80","74.00","75.60","-2.3000","255"
"6641","基士德-KY","5000","205700","40.90","41.30","40.90","41.30","0.1500","5"
"6645","金萬林-創","54030","1743512","33.00","33.00","32.00","32.00","-0.6500","31"
"6655","科定","9014","1211890","134.00","135.00","134.00","134.50","-0.5000","16"
"6657","華安","25000","1252900","49.85","51.50","49.50","50.00","-0.3000","22"
"6658","聯策","2263454","147842070","60.40","68.00","60.20","64.80","2.8000","2075"
"6666","羅麗芬-KY","3000","174300","57.90","58.20","57.90","58.20","0.0000","3"
"6668","中揚光","614777","29926046","49.00","49.25","48.00","48.55","-1.6500","510"
"6669","緯穎","2507104","4701849475","1880.00","1930.00","1810.00","1905.00","-45.0000","5486"
"6670","復盛應用","1020409","294235513","281.50","290.50","281.50","290.00","3.5000","975"
"6671","三能-KY","1000","43100","43.10","43.10","43.10","43.10","0.0000","1"
"6672","騰輝電子-KY","92613","6079933","65.70","66.40","65.10","65.40","-1.5000","238"
"6674","鋐寶科技","2000","49300","24.70","24.70","24.60","24.60","-0.1500","2"
"6689","伊雲谷","330885","30403527","90.70","93.50","90.40","93.30","0.3000","507"
"6691","洋基工程","186835","55135395","292.50","298.50","292.50","295.50","-4.0000","423"
"6695","芯鼎","2058346","119584539","55.90","59.40","55.90","57.80","0.1000","1723"
"6698","旭暉應材","714640","25240501","34.60","36.30","34.00","35.00","-0.5500","772"
"6706","惠特","2751619","273844692","98.00","102.00","96.20","101.00","2.0000","2470"
"6715","嘉基","364807","58215010","158.50","164.50","157.00","157.50","-1.0000","302"
"6719","力智","1217667","262970877","215.50","220.50","213.00","214.50","-7.5000","1348"
"6742","澤米","92823","4954323","54.00","54.40","52.40","53.20","-1.2000","124"
"6743","安普新","469513","27484576","57.50","59.70","57.20","59.00","0.5000","431"
"6753","龍德造船","989644","116338796","116.00","120.00","115.50","118.00","-1.5000","839"
"6754","匯僑設計","1118271","76157664","68.20","68.20","66.70","68.20","6.2000","499"
"6756","威鋒電子","155451","23558027","150.00","155.00","149.50","150.50","-5.5000","266"
"6757","台灣虎航-創","1010025","50968125","50.50","51.40","49.40","50.70","-1.3000","466"
"6768","志強-KY","269868","24370956","89.50","91.50","89.10","90.50","-3.1000","339"
"6770","力積電","10530649","219952236","20.65","21.20","20.60","20.85","-0.4500","5432"
"6771","平和環保-創","23100","1539500","65.90","67.20","65.90","67.00","-0.4000","26"
"6776","展碁國際","431251","23536905","55.00","55.80","53.70","55.20","-2.3000","424"
"6781","AES-KY","356411","163538758","479.00","479.00","446.00","459.00","-21.0000","620"
"6782","視陽","1649592","348224234","218.00","221.50","209.00","209.50","-22.5000","2235"
"6789","采鈺","1391363","379236656","265.50","278.50","265.50","270.50","-8.0000","2455"
"6790","永豐實","182218","9164009","50.00","51.40","49.60","50.30","-0.4000","263"
"6792","詠業","1329","88102","66.00","66.00","66.00","66.00","-0.1000","11"
"6794","向榮生技-創","8000","642300","80.90","81.80","79.10","80.90","0.0000","8"
"6796","晉弘","14435","1250440","87.30","87.30","86.10","86.10","-1.2000","19"
"6799","來頡","407766","46357064","109.00","117.50","109.00","113.50","0.5000","404"
"6805","富世達","1559334","1096960449","702.00","727.00","682.00","686.00","-34.0000","2818"
"6806","森崴能源","5144106","694128211","136.00","138.50","132.50","134.00","-6.0000","5893"
"6807","峰源-KY","81997","4917160","60.00","60.80","59.20","60.10","-0.2000","85"
"6830","汎銓","163118","20510204","125.00","127.50","124.00","125.50","0.0000","145"
"6834","天二科技","1480499","55508760","36.80","38.00","36.35","37.20","-0.2000","676"
"6835","圓裕","216000","9603500","44.05","45.40","43.50","44.70","0.0000","148"
"6854","錼創科技-KY創","19800","1296000","62.00","66.00","62.00","64.50","-0.3000","14"
"6861","睿生光電","41773","2701039","63.20","65.40","63.20","65.40","0.4000","98"
"6863","永道-KY","1216924","235086287","200.00","201.00","188.00","190.00","-16.5000","1779"
"6869","雲豹能源","15605564","3171007816","200.00","210.00","196.00","210.00","14.5000","14195"
"6873","泓德能源-創","587015","125463755","210.00","219.50","205.00","217.00","8.0000","458"
"6890","來億-KY","767002","198800570","261.00","269.50","249.00","261.50","-8.0000","1100"
"6901","鑽石投資","1439530","53046855","36.65","37.45","36.30","36.65","-0.2500","911"
"6902","走著瞧-創","13000","1962000","149.50","156.00","149.00","149.00","0.0000","9"
"6906","現觀科","52007","6156179","118.50","120.00","117.00","119.00","-2.0000","70"
"6914","阜爾運通","170769","22394599","134.50","134.50","128.50","132.00","-6.0000","381"
"6916","華凌","11114","256356","23.40","23.40","23.00","23.10","-0.3000","13"
"6928","攸泰科技","536664","33268637","65.00","65.00","61.90","61.90","-6.8000","956"
"6933","AMAX-KY","157744","34080234","221.50","221.50","211.50","215.00","-6.5000","375"
"6937","天虹","599910","132399356","224.00","226.00","216.00","220.00","-7.5000","668"
"6949","沛爾生醫-創","7000","661500","95.30","96.10","93.50","96.10","-0.3000","5"
"6951","青新-創","27200","1385118","50.80","51.20","50.20","50.90","0.7000","20"
"6952","大武山","43955","2248019","52.10","52.10","50.90","51.00","-1.1000","196"
"6957","裕慶-KY","520740","128981515","238.50","253.00","236.50","246.00","7.5000","1067"
"8011","台通","2198682","56888912","25.80","26.40","25.50","25.55","-0.5000","1462"
"8016","矽創","782728","175207121","225.00","228.00","221.50","221.50","-9.5000","1888"
"8021","尖點","4676518","151303129","30.60","33.30","30.25","32.00","0.4500","2629"
"8028","昇陽半導體","30983747","3332912333","106.50","110.50","105.00","107.00","0.5000","17366"
"8033","雷虎","1038933","66025425","64.00","64.40","63.00","63.20","-1.3000","1587"
"8039","台虹","951536","46450486","48.90","49.45","48.45","48.60","-1.3500","822"
"8046","南電","3563947","494403236","138.00","141.00","136.00","138.50","-4.5000","3283"
"8070","長華*","1314025","55254981","42.70","42.70","41.65","41.85","-0.9500","893"
"8072","陞泰","66422","1804871","27.50","27.50","26.90","27.20","-0.3500","198"
"8081","致新","380212","86372669","228.00","229.50","226.00","226.50","-6.5000","489"
"8101","華冠","160803","490764","3.08","3.08","3.04","3.08","0.0000","117"
"8103","瀚荃","3242606","208293238","59.40","66.30","59.30","66.30","6.0000","2150"
"8104","錸寶","1243928","42655961","34.85","35.20","33.30","34.25","-0.6500","910"
"8105","凌巨","6720096","111086710","17.00","17.00","16.25","16.30","-1.1000","3289"
"8110","華東","1399328","23239284","16.45","16.85","16.35","16.55","-0.3500","820"
"8112","至上","3241835","238067214","73.50","74.30","72.60","73.10","-1.9000","2528"
"8112A","至上甲特","5672","235805","41.55","41.65","41.55","41.65","0.0500","10"
"8114","振樺電","520445","93641508","171.50","184.00","171.00","182.00","7.0000","1031"
"8131","福懋科","257088","9192415","35.60","36.10","35.45","35.75","-0.6500","240"
"8150","南茂","1253141","46528069","37.10","37.50","36.75","37.15","-0.7000","995"
"8162","微矽電子-創","5000","174500","35.05","35.05","34.75","34.75","-0.7500","4"
"8163","達方","1063920","54337255","51.90","52.10","50.60","50.60","-2.3000","1265"
"8201","無敵","156157","2546388","16.55","16.55","16.05","16.40","-0.2500","102"
"8210","勤誠","4425561","1230112918","273.00","287.00","265.50","287.00","8.0000","10167"
"8213","志超","265129","9273005","34.75","35.20","34.70","34.90","-0.3000","344"
"8215","明基材","386504","10938894","28.20","28.65","28.00","28.15","-0.5500","394"
"8222","寶一","322592","10938083","34.60","34.90","33.20","33.70","-0.8500","312"
"8249","菱光","1553593","45054931","29.20","29.50","28.20","28.50","1.3500","1053"
"8261","富鼎","280560","20196762","70.70","72.80","70.70","71.60","-0.8000","396"
"8271","宇瞻","318444","16044598","50.50","51.10","49.75","50.30","-0.9000","353"
"8341","日友","238062","21880402","92.80","92.80","90.70","91.90","-1.8000","622"
"8367","建新國際","41568","2002917","48.55","48.55","47.50","48.40","-0.2000","63"
"8374","羅昇","29069574","3381586310","113.00","121.00","109.00","121.00","11.0000","17180"
"8404","百和興業-KY","293527","5052212","17.20","17.40","17.05","17.10","-0.5500","178"
"8411","福貞-KY","110828","1551447","13.85","14.10","13.85","14.00","-0.1500","112"
"8422","可寧衛","175401","31474629","178.50","180.00","178.50","180.00","0.5000","288"
"8429","金麗-KY","90330","861357","9.44","9.57","9.43","9.54","-0.0400","205"
"8438","昶昕","180232","6719190","37.90","37.90","36.90","37.40","-0.6500","167"
"8442","威宏-KY","223995","25667704","110.50","116.50","110.00","116.00","6.0000","182"
"8443","阿瘦","122301","1397156","11.45","11.50","11.35","11.45","-0.1000","318"
"8454","富邦媒","1272799","493679489","384.50","393.50","381.50","390.00","-9.5000","2145"
"8462","柏文","40189","4386897","110.00","110.00","108.50","109.00","-1.5000","156"
"8463","潤泰材","596171","17113402","29.55","29.55","28.15","28.80","-0.8000","329"
"8464","億豐","869847","336198894","389.00","390.50","383.00","385.00","-14.0000","856"
"8466","美吉吉-KY","66240","3807390","57.70","58.00","56.60","56.60","0.0000","75"
"8467","波力-KY","353645","73910759","211.00","215.50","204.00","204.50","-8.5000","389"
"8473","山林水","970593","40474464","42.15","42.25","41.10","41.45","-1.3500","944"
"8476","台境","100191","5998887","60.00","60.00","59.70","60.00","0.0000","45"
"8478","東哥遊艇","394082","117168103","300.00","302.00","293.00","296.50","-5.5000","2263"
"8481","政伸","8127","400452","49.45","49.45","49.00","49.45","0.0000","12"
"8482","商億-KY","","","","","","","0.0000",""
"8487","愛爾達-創","38000","2816600","74.30","74.90","73.30","73.30","1.6000","31"
"8488","吉源-KY","26112","426324","16.85","16.85","15.80","16.50","-0.1000","28"
"8499","鼎炫-KY","18231","2092405","114.00","115.50","114.00","115.50","-0.5000","26"
"8926","台汽電","1084938","46756615","43.05","43.40","42.90","43.15","-0.6500","829"
"8940","新天地","214301","4726965","22.20","22.20","21.80","22.15","-0.0500","699"
"8996","高力","5541151","1693252294","303.50","320.00","293.00","297.00","-13.0000","5464"
"9103","美德醫療-DR","825020","5489776","6.70","6.75","6.59","6.65","-0.1000","330"
"910322","康師傅-DR","213387","4051459","19.50","19.50","18.80","18.90","-0.9000","268"
"9105","泰金寶-DR","15425890","81639732","5.27","5.36","5.20","5.28","-0.1700","3692"
"910861","神州-DR","18000","117660","6.22","6.62","6.22","6.61","0.0500","13"
"9110","越南控-DR","10000","70580","7.00","7.21","7.00","7.21","-0.0400","5"
"911608","明輝-DR","47100","167478","3.50","3.64","3.50","3.58","-0.1000","26"
"911622","泰聚亨-DR","75000","397510","5.18","5.55","5.18","5.53","0.1200","33"
"911868","同方友友-DR","598000","966320","1.63","1.65","1.56","1.64","0.0100","155"
"912000","晨訊科-DR","615557","1989475","3.24","3.27","3.15","3.26","0.0200","193"
"9136","巨騰-DR","224100","1486840","6.70","6.73","6.60","6.67","-0.1000","95"
"9802","鈺齊-KY","617945","70041032","114.50","115.00","112.00","113.00","-1.5000","510"
"9902","台火","2971354","61060005","20.85","21.55","20.00","20.10","-0.8000","1900"
"9904","寶成","5411300","182012224","33.95","34.10","33.10","33.65","-0.7500","3429"
"9905","大華","112452","2571283","22.80","23.00","22.80","23.00","0.0000","130"
"9906","欣巴巴","8357789","1689141068","199.50","213.50","192.00","207.50","12.5000","7348"
"9907","統一實","1177976","17653899","14.90","15.15","14.90","14.95","-0.1000","807"
"9908","大台北","123253","3837316","31.00","31.25","31.00","31.25","0.1000","150"
"9910","豐泰","609969","80792005","130.50","135.00","130.00","132.50","-0.5000","785"
"9911","櫻花","775271","70641909","90.60","92.20","89.30","91.40","2.0000","1115"
"9912","偉聯","51092","594283","11.55","11.90","11.50","11.70","0.0000","73"
"9914","美利達","3686897","910595349","235.00","252.50","232.50","246.50","0.0000","3159"
"9917","中保科","304380","40085107","130.50","133.00","130.50","131.50","-2.0000","389"
"9918","欣天然","11861","474347","39.45","41.05","39.45","41.05","0.6500","41"
"9919","康那香","478684","9139033","19.20","19.30","18.80","19.25","-0.0500","404"
"9921","巨大","1914656","427442014","215.50","227.00","215.50","224.00","3.0000","3052"
"9924","福興","122775","6405955","52.10","52.50","51.80","52.50","-0.1000","130"
"9925","新保","198240","7991131","40.20","40.50","40.20","40.40","0.2000","179"
"9926","新海","15150","805876","53.00","53.70","53.00","53.20","-0.6000","34"
"9927","泰銘","263495","19191421","72.20","73.40","72.20","72.70","-0.8000","427"
"9928","中視","45243","896086","20.10","20.10","19.45","19.90","-0.2000","55"
"9929","秋雨","4001","65016","16.25","16.25","16.25","16.25","-0.6000","5"
"9930","中聯資源","518867","33815038","64.50","66.00","63.90","65.00","0.3000","385"
"9931","欣高","26869","922997","34.35","34.40","34.30","34.30","-0.4000","50"
"9933","中鼎","2716710","128107233","47.15","47.80","46.60","47.15","-0.9000","2208"
"9934","成霖","5202643","91416848","17.80","18.10","17.30","17.60","0.4000","2485"
"9935","慶豐富","714611","19632517","27.40","28.05","26.95","27.20","-0.3000","466"
"9937","全國","20126","1270756","62.90","63.70","62.90","63.10","-1.1000","50"
"9938","百和","1768850","103891448","59.80","60.40","58.00","58.50","-2.0000","1409"
"9939","宏全","1542725","240145167","159.00","159.50","153.00","154.50","-7.5000","2006"
"9940","信義","443188","14345455","32.10","32.75","32.00","32.30","-0.5000","560"
"9941","裕融","624687","91251246","146.50","147.50","145.00","146.00","-3.0000","1827"
"9941A","裕融甲特","11043","566605","51.30","51.40","51.30","51.40","0.1000","3"
"9942","茂順","318521","37498998","120.00","120.50","116.00","116.00","0.0000","500"
"9943","好樂迪","94623","7727464","82.00","82.20","81.20","81.60","-0.4000","125"
"9944","新麗","1839830","38277174","21.10","21.15","20.40","20.90","-1.6500","1039"
"9945","潤泰新","13814377","641255662","45.60","47.30","45.10","46.60","0.5000","7103"
"9946","三發地產","834312","30337491","36.95","37.10","35.70","36.30","-1.2000","607"
"9955","佳龍","2345400","85016818","36.70","36.80","35.45","36.30","-0.4000","1741"
"9958","世紀鋼","8152462","1560724677","189.00","198.00","185.00","188.00","-6.5000","7547"
