證券代號,證券名稱,成交股數,成交金額,開盤價,最高價,最低價,收盤價,漲跌價差,成交筆數
"0050","元大台灣50","6666498","1042279767","157.35","157.35","156.00","156.15","-2.1000","12625"
"0051","元大中型100","32742","2584171","79.10","79.10","78.70","79.00","-0.2500","243"
"0052","富邦科技","335852","50736821","151.80","151.80","150.70","151.10","-2.8000","998"
"0053","元大電子","5962","503908","84.65","84.65","84.15","84.15","-2.0000","103"
"0055","元大MSCI金融","319140","8193853","25.58","25.73","25.56","25.63","0.0300","248"
"0056","元大高股息","13556448","517965339","38.10","38.40","37.94","38.35","0.0300","11466"
"0057","富邦摩台","17019","1969518","115.55","115.95","115.40","115.40","-2.4500","75"
"0061","元大寶滬深","174920","3090712","17.60","17.77","17.54","17.75","0.1500","156"
"006203","元大MSCI台灣","4447","329867","74.10","74.30","74.10","74.30","-1.4000","92"
"006204","永豐臺灣加權","12018","1207677","100.65","100.65","100.50","100.50","-1.2500","72"
"006205","富邦上証","702576","21365201","30.30","30.58","30.24","30.58","0.2300","260"
"006206","元大上證50","100033","2925486","29.10","29.44","29.10","29.39","0.2400","98"
"006207","復華滬深","172349","3995272","23.08","23.24","22.96","23.24","0.1600","95"
"006208","富邦台50","4186743","383349905","92.20","92.20","91.30","91.50","-1.2000","10046"
"00625K","富邦上証+R","","","","","","","0.0000",""
"00631L","元大台灣50正2","2931435","566594464","193.40","194.50","192.00","193.10","-3.2500","3146"
"00632R","元大台灣50反1","85529481","334297476","3.90","3.92","3.89","3.91","0.0300","3717"
"00633L","富邦上証正2","5708172","204222377","35.57","36.26","35.34","36.26","0.5100","1151"
"00634R","富邦上証反1","51000","230130","4.54","4.54","4.50","4.50","-0.0400","13"
"00635U","期元大S&P黃金","581624","16072668","27.73","27.73","27.55","27.56","-0.1600","272"
"00636","國泰中國A50","1464744","30958623","21.10","21.28","21.01","21.27","0.1400","375"
"00636K","國泰中國A50+U","","","","","","","0.0000",""
"00637L","元大滬深300正2","47409012","681029713","14.26","14.54","14.17","14.54","0.2100","5537"
"00638R","元大滬深300反1","1678635","15904948","9.55","9.57","9.46","9.46","-0.0500","57"
"00639","富邦深100","480708","5265141","10.85","11.00","10.84","10.99","0.0700","125"
"00640L","富邦日本正2","367318","20921435","56.85","57.25","56.70","57.10","-0.0500","166"
"00641R","富邦日本反1","736100","4773160","6.49","6.50","6.47","6.48","0.0000","74"
"00642U","期元大S&P石油","3808411","67860099","17.80","17.88","17.78","17.86","-0.6400","1396"
"00643","群益深証中小","549184","6485385","11.77","11.90","11.74","11.90","0.1100","176"
"00643K","群益深証中小+R","","","","","","","0.0000",""
"00645","富邦日本","1267390","47966883","37.78","37.89","37.71","37.89","0.0800","341"
"00646","元大S&P500","1827264","93557443","51.25","51.25","51.05","51.20","-0.7000","994"
"00647L","元大S&P500正2","90141","6983702","77.40","77.55","77.30","77.50","-2.0000","111"
"00648R","元大S&P500反1","1394503","8338626","5.98","5.99","5.97","5.98","0.0900","94"
"00650L","復華香港正2","34010578","347183791","9.88","10.45","9.83","10.45","0.5200","3262"
"00651R","復華香港反1","1637062","14531777","9.04","9.10","8.80","8.83","-0.2100","215"
"00652","富邦印度","259141","9658528","37.39","37.39","37.22","37.35","-0.0400","259"
"00653L","富邦印度正2","84964","4965411","58.45","58.75","58.25","58.75","-0.2500","71"
"00654R","富邦印度反1","51000","347730","6.83","6.83","6.81","6.81","0.0200","15"
"00655L","國泰中國A50正2","3053316","74853119","24.28","24.79","24.13","24.79","0.3700","661"
"00656R","國泰中國A50反1","492057","4191629","8.57","8.59","8.48","8.48","-0.0600","28"
"00657","國泰日經225","497907","22315146","44.78","45.01","44.75","44.95","0.0800","134"
"00657K","國泰日經225+U","","","","","","","0.0000",""
"00660","元大歐洲50","6795","240033","35.27","35.42","35.27","35.42","-0.5000","93"
"00661","元大日經225","205304","10093725","49.13","49.32","49.07","49.27","0.1200","191"
"00662","富邦NASDAQ","1534367","112000997","73.10","73.10","72.90","72.95","-1.3000","1064"
"00663L","國泰臺灣加權正2","40018","7124054","178.15","178.25","178.00","178.00","-4.2000","11"
"00664R","國泰臺灣加權反1","9128325","40382525","4.43","4.44","4.41","4.43","0.0400","371"
"00665L","富邦恒生國企正2","80312757","541937614","6.51","6.91","6.42","6.91","0.3600","5133"
"00666R","富邦恒生國企反1","1281223","19023883","15.20","15.20","14.76","14.78","-0.3800","155"
"00668","國泰美國道瓊","33735","1517808","44.90","44.99","44.90","44.97","-0.3400","111"
"00668K","國泰美國道瓊+U","","","","","","","0.0000",""
"00669R","國泰美國道瓊反1","2704325","19872977","7.35","7.36","7.34","7.35","0.0600","160"
"00670L","富邦NASDAQ正2","2039799","207391537","101.45","101.85","101.40","101.80","-3.7000","1187"
"00671R","富邦NASDAQ反1","5095250","21563123","4.23","4.24","4.23","4.24","0.0800","308"
"00673R","期元大S&P原油反1","49278997","365930320","7.44","7.45","7.40","7.41","0.2400","2332"
"00674R","期元大S&P黃金反1","406106","4353957","10.70","10.75","10.68","10.75","0.0500","122"
"00675L","富邦臺灣加權正2","1223165","95162780","77.70","78.30","77.35","77.75","-1.2000","1456"
"00676R","富邦臺灣加權反1","4245597","10399017","2.44","2.46","2.44","2.44","0.0100","204"
"00678","群益那斯達克生技","287256","7944858","27.70","27.73","27.63","27.63","0.4400","102"
"00680L","元大美債20正2","18379706","146007274","7.93","7.98","7.92","7.98","-0.0300","2309"
"00681R","元大美債20反1","383000","8171030","21.34","21.35","21.28","21.28","0.0500","18"
"00682U","期元大美元指數","21000","449290","21.40","21.40","21.39","21.39","-0.0100","18"
"00683L","期元大美元指正2","970296","22611076","23.35","23.36","23.28","23.29","-0.0800","60"
"00684R","期元大美元指反1","179000","2728560","15.24","15.25","15.24","15.25","-0.0100","7"
"00685L","群益臺灣加權正2","172104","11921459","69.35","69.65","68.90","69.25","-1.1500","117"
"00686R","群益臺灣加權反1","485000","1276900","2.63","2.64","2.63","2.63","0.0200","24"
"00688L","國泰20年美債正2","11653933","92187808","7.90","7.94","7.88","7.93","-0.0400","873"
"00689R","國泰20年美債反1","2000","44240","22.11","22.13","22.11","22.13","0.0000","2"
"00690","兆豐藍籌30","3289139","103517385","31.75","31.75","31.36","31.39","-0.3900","2152"
"00692","富邦公司治理","1980143","74785988","38.04","38.04","37.66","37.69","-0.5000","2380"
"00693U","期街口S&P黃豆","132163","3126087","23.62","23.70","23.62","23.67","0.0500","42"
"00700","富邦恒生國企","1528096","19566973","12.41","12.98","12.40","12.94","0.3600","322"
"00701","國泰股利精選30","930568","25057514","26.80","27.00","26.80","26.95","0.0800","595"
"00702","國泰標普低波高息","115898","2635944","22.44","22.76","22.44","22.75","-0.1500","99"
"00703","台新MSCI中國","264417","4066889","15.30","15.55","15.12","15.53","0.3700","60"
"00706L","期元大S&P日圓正2","10836378","68003818","6.25","6.30","6.25","6.29","0.0600","898"
"00707R","期元大S&P日圓反1","1000","29700","29.70","29.70","29.70","29.70","-0.1700","1"
"00708L","期元大S&P黃金正2","503559","17011442","33.90","33.96","33.58","33.58","-0.3800","219"
"00709","富邦歐洲","89508","2588855","28.94","28.94","28.90","28.94","-0.2200","26"
"00710B","復華彭博非投等債","470124","9121305","19.37","19.42","19.27","19.41","0.0000","93"
"00711B","復華彭博新興債","117926","1883309","15.97","15.98","15.97","15.98","-0.0500","108"
"00712","復華富時不動產","8770270","83915266","9.58","9.59","9.56","9.57","0.0000","2891"
"00713","元大台灣高息低波","3819431","214984954","56.15","56.45","56.00","56.40","0.2000","3874"
"00714","群益道瓊美國地產","286750","5345304","18.63","18.65","18.61","18.65","-0.2500","162"
"00715L","期街口布蘭特正2","37216361","613952073","16.48","16.62","16.42","16.58","-1.2100","5645"
"00717","富邦美國特別股","723468","11374935","15.72","15.74","15.72","15.72","-0.0100","122"
"00728","第一金工業30","261030","7697451","29.45","29.56","29.37","29.41","-0.4300","168"
"00730","富邦臺灣優質高息","253649","5614606","22.10","22.18","22.04","22.14","-0.1000","171"
"00731","復華富時高息低波","519741","38824032","74.45","74.90","74.35","74.90","-0.3000","187"
"00733","富邦臺灣中小","2185367","127429109","58.25","58.50","58.10","58.40","0.1500","3844"
"00735","國泰臺韓科技","102069","3391554","33.25","33.25","33.23","33.23","-0.0700","101"
"00736","國泰新興市場","104925","2328682","22.15","22.20","22.12","22.20","0.0300","102"
"00737","國泰AI+Robo","340644","10257476","30.00","30.16","30.00","30.16","-0.2000","90"
"00738U","期元大道瓊白銀","869232","21495339","24.84","24.86","24.59","24.63","-0.2900","316"
"00739","元大MSCI A股","41491","894312","21.40","21.74","21.40","21.74","0.1600","75"
"00752","中信中國50","8352103","153206815","18.00","18.46","17.92","18.45","0.4500","1713"
"00753L","中信中國50正2","35178215","279035198","7.65","8.08","7.65","8.08","0.3600","3794"
"00757","統一FANG+","2300072","175831719","76.15","76.75","76.10","76.70","-1.1000","1933"
"00762","元大全球AI","222799","12696411","57.05","57.05","56.90","57.00","-0.8000","390"
"00763U","期街口道瓊銅","600765","16894918","28.14","28.20","28.05","28.07","-0.6600","301"
"00770","國泰北美科技","697204","28636325","41.29","41.29","40.99","41.09","-0.8400","691"
"00771","元大US高息特別股","22520","391717","17.40","17.40","17.39","17.40","-0.0700","75"
"00775B","新光投等債15+","4941","166527","33.70","33.80","33.70","33.77","-0.0400","93"
"00783","富邦中証500","96061","1807268","18.60","18.91","18.60","18.91","0.1700","83"
"00830","國泰費城半導體","17299510","722820968","41.64","41.90","41.50","41.85","-1.6400","4568"
"00850","元大臺灣ESG永續","1179446","46907246","39.75","39.89","39.65","39.78","-0.4000","1635"
"00851","台新全球AI","26143","1066220","40.96","40.96","40.65","40.77","-0.8600","92"
"00852L","國泰美國道瓊正2","1389166","31910809","22.98","23.01","22.96","22.98","-0.3700","94"
"00861","元大全球未來通訊","223274","8442996","37.96","37.96","37.74","37.85","-0.7000","141"
"00865B","國泰US短期公債","176696","8020016","45.36","45.41","45.36","45.39","0.0300","101"
"00875","國泰網路資安","426954","13608615","31.86","31.91","31.84","31.84","-0.4500","111"
"00876","元大全球5G","146966","5430471","37.03","37.03","36.65","36.97","-0.5000","166"
"00878","國泰永續高股息","131909467","2934937125","22.25","22.36","22.13","22.22","-0.0400","49653"
"00881","國泰台灣5G+","8212999","170804169","20.80","20.86","20.67","20.82","-0.1900","2187"
"00882","中信中國高股息","20063304","219270344","10.85","11.00","10.81","10.96","0.1100","4424"
"00885","富邦越南","6239538","73978508","11.88","11.91","11.81","11.83","-0.0600","1864"
"00891","中信關鍵半導體","5556252","95482670","17.22","17.30","17.06","17.25","-0.0500","2518"
"00892","富邦台灣半導體","2501019","37212004","14.81","14.95","14.78","14.91","-0.0900","796"
"00893","國泰智能電動車","6345270","126741562","19.90","20.02","19.80","20.00","-0.7000","1295"
"00894","中信小資高價30","819281","15067791","18.32","18.48","18.27","18.39","-0.2100","286"
"00895","富邦未來車","1801374","43411963","24.26","24.26","24.03","24.06","-0.7000","720"
"00896","中信綠能及電動車","854785","14600478","17.17","17.17","17.04","17.09","-0.1800","384"
"00897","富邦基因免疫生技","2009860","15991191","7.89","7.97","7.88","7.96","0.1200","282"
"00898","國泰基因免疫革命","1203904","8290752","6.81","6.92","6.81","6.90","0.1100","231"
"00899","FT潔淨能源","143769","2359909","16.48","16.48","16.35","16.40","-0.0800","134"
"00900","富邦特選高股息30","15286266","240451706","15.53","15.80","15.53","15.79","0.1900","2546"
"00901","永豐智能車供應鏈","604508","10623773","17.59","17.62","17.51","17.60","-0.2100","140"
"00902","中信電池及儲能","3202138","31970930","9.98","10.02","9.94","10.00","-0.1000","624"
"00903","富邦元宇宙","263966","3386639","12.90","12.90","12.70","12.84","-0.1200","124"
"00904","新光臺灣半導體30","497321","8055416","16.17","16.25","16.16","16.23","-0.1200","300"
"00905","FT臺灣Smart","1427188","17382668","12.28","12.28","12.15","12.21","-0.1100","811"
"00907","永豐優息存股","1698996","25988467","15.27","15.36","15.20","15.22","-0.0500","429"
"00908","富邦入息REITs+","261669","3160677","12.12","12.12","12.05","12.08","-0.0400","83"
"00909","國泰數位支付服務","4537824","108095132","23.93","23.95","23.71","23.84","-1.2700","2728"
"00910","第一金太空衛星","460224","7712265","16.77","16.78","16.75","16.75","-0.0300","22"
"00911","兆豐洲際半導體","387355","9913889","25.57","25.63","25.57","25.63","-1.0800","311"
"00912","中信臺灣智慧50","794381","13409610","16.92","16.92","16.80","16.86","-0.1700","160"
"00913","兆豐台灣晶圓製造","479749","9163360","19.07","19.15","19.05","19.15","-0.1100","40"
"00915","凱基優選高股息30","8555372","221018102","25.78","25.93","25.68","25.90","0.1200","2828"
"00916","國泰全球品牌50","669117","13996541","21.06","21.06","20.84","20.97","-0.1600","360"
"00917","中信特選金融","1094419","20576885","18.77","18.83","18.75","18.81","-0.0300","190"
"00918","大華優利高填息30","8003861","189423998","23.67","23.76","23.56","23.71","0.0100","2397"
"00919","群益台灣精選高息","53909875","1326282390","24.70","24.70","24.53","24.57","-0.1500","28800"
"00920","富邦ESG綠色電力","259146","3634127","14.02","14.06","13.96","14.01","-0.0100","101"
"00921","兆豐龍頭等權重","1472062","28416389","19.23","19.40","19.23","19.34","0.1100","417"
"00922","國泰台灣領袖50","5322176","99845534","18.82","18.82","18.67","18.77","-0.1900","2161"
"00923","群益台ESG低碳50","5774708","112212639","19.55","19.55","19.37","19.44","-0.1900","2894"
"00924","復華S&P500成長","945226","18936485","20.11","20.11","20.01","20.04","-0.3500","612"
"00925","新光標普電動車","557368","8980992","16.08","16.13","16.08","16.12","-0.4500","16"
"00926","凱基全球菁英55","1249978","24832115","20.10","20.10","19.83","19.86","-0.3100","597"
"00927","群益半導體收益","4816337","88275960","18.29","18.41","18.20","18.37","-0.0800","1915"
"00929","復華台灣科技優息","79090542","1580738554","20.00","20.09","19.89","20.05","-0.0200","28432"
"00930","永豐ESG低碳高息","1265508","25325046","20.01","20.11","19.94","20.10","-0.0400","561"
"00932","兆豐永續高息等權","8213058","145861407","17.72","17.87","17.68","17.85","0.1600","1751"
"00934","中信成長高股息","12251524","229889510","18.58","18.86","18.57","18.85","0.2400","1382"
"00935","野村臺灣新科技50","4240006","80852355","19.15","19.15","18.96","19.09","-0.2000","1508"
"00936","台新永續高息中小","7878602","145090549","18.37","18.51","18.23","18.49","0.2600","1644"
"00939","統一台灣高息動能","20251519","288070601","14.24","14.30","14.17","14.27","-0.0100","6282"
"00940","元大台灣價值高息","71638414","685681510","9.59","9.59","9.55","9.58","-0.0200","20629"
"00941","中信上游半導體","12883399","188864721","14.68","14.70","14.59","14.67","-0.1300","3805"
"00945B","凱基美國非投等債","21799099","326136616","14.96","14.98","14.95","14.96","-0.0300","1415"
"01001T","土銀富邦R1","217902","3147753","14.60","14.60","14.30","14.31","0.0000","59"
"01002T","土銀國泰R1","","","","","","","0.0000",""
"01004T","土銀富邦R2","200002","2560028","12.80","12.80","12.80","12.80","0.0000","4"
"01007T","兆豐國泰R2","26012","434310","16.70","16.70","16.67","16.70","0.0000","11"
"01009T","王道圓滿R1","49000","391990","8.01","8.01","7.99","8.01","0.0000","13"
"01010T","京城樂富R1","89000","896140","10.06","10.07","10.05","10.07","0.0000","14"
"020000","富邦特選蘋果N","12000","129050","10.74","10.78","10.71","10.77","-0.1900","5"
"020011","統一微波高息20N","14000","137800","9.85","9.85","9.84","9.84","0.0000","2"
"020012","富邦行動通訊N","","","","","","","0.0000",""
"020015","統一MSCI美低波N","","","","","","","0.0000",""
"020016","統一MSCI美科技N","","","","","","","0.0000",""
"020018","統一價值成長30N","20000","472200","23.60","23.62","23.60","23.62","0.0100","2"
"020019","統一特選台灣5GN","","","","","","","0.0000",""
"02001L","富邦蘋果正二N","26000","577330","21.90","22.33","21.90","22.22","-0.7500","14"
"02001R","富邦蘋果反一N","","","","","","","0.0000",""
"02001S","策元大加權策略N","","","","","","","0.0000",""
"020020","元大台股領航N","108000","1048900","9.69","9.74","9.68","9.71","-0.1800","20"
"020028","元大特選電動車N","49000","419070","8.54","8.60","8.50","8.53","-0.1700","14"
"020029","元大ESG高股息N","131000","1064910","8.14","8.17","8.11","8.15","-0.0300","16"
"020030","統一智慧電動車N","26000","146140","5.66","5.66","5.58","5.63","-0.0400","4"
"020031","統一IC設計臺灣N","36000","211820","5.81","5.93","5.81","5.93","0.0300","20"
"020032","元大綠能N","19000","116600","6.19","6.19","6.10","6.10","-0.1100","6"
"020034","元大IC設計N","60000","455640","7.50","7.64","7.48","7.61","0.0200","18"
"020036","元大金融配息N","13000","76820","5.91","5.91","5.90","5.91","0.0000","3"
"020037","元大金融高股息N","15000","90900","6.06","6.06","6.06","6.06","0.0000","3"
"020038","元大ESG配息N","21000","147240","7.03","7.05","7.00","7.04","-0.0100","10"
"020039","元大加權N","32000","194590","6.14","6.14","6.07","6.07","-0.0800","15"
"1101","台泥","17725463","572383337","32.10","32.40","32.10","32.30","0.2500","6330"
"1101B","台泥乙特","11058","532701","48.00","48.40","47.80","48.40","0.0000","9"
"1102","亞泥","6750286","295740686","43.70","44.00","43.55","43.80","0.1000","3785"
"1103","嘉泥","1793216","33561551","18.40","18.95","18.40","18.85","0.4500","1184"
"1104","環泥","2131256","76016234","35.30","36.15","35.30","35.35","0.2000","1857"
"1108","幸福","2535872","43526876","17.10","17.30","16.90","17.25","0.3000","850"
"1109","信大","1847661","38042250","19.95","21.00","19.90","20.95","0.9500","1156"
"1110","東泥","690054","14350085","20.20","21.20","20.15","20.80","0.6000","368"
"1201","味全","279918","5301284","18.95","19.00","18.85","18.95","0.0000","323"
"1203","味王","20727","1036996","50.00","50.20","49.90","50.00","0.0500","102"
"1210","大成","876297","50118220","57.20","57.50","57.00","57.40","0.2000","991"
"1213","大飲","61571","439220","7.12","7.19","7.12","7.18","0.0000","15"
"1215","卜蜂","246547","26003259","106.00","106.00","105.00","105.50","-0.5000","426"
"1216","統一","9798400","745443582","76.20","76.90","75.80","76.00","-0.5000","5532"
"1217","愛之味","2960283","36183973","12.10","12.35","12.05","12.30","0.2000","1157"
"1218","泰山","2116472","47455278","22.35","22.55","22.20","22.50","0.2500","1164"
"1219","福壽","720959","13904305","19.20","19.40","19.15","19.30","0.0500","375"
"1220","台榮","3755038","65091719","16.45","17.75","16.45","17.35","0.9500","2063"
"1225","福懋油","65632","4051037","63.00","63.00","60.40","61.50","1.2000","105"
"1227","佳格","668593","25726736","38.35","38.65","38.30","38.50","0.1500","542"
"1229","聯華","739299","49053675","66.40","66.50","66.00","66.40","0.0000","786"
"1231","聯華食","210469","20701759","98.00","98.80","97.70","97.80","-0.2000","318"
"1232","大統益","59742","8679954","144.50","146.00","144.50","145.50","0.5000","151"
"1233","天仁","8339","280838","33.60","33.85","33.60","33.85","0.0000","19"
"1234","黑松","192077","8111047","42.20","42.40","42.10","42.20","0.0000","329"
"1235","興泰","3957","326509","82.70","82.70","82.70","82.70","0.0000","13"
"1236","宏亞","22079","525944","23.75","23.95","23.75","23.85","0.0500","145"
"1256","鮮活果汁-KY","12857","2776917","216.00","216.00","214.50","216.00","0.0000","355"
"1301","台塑","4074994","278948951","68.50","68.90","68.00","68.80","0.3000","3406"
"1303","南亞","6973122","398709891","56.70","57.50","56.40","57.40","0.7000","4096"
"1304","台聚","3485896","56108450","15.95","16.25","15.95","16.15","0.3000","1714"
"1305","華夏","1491558","27080536","18.30","18.30","18.10","18.25","-0.0500","844"
"1307","三芳","1632001","50752623","30.45","31.65","30.35","31.35","0.9000","957"
"1308","亞聚","714002","13761601","19.30","19.40","19.20","19.30","-0.1000","796"
"1309","台達化","382112","5856081","15.40","15.40","15.25","15.40","0.0000","591"
"1310","台苯","714838","9416479","13.20","13.30","13.10","13.20","0.0000","729"
"1312","國喬","1316167","17747761","13.40","13.55","13.40","13.50","0.0000","812"
"1312A","國喬特","1000","24450","24.45","24.45","24.45","24.45","-0.0500","1"
"1313","聯成","1185204","16452093","13.75","13.95","13.75","13.90","0.1500","584"
"1314","中石化","181882963","2105834082","11.35","11.80","11.20","11.45","0.2000","31216"
"1315","達新","21199","1511144","71.30","71.40","71.00","71.40","0.1000","53"
"1316","上曜","36655873","805201330","21.60","22.30","20.85","22.30","2.0000","11945"
"1319","東陽","5163795","630929128","120.00","124.50","119.50","122.50","3.5000","3552"
"1321","大洋","1288807","51331061","38.85","40.85","38.80","40.45","1.6500","736"
"1323","永裕","11048","343888","31.10","31.20","31.05","31.20","0.1500","14"
"1324","地球","133988","2034265","15.15","15.30","15.00","15.20","0.0500","106"
"1325","恆大","159821","4446302","27.85","27.90","27.65","27.85","0.0000","119"
"1326","台化","2686761","149386976","55.50","56.00","55.30","55.70","0.2000","2495"
"1337","再生-KY","2618251","20338548","7.63","7.82","7.63","7.78","0.1600","551"
"1338","廣華-KY","45413","1531225","33.40","33.95","33.40","33.65","0.2500","121"
"1339","昭輝","1621197","129798267","77.00","81.50","77.00","80.40","3.3000","1633"
"1340","勝悅-KY","120464","1205897","10.00","10.05","9.99","10.05","0.0000","258"
"1341","富林-KY","16015","1053093","65.00","66.20","65.00","66.00","1.0000","73"
"1342","八貫","115018","13871730","121.00","121.00","119.50","121.00","0.5000","224"
"1402","遠東新","9543939","317019496","32.70","33.45","32.60","33.20","0.7000","4632"
"1409","新纖","7228488","124941925","17.05","17.50","17.00","17.20","0.1000","2350"
"1410","南染","56091","2115491","37.50","38.10","36.95","38.00","0.6000","46"
"1413","宏洲","2933965","34579202","10.80","11.85","10.80","11.85","1.0500","925"
"1414","東和","880433","18102307","20.50","20.90","20.35","20.35","-0.2000","546"
"1416","廣豐","1525455","20840241","13.40","13.80","13.40","13.55","0.1500","633"
"1417","嘉裕","618114","7127917","11.40","11.70","11.35","11.70","0.3000","323"
"1418","東華","52022","1689395","32.40","32.65","32.35","32.50","-0.3500","52"
"1419","新紡","583063","29783402","50.50","52.30","49.65","51.80","1.7000","543"
"1423","利華","94862","2982255","31.40","31.50","31.35","31.50","0.1000","103"
"1432","大魯閣","320916","5886857","18.20","18.45","18.00","18.40","0.2000","417"
"1434","福懋","667148","15243109","22.85","22.95","22.75","22.85","0.0000","628"
"1435","中福","459","20917","","","","","0.0000","20"
"1436","華友聯","797416","117304602","146.50","149.00","143.50","148.00","2.5000","816"
"1437","勤益控","364106","12211342","33.45","33.75","33.20","33.60","0.3500","308"
"1438","三地開發","480850","27080426","55.60","57.40","55.20","56.30","0.7000","379"
"1439","雋揚","348875","10180599","28.45","29.50","28.40","29.50","1.0500","215"
"1440","南紡","20634220","414835638","19.90","20.50","19.70","20.00","0.3000","7604"
"1441","大東","18855","251824","13.25","13.40","13.25","13.40","0.1500","67"
"1442","名軒","5420569","319957178","57.60","59.90","57.60","58.60","0.7000","3482"
"1443","立益物流","31119","997945","32.10","32.20","32.00","32.15","0.1000","31"
"1444","力麗","2192017","21215393","9.54","9.80","9.53","9.79","0.2500","853"
"1445","大宇","2206961","53243868","24.30","24.55","23.70","24.15","-0.1500","1310"
"1446","宏和","4475509","188170653","40.30","43.75","39.80","43.75","3.9500","2237"
"1447","力鵬","3179979","26158658","8.10","8.30","8.10","8.28","0.1800","1039"
"1449","佳和","250999","4467056","17.85","17.95","17.60","17.85","0.0000","194"
"1451","年興","208352","4332970","20.75","20.90","20.65","20.85","0.1000","163"
"1452","宏益","426837","7453235","17.20","17.55","17.20","17.50","0.3000","282"
"1453","大將","7763150","192694427","22.25","25.05","22.25","25.05","2.2500","3116"
"1454","台富","63424","1011267","16.00","16.05","15.85","16.00","-0.0500","39"
"1455","集盛","4313183","62378873","14.90","15.05","14.20","14.45","-0.4500","1842"
"1456","怡華","757769","16906948","21.65","22.95","21.65","22.45","0.9500","481"
"1457","宜進","3365828","83893030","24.95","25.60","24.50","24.80","-0.2000","2206"
"1459","聯發","2095120","25438239","12.10","12.65","11.75","12.25","0.0500","995"
"1460","宏遠","685449","5432334","7.79","7.96","7.79","7.95","0.0500","260"
"1463","強盛","145726","2679119","18.20","18.75","18.20","18.65","0.4500","108"
"1464","得力","275560","3664232","13.40","13.40","13.25","13.35","-0.0500","277"
"1465","偉全","420842","6453747","15.15","15.80","15.15","15.80","0.6500","247"
"1466","聚隆","158302","2078635","13.30","13.30","12.95","13.10","-0.1000","81"
"1467","南緯","711975","8685806","12.10","12.30","12.10","12.30","0.2000","389"
"1468","昶和","107115","1420045","13.35","13.55","13.00","13.45","-0.1000","90"
"1470","大統新創","3069","59213","19.35","19.45","19.10","19.45","0.1000","6"
"1471","首利","449276","6732154","14.90","15.35","14.70","15.15","0.2000","230"
"1472","三洋實業","144887","12048650","81.50","84.10","81.10","83.60","2.6000","153"
"1473","台南","399605","13565246","33.45","34.25","33.45","33.80","0.3500","361"
"1474","弘裕","430761","6052969","13.90","14.20","13.90","14.05","0.2000","253"
"1475","業旺","121775","6696968","54.80","55.30","54.40","55.30","0.5000","93"
"1476","儒鴻","1060444","529018399","511.00","512.00","494.00","495.00","-20.0000","2418"
"1477","聚陽","615270","241037090","390.00","395.00","389.00","394.00","2.0000","714"
"1503","士電","12718748","3645906422","290.50","293.00","281.50","284.50","-7.5000","14125"
"1504","東元","23330267","1329976139","56.90","58.10","56.20","56.70","1.1000","12584"
"1506","正道","603532","10188071","16.80","17.00","16.70","16.90","0.1000","236"
"1512","瑞利","110322","1102270","10.00","10.25","9.68","10.15","-0.2000","69"
"1513","中興電","16032718","2943838942","184.00","186.50","181.00","181.50","-2.5000","16658"
"1514","亞力","2946480","439948853","147.00","153.50","146.00","150.00","4.0000","3414"
"1515","力山","1129688","56977528","50.50","50.90","49.80","50.80","0.3000","882"
"1516","川飛","1056165","21566876","19.85","20.85","19.85","20.40","0.5500","934"
"1517","利奇","243934","3964271","16.45","16.45","16.20","16.30","-0.1500","331"
"1519","華城","9241070","7598558990","845.00","855.00","799.00","802.00","-45.0000","12244"
"1521","大億","70003","2647148","38.00","38.15","37.50","38.15","-0.1500","236"
"1522","堤維西","4891593","251539853","49.95","52.40","49.50","51.70","1.5000","3354"
"1522A","堤維西甲特","","","","","","","0.0000",""
"1524","耿鼎","11234338","408708681","34.10","37.40","33.80","36.50","2.3000","5966"
"1525","江申","30314","2129033","70.40","70.70","69.90","70.70","0.3000","42"
"1526","日馳","124374","4224051","34.25","34.25","33.90","34.00","-0.2500","156"
"1527","鑽全","199395","8299086","41.50","41.85","41.45","41.70","0.0500","228"
"1528","恩德","500136","6131868","12.20","12.35","12.10","12.30","0.1000","310"
"1529","樂事綠能","1061771","36251765","34.05","34.45","34.00","34.00","-0.1500","759"
"1530","亞崴","188199","6057792","32.45","32.45","32.05","32.25","-0.2000","379"
"1531","高林股","98410","1324815","13.40","13.50","13.35","13.50","0.0500","166"
"1532","勤美","26913213","1368382178","47.50","52.20","47.50","52.20","4.7000","12628"
"1533","車王電","2179450","108045321","50.20","51.80","48.30","48.30","-1.9000","1629"
"1535","中宇","441993","34032534","77.20","77.40","76.50","76.90","-0.1000","575"
"1536","和大","1242481","67794329","54.10","55.20","53.80","54.80","0.3000","1042"
"1537","廣隆","33475","4612668","138.00","138.00","137.50","138.00","0.0000","65"
"1538","正峰","101485","1596768","15.25","16.55","15.25","16.00","0.7500","40"
"1539","巨庭","130792","3251719","24.80","24.95","24.65","24.85","0.0500","107"
"1540","喬福","1598745","33470514","20.40","21.15","20.40","21.00","0.6000","818"
"1541","錩泰","19120","637313","33.30","33.45","33.20","33.25","-0.0500","13"
"1558","伸興","42703","4224395","99.00","99.10","98.80","99.10","0.1000","111"
"1560","中砂","1712870","429750937","252.00","254.50","248.00","250.00","-5.0000","1826"
"1568","倉佑","443807","12996051","28.90","29.55","28.70","29.40","0.5000","341"
"1582","信錦","5506533","518269971","92.00","96.00","91.20","94.40","2.0000","4867"
"1583","程泰","36167","2675407","73.50","74.30","72.60","74.00","0.3000","26"
"1587","吉茂","6616834","395494586","61.20","61.40","58.10","60.20","-1.3000","4396"
"1589","永冠-KY","911533","43267007","47.80","47.80","47.20","47.75","-0.0500","2224"
"1590","亞德客-KY","707811","800174095","1155.00","1165.00","1110.00","1115.00","-45.0000","933"
"1597","直得","559263","38082854","68.40","68.90","67.10","68.20","0.0000","454"
"1598","岱宇","163499","5094209","31.00","31.30","30.85","31.15","0.3500","117"
"1603","華電","2926877","129827086","44.85","45.20","43.90","43.90","-0.2500","2060"
"1604","聲寶","662378","19262859","29.00","29.20","28.90","29.15","0.1500","398"
"1605","華新","9046789","335002140","37.05","37.20","36.95","36.95","0.0500","5091"
"1608","華榮","17154908","626214949","36.80","37.30","36.00","36.55","0.5000","8700"
"1609","大亞","49230534","2822406706","58.90","59.30","56.00","56.30","-0.6000","26417"
"1611","中電","616471","10610224","17.20","17.30","17.15","17.20","0.0500","497"
"1612","宏泰","5466539","202036215","37.20","37.60","36.55","36.80","0.1000","3329"
"1614","三洋電","922016","38638576","41.15","42.80","40.95","42.80","1.8000","407"
"1615","大山","435140","25818457","58.50","60.10","58.50","59.50","1.5000","397"
"1616","億泰","4095152","105495412","26.05","26.60","25.20","25.20","-1.0000","2475"
"1617","榮星","983765","24333223","25.15","25.20","24.30","24.35","-0.5500","716"
"1618","合機","13080491","686520956","55.50","55.50","51.00","51.10","-2.1000","9260"
"1626","艾美特-KY","31481","505767","16.05","16.10","16.00","16.10","0.0500","132"
"1701","中化","920225","20370742","22.00","22.30","22.00","22.10","0.1500","451"
"1702","南僑","515263","31454885","60.80","61.40","60.50","61.30","0.5000","567"
"1707","葡萄王","89657","14087141","157.00","158.00","156.00","157.00","0.5000","197"
"1708","東鹼","677655","21533817","31.70","31.95","31.60","31.85","0.1500","494"
"1709","和益","439090","8545040","19.55","19.55","19.40","19.50","-0.0500","395"
"1710","東聯","930331","16285436","17.35","17.60","17.35","17.60","0.2500","615"
"1711","永光","662485","13419680","20.35","20.40","20.15","20.30","0.0000","501"
"1712","興農","2123134","87643794","41.20","41.60","40.70","41.40","0.8000","1757"
"1713","國化","253221","12225867","48.15","48.70","47.85","48.00","-0.1000","207"
"1714","和桐","2120919","19113199","8.97","9.06","8.96","9.03","0.0700","821"
"1717","長興","1488258","47278839","31.80","31.95","31.50","31.90","0.2000","930"
"1718","中纖","5354627","41748172","7.65","7.90","7.65","7.81","0.1500","1740"
"1720","生達","215710","13619418","63.20","63.30","62.80","63.20","0.0000","274"
"1721","三晃","1048859","15193533","14.35","14.70","14.25","14.45","0.2000","642"
"1722","台肥","5455893","364377437","65.50","68.20","65.50","67.00","1.6000","3435"
"1723","中碳","443529","49833693","112.50","113.00","112.00","112.50","-0.5000","426"
"1725","元禎","2972706","136377569","48.85","49.00","44.30","44.30","-4.9000","2294"
"1726","永記","2207113","156981618","78.90","79.00","78.90","79.00","0.0000","9"
"1727","中華化","543585","16375412","29.85","30.35","29.85","30.15","0.3000","339"
"1730","花仙子","23502","1325705","56.20","56.50","56.20","56.50","0.2000","32"
"1731","美吾華","374964","9712406","25.60","26.10","25.45","25.90","0.1500","346"
"1732","毛寶","116349","3228552","27.70","28.00","27.60","27.70","0.0000","129"
"1733","五鼎","611774","20905271","34.00","34.50","33.85","34.35","0.7000","545"
"1734","杏輝","488985","18133403","37.00","37.30","36.70","37.20","0.2000","464"
"1735","日勝化","22683","391969","17.40","17.40","17.20","17.30","-0.1000","56"
"1736","喬山","2680216","228088241","84.40","86.00","83.30","85.30","1.9000","2241"
"1737","臺鹽","408360","13953110","34.20","34.30","33.95","34.25","0.1500","422"
"1752","南光","177833","7992441","45.30","45.30","44.75","45.00","-0.3000","122"
"1760","寶齡富錦","215119","20882327","96.90","97.50","96.20","97.40","1.3000","237"
"1762","中化生","109601","5073372","46.00","46.60","45.95","46.30","0.1500","237"
"1773","勝一","604511","103007118","173.00","173.00","169.50","170.00","-4.0000","803"
"1776","展宇","24314","425758","17.70","17.70","17.45","17.55","-0.1500","26"
"1783","和康生","112767","4842457","42.90","43.30","42.75","43.00","0.1000","160"
"1786","科妍","268183","28326940","107.00","107.00","104.50","106.00","-1.0000","365"
"1789","神隆","767875","22091942","28.65","29.00","28.55","28.65","-0.0500","505"
"1795","美時","3453314","1103845853","326.00","328.00","316.00","317.00","-6.0000","4518"
"1802","台玻","1515181","25909028","17.15","17.20","17.05","17.15","0.0000","743"
"1805","寶徠","2007461","41975380","20.50","21.50","20.50","21.10","0.5000","713"
"1806","冠軍","4696126","53920274","11.30","11.90","11.05","11.40","0.2500","1567"
"1808","潤隆","7073885","825979056","115.50","119.00","115.00","116.50","2.5000","5096"
"1809","中釉","3455746","90204781","26.00","26.75","25.65","25.90","0.3000","1958"
"1810","和成","1405850","27203571","19.35","19.50","19.10","19.50","0.0500","805"
"1817","凱撒衛","1314115","51446668","38.00","39.90","38.00","39.05","1.2500","892"
"1903","士紙","3959275","269232544","65.70","70.90","65.50","68.20","2.6000","2443"
"1904","正隆","609391","17837582","29.20","29.35","29.10","29.30","0.1000","578"
"1905","華紙","12059238","288521299","23.15","24.60","23.05","23.85","0.7000","4997"
"1906","寶隆","170057","2714465","16.00","16.00","15.90","15.95","0.0500","157"
"1907","永豐餘","1622717","50935211","31.20","31.70","31.05","31.45","0.4000","1237"
"1909","榮成","2895287","45834804","15.60","16.05","15.40","15.95","0.3500","1307"
"2002","中鋼","12738862","317470258","24.85","25.00","24.80","24.95","0.1000","5787"
"2002A","中鋼特","10210","442043","43.25","43.30","43.25","43.30","0.0500","11"
"2006","東和鋼鐵","1730902","125838256","73.30","73.30","72.20","72.80","-0.5000","4379"
"2007","燁興","762562","8932245","11.75","11.80","11.60","11.75","0.0500","300"
"2008","高興昌","125582","2984836","23.60","24.15","23.40","23.75","0.3500","127"
"2009","第一銅","9792600","470003058","48.90","48.90","47.55","47.75","-1.5500","7131"
"2010","春源","2453272","55330454","22.55","22.75","22.10","22.75","0.2000","1567"
"2012","春雨","50216","1213178","24.15","24.20","24.10","24.20","0.0500","90"
"2013","中鋼構","92568","5691473","61.80","61.80","61.30","61.60","-0.2000","184"
"2014","中鴻","3831053","89432280","23.25","23.50","23.05","23.45","0.2000","1666"
"2015","豐興","248965","17619060","70.50","71.10","70.50","70.70","0.3000","255"
"2017","官田鋼","1286352","19765821","15.25","15.55","15.15","15.25","0.0000","592"
"2020","美亞","1279265","50785637","39.80","39.90","39.35","39.85","0.1500","835"
"2022","聚亨","530452","6488050","12.15","12.30","12.15","12.25","0.0000","294"
"2023","燁輝","1225931","19065805","15.40","15.70","15.40","15.55","0.1500","684"
"2024","志聯","14909","324688","21.65","21.85","21.65","21.85","0.0000","52"
"2025","千興","849290","9410381","10.95","11.20","10.90","11.05","0.1000","341"
"2027","大成鋼","7776455","290254790","36.85","37.65","36.70","37.60","0.8000","3838"
"2028","威致","223918","5980345","26.65","26.85","26.50","26.65","0.0500","228"
"2029","盛餘","576615","16989490","29.30","29.60","29.25","29.55","0.3000","444"
"2030","彰源","581357","11101145","19.00","19.15","19.00","19.05","0.0000","353"
"2031","新光鋼","3511041","213164855","58.80","61.50","58.70","61.00","2.2000","2602"
"2032","新鋼","223233","3936720","17.60","17.85","17.30","17.75","0.1500","150"
"2033","佳大","89368","1485960","16.75","16.80","16.50","16.65","-0.0500","63"
"2034","允強","364616","9229333","25.40","25.45","25.20","25.40","0.0000","261"
"2038","海光","758719","15680023","20.65","20.95","20.30","20.70","0.2000","436"
"2049","上銀","1304565","298772984","230.50","232.00","227.00","229.50","-2.0000","1614"
"2059","川湖","981055","1181782605","1210.00","1235.00","1190.00","1200.00","-30.0000","1429"
"2062","橋椿","1191978","35542079","29.25","30.15","29.25","30.00","0.7500","591"
"2069","運錩","88584","1464649","16.50","16.60","16.50","16.55","0.0500","64"
"2101","南港","22410699","1336595661","58.90","60.10","58.90","59.50","0.7000","11383"
"2102","泰豐","1846222","37335799","19.65","20.55","19.65","20.15","0.5000","966"
"2103","台橡","1883542","46210811","24.00","24.70","23.90","24.70","0.6000","1043"
"2104","國際中橡","1589702","28373232","17.95","17.95","17.70","17.85","-0.1000","712"
"2105","正新","5000911","235162994","47.15","47.55","46.75","46.90","-0.2500","3137"
"2106","建大","774569","26071582","33.25","33.80","33.25","33.75","0.5000","711"
"2107","厚生","2145673","58641293","26.80","27.70","26.70","27.40","0.7000","1207"
"2108","南帝","351373","11877027","33.60","33.95","33.60","33.90","0.5500","323"
"2109","華豐","331387","5612330","16.95","17.05","16.85","17.00","0.0500","240"
"2114","鑫永銓","57239","6093958","106.50","106.50","106.00","106.50","0.0000","68"
"2115","六暉-KY","365349","11713021","32.30","32.30","31.70","32.15","0.2000","326"
"2201","裕隆","8805268","620178979","69.20","71.70","68.60","70.50","1.8000","6072"
"2204","中華","3634917","530626513","142.00","148.00","141.50","146.50","3.0000","2722"
"2206","三陽工業","22607519","1970547795","84.40","89.60","83.90","87.60","3.2000","17128"
"2207","和泰車","235799","146255401","622.00","624.00","616.00","620.00","0.0000","355"
"2208","台船","2103990","38213327","18.20","18.30","18.05","18.10","-0.1000","994"
"2211","長榮鋼","1668379","250107842","148.50","152.50","147.50","147.50","-1.0000","1573"
"2227","裕日車","74711","9845674","131.00","134.00","131.00","134.00","3.0000","386"
"2228","劍麟","254354","24613452","97.20","97.30","96.20","96.90","-1.2000","479"
"2231","為升","517473","57328886","112.00","112.00","110.00","111.50","-0.5000","557"
"2233","宇隆","104937","13782487","131.50","132.00","130.50","131.00","-0.5000","213"
"2236","百達-KY","503264","36437957","73.30","73.60","71.70","73.00","-0.3000","332"
"2239","英利-KY","84000","4923200","58.70","59.00","58.10","58.70","0.8000","70"
"2241","艾姆勒","3671254","169025340","46.65","47.40","45.30","45.85","-0.8000","2195"
"2243","宏旭-KY","131189","1797346","13.90","14.00","13.50","14.00","0.0000","76"
"2247","汎德永業","143707","47591043","328.50","335.50","328.50","333.00","2.0000","470"
"2250","IKKA-KY","49044","4946587","101.50","102.00","100.00","100.50","-1.0000","65"
"2254","巨鎧精密-創","36000","3230100","88.70","90.20","88.70","90.10","-1.8000","13"
"2258","鴻華先進-創","388150","16715450","42.80","43.70","42.60","43.20","0.5000","197"
"2301","光寶科","18447518","1826031724","99.10","100.50","97.20","99.10","-0.9000","11748"
"2302","麗正","134546","2325981","17.20","17.40","17.20","17.40","0.2000","117"
"2303","聯電","62149815","3132682097","50.20","50.90","50.00","50.30","-0.4000","20802"
"2305","全友","373669","8295063","22.15","22.45","22.05","22.25","0.1500","276"
"2308","台達電","12421500","3839691778","309.50","313.50","305.00","309.50","-11.0000","39234"
"2312","金寶","1913735","27933073","14.65","14.70","14.55","14.60","-0.0500","828"
"2313","華通","9381264","724355491","77.20","77.90","76.40","77.90","0.7000","5351"
"2314","台揚","625293","19612351","31.50","31.60","31.25","31.25","-0.6500","656"
"2316","楠梓電","26069688","1265517495","50.20","50.70","46.80","48.35","-0.8500","13621"
"2317","鴻海","67513806","10356048901","153.50","155.00","152.00","154.00","-2.0000","30879"
"2321","東訊","7525","131704","18.05","18.05","17.40","17.45","0.0000","15"
"2323","中環","19048076","258011667","13.35","13.75","13.35","13.50","0.0000","5547"
"2324","仁寶","28518355","1000081307","35.15","35.50","34.85","35.05","-0.7500","10669"
"2327","國巨","1396051","872274385","623.00","630.00","620.00","625.00","0.0000","2211"
"2328","廣宇","1620604","56013634","34.35","34.80","34.20","34.55","0.2500","1497"
"2329","華泰","7947034","497031449","62.30","63.50","61.50","62.80","-1.3000","5045"
"2330","台積電","47536363","36983047647","789.00","789.00","772.00","772.00","-18.0000","85051"
"2331","精英","2757354","84083718","30.70","30.80","30.30","30.55","-0.1500","1465"
"2332","友訊","935332","16722375","17.90","18.00","17.70","18.00","0.1000","640"
"2337","旺宏","14094360","374868060","27.25","27.25","26.30","26.70","-0.9000","8451"
"2338","光罩","592923","40129103","67.50","68.20","67.10","67.80","0.3000","473"
"2340","台亞","550040","21359410","38.90","39.00","38.65","38.85","0.0500","464"
"2342","茂矽","220193","6766263","31.00","31.05","30.20","30.95","0.0500","213"
"2344","華邦電","8616926","222848343","25.90","26.00","25.70","25.90","-0.1000","3402"
"2345","智邦","4963458","2323865528","456.00","478.00","452.00","469.00","7.5000","5027"
"2347","聯強","6287334","508991523","78.90","81.50","78.90","81.50","1.7000","4040"
"2348","海悅","1145284","226196724","194.50","201.00","193.50","196.00","1.0000","3325"
"2348A","海悅甲特","59000","1970550","33.40","33.40","33.35","33.40","0.0000","13"
"2349","錸德","1726132","13294298","7.63","7.76","7.61","7.68","0.0500","554"
"2351","順德","2419238","259534692","109.00","109.00","105.50","108.00","2.5000","1922"
"2352","佳世達","6961596","288762713","42.00","42.05","41.15","41.40","0.0000","4325"
"2353","宏碁","25551766","1140395767","45.00","45.05","44.30","44.65","-0.5000","11514"
"2354","鴻準","6470998","393412534","61.30","61.30","60.40","60.70","-0.9000","4856"
"2355","敬鵬","2250064","92194998","41.20","41.30","40.80","40.95","-0.3500","1330"
"2356","英業達","17262805","904896103","52.20","53.10","51.80","52.50","-0.6000","9758"
"2357","華碩","2850793","1222263831","427.00","432.00","426.50","427.50","-2.5000","2925"
"2359","所羅門","15340912","1517580036","100.50","103.00","96.70","98.00","-4.0000","12270"
"2360","致茂","3291507","832103209","260.50","261.00","247.00","252.50","-14.0000","13916"
"2362","藍天","1758051","74630821","42.25","43.15","41.80","41.90","-0.3500","1488"
"2363","矽統","77802578","4669712660","61.80","63.00","58.00","58.10","-3.7000","46698"
"2364","倫飛","55672","4669719","85.20","85.20","83.50","84.00","-0.2000","113"
"2365","昆盈","2268379","43216203","19.20","19.30","18.70","19.20","0.0500","1196"
"2367","燿華","20544931","531653899","26.10","26.45","25.45","26.30","0.1000","8335"
"2368","金像電","3801233","743844837","194.00","198.00","192.00","196.50","-0.5000","3443"
"2369","菱生","1165127","25873020","22.25","22.35","22.05","22.35","0.0000","704"
"2371","大同","93926337","6279416961","66.20","68.00","65.60","65.60","0.2000","40928"
"2373","震旦行","37584","2753940","73.00","73.60","73.00","73.60","0.5000","60"
"2374","佳能","7322589","294392234","40.10","40.90","39.75","40.80","0.2500","4774"
"2375","凱美","203055","12832130","62.60","63.60","62.60","63.30","0.0000","217"
"2376","技嘉","12889740","3720441456","292.50","293.00","285.00","288.50","-10.5000","13753"
"2377","微星","2280595","363905901","159.00","161.00","158.00","159.00","-0.5000","1957"
"2379","瑞昱","4177397","2130533554","516.00","517.00","506.00","511.00","-7.0000","4393"
"2380","虹光","119288","815481","6.83","6.96","6.76","6.85","0.0200","144"
"2382","廣達","22185686","5744710805","254.00","263.00","251.00","261.00","1.0000","18661"
"2383","台光電","12772520","5445672731","426.00","434.00","417.50","421.50","9.5000","15404"
"2385","群光","3127326","641092609","205.00","207.50","201.00","207.00","4.5000","2681"
"2387","精元","1324521","82499892","62.20","62.70","61.90","62.40","0.7000","1266"
"2388","威盛","2428695","310215037","128.00","129.00","126.00","127.50","-0.5000","1873"
"2390","云辰","210548","2795661","13.20","13.35","13.15","13.35","0.1500","234"
"2392","正崴","1431335","66698093","46.65","46.95","46.15","46.70","0.1000","1026"
"2393","億光","3593177","228342250","63.20","64.20","62.80","63.40","0.3000","3497"
"2395","研華","2902255","1053796217","366.50","372.00","357.50","357.50","-22.5000","4390"
"2397","友通","90636","6068049","66.80","67.50","66.60","67.50","0.8000","63"
"2399","映泰","916672","18545329","20.45","20.45","20.05","20.30","-0.1500","502"
"2401","凌陽","18092176","525679412","30.25","30.30","28.20","28.60","-2.4500","10370"
"2402","毅嘉","3618703","121852411","33.80","34.10","33.35","33.50","0.3000","2315"
"2404","漢唐","1424985","557256788","394.00","398.00","388.00","390.50","-4.5000","2647"
"2405","輔信","1632491","29194006","17.90","18.10","17.65","17.95","0.0500","863"
"2406","國碩","2674799","56309020","20.90","21.25","20.75","21.20","0.2500","1544"
"2408","南亞科","8392619","556162357","66.10","66.80","65.70","66.60","0.5000","5219"
"2409","友達","64991602","1156873011","18.15","18.20","17.50","17.90","-0.4000","18755"
"2412","中華電","10580058","1310826255","124.00","125.00","123.50","124.00","0.0000","5178"
"2413","環科","131308","3229434","24.65","24.75","24.50","24.65","0.0000","80"
"2414","精技","87753","3190367","36.40","36.40","36.25","36.40","0.1000","85"
"2415","錩新","161895","4785022","29.55","29.85","29.30","29.80","0.2500","132"
"2417","圓剛","753263","27536149","36.90","36.90","36.20","36.65","-0.0500","638"
"2419","仲琦","501436","15130692","30.30","30.35","29.85","30.35","0.0500","353"
"2420","新巨","251415","13778791","54.10","55.20","54.10","55.10","1.0000","277"
"2421","建準","3005928","336580621","111.50","113.50","110.00","112.50","0.0000","2401"
"2423","固緯","1077706","50291607","47.50","47.50","46.10","46.75","-0.8000","914"
"2424","隴華","6321","178627","28.10","28.35","28.10","28.35","-0.1500","10"
"2425","承啟","414626","15464030","37.70","37.70","37.15","37.35","-0.3500","329"
"2426","鼎元","170832","2998056","17.50","17.65","17.40","17.60","0.1000","224"
"2427","三商電","3693516","106521232","29.10","29.30","28.55","28.55","-0.8000","2499"
"2428","興勤","71043","11133811","158.50","158.50","155.50","157.00","-0.5000","98"
"2429","銘旺科","26000","502150","19.10","19.70","19.10","19.35","0.2500","14"
"2430","燦坤","49035","1804517","37.00","37.00","36.70","36.75","-0.2000","408"
"2431","聯昌","276959","3370693","12.10","12.30","12.05","12.25","0.1500","166"
"2432","倚天酷碁-創","39250","1590774","40.40","40.70","40.40","40.55","0.5500","30"
"2433","互盛電","12250","652932","53.30","53.30","53.30","53.30","0.0000","18"
"2434","統懋","19787","644507","32.40","32.95","32.40","32.40","0.0000","26"
"2436","偉詮電","333029","20514622","61.50","62.00","61.30","61.50","-0.3000","376"
"2438","翔耀","130762","2674893","20.00","21.50","20.00","21.45","1.0500","84"
"2439","美律","1055188","127831324","120.00","122.00","120.00","121.50","0.5000","981"
"2440","太空梭","592516","9331747","15.65","16.10","15.40","15.95","0.2500","276"
"2441","超豐","496351","30338803","61.00","61.40","60.60","61.40","0.4000","393"
"2442","新美齊","4781955","153489841","31.10","32.70","31.00","32.25","1.0000","2446"
"2444","兆勁","127003","1435283","11.20","11.40","11.20","11.25","0.0000","77"
"2449","京元電子","11833945","1115542861","94.60","95.00","93.30","94.90","-0.9000","7750"
"2450","神腦","145798","5702279","39.05","39.25","39.00","39.20","0.2000","140"
"2451","創見","1030723","97067945","93.00","95.00","92.70","94.30","0.6000","1423"
"2453","凌群","351033","20650298","58.80","59.20","58.20","58.90","-0.1000","388"
"2454","聯發科","5508680","5527736060","990.00","1020.00","982.00","1000.00","8.0000","7596"
"2455","全新","2748443","408570539","153.50","153.50","147.00","148.50","-6.0000","2657"
"2457","飛宏","2803995","147694058","53.10","53.10","52.30","52.80","-0.7000","2320"
"2458","義隆","1861740","307283087","163.00","167.00","161.50","165.50","1.0000","2953"
"2459","敦吉","359172","26123081","71.20","73.50","71.20","73.30","1.8000","422"
"2460","建通","406734","12555613","31.15","31.25","30.60","31.25","0.1500","370"
"2461","光群雷","1545590","40015314","26.00","26.15","25.65","25.85","-0.0500","1000"
"2462","良得電","276615","9115456","32.95","33.15","32.70","33.00","-0.2500","228"
"2464","盟立","3226306","155953193","48.30","49.50","47.70","47.80","-0.8500","2735"
"2465","麗臺","5493967","677667062","123.00","125.50","121.00","124.00","-7.5000","4216"
"2466","冠西電","14030","512627","36.60","36.80","35.95","36.80","0.3500","12"
"2467","志聖","1981567","258520974","132.50","133.00","129.00","131.00","-3.0000","1723"
"2468","華經","113392","3012221","26.45","26.70","26.35","26.60","0.0000","85"
"2471","資通","202201","11481877","56.70","57.20","55.80","56.80","0.0000","239"
"2472","立隆電","985497","74532412","75.00","76.30","74.90","75.80","0.3000","1068"
"2474","可成","3171643","695887321","218.00","221.00","217.00","219.00","1.0000","3604"
"2476","鉅祥","819403","60827557","74.20","74.90","73.60","74.60","0.4000","524"
"2477","美隆電","33567","700091","20.85","21.00","20.80","21.00","0.1500","47"
"2478","大毅","66891","3143762","47.20","47.20","46.70","46.95","0.1000","99"
"2480","敦陽科","285581","36469492","129.00","129.00","127.00","127.00","-2.5000","423"
"2481","強茂","579261","32516843","56.50","56.80","55.70","55.80","-0.9000","837"
"2482","連宇","146630","4267021","29.40","29.40","28.95","29.20","-0.2000","182"
"2483","百容","22000","515150","23.35","23.45","23.35","23.45","0.0500","20"
"2484","希華","154157","4983319","32.25","32.40","32.15","32.30","0.0500","207"
"2485","兆赫","805437","16118348","20.05","20.10","19.85","20.05","0.0000","525"
"2486","一詮","20462891","1493502043","72.70","74.60","71.50","71.50","-2.0000","11396"
"2488","漢平","384446","18243067","46.85","47.80","46.85","47.60","0.5000","361"
"2489","瑞軒","2481515","37516641","15.10","15.20","15.05","15.10","-0.1500","1122"
"2491","吉祥全","86387","1247500","14.50","14.50","14.40","14.40","-0.2000","59"
"2492","華新科","1098478","122920987","111.50","112.50","110.50","112.50","1.0000","1011"
"2493","揚博","152404","15090481","99.30","99.50","98.30","99.50","0.6000","204"
"2495","普安","227129","4805963","21.30","21.30","21.00","21.20","-0.2000","202"
"2496","卓越","27894","1958566","69.80","70.50","69.80","70.10","0.4000","58"
"2497","怡利電","6261005","354405970","56.50","58.40","54.80","58.00","2.4000","4362"
"2498","宏達電","3285000","140379002","42.55","43.25","42.25","42.65","0.0000","2287"
"2501","國建","143934295","5779344875","38.70","41.95","38.35","39.10","0.8000","61167"
"2504","國產","28330382","1433285504","48.30","51.80","48.25","50.80","2.7500","15435"
"2505","國揚","8679927","263910240","28.25","31.15","28.15","31.15","2.8000","4016"
"2506","太設","9976442","133098285","12.90","13.70","12.85","13.45","0.7000","3847"
"2509","全坤建","4296302","112288643","25.40","26.80","25.35","26.10","0.7000","2818"
"2511","太子","18963110","247935731","12.70","13.30","12.70","13.00","0.3000","5375"
"2514","龍邦","5640126","105790195","17.95","19.45","17.85","18.60","0.8000","2330"
"2515","中工","104220688","1872274537","17.80","18.30","17.65","17.65","-0.0500","27402"
"2516","新建","2502487","32135446","12.45","13.00","12.40","12.90","0.4500","865"
"2520","冠德","36358693","2155959261","57.50","60.50","57.30","60.00","3.7000","20987"
"2524","京城","2190140","123333703","55.30","57.80","55.00","55.10","0.6000","1920"
"2527","宏璟","19753617","1083817451","52.70","58.10","51.80","53.80","-3.1000","9161"
"2528","皇普","2082488","107327051","50.00","53.00","49.95","52.20","2.2000","1152"
"2530","華建","3198395","167651945","51.40","53.30","50.70","52.80","1.5000","1788"
"2534","宏盛","13624646","395541287","27.30","29.90","27.20","29.15","1.8500","6788"
"2535","達欣工","1058607","61371457","58.00","58.40","57.50","57.90","0.1000","1202"
"2536","宏普","6577004","252646531","37.60","39.10","37.55","38.40","1.1000","2898"
"2537","聯上發","37689050","693549272","17.30","19.10","17.30","19.10","1.7000","12020"
"2538","基泰","3561509","57794085","16.00","16.50","16.00","16.20","0.2500","981"
"2539","櫻花建","1080503","80721947","75.30","75.90","74.10","74.10","-1.4000","1074"
"2540","愛山林","2125734","308167697","143.50","148.00","142.00","143.00","-0.5000","2087"
"2542","興富發","35977708","1665084275","44.00","47.50","44.00","46.60","2.3000","17819"
"2543","皇昌","15651051","828967370","51.00","54.30","50.50","54.30","4.9000","7856"
"2545","皇翔","5331585","324302871","58.30","61.90","58.20","61.10","3.1000","3780"
"2546","根基","1079775","115306580","103.50","109.00","103.50","106.00","3.0000","1119"
"2547","日勝生","16946988","207233371","11.85","12.45","11.80","12.20","0.3000","4730"
"2548","華固","4618444","777443794","167.00","171.00","166.00","166.50","0.5000","4784"
"2597","潤弘","1365515","248679170","176.00","186.50","175.50","184.50","9.5000","1471"
"2601","益航","956531","7446510","7.80","7.84","7.76","7.80","0.0600","443"
"2603","長榮","38246380","7082243195","190.00","191.50","181.00","181.50","-8.0000","27643"
"2605","新興","4196564","108471064","26.00","26.35","25.65","25.70","-0.3000","2536"
"2606","裕民","2542804","138779678","54.60","55.00","54.20","54.30","0.1000","1774"
"2607","榮運","6457679","222095081","33.65","34.85","33.65","34.20","0.5500","4113"
"2608","嘉里大榮","606356","25864252","42.40","42.85","42.30","42.70","0.4000","390"
"2609","陽明","83997499","4346393580","53.10","53.80","50.50","51.30","-0.9000","39570"
"2610","華航","72915004","1570063178","21.05","21.90","21.05","21.50","0.5500","20155"
"2611","志信","23766576","717009335","29.80","31.85","28.75","29.70","-0.0500","13663"
"2612","中航","375037","17133467","46.15","46.55","45.35","45.40","-0.3500","321"
"2613","中櫃","260768","5954606","22.70","23.10","22.65","22.65","-0.0500","201"
"2614","東森","729343","14542615","19.75","20.05","19.65","19.85","0.1000","714"
"2615","萬海","32686062","1657604615","51.90","52.70","49.35","49.40","-1.3000","20632"
"2616","山隆","129961","3509875","27.10","27.10","26.95","26.95","-0.1500","310"
"2617","台航","6428030","236204800","37.30","37.70","36.20","36.35","-0.8500","3769"
"2618","長榮航","242295192","8942966806","35.85","37.60","35.55","37.00","1.4500","69429"
"2630","亞航","2800311","120559670","42.70","43.70","42.25","43.20","0.3000","1959"
"2633","台灣高鐵","3162141","95017690","30.00","30.15","29.90","30.05","0.1500","1328"
"2634","漢翔","12646660","729904919","57.30","58.30","56.60","57.90","0.7000","7297"
"2636","台驊投控","1131768","116868496","103.50","105.00","102.00","102.00","0.0000","1650"
"2637","慧洋-KY","3430235","234334006","68.60","69.20","67.70","67.80","-0.3000","3270"
"2642","宅配通","43720","1647565","37.55","37.75","37.55","37.75","0.2000","227"
"2645","長榮航太","1404973","156130130","110.00","112.00","109.00","111.50","1.5000","1182"
"2701","萬企","409001","5308038","12.85","13.05","12.85","12.95","0.1000","192"
"2702","華園","409146","8293899","19.75","20.45","19.75","20.25","0.4500","427"
"2704","國賓","1762860","119228364","68.90","69.50","66.00","66.00","-3.1000","1167"
"2705","六福","7495248","162289868","21.00","22.45","20.55","21.70","0.7000","3852"
"2706","第一店","540546","8375589","15.45","15.60","15.40","15.55","0.1000","309"
"2707","晶華","621930","148065174","236.00","242.00","232.00","237.50","2.0000","1573"
"2712","遠雄來","90013","2918119","32.05","32.60","32.05","32.55","0.6500","74"
"2722","夏都","1193662","77532499","63.40","66.20","62.90","65.40","2.2000","1028"
"2723","美食-KY","400688","36820691","90.90","92.30","90.70","92.20","1.3000","392"
"2727","王品","1129526","269040331","235.00","240.50","234.50","240.50","5.5000","1566"
"2731","雄獅","3488693","540911737","153.50","157.00","152.50","155.00","2.0000","3471"
"2739","寒舍","11965156","841368730","68.10","73.20","65.50","73.20","6.6000","7098"
"2748","雲品","1860837","140851284","74.80","76.60","74.20","75.30","0.5000","1957"
"2753","八方雲集","152986","26087873","170.00","171.00","170.00","170.50","0.0000","238"
"2762","世界健身-KY","127956","12520459","96.50","98.90","96.20","97.70","1.8000","154"
"2801","彰銀","22949389","419082053","18.25","18.40","18.20","18.20","-0.0500","3932"
"2809","京城銀","8843006","509856069","56.00","58.50","55.90","58.00","1.9000","5113"
"2812","台中銀","3328707","58989640","17.65","17.80","17.60","17.80","0.1000","1622"
"2816","旺旺保","2125077","74676930","33.80","35.35","33.80","35.35","3.2000","896"
"2820","華票","3141778","48403537","15.25","15.55","15.20","15.50","0.2500","813"
"2832","台產","1595972","46998734","29.05","29.75","29.05","29.45","0.6500","1102"
"2834","臺企銀","37522907","639165302","16.95","17.10","16.90","17.10","0.1500","8358"
"2836","高雄銀","3492061","40845658","11.60","11.75","11.60","11.75","0.1500","996"
"2836A","高雄銀甲特","5002","104792","20.95","20.95","20.95","20.95","0.0000","6"
"2838","聯邦銀","3235743","49813205","15.35","15.45","15.35","15.40","0.0000","650"
"2838A","聯邦銀甲特","13311","711045","53.40","53.50","53.40","53.50","0.0000","7"
"2845","遠東銀","5814751","89706295","15.45","15.50","15.30","15.45","0.1000","1516"
"2849","安泰銀","46220","652163","14.10","14.15","14.05","14.10","0.0000","45"
"2850","新產","647722","63144698","96.50","98.10","96.50","97.80","1.3000","642"
"2851","中再保","3273768","89323253","27.10","27.50","27.05","27.35","0.2500","1472"
"2852","第一保","9163893","211985228","22.30","23.25","22.10","23.25","2.1000","2557"
"2855","統一證","2703743","75128716","27.60","27.95","27.50","27.90","0.2500","1629"
"2867","三商壽","16697312","96967204","5.73","5.84","5.73","5.83","0.1000","3078"
"2880","華南金","41346692","997391837","23.70","24.30","23.70","24.20","0.5500","11726"
"2881","富邦金","14660708","1016031910","69.30","69.80","69.00","69.00","-0.1000","7922"
"2881A","富邦特","117484","7307509","62.20","62.20","62.20","62.20","-0.1000","25"
"2881B","富邦金乙特","334262","19726157","59.00","59.40","59.00","59.10","-0.3000","54"
"2881C","富邦金丙特","50248","2726065","54.30","54.30","54.20","54.30","0.0000","43"
"2882","國泰金","23605178","1188081007","50.20","50.70","50.00","50.30","-0.2000","9922"
"2882A","國泰特","63179","3823616","60.60","60.60","60.50","60.50","-0.1000","63"
"2882B","國泰金乙特","12090","713518","59.00","59.10","59.00","59.10","0.0000","9"
"2883","開發金","33511936","460859186","13.70","13.85","13.70","13.70","0.0500","6711"
"2883B","開發金乙特","2781998","21111051","7.63","7.63","7.57","7.59","-0.0400","521"
"2884","玉山金","21574695","595436205","27.45","27.80","27.40","27.45","0.0500","8008"
"2885","元大金","14784383","452617267","30.55","30.90","30.45","30.65","0.0000","5256"
"2886","兆豐金","19520419","781703162","40.00","40.35","39.80","39.95","-0.0500","8785"
"2887","台新金","15939329","287814970","18.00","18.15","17.95","18.05","0.1000","4677"
"2887E","台新戊特","39009","2047086","52.40","52.60","52.40","52.60","0.1000","31"
"2887F","台新戊特二","22366","1050754","46.85","47.00","46.85","46.95","0.2000","31"
"2887Z1","台新己特","28225","471353","16.70","16.70","16.70","16.70","0.0000","26"
"2888","新光金","49534833","427224106","8.57","8.71","8.50","8.66","0.0300","6386"
"2888A","新光金甲特","83417","2214784","26.60","26.65","26.50","26.50","0.0000","51"
"2888B","新光金乙特","35321","955804","27.10","27.15","27.00","27.00","-0.0500","31"
"2889","國票金","17614830","258253468","14.55","14.75","14.50","14.70","0.1500","4167"
"2890","永豐金","20224560","448175301","21.90","22.25","21.90","22.15","0.2000","5068"
"2891","中信金","61571022","2102370567","34.00","34.75","33.95","34.10","0.0000","18128"
"2891B","中信金乙特","76678","4593498","60.00","60.00","59.90","60.00","-0.1000","46"
"2891C","中信金丙特","523","30172","","","","","0.0000","15"
"2892","第一金","14190360","389389901","27.35","27.60","27.30","27.35","0.0000","4858"
"2897","王道銀行","13435419","134821776","9.98","10.10","9.96","10.05","0.0700","1478"
"2897A","王道銀甲特","152231","1579378","10.40","10.40","10.35","10.35","-0.0500","24"
"2901","欣欣","58810","1655088","28.20","28.35","28.00","28.10","-0.1000","162"
"2903","遠百","4813747","164771584","34.00","34.50","33.80","34.35","0.4000","1949"
"2904","匯僑","37537","682304","18.20","18.25","18.15","18.25","0.0500","30"
"2905","三商","3562986","51846442","14.15","14.75","14.15","14.60","0.4500","977"
"2906","高林","5599814","118412811","20.55","21.50","20.45","21.50","1.2000","1646"
"2908","特力","222823","4638178","20.85","20.85","20.80","20.80","-0.0500","65"
"2910","統領","21000","569050","27.00","27.40","27.00","27.30","0.0000","12"
"2911","麗嬰房","121844","827468","6.76","6.82","6.75","6.78","0.0100","274"
"2912","統一超","1353223","370327912","272.00","276.00","271.50","272.50","-1.5000","8946"
"2913","農林","34328800","804681116","22.50","24.25","22.35","23.40","0.9000","12984"
"2915","潤泰全","19207697","1215719322","60.30","64.40","60.30","63.60","3.4000","9930"
"2923","鼎固-KY","9768","245192","24.80","25.45","24.80","25.40","0.0500","33"
"2929","淘帝-KY","702686","6806616","9.36","9.99","9.35","9.60","0.2500","366"
"2939","凱羿-KY","32000","824400","25.75","25.85","25.55","25.85","-0.6000","25"
"2945","三商家購","23027","1010461","43.90","44.45","43.70","44.40","0.4000","25"
"3002","歐格","110233","1629039","14.85","14.95","14.70","14.70","-0.0500","69"
"3003","健和興","911602","68714500","75.70","76.00","74.90","76.00","0.2000","972"
"3004","豐達科","455969","51229026","112.00","114.50","110.00","112.50","0.5000","447"
"3005","神基","6343632","680341350","105.00","109.00","103.00","107.50","2.5000","5002"
"3006","晶豪科","7622567","685948564","89.40","91.50","88.60","89.80","0.8000","5744"
"3008","大立光","344910","754415585","2180.00","2215.00","2170.00","2170.00","-15.0000","1703"
"3010","華立","2053581","264241728","125.50","130.00","125.00","129.50","3.5000","1879"
"3011","今皓","809659","22913929","27.40","29.30","27.20","28.60","1.2000","379"
"3013","晟銘電","26239847","1971856929","73.40","76.60","72.00","75.10","1.5000","16217"
"3014","聯陽","1479447","247234254","166.00","168.50","165.00","168.50","1.5000","2089"
"3015","全漢","508220","31320281","61.70","62.10","61.00","61.60","0.0000","538"
"3016","嘉晶","424764","26081394","61.80","62.00","61.10","61.30","-0.7000","665"
"3017","奇鋐","15268676","9913196296","636.00","664.00","624.00","656.00","2.0000","14628"
"3018","隆銘綠能","10853","161010","14.80","14.80","14.80","14.80","0.0000","57"
"3019","亞光","1177983","76723428","64.50","65.50","64.50","65.20","1.0000","1081"
"3021","鴻名","521933","12117864","22.65","23.60","22.55","23.30","0.6500","396"
"3022","威強電","334881","26379541","78.70","79.10","78.50","79.00","0.1000","212"
"3023","信邦","584308","165058474","280.00","285.00","277.00","281.50","0.5000","738"
"3024","憶聲","9365371","191408604","19.85","21.05","19.85","20.80","0.9500","3571"
"3025","星通","562434","37607159","66.50","67.40","66.00","67.40","0.7000","520"
"3026","禾伸堂","123884","11975688","96.50","96.80","96.30","96.70","-0.3000","182"
"3027","盛達","1680162","76179942","44.95","46.00","44.90","45.05","-0.2500","1066"
"3028","增你強","554076","19893789","35.50","36.10","35.45","36.05","0.5500","406"
"3029","零壹","837165","63128618","75.40","75.90","74.60","75.40","0.4000","845"
"3030","德律","5578651","605936736","106.50","111.50","105.50","107.50","1.5000","4358"
"3031","佰鴻","574866","11722482","20.20","20.60","20.05","20.20","0.1000","297"
"3032","偉訓","795446","60358122","76.10","76.40","75.30","76.10","-0.4000","737"
"3033","威健","26740519","956383764","34.50","37.00","33.75","36.05","1.8500","13827"
"3034","聯詠","4734538","2916520864","610.00","623.00","606.00","616.00","-2.0000","4594"
"3035","智原","4687078","1362060784","291.00","294.00","288.00","288.50","-5.5000","5470"
"3036","文曄","6346874","959478480","148.50","153.00","148.00","152.50","2.5000","4887"
"3036A","文曄甲特","15100","709960","47.00","47.05","47.00","47.05","0.0500","15"
"3037","欣興","10608843","1910172988","180.50","183.50","178.00","178.00","-4.0000","9450"
"3038","全台","1249954","40102042","32.10","32.35","31.85","32.00","0.4500","831"
"3040","遠見","2454871","73892210","30.00","30.10","30.00","30.10","0.1000","183"
"3041","揚智","2074351","48825201","22.70","24.00","22.70","23.35","0.3500","1331"
"3042","晶技","2615033","291055886","112.50","112.50","110.00","112.00","-0.5000","4267"
"3043","科風","80320","2438691","30.30","30.60","30.00","30.45","0.2500","89"
"3044","健鼎","2822382","560323447","198.00","200.00","195.50","200.00","2.5000","2861"
"3045","台灣大","6768723","704009968","104.00","104.50","103.00","104.00","0.0000","3080"
"3046","建碁","133556","8205098","61.30","62.00","60.90","61.50","0.3000","148"
"3047","訊舟","648066","9461119","14.60","14.70","14.45","14.70","0.1000","321"
"3048","益登","356163","8387825","23.35","23.70","23.30","23.60","0.2500","430"
"3049","精金","3647577","30502048","8.21","8.55","8.19","8.43","0.3600","1493"
"3050","鈺德","2461073","55133170","22.45","22.75","21.85","22.75","0.2500","1243"
"3051","力特","813631","29865381","36.80","37.00","36.25","37.00","0.3000","641"
"3052","夆典","3023573","41939748","13.70","14.10","13.60","13.90","0.2500","1067"
"3054","立萬利","46576","984374","21.30","21.30","21.05","21.25","0.0500","33"
"3055","蔚華科","4581796","354914526","76.90","79.80","74.10","76.60","-0.6000","2557"
"3056","富華新","8499069","291305816","33.55","34.75","33.40","34.55","0.9500","4877"
"3057","喬鼎","123222","1454682","11.85","11.95","11.75","11.80","-0.1500","300"
"3058","立德","949226","20260975","21.80","21.80","21.10","21.20","-0.6000","1114"
"3059","華晶科","2516045","97244713","39.00","39.30","38.30","38.55","-0.4500","1728"
"3060","銘異","5442853","152911782","27.55","29.30","26.60","28.65","0.5500","3653"
"3062","建漢","834702","17998845","21.55","21.75","21.35","21.65","0.1000","535"
"3090","日電貿","345169","20908975","60.70","60.90","60.00","60.70","0.0000","503"
"3092","鴻碩","210984","6981269","33.30","33.35","33.00","33.00","-0.3500","210"
"3094","聯傑","121012","3763422","31.00","31.25","30.80","31.20","0.0500","95"
"3130","一零四","15519","3573692","231.00","231.00","229.00","230.50","0.0000","224"
"3138","耀登","158444","20275649","128.00","129.00","127.00","128.50","0.5000","187"
"3149","正達","202445","4708651","23.60","23.60","23.05","23.35","-0.2500","315"
"3164","景岳","64035","1486967","23.35","23.35","23.00","23.20","-0.1000","138"
"3167","大量","644221","40829263","62.00","64.60","61.80","64.50","2.5000","561"
"3168","眾福科","63680","3989764","62.50","62.90","62.50","62.70","0.1000","70"
"3189","景碩","1274730","120854125","94.60","95.30","94.20","95.20","-0.1000","1156"
"3209","全科","230107","7993784","34.60","34.90","34.55","34.80","0.2000","285"
"3229","晟鈦","20121","304828","15.10","15.20","15.05","15.20","-0.0500","19"
"3231","緯創","43406094","4920160532","112.00","115.50","110.50","114.50","1.0000","18165"
"3257","虹冠電","112076","6940317","61.60","62.40","61.50","61.90","0.3000","169"
"3266","昇陽","5379254","128891080","22.45","24.85","22.45","24.85","2.2500","2089"
"3296","勝德","669845","16747106","25.45","25.45","24.55","25.25","0.4000","535"
"3305","昇貿","883827","57068538","65.30","65.30","63.70","64.80","0.1000","704"
"3308","聯德","125309","3299809","26.65","26.65","26.10","26.35","0.0000","423"
"3311","閎暉","46750","1815626","38.60","39.05","38.60","38.90","0.0000","91"
"3312","弘憶股","7794381","361531401","46.25","47.35","45.10","46.50","0.2500","5283"
"3321","同泰","228442","4028890","17.90","17.95","17.45","17.55","-0.2500","205"
"3338","泰碩","5138401","380959762","75.20","75.50","73.30","73.50","-0.6000","4799"
"3346","麗清","339198","14362967","42.80","42.80","42.10","42.25","-0.5500","353"
"3356","奇偶","626818","33396669","53.40","54.00","52.50","54.00","0.4000","601"
"3376","新日興","4686934","792729506","171.00","173.00","167.00","169.50","-4.5000","4508"
"3380","明泰","654639","21323316","32.55","32.80","32.30","32.70","0.1500","542"
"3406","玉晶光","912077","400866928","441.50","444.00","436.00","437.50","-3.5000","1207"
"3413","京鼎","1022412","299839349","297.50","298.00","290.50","291.00","-11.0000","11890"
"3416","融程電","358298","51698144","147.00","147.00","143.00","143.50","-4.0000","457"
"3419","譁裕","270302","4484655","16.60","16.80","16.45","16.55","0.1000","167"
"3432","台端","57214","1102135","19.60","19.60","19.20","19.20","0.0500","66"
"3437","榮創","589581","15761814","26.90","27.15","26.40","27.05","0.1500","475"
"3443","創意","2227941","3064275225","1360.00","1400.00","1350.00","1375.00","5.0000","4214"
"3447","展達","30500","923050","29.90","30.50","29.85","30.50","0.2000","25"
"3450","聯鈞","1967014","124207290","63.00","64.20","62.30","63.20","-0.1000","1390"
"3454","晶睿","65236","8769973","135.50","135.50","134.00","134.00","-2.0000","150"
"3481","群創","129639358","1774020585","14.05","14.05","13.55","13.65","-0.6000","22274"
"3494","誠研","116021","593610","5.14","5.29","5.07","5.10","0.0000","55"
"3501","維熹","1178694","72538518","61.80","62.00","60.80","61.80","1.1000","1010"
"3504","揚明光","149855","8223926","55.20","55.30","54.60","55.00","-0.2000","191"
"3515","華擎","611427","137470312","229.50","229.50","222.50","224.50","-2.5000","676"
"3518","柏騰","72040","1979458","27.25","27.70","27.25","27.40","0.1500","65"
"3528","安馳","55516","2692508","48.35","48.80","48.05","48.50","0.3000","64"
"3530","晶相光","159460","14939779","95.00","95.20","93.10","93.60","-1.3000","225"
"3532","台勝科","1065212","185071388","173.50","175.00","173.00","173.00","-3.5000","1710"
"3533","嘉澤","811797","1149814630","1420.00","1445.00","1395.00","1410.00","-30.0000","1136"
"3535","晶彩科","569760","13077601","23.20","23.35","22.75","22.95","-0.1500","351"
"3543","州巧","123455","2975961","24.25","24.35","23.90","24.00","-0.2500","130"
"3545","敦泰","1141327","97028149","84.50","85.90","84.10","84.90","0.5000","1031"
"3550","聯穎","67503","997068","14.75","14.90","14.70","14.75","-0.1500","88"
"3557","嘉威","1108438","85892793","76.50","78.60","76.30","78.20","2.0000","841"
"3563","牧德","2739359","1217863300","457.00","457.00","434.00","440.50","-27.5000","3286"
"3576","聯合再生","4314577","51512170","12.10","12.15","11.85","11.95","-0.1500","1780"
"3583","辛耘","4585963","1570563362","334.00","348.50","329.00","347.00","9.0000","5143"
"3588","通嘉","445869","39473584","89.90","89.90","87.60","88.80","-0.5000","612"
"3591","艾笛森","194625","4657172","24.30","24.30","23.80","23.85","-0.1500","196"
"3592","瑞鼎","249945","105919794","423.00","427.00","420.00","425.00","-2.0000","402"
"3593","力銘","10901","121868","11.20","11.30","11.15","11.15","0.0500","71"
"3596","智易","1529954","262815808","172.50","175.00","170.50","171.00","-2.0000","1587"
"3605","宏致","1035032","42657137","40.55","41.70","40.15","41.20","0.6500","715"
"3607","谷崧","265160","4482111","17.00","17.00","16.80","16.95","0.0000","225"
"3617","碩天","2135251","574499574","263.00","274.50","260.50","268.00","6.0000","5375"
"3622","洋華","1124812","65278289","58.00","58.80","57.60","57.90","0.0000","1016"
"3645","達邁","694536","30756153","43.85","44.85","43.35","44.80","1.0000","614"
"3652","精聯","76082","2277049","29.90","30.10","29.70","29.75","-0.1500","48"
"3653","健策","1339160","1263426909","967.00","974.00","928.00","932.00","-45.0000","7252"
"3661","世芯-KY","2682531","8442432740","3140.00","3205.00","3090.00","3150.00","30.0000","5853"
"3665","貿聯-KY","1192359","270796766","230.00","230.00","226.00","226.00","-4.5000","1420"
"3669","圓展","55010","2640381","47.75","48.20","47.75","48.00","-0.2000","51"
"3673","TPK-KY","1426793","54445409","38.10","38.50","37.90","38.20","-0.1000","990"
"3679","新至陞","1545597","232360769","143.50","154.00","142.50","150.00","7.0000","1632"
"3686","達能","989789","19142440","19.50","19.75","19.00","19.35","-0.2000","783"
"3694","海華","517394","22807108","44.15","44.35","43.50","44.20","0.1000","398"
"3701","大眾控","540203","30550599","56.60","57.40","56.10","56.80","-0.3000","496"
"3702","大聯大","6612312","590092114","87.70","90.70","86.70","89.70","1.4000","5227"
"3702A","大聯大甲特","79282","3830669","48.30","48.40","48.25","48.40","0.1000","42"
"3703","欣陸","32841169","1304471107","38.35","40.90","38.25","39.60","1.6000","17046"
"3704","合勤控","1271246","52660847","41.60","41.75","41.05","41.35","-0.1500","964"
"3705","永信","703531","34761171","48.85","49.70","48.85","49.50","0.6500","769"
"3706","神達","8482071","379509629","45.20","45.20","44.50","44.60","-0.8000","5526"
"3708","上緯投控","7661172","1165482589","148.00","155.00","148.00","151.00","1.0000","5303"
"3711","日月光投控","15655077","2254722417","144.50","145.50","142.00","144.50","-3.5000","8770"
"3712","永崴投控","1506424","66827309","44.85","44.85","44.00","44.25","-0.5000","1193"
"3714","富采","2912127","125185963","42.80","43.30","42.40","43.20","0.3500","2514"
"3715","定穎投控","35139491","2355191290","68.50","69.80","65.30","65.40","-3.0000","20645"
"4104","佳醫","240207","22099750","91.20","92.80","90.90","92.80","1.7000","386"
"4106","雃博","66642","1863308","27.85","28.05","27.85","28.05","0.0000","308"
"4108","懷特","217723","4363434","20.00","20.15","19.90","20.05","0.0500","288"
"4119","旭富","72202","6399826","89.10","89.10","88.20","88.80","-0.2000","108"
"4133","亞諾法","72390","2270864","31.30","31.65","31.15","31.60","0.4500","186"
"4137","麗豐-KY","67368","12687660","189.00","189.00","188.00","188.50","0.5000","118"
"4142","國光生","727611","20070044","27.50","27.70","27.45","27.60","0.3000","503"
"4148","全宇生技-KY","40030","2079555","51.50","52.40","51.50","52.10","0.4000","38"
"4155","訊映","1016014","27426581","26.80","27.35","26.35","27.25","0.4500","933"
"4164","承業醫","431157","23806966","55.50","55.60","55.00","55.10","-0.5000","407"
"4190","佐登-KY","321358","17048403","52.30","54.00","52.20","52.50","1.2000","363"
"4306","炎洲","8469758","178395797","21.05","21.30","20.70","21.10","0.2000","3152"
"4414","如興","571747","2024780","3.56","3.59","3.51","3.59","0.0500","109"
"4426","利勤","76803","1324403","17.15","17.35","17.15","17.35","-0.1500","81"
"4438","廣越","69587","7587496","109.00","109.50","108.50","109.00","1.0000","70"
"4439","冠星-KY","47651","5225593","109.50","111.00","109.00","110.50","-0.5000","45"
"4440","宜新實業","196767","5014489","25.50","26.00","25.20","25.55","0.3500","139"
"4526","東台","11317756","265678667","24.25","24.50","23.00","23.15","-1.5500","5190"
"4532","瑞智","3842768","105260746","27.65","27.75","27.20","27.25","-0.5000","2327"
"4536","拓凱","217428","42606942","197.00","197.50","194.50","195.00","-2.0000","755"
"4540","全球傳動","69259","2269634","32.55","32.90","32.55","32.85","0.1500","45"
"4545","銘鈺","107062","3408666","31.85","32.10","31.60","31.75","-0.1500","102"
"4551","智伸科","74787","7501884","101.00","101.50","99.80","100.00","-1.5000","182"
"4552","力達-KY","147865","4486181","30.45","30.45","30.20","30.45","0.0000","123"
"4555","氣立","9063","578937","64.00","64.60","63.20","63.60","-0.3000","14"
"4557","永新-KY","124314","15311905","121.50","125.00","121.50","121.50","0.5000","160"
"4560","強信-KY","186070","6932931","37.60","37.60","37.00","37.30","-0.3000","70"
"4562","穎漢","509870","9396123","18.55","18.90","18.15","18.50","0.0500","297"
"4564","元翎","556084","12567119","22.60","22.75","22.50","22.60","0.1000","478"
"4566","時碩工業","132100","6625413","50.30","50.90","49.60","50.40","0.4000","112"
"4569","六方科-KY","","","","","","","0.0000",""
"4571","鈞興-KY","42579","4024567","95.20","95.30","93.70","93.80","-2.5000","225"
"4572","駐龍","357077","55735119","157.00","158.00","155.50","155.50","0.0000","368"
"4576","大銀微系統","87499","6376163","73.00","73.40","72.40","72.80","-0.7000","118"
"4581","光隆精密-KY","23618","1515983","64.00","64.50","64.00","64.40","-0.4000","154"
"4583","台灣精銳","197061","50451523","260.00","260.00","252.50","252.50","-7.5000","2684"
"4588","玖鼎電力","438350","52392234","120.00","121.50","118.50","118.50","-4.0000","546"
"4720","德淵","874969","15171610","17.15","17.45","17.15","17.40","0.1500","387"
"4722","國精化","77701","3112007","40.05","40.35","39.90","40.35","0.2500","62"
"4736","泰博","151210","23514707","154.50","156.00","154.50","156.00","1.5000","171"
"4737","華廣","15423","1054371","68.30","68.50","68.30","68.30","0.0000","96"
"4739","康普","2866528","184703265","65.70","65.80","63.10","64.60","-0.6000","2577"
"4746","台耀","862363","87825857","103.50","103.50","101.00","101.50","0.5000","837"
"4755","三福化","184090","26287394","145.00","145.50","141.50","141.50","-4.0000","283"
"4763","材料-KY","2016420","1657824856","822.00","834.00","806.00","825.00","6.0000","3200"
"4764","雙鍵","35040","1202377","34.20","34.50","34.20","34.30","-0.1500","27"
"4766","南寶","1212567","440211001","358.00","366.50","355.00","358.00","3.0000","1284"
"4770","上品","382576","158945694","420.50","421.00","410.00","411.50","-14.5000","681"
"4771","望隼","336160","106958494","311.00","324.00","311.00","318.50","7.5000","366"
"4807","日成-KY","21024","361403","17.10","17.25","17.10","17.25","0.0500","17"
"4904","遠傳","6677131","541765218","81.00","81.50","80.70","81.30","0.5000","2987"
"4906","正文","1290921","42784913","33.25","33.35","32.80","33.20","-0.0500","813"
"4912","聯德控股-KY","331608","42949289","130.00","131.50","128.50","129.00","-1.0000","360"
"4915","致伸","11905452","1140695824","96.00","98.00","93.90","94.60","-2.4000","7602"
"4916","事欣科","286032","9460111","33.25","33.25","32.90","33.00","-0.1500","232"
"4919","新唐","1989724","260243371","129.50","131.50","128.50","131.50","2.0000","1698"
"4927","泰鼎-KY","398036","16541777","41.80","41.90","41.15","41.90","0.5000","410"
"4930","燦星網","177739","6210333","34.75","35.40","34.75","34.75","0.0500","271"
"4934","太極","406503","9144287","22.70","23.00","22.25","22.65","0.0000","310"
"4935","茂林-KY","254682","15941629","62.20","63.10","62.20","62.80","0.3000","496"
"4938","和碩","10654555","1024114725","96.30","97.00","95.10","96.40","-1.3000","6651"
"4942","嘉彰","239002","10914010","45.80","45.95","45.55","45.60","-0.2000","200"
"4943","康控-KY","67428","1333849","21.00","21.00","19.55","19.60","-1.4000","63"
"4952","凌通","199929","9978060","50.00","50.20","49.65","50.20","0.0000","254"
"4956","光鋐","624623","12226087","19.60","19.70","19.35","19.70","0.0500","257"
"4958","臻鼎-KY","2952674","338751948","115.00","115.50","113.50","115.00","-1.0000","1713"
"4960","誠美材","2816793","37433184","13.50","13.55","13.20","13.25","-0.1000","1013"
"4961","天鈺","2494418","630225512","245.00","258.00","242.00","250.00","4.0000","5487"
"4967","十銓","13738525","1259043237","89.30","94.20","87.80","93.50","3.7000","8228"
"4968","立積","2651431","482255554","181.50","185.00","178.50","183.50","0.0000","2238"
"4976","佳凌","663872","27957489","42.70","42.70","41.70","41.70","-1.0000","712"
"4977","眾達-KY","191485","13929741","73.00","73.30","72.50","72.70","-0.3000","208"
"4989","榮科","44200","1162470","26.50","26.50","26.20","26.35","-0.1500","34"
"4994","傳奇","742389","95418823","132.00","133.00","125.50","126.00","-7.5000","1477"
"4999","鑫禾","51746","1734895","33.50","33.60","33.40","33.55","-0.0500","203"
"5007","三星","44103","2510458","56.90","57.00","56.70","57.00","0.1000","27"
"5203","訊連","219863","19678071","89.10","90.40","88.50","90.30","1.2000","282"
"5215","科嘉-KY","33372","1674977","51.20","51.20","49.75","50.00","-0.6000","57"
"5222","全訊","364394","61795142","170.00","170.50","168.50","170.00","0.0000","455"
"5225","東科-KY","669699","75390731","112.00","114.00","110.00","114.00","2.0000","581"
"5234","達興材料","945654","143739761","153.00","154.50","150.00","151.50","-1.5000","694"
"5243","乙盛-KY","413957","23057079","55.70","56.00","55.40","55.90","-0.1000","434"
"5244","弘凱","42020","1846580","44.95","44.95","43.60","43.95","-0.2000","39"
"5258","虹堡","1812934","232650682","129.00","130.50","126.50","126.50","-2.0000","1303"
"5269","祥碩","783108","1545589250","1930.00","2010.00","1925.00","1980.00","30.0000","1358"
"5283","禾聯碩","51652","5944765","115.00","115.50","115.00","115.50","1.0000","73"
"5284","jpp-KY","1430770","223186704","156.50","158.50","154.00","154.50","-3.0000","1309"
"5285","界霖","51210","3388317","66.50","66.50","66.00","66.20","-0.1000","77"
"5288","豐祥-KY","32000","6235500","193.50","196.50","192.00","196.50","2.5000","24"
"5292","華懋","101756","14509416","141.00","143.50","141.00","142.00","0.0000","117"
"5306","桂盟","81482","11684017","144.00","144.50","142.50","144.50","-1.0000","154"
"5388","中磊","1941458","240265258","124.00","125.00","122.00","125.00","1.0000","1849"
"5434","崇越","1514588","372894890","249.00","249.50","244.00","248.00","-1.5000","2123"
"5469","瀚宇博","2969918","163344664","55.50","55.50","54.70","54.90","-1.2000","2208"
"5471","松翰","172546","8744277","50.80","50.90","50.50","50.90","0.0000","229"
"5484","慧友","179322","4526919","24.10","26.60","24.00","25.80","1.6000","144"
"5515","建國","6110417","155320344","24.50","25.95","24.40","25.50","0.9500","3353"
"5519","隆大","10426215","536783980","49.00","52.00","48.80","52.00","4.6500","4486"
"5521","工信","45694205","683462619","14.15","15.50","14.15","15.10","0.9500","12043"
"5522","遠雄","6774630","543733501","78.00","80.60","78.00","80.60","7.3000","2999"
"5525","順天","566735","22632167","39.00","40.30","39.00","39.95","0.8000","537"
"5531","鄉林","15266949","200981210","12.30","13.45","12.25","13.45","1.2000","4219"
"5533","皇鼎","2423361","66396399","26.80","27.85","26.75","27.50","0.7500","1303"
"5534","長虹","3963234","516033279","129.00","133.00","127.50","129.00","1.0000","3061"
"5538","東明-KY","23010","699736","30.30","30.70","30.25","30.40","-0.1500","15"
"5546","永固-KY","9183","296171","32.20","32.60","32.20","32.20","0.0000","14"
"5607","遠雄港","2312006","138028592","58.10","60.40","58.10","60.10","2.0000","1722"
"5608","四維航","3804692","75509136","20.15","20.30","19.65","19.70","-0.4000","2125"
"5706","鳳凰","3847089","305426513","78.30","80.80","76.90","80.00","2.3000","3523"
"5871","中租-KY","7019476","1201125838","171.50","173.50","170.00","170.50","-2.0000","3951"
"5871A","中租-KY甲特","7070","687908","97.30","97.30","97.30","97.30","0.0000","11"
"5876","上海商銀","9002811","421848738","46.50","47.05","46.45","46.95","0.5000","3328"
"5880","合庫金","12277572","324515282","26.30","26.50","26.25","26.45","0.2500","4397"
"5906","台南-KY","2067","124546","60.10","60.40","60.10","60.40","-0.5000","4"
"5907","大洋-KY","689891","6615183","9.28","9.80","9.22","9.57","0.2700","385"
"6005","群益證","19171676","489108753","24.90","25.80","24.85","25.80","0.9000","6628"
"6024","群益期","698369","39207962","55.70","56.50","55.60","56.40","0.7000","714"
"6108","競國","104302","2135185","20.50","20.55","20.40","20.55","0.0500","116"
"6112","邁達特","1499368","88365284","57.60","59.80","57.50","59.20","2.1000","1316"
"6115","鎰勝","723154","38955242","52.80","54.30","52.60","54.20","1.4000","680"
"6116","彩晶","7318455","74666616","10.30","10.30","10.10","10.20","-0.1500","1587"
"6117","迎廣","1601545","132797903","82.80","83.80","81.80","82.70","-0.5000","1453"
"6120","達運","5883597","99849048","17.00","17.20","16.70","17.00","0.0000","2033"
"6128","上福","368774","14060928","38.25","38.45","37.95","38.35","0.1000","272"
"6133","金橋","465287","6292942","13.45","13.75","13.30","13.70","0.2000","254"
"6136","富爾特","305099","6941582","22.70","22.85","22.65","22.80","0.1000","119"
"6139","亞翔","6046705","1646555510","269.50","280.00","266.00","267.00","-5.0000","6454"
"6141","柏承","473981","8001962","17.10","17.15","16.65","17.05","-0.0500","263"
"6142","友勁","162974","1571442","9.65","9.69","9.60","9.68","0.0800","114"
"6152","百一","295454","2956397","9.98","10.10","9.90","10.05","0.0500","125"
"6153","嘉聯益","656796","12946637","19.90","20.00","19.60","19.75","-0.1000","439"
"6155","鈞寶","40030","1060945","26.40","26.75","26.40","26.60","0.1000","31"
"6164","華興","418867","6214916","14.80","15.00","14.70","14.90","0.1000","245"
"6165","浪凡","303399","12085905","40.10","40.10","39.65","39.70","-0.3500","288"
"6166","凌華","478041","30890442","65.60","65.80","64.00","64.00","-1.1000","434"
"6168","宏齊","930212","22394620","23.90","24.15","23.90","23.90","0.0000","283"
"6176","瑞儀","7707731","1584989933","200.00","210.00","196.50","207.50","8.5000","12483"
"6177","達麗","37641966","2468477705","65.00","68.50","63.60","64.30","1.0000","23567"
"6183","關貿","19752","1457464","73.80","74.00","73.60","73.80","-0.4000","68"
"6184","大豐電","87672","4786893","54.20","55.30","54.20","55.00","0.8000","78"
"6189","豐藝","4912350","436469549","85.50","90.40","85.10","89.20","3.0000","3882"
"6191","精成科","2862664","209147394","73.40","73.80","72.50","72.70","-0.4000","3170"
"6192","巨路","470749","50985649","109.00","110.00","107.00","108.00","-1.0000","805"
"6196","帆宣","337053","52833444","158.00","158.00","156.00","157.00","-1.5000","480"
"6197","佳必琪","3498042","491686145","140.50","142.50","138.00","141.50","-3.0000","2778"
"6201","亞弘電","105378","6481376","61.60","61.80","61.20","61.20","-0.4000","105"
"6202","盛群","3752099","223631544","60.20","60.80","58.80","59.20","-0.8000","2398"
"6205","詮欣","602700","43566061","71.60","73.00","71.40","72.50","0.9000","327"
"6206","飛捷","285896","24211683","84.90","85.00","84.30","85.00","0.2000","467"
"6209","今國光","216680","5394098","24.90","25.00","24.70","24.90","0.0000","135"
"6213","聯茂","4325410","466660528","109.00","109.50","107.00","107.50","-2.0000","3148"
"6214","精誠","676340","83149771","125.00","125.00","122.00","123.50","-1.5000","934"
"6215","和椿","5794403","253454197","43.30","45.35","42.60","43.10","-0.6500","3892"
"6216","居易","301959","10768076","35.65","35.80","35.45","35.80","0.1500","218"
"6224","聚鼎","58612","3125859","53.20","54.00","52.60","53.50","-0.1000","156"
"6225","天瀚","12389","212349","17.75","17.75","16.75","16.75","0.0000","16"
"6226","光鼎","271306","2703487","9.98","10.05","9.93","10.05","0.0500","160"
"6230","尼得科超眾","13506573","4558877516","318.00","356.00","311.00","334.00","9.5000","12902"
"6235","華孚","4514194","415624290","93.00","93.00","91.20","92.30","-2.7000","3989"
"6239","力成","8782573","1503284200","176.00","177.50","168.00","170.50","-4.0000","6585"
"6243","迅杰","237185","13912493","59.00","59.10","57.90","58.80","0.1000","258"
"6257","矽格","18317686","1422375193","75.20","79.50","75.10","77.40","3.2000","14201"
"6269","台郡","8402011","789975618","91.00","95.30","90.70","94.70","3.3000","5594"
"6271","同欣電","500175","73290604","147.50","147.50","146.00","147.00","-0.5000","564"
"6277","宏正","41695","3353206","80.30","80.60","80.20","80.60","0.0000","55"
"6278","台表科","10055343","1221906627","119.00","123.00","118.50","122.00","2.5000","6531"
"6281","全國電","34697","2928675","84.40","84.50","84.30","84.50","0.1000","68"
"6282","康舒","3848521","152265598","39.80","40.05","39.00","40.00","0.2500","3126"
"6283","淳安","2424412","86847664","34.75","36.60","34.60","35.90","1.0000","1640"
"6285","啟碁","1681027","254474302","149.50","152.50","149.00","152.50","2.0000","1308"
"6288","聯嘉","1295895","41125077","31.65","32.00","31.45","31.90","-0.0500","869"
"6405","悅城","51000","1177700","23.20","23.20","22.95","23.10","-0.0500","32"
"6409","旭隼","402329","595658712","1535.00","1570.00","1450.00","1450.00","-100.0000","1092"
"6412","群電","562472","95483689","172.50","172.50","168.00","172.50","-1.0000","980"
"6414","樺漢","1003382","325586827","324.50","328.00","321.00","326.50","-1.5000","1203"
"6415","矽力*-KY","5430174","2309764777","425.00","434.50","417.50","426.00","-10.5000","5265"
"6416","瑞祺電通","270171","31044726","114.50","116.00","112.50","115.50","1.0000","296"
"6426","統新","138274","9021225","65.50","65.90","64.80","65.80","-0.5000","104"
"6431","光麗-KY","127436","1650845","13.35","13.60","12.60","12.85","-0.5500","104"
"6438","迅得","668962","84179977","125.50","127.50","125.00","126.00","-2.0000","731"
"6442","光聖","21617540","3254856567","148.50","159.50","141.00","159.50","14.5000","15087"
"6443","元晶","4067726","112261293","27.85","28.05","27.50","27.50","-0.3500","2683"
"6446","藥華藥","1250710","375279798","300.00","307.00","297.00","299.50","6.0000","1523"
"6449","鈺邦","2073342","254282700","124.50","126.00","119.50","123.00","-1.0000","1556"
"6451","訊芯-KY","3921864","701179876","178.50","183.50","176.00","176.50","-5.5000","6419"
"6456","GIS-KY","998270","61012165","61.50","61.80","60.50","61.70","0.4000","1055"
"6464","台數科","29926","2562888","85.60","85.90","85.40","85.70","-0.2000","33"
"6472","保瑞","1428915","1090300616","772.00","780.00","752.00","752.00","-13.0000","2603"
"6477","安集","371354","13840302","37.55","37.55","37.10","37.10","-0.4500","360"
"6491","晶碩","1571301","842364648","530.00","548.00","527.00","532.00","8.0000","2604"
"6504","南六","30362","2147684","70.60","71.00","70.50","70.60","0.1000","53"
"6505","台塑化","2459271","176078202","72.00","72.10","71.30","71.60","-0.6000","1718"
"6515","穎崴","283545","237820581","849.00","849.00","822.00","840.00","3.0000","419"
"6525","捷敏-KY","81558","5537782","68.10","68.10","67.60","67.70","-0.4000","144"
"6526","達發","1432829","984501347","675.00","696.00","669.00","690.00","9.0000","1973"
"6531","愛普*","1450456","545937315","381.00","382.00","373.00","373.50","-6.5000","1909"
"6533","晶心科","401699","154073036","385.00","387.00","379.00","383.00","-4.0000","736"
"6534","正瀚-創","17150","1438334","83.10","84.30","83.10","83.50","0.4000","18"
"6541","泰福-KY","579968","26611486","46.55","46.55","45.45","45.55","-1.3500","596"
"6550","北極星藥業-KY","1448460","100750798","68.90","70.40","68.40","70.20","2.1000","1244"
"6552","易華電","4693870","236637853","49.50","52.30","48.10","49.50","0.0000","3651"
"6558","興能高","165988","3919939","24.25","24.25","23.35","23.55","-0.5000","234"
"6573","虹揚-KY","19024","243358","12.85","12.85","12.75","12.85","-0.1000","16"
"6579","研揚","126329","19500503","155.00","155.50","153.50","154.50","-1.0000","128"
"6581","鋼聯","101681","10115866","101.00","101.50","98.60","99.80","-0.2000","163"
"6582","申豐","50744","2577352","50.90","51.00","50.60","50.80","-0.1000","58"
"6585","鼎基","300113","58664302","198.00","198.00","193.50","195.00","-3.0000","1450"
"6591","動力-KY","109983","6112452","56.00","56.00","55.00","55.50","0.0000","181"
"6592","和潤企業","409028","48754447","118.50","119.50","118.50","119.50","0.0000","856"
"6592A","和潤企業甲特","3000","293700","97.90","97.90","97.90","97.90","0.0000","3"
"6592B","和潤企業乙特","2404","227880","94.80","94.80","94.80","94.80","-0.1000","10"
"6598","ABC-KY","41027","810053","19.85","19.85","19.70","19.75","0.0000","56"
"6605","帝寶","1332965","262539471","198.00","200.00","195.00","196.50","-1.0000","1384"
"6606","建德工業","98003","2657578","27.15","27.30","27.05","27.15","0.0000","61"
"6625","必應","2255733","235521131","98.80","107.00","98.10","105.50","7.5000","2631"
"6641","基士德-KY","40000","1748550","43.25","43.90","42.60","43.85","0.9500","19"
"6645","金萬林-創","45831","1818339","39.90","40.00","39.00","39.35","-0.0500","35"
"6655","科定","36200","4257200","118.50","119.50","117.00","117.00","0.0000","24"
"6657","華安","72385","4026289","56.10","56.20","55.20","55.90","0.3000","107"
"6658","聯策","7000","287900","41.00","41.90","41.00","41.00","0.0000","7"
"6666","羅麗芬-KY","10123","655496","64.90","65.00","64.60","64.70","0.4000","12"
"6668","中揚光","1450329","101616601","70.20","70.90","69.50","69.50","-0.7000","1085"
"6669","緯穎","1182760","2715564781","2340.00","2340.00","2270.00","2275.00","-85.0000","2635"
"6670","復盛應用","826976","223404021","280.00","280.00","266.00","269.00","-11.0000","6293"
"6671","三能-KY","23011","988579","43.00","43.00","42.90","42.90","-0.1000","19"
"6672","騰輝電子-KY","164468","13933066","83.90","85.50","83.90","85.50","1.7000","197"
"6674","鋐寶科技","1370","32499","23.65","23.65","23.65","23.65","0.0000","7"
"6689","伊雲谷","114342","11837395","102.50","104.50","102.50","104.00","1.5000","146"
"6691","洋基工程","210928","80176461","382.00","383.00","377.00","381.50","-0.5000","337"
"6695","芯鼎","669436","36032734","54.50","54.50","53.50","53.80","-0.7000","639"
"6698","旭暉應材","90975","3043339","33.25","33.75","33.10","33.40","0.0000","444"
"6706","惠特","118251","6233689","52.80","53.30","52.10","53.30","0.5000","256"
"6715","嘉基","175450","28294443","163.50","163.50","159.50","160.00","-3.0000","244"
"6719","力智","433305","118113583","273.50","274.50","271.00","274.00","0.0000","1246"
"6742","澤米","190708","15250046","80.60","81.00","79.20","80.10","-1.5000","293"
"6743","安普新","305626","18476925","60.20","61.00","59.50","61.00","0.8000","262"
"6753","龍德造船","812856","94417420","117.00","117.50","114.00","115.50","-1.5000","846"
"6754","匯僑設計","70411","4444282","62.30","63.60","62.30","63.10","0.7000","71"
"6756","威鋒電子","61282","11847394","194.50","194.50","192.50","192.50","-2.5000","160"
"6757","台灣虎航-創","940380","34766860","36.15","37.75","36.05","37.05","1.0500","448"
"6768","志強-KY","321134","27892686","87.00","87.40","86.40","86.80","-0.2000","289"
"6770","力積電","31518262","740359803","22.90","23.80","22.85","23.60","0.7500","13068"
"6776","展碁國際","110691","6984490","63.10","63.60","62.50","63.00","-0.1000","118"
"6781","AES-KY","156265","97869964","633.00","633.00","620.00","625.00","-5.0000","300"
"6782","視陽","454134","115384537","253.50","257.00","251.00","251.50","-2.0000","2310"
"6789","采鈺","619743","167542364","271.50","272.50","266.50","272.50","0.0000","725"
"6790","永豐實","527913","28965510","54.50","55.60","54.00","55.20","0.5000","475"
"6792","詠業","17420","1369828","78.70","79.20","78.40","79.00","0.4000","25"
"6796","晉弘","32999","2636215","79.40","80.30","79.30","79.90","0.5000","68"
"6799","來頡","265223","39631716","149.50","151.00","148.00","149.50","0.0000","313"
"6805","富世達","1249155","975504183","784.00","797.00","765.00","777.00","-14.0000","4477"
"6806","森崴能源","1170290","157271112","133.00","136.00","133.00","133.50","-1.0000","2193"
"6807","峰源-KY","52845","2377367","44.70","45.35","44.70","45.05","0.3000","64"
"6830","汎銓","224150","32162388","144.00","145.00","142.50","143.00","0.0000","242"
"6834","天二科技","48018","1146725","23.80","24.00","23.70","23.95","0.2500","28"
"6835","圓裕","95096","4842265","50.90","51.30","50.40","51.00","0.1000","89"
"6854","錼創科技-KY創","20193","1686622","84.00","84.00","82.50","83.30","-0.7000","19"
"6861","睿生光電","21308","1516653","71.70","71.70","70.70","71.20","-0.5000","30"
"6863","永道-KY","60531","8796965","145.00","146.50","144.50","145.50","0.5000","92"
"6869","雲豹能源-創","215130","32490130","150.00","152.50","150.00","151.00","1.0000","162"
"6873","泓德能源-創","230000","42872000","189.50","190.00","183.00","185.00","-5.0000","162"
"6901","鑽石投資","529679","21391836","40.55","40.75","40.25","40.45","-0.1500","395"
"6902","走著瞧-創","1000","157000","157.00","157.00","157.00","157.00","-1.0000","1"
"6906","現觀科","65846","8916158","138.00","138.00","134.00","135.50","-3.0000","186"
"6916","華凌","31139","789254","25.70","25.70","25.20","25.55","0.2000","29"
"6933","AMAX-KY","426736","150943352","360.50","360.50","350.00","351.00","-7.0000","723"
"6937","天虹","111267","23616219","213.50","213.50","211.00","212.50","-1.0000","164"
"6949","沛爾生醫-創","65000","10475500","163.00","164.00","160.00","162.50","-3.5000","40"
"8011","台通","1629733","35644688","21.85","22.05","21.55","21.90","0.0500","903"
"8016","矽創","678951","187772258","279.50","279.50","274.50","276.00","-4.0000","913"
"8021","尖點","236168","6991516","29.75","29.85","29.50","29.55","-0.2000","228"
"8028","昇陽半導體","2201785","120621321","55.20","55.30","54.20","54.70","-0.6000","4506"
"8033","雷虎","2170624","158337694","73.10","74.00","72.10","73.00","-0.2000","1777"
"8039","台虹","1355669","70228057","51.60","52.40","51.40","51.90","0.4000","1294"
"8046","南電","1889822","346391615","186.50","186.50","182.00","182.50","-4.5000","2751"
"8070","長華*","2196595","97967327","44.70","44.80","44.25","44.50","-0.2000","1532"
"8072","陞泰","67232","1779516","26.30","26.60","26.30","26.45","0.0000","147"
"8081","致新","1685990","497985921","288.50","298.50","288.50","298.50","10.0000","5058"
"8101","華冠","9549","35228","3.71","3.71","3.71","3.71","0.0100","25"
"8103","瀚荃","226673","9777376","43.10","43.55","42.85","42.85","-0.6500","253"
"8104","錸寶","117988","3892533","33.25","33.25","32.75","32.90","-0.3500","192"
"8105","凌巨","819027","10625353","13.05","13.10","12.90","13.00","-0.0500","332"
"8110","華東","10049681","185945874","17.95","18.80","17.65","18.70","0.7500","3664"
"8112","至上","20865695","1917682324","88.20","94.00","87.20","93.40","5.2000","16022"
"8112A","至上甲特","12124","521359","43.00","43.05","43.00","43.00","0.0000","41"
"8114","振樺電","232586","28172215","120.50","122.00","120.00","121.50","1.0000","222"
"8131","福懋科","280031","10264464","36.60","36.80","36.40","36.60","-0.1000","220"
"8150","南茂","1930762","89303279","46.05","46.50","45.90","46.40","0.5000","1578"
"8162","微矽電子-創","14000","565350","40.10","41.00","40.00","40.00","0.1000","11"
"8163","達方","1560125","99367459","63.30","64.20","62.90","63.80","0.5000","1559"
"8201","無敵","217301","3913640","17.85","18.45","17.50","18.45","0.7500","131"
"8210","勤誠","5610902","1592395801","286.00","290.00","273.00","283.00","-5.0000","9458"
"8213","志超","784183","31185804","40.10","40.10","39.60","39.75","-0.3500","718"
"8215","明基材","520530","17915221","34.60","34.70","34.30","34.60","0.0000","552"
"8222","寶一","464521","20815597","44.45","45.30","44.30","44.75","0.2500","403"
"8249","菱光","48207","1404076","29.10","29.20","29.10","29.20","0.1000","86"
"8261","富鼎","253118","20852872","82.20","82.80","81.60","82.40","0.5000","304"
"8271","宇瞻","1689638","112732513","67.20","67.60","66.30","66.70","-0.9000","1679"
"8341","日友","118154","12103548","102.00","103.00","102.00","102.50","0.5000","1280"
"8367","建新國際","24420","1163139","48.20","48.20","47.45","47.75","0.2000","34"
"8374","羅昇","76763","2406680","31.10","31.50","31.05","31.30","0.2000","52"
"8404","百和興業-KY","366236","7476365","20.35","20.55","20.15","20.55","0.2000","239"
"8411","福貞-KY","37415","504150","13.45","13.50","13.45","13.45","0.0000","119"
"8422","可寧衛","262943","50988425","193.50","195.00","192.50","193.00","-0.5000","727"
"8429","金麗-KY","466063","4718994","10.20","10.20","10.05","10.10","-0.1000","313"
"8438","昶昕","362707","12529780","35.95","35.95","33.90","34.70","-0.7500","344"
"8442","威宏-KY","572020","71293167","120.00","127.50","120.00","125.00","4.0000","391"
"8443","阿瘦","67682","825711","12.20","12.25","12.15","12.20","-0.0500","204"
"8454","富邦媒","1333806","592362531","443.00","448.50","438.50","442.00","0.0000","3826"
"8462","柏文","270258","31275945","112.00","118.00","112.00","116.00","5.0000","374"
"8463","潤泰材","1961285","58906572","28.70","30.90","28.65","29.65","0.9500","1378"
"8464","億豐","477440","177799452","377.00","378.50","369.00","369.00","-12.0000","543"
"8466","美吉吉-KY","247115","14225609","57.40","58.80","56.40","57.80","1.3000","191"
"8467","波力-KY","722326","131294234","186.00","192.00","175.50","177.50","-7.5000","713"
"8473","山林水","1723011","77904841","44.35","45.80","44.10","45.45","1.1000","1419"
"8476","台境","157347","8833557","56.80","57.40","55.30","57.00","0.2000","568"
"8478","東哥遊艇","126537","49188392","391.00","392.00","386.00","388.50","-2.5000","318"
"8481","政伸","10125","524599","51.70","51.80","51.70","51.80","0.7000","8"
"8482","商億-KY","6080","371111","61.40","61.40","60.80","60.80","0.0000","28"
"8487","愛爾達-創","6040","484403","79.90","80.50","79.90","80.50","0.6000","9"
"8488","吉源-KY","7000","112550","15.95","16.10","15.95","16.10","0.0000","3"
"8499","鼎炫-KY","9242","1051895","114.00","114.00","114.00","114.00","0.0000","20"
"8926","台汽電","3253833","153534892","47.60","47.60","46.95","47.30","-0.2500","2584"
"8940","新天地","1565671","50642869","31.45","32.90","31.45","32.55","1.4000","985"
"8996","高力","17726316","7611472930","431.50","438.00","419.00","423.00","-10.0000","14741"
"9103","美德醫療-DR","4098807","27522202","6.68","6.80","6.56","6.69","0.0400","432"
"910322","康師傅-DR","57352","1036760","18.00","18.20","17.80","18.20","0.2000","78"
"9105","泰金寶-DR","7293299","25950028","3.60","3.60","3.54","3.54","-0.0700","1256"
"910861","神州-DR","496005","3013889","5.86","6.44","5.83","6.39","0.5300","104"
"9110","越南控-DR","39200","290940","7.48","7.48","7.40","7.40","0.0000","14"
"911608","明輝-DR","175000","618750","3.48","3.65","3.46","3.62","0.1400","114"
"911622","泰聚亨-DR","5000","25260","5.04","5.10","5.04","5.10","0.0000","4"
"911868","同方友友-DR","559000","664020","1.21","1.21","1.18","1.19","-0.0200","139"
"912000","晨訊科-DR","807123","2079071","2.52","2.64","2.52","2.61","0.0700","208"
"9136","巨騰-DR","67000","422160","6.32","6.34","6.29","6.29","-0.0300","20"
"9802","鈺齊-KY","411649","49708265","120.00","122.00","119.50","121.00","0.5000","525"
"9902","台火","1075927","17872133","16.70","16.80","16.25","16.70","0.1500","719"
"9904","寶成","9975542","360704555","36.10","36.35","35.90","36.10","-0.0500","4543"
"9905","大華","287027","6902366","24.00","24.10","24.00","24.05","0.0500","118"
"9906","欣巴巴","630334","60217924","94.50","96.70","93.50","94.90","1.4000","785"
"9907","統一實","1319300","19648918","14.90","14.95","14.80","14.95","0.0000","589"
"9908","大台北","61678","1998535","32.40","32.45","32.35","32.45","0.0000","74"
"9910","豐泰","942392","151952621","161.50","163.00","160.50","160.50","-1.5000","761"
"9911","櫻花","505146","45402634","89.90","90.40","88.80","90.10","0.2000","697"
"9912","偉聯","366063","4505675","11.95","12.50","11.95","12.50","0.6000","319"
"9914","美利達","2370348","540416802","234.50","234.50","225.00","231.50","-3.5000","2329"
"9917","中保科","137092","17597552","127.50","129.00","127.50","128.00","-0.5000","513"
"9918","欣天然","22302","929713","41.55","41.80","41.45","41.60","0.0500","40"
"9919","康那香","2659732","58318243","22.05","22.05","21.75","21.90","0.1000","554"
"9921","巨大","1260752","273165079","218.00","220.50","215.00","216.00","-2.5000","1723"
"9924","福興","1551633","85432098","54.30","55.40","54.30","55.10","1.3000","942"
"9925","新保","147766","6115978","41.35","41.45","41.35","41.45","0.0500","123"
"9926","新海","27126","1471041","54.80","54.90","53.70","54.80","-0.5000","31"
"9927","泰銘","508259","38327604","74.90","75.90","74.80","75.20","0.3000","428"
"9928","中視","38017","647240","17.15","17.15","16.95","17.10","-0.0500","29"
"9929","秋雨","6004","93060","15.50","15.50","15.50","15.50","-0.0500","6"
"9930","中聯資源","155518","10117191","64.50","65.80","64.30","65.80","0.6000","192"
"9931","欣高","18371","688504","37.30","37.55","37.30","37.45","0.1500","28"
"9933","中鼎","5135407","268585145","51.70","52.80","51.50","52.30","0.6000","3258"
"9934","成霖","3733719","69870001","18.50","18.95","18.30","18.85","0.4000","1814"
"9935","慶豐富","964895","24539221","25.00","25.85","24.80","25.80","0.8000","611"
"9937","全國","27669","1873083","67.90","68.00","67.10","67.60","0.2000","32"
"9938","百和","1909409","121568808","64.00","64.40","63.00","63.60","0.0000","1296"
"9939","宏全","861510","138866464","159.50","163.00","159.00","162.50","3.5000","904"
"9940","信義","1277169","43143698","33.15","34.10","33.15","33.60","0.4500","1362"
"9941","裕融","651041","96840152","148.00","149.50","147.50","148.50","0.5000","1146"
"9941A","裕融甲特","2140","108812","50.80","50.90","50.80","50.90","0.1000","7"
"9942","茂順","141502","18385254","130.00","130.50","129.50","130.00","0.5000","167"
"9943","好樂迪","260070","23244594","89.30","89.80","88.50","89.80","0.1000","255"
"9944","新麗","348651","7308377","20.95","21.05","20.90","20.95","0.0000","147"
"9945","潤泰新","84067828","3513852631","39.00","42.25","39.00","42.25","3.8000","27692"
"9946","三發地產","3229574","123637743","37.10","39.20","37.00","38.10","1.0000","1949"
"9955","佳龍","775338","25616174","33.10","33.50","32.65","32.65","0.1000","645"
"9958","世紀鋼","7283171","1676837443","225.00","234.50","224.50","230.00","6.5000","9482"
