證券代號,證券名稱,成交股數,成交金額,開盤價,最高價,最低價,收盤價,漲跌價差,成交筆數
"0050","元大台灣50","32816025","5798178503","178.15","178.90","174.70","174.70","-9.3000","68966"
"0051","元大中型100","123440","9957748","81.55","81.55","79.90","79.90","-2.4000","511"
"0052","富邦科技","3336785","574840118","173.80","174.30","170.00","170.05","-9.7500","5642"
"0053","元大電子","35060","3358702","98.15","98.15","94.60","94.60","-5.2500","161"
"0055","元大MSCI金融","385866","10996129","28.48","28.80","28.33","28.60","-0.4400","469"
"0056","元大高股息","64915191","2476724656","38.42","38.47","37.94","38.00","-1.1500","60161"
"0057","富邦摩台","17212","2247648","131.45","131.85","130.25","130.25","-5.6000","94"
"0061","元大寶滬深","120243","2034992","17.00","17.00","16.87","16.89","-0.1300","111"
"006203","元大MSCI台灣","28181","2354413","85.80","85.80","82.95","82.95","-3.9500","170"
"006204","永豐臺灣加權","4886","532133","108.55","108.80","108.55","108.80","-4.9000","90"
"006205","富邦上証","349911","10326154","29.54","29.62","29.43","29.55","-0.1800","139"
"006206","元大上證50","273534","7687912","28.20","28.25","28.08","28.17","-0.1200","83"
"006207","復華滬深","61882","1353224","21.99","21.99","21.86","21.91","-0.1100","64"
"006208","富邦台50","25019576","2587642446","104.50","104.70","102.40","102.40","-5.1500","66682"
"00625K","富邦上証+R","","","","","","","0.0000",""
"00631L","元大台灣50正2","16349066","3670986755","227.65","230.20","219.00","219.00","-23.0000","25938"
"00632R","元大台灣50反1","461647575","1640344400","3.53","3.59","3.51","3.58","0.1500","17092"
"00633L","富邦上証正2","4519442","144572176","31.99","32.33","31.74","31.92","-0.5100","895"
"00634R","富邦上証反1","344524","1643044","4.76","4.78","4.75","4.78","0.0500","31"
"00635U","期元大S&P黃金","2738125","78935325","28.73","28.94","28.60","28.89","0.1500","404"
"00636","國泰中國A50","1213044","24682281","20.30","20.43","20.28","20.39","-0.0900","203"
"00636K","國泰中國A50+U","200","1240","6.20","6.20","6.20","6.20","-0.0700","2"
"00637L","元大滬深300正2","44308453","570467928","12.89","13.01","12.79","12.84","-0.2100","4451"
"00638R","元大滬深300反1","440386","4437068","10.04","10.11","10.04","10.07","0.0900","51"
"00639","富邦深100","372094","3704250","9.99","10.03","9.91","9.95","-0.1000","172"
"00640L","富邦日本正2","4586225","229508067","50.40","51.10","49.16","49.20","-6.3000","2235"
"00641R","富邦日本反1","2713140","18451556","6.72","6.84","6.72","6.84","0.3600","387"
"00642U","期元大S&P石油","3154123","55522002","17.55","17.66","17.54","17.61","-0.4000","694"
"00643","群益深証中小","576534","6485669","11.29","11.31","11.20","11.26","-0.1200","88"
"00643K","群益深証中小+R","","","","","","","0.0000",""
"00645","富邦日本","2686315","95727149","36.07","36.07","35.38","35.38","-2.0700","1640"
"00646","元大S&P500","1622145","89922803","55.60","55.65","55.25","55.30","-1.3500","1974"
"00647L","元大S&P500正2","329021","28647599","87.30","87.70","86.60","87.05","-4.8000","206"
"00648R","元大S&P500反1","3525499","19815375","5.60","5.64","5.60","5.63","0.1600","233"
"00650L","復華香港正2","35588968","327974305","9.28","9.32","9.12","9.12","-0.4800","2988"
"00651R","復華香港反1","1238561","11400541","9.15","9.23","9.14","9.22","0.2200","109"
"00652","富邦印度","638945","26146278","41.20","41.20","40.83","40.93","-0.3000","448"
"00653L","富邦印度正2","454011","30177472","67.05","67.05","66.20","66.70","-1.2500","187"
"00654R","富邦印度反1","1781050","11275378","6.28","6.36","6.28","6.34","0.1000","165"
"00655L","國泰中國A50正2","2421923","52582694","21.70","21.93","21.51","21.70","-0.3200","383"
"00656R","國泰中國A50反1","380773","3419969","8.99","9.01","8.95","8.99","0.0800","24"
"00657","國泰日經225","431148","18493809","43.06","43.27","42.65","42.65","-2.2500","276"
"00657K","國泰日經225+U","200","2614","13.07","13.07","13.07","13.07","-0.6300","2"
"00660","元大歐洲50","113107","3906057","34.54","34.65","34.44","34.65","-0.9800","75"
"00661","元大日經225","2065982","96714423","46.99","47.25","46.60","46.60","-2.4800","997"
"00662","富邦NASDAQ","4381281","346438056","79.40","79.50","78.65","78.80","-3.5500","3159"
"00663L","國泰臺灣加權正2","137112","28648802","208.60","210.50","201.75","201.75","-19.8000","77"
"00664R","國泰臺灣加權反1","21671056","87558335","4.02","4.08","3.99","4.08","0.1800","1303"
"00665L","富邦恒生國企正2","53648157","325970853","6.12","6.14","6.01","6.01","-0.2800","4291"
"00666R","富邦恒生國企反1","60000","930320","15.37","15.55","15.37","15.54","0.3300","25"
"00668","國泰美國道瓊","261660","12549015","47.69","48.01","47.69","47.97","-0.8000","139"
"00668K","國泰美國道瓊+U","200","2922","14.61","14.61","14.61","14.61","-0.3100","2"
"00669R","國泰美國道瓊反1","6081574","42865814","7.00","7.07","7.00","7.06","0.1400","441"
"00670L","富邦NASDAQ正2","2717293","306193979","113.45","113.60","111.00","112.05","-10.6500","2683"
"00671R","富邦NASDAQ反1","31195900","123202612","3.93","3.98","3.93","3.97","0.1700","902"
"00673R","期元大S&P原油反1","17895884","132287788","7.40","7.41","7.36","7.38","0.1700","898"
"00674R","期元大S&P黃金反1","1357304","13871948","10.24","10.28","10.19","10.21","-0.0300","200"
"00675L","富邦臺灣加權正2","13160508","1184543997","91.20","92.25","88.10","88.10","-8.8500","16364"
"00676R","富邦臺灣加權反1","18561547","41573133","2.23","2.26","2.21","2.25","0.0800","867"
"00678","群益那斯達克生技","779566","24356810","31.16","31.35","31.16","31.28","-0.3300","99"
"00680L","元大美債20正2","178337756","1651221242","9.24","9.30","9.23","9.27","0.2100","12958"
"00681R","元大美債20反1","296200","5823887","19.66","19.69","19.63","19.67","-0.2200","41"
"00682U","期元大美元指數","5000","105480","21.09","21.12","21.09","21.09","0.0400","3"
"00683L","期元大美元指正2","25000","569240","22.82","22.82","22.74","22.74","0.1300","13"
"00684R","期元大美元指反1","16000","246260","15.39","15.40","15.38","15.38","-0.0600","4"
"00685L","群益臺灣加權正2","2969473","237738056","81.10","82.00","78.50","78.50","-7.6500","2019"
"00686R","群益臺灣加權反1","7303998","17566948","2.39","2.43","2.38","2.42","0.0900","178"
"00688L","國泰20年美債正2","90883920","837937629","9.22","9.26","9.19","9.21","0.1800","6863"
"00689R","國泰20年美債反1","225000","4583070","20.37","20.39","20.35","20.37","-0.2200","10"
"00690","兆豐藍籌30","4199125","141711571","34.50","34.50","33.29","33.29","-1.6900","2785"
"00692","富邦公司治理","7533109","314297446","42.30","42.30","41.31","41.31","-1.9400","9113"
"00693U","期街口S&P黃豆","212342","4453527","20.88","21.01","20.88","20.97","0.0300","84"
"00700","富邦恒生國企","322213","3937208","12.41","12.41","12.17","12.17","-0.2900","162"
"00701","國泰股利精選30","1629434","47247198","29.02","29.14","28.82","29.06","-0.3700","558"
"00702","國泰標普低波高息","131581","3218609","24.40","24.48","24.40","24.48","0.0200","109"
"00703","台新MSCI中國","117933","1738494","14.80","14.84","14.70","14.70","-0.2000","70"
"00706L","期元大S&P日圓正2","26854950","177668923","6.62","6.64","6.58","6.62","0.0300","1734"
"00707R","期元大S&P日圓反1","1000","28730","28.73","28.73","28.73","28.73","-0.0200","1"
"00708L","期元大S&P黃金正2","812472","29470175","36.27","36.53","35.82","36.48","0.3800","349"
"00709","富邦歐洲","44136","1321299","29.96","29.99","29.73","29.73","-0.8000","108"
"00710B","復華彭博非投等債","532338","10570423","19.86","19.88","19.83","19.83","-0.0100","110"
"00711B","復華彭博新興債","166895","2832324","16.93","16.98","16.93","16.96","0.0900","82"
"00712","復華富時不動產","36545512","365377107","10.02","10.02","9.97","9.97","-0.1500","9392"
"00713","元大台灣高息低波","14332898","815942733","56.95","57.30","56.75","56.80","-0.9000","18689"
"00714","群益道瓊美國地產","546729","11766410","21.47","21.54","21.47","21.52","0.2800","237"
"00715L","期街口布蘭特正2","20596635","321628469","15.52","15.75","15.50","15.65","-0.5400","3423"
"00717","富邦美國特別股","452633","7276514","16.02","16.11","16.02","16.07","0.1000","159"
"00728","第一金工業30","475615","14763225","31.33","31.33","30.68","30.68","-1.3500","321"
"00730","富邦臺灣優質高息","307424","6875992","22.47","22.51","22.17","22.17","-0.7800","405"
"00731","復華富時高息低波","2369338","180102261","76.70","76.70","75.60","75.80","-2.4500","1194"
"00733","富邦臺灣中小","3460242","188538624","55.40","55.45","53.60","53.65","-2.9000","6159"
"00735","國泰臺韓科技","729335","24576672","33.82","33.96","33.31","33.38","-1.6700","941"
"00736","國泰新興市場","729481","16737779","22.81","23.30","22.68","22.68","-0.3500","159"
"00737","國泰AI+Robo","544873","16088160","29.59","29.68","29.41","29.43","-1.5900","201"
"00738U","期元大道瓊白銀","947193","24714502","25.99","26.37","25.70","26.27","-0.1700","230"
"00739","元大MSCI A股","45408","927832","20.32","20.51","20.32","20.44","-0.1600","98"
"00752","中信中國50","2863178","50968909","17.90","17.97","17.72","17.72","-0.3500","713"
"00753L","中信中國50正2","18311147","129045330","7.10","7.13","6.99","7.00","-0.2700","2654"
"00757","統一FANG+","7126409","602666293","84.85","85.20","84.10","84.35","-4.1000","11365"
"00762","元大全球AI","631162","37316365","59.90","59.90","58.70","58.80","-3.1500","979"
"00763U","期街口道瓊銅","315734","7925933","25.00","25.20","25.00","25.18","-0.6200","153"
"00770","國泰北美科技","1577520","70776093","45.60","45.60","44.65","44.66","-2.2500","1623"
"00771","元大US高息特別股","47246","837552","17.67","17.81","17.67","17.69","0.1400","93"
"00775B","新光投等債15+","1688489","60409071","35.74","35.84","35.72","35.73","0.1400","137"
"00783","富邦中証500","99953","1696972","16.96","17.04","16.96","16.98","0.0000","63"
"00830","國泰費城半導體","23930796","1078828724","44.77","45.45","44.73","45.45","-3.4500","14185"
"00850","元大臺灣ESG永續","4076644","178801095","44.28","44.30","43.49","43.49","-1.8900","5843"
"00851","台新全球AI","51900","2329634","45.80","45.80","44.66","44.81","-1.8100","117"
"00852L","國泰美國道瓊正2","1225914","30623767","24.98","25.11","24.90","25.01","-0.9900","109"
"00861","元大全球未來通訊","244133","10072607","41.82","41.82","41.16","41.20","-1.8700","226"
"00865B","國泰US短期公債","119915","5563679","46.35","46.41","46.31","46.41","0.1800","105"
"00875","國泰網路資安","287028","9251150","32.30","32.35","32.10","32.15","-1.0400","116"
"00876","元大全球5G","986925","37453163","38.59","38.59","37.75","37.77","-2.3500","571"
"00878","國泰永續高股息","223097849","5109439546","22.93","23.05","22.85","22.87","-0.4900","123903"
"00881","國泰台灣5G+","69095295","1638506842","23.92","23.99","23.37","23.40","-1.3400","36017"
"00882","中信中國高股息","16722475","184727079","11.10","11.12","10.99","11.08","-0.0800","3790"
"00885","富邦越南","23696105","272967712","11.69","11.69","11.45","11.46","-0.3800","5779"
"00891","中信關鍵半導體","28271224","502676492","18.03","18.03","17.54","17.55","-0.9600","14294"
"00892","富邦台灣半導體","7519719","119139150","16.03","16.09","15.56","15.56","-0.9400","3244"
"00893","國泰智能電動車","8410746","175875882","21.00","21.04","20.79","20.84","-1.4100","3479"
"00894","中信小資高價30","1573990","31447375","20.35","20.35","19.67","19.67","-1.1200","1032"
"00895","富邦未來車","4593443","122222682","26.73","26.80","26.45","26.47","-1.7900","3743"
"00896","中信綠能及電動車","1859481","32757605","17.96","17.96","17.46","17.49","-0.6900","1438"
"00897","富邦基因免疫生技","1707800","14379380","8.50","8.50","8.39","8.40","-0.2000","316"
"00898","國泰基因免疫革命","1002939","7728313","7.75","7.75","7.68","7.68","-0.1100","219"
"00899","FT潔淨能源","274304","4631984","17.06","17.06","16.85","16.88","-0.1800","150"
"00900","富邦特選高股息30","28385012","446974154","15.83","15.85","15.65","15.66","-0.3300","8495"
"00901","永豐智能車供應鏈","1195032","23742942","19.92","20.05","19.56","19.56","-1.1100","505"
"00902","中信電池及儲能","6183193","55145568","8.96","8.96","8.88","8.91","-0.2800","1654"
"00903","富邦元宇宙","2286912","31458356","13.88","13.88","13.68","13.69","-0.9000","552"
"00904","新光臺灣半導體30","3794065","65184206","17.58","17.60","16.93","16.93","-1.0100","1561"
"00905","FT臺灣Smart","22301856","292939279","13.33","13.39","13.01","13.02","-0.5800","10141"
"00907","永豐優息存股","5693748","92865048","16.35","16.40","16.22","16.25","-0.2800","1755"
"00908","富邦入息REITs+","344614","4492312","13.05","13.10","13.00","13.00","0.0000","104"
"00909","國泰數位支付服務","3741367","99560826","27.09","27.10","26.40","26.43","-1.0900","2452"
"00910","第一金太空衛星","260504","5356199","21.30","21.30","20.49","20.50","-0.8900","44"
"00911","兆豐洲際半導體","2840713","73673437","26.88","26.88","25.77","25.91","-2.2800","1904"
"00912","中信臺灣智慧50","4070127","75707562","18.98","18.98","18.43","18.45","-0.8300","560"
"00913","兆豐台灣晶圓製造","1177382","24514700","21.00","21.08","20.54","20.54","-1.1300","290"
"00915","凱基優選高股息30","15876307","424730434","26.90","26.91","26.62","26.79","-0.4300","8355"
"00916","國泰全球品牌50","552840","12358247","22.56","22.56","22.26","22.29","-0.5600","647"
"00917","中信特選金融","1226149","25235532","20.61","20.62","20.54","20.55","-0.3900","174"
"00918","大華優利高填息30","19014122","455236842","24.03","24.11","23.83","23.84","-0.6200","10510"
"00919","群益台灣精選高息","168787137","4071996954","24.26","24.30","24.00","24.05","-0.5900","95988"
"00920","富邦ESG綠色電力","220162","3281126","14.90","14.96","14.84","14.86","-0.3700","105"
"00921","兆豐龍頭等權重","2815962","52309376","18.83","18.83","18.46","18.50","-0.4400","1152"
"00922","國泰台灣領袖50","12029998","251534946","21.05","21.15","20.70","20.71","-0.9700","8074"
"00923","群益台ESG低碳50","29817170","635715837","21.55","21.58","21.06","21.09","-1.0100","19321"
"00924","復華S&P500成長","2076628","45799699","22.18","22.18","21.95","21.97","-0.7700","1454"
"00925","新光標普電動車","227082","3689557","16.23","16.25","16.21","16.21","-0.7700","13"
"00926","凱基全球菁英55","2052636","46030610","22.58","22.58","22.35","22.38","-0.4700","369"
"00927","群益半導體收益","27526249","510449170","18.75","18.80","18.31","18.31","-0.8800","15320"
"00929","復華台灣科技優息","258173875","4976660430","19.31","19.39","19.21","19.23","-0.4400","96959"
"00930","永豐ESG低碳高息","3965682","77441933","19.66","19.66","19.43","19.47","-0.4700","1873"
"00932","兆豐永續高息等權","16337687","284902026","17.64","17.64","17.30","17.32","-0.4100","5091"
"00934","中信成長高股息","75462524","1462990994","19.41","19.54","19.23","19.25","-0.6600","23011"
"00935","野村臺灣新科技50","17850890","377383525","21.50","21.51","20.88","20.89","-1.2600","10691"
"00936","台新永續高息中小","35634725","614248789","17.24","17.34","17.18","17.20","-0.3100","13047"
"00939","統一台灣高息動能","29944786","427145158","14.36","14.36","14.20","14.22","-0.2600","9664"
"00940","元大台灣價值高息","199101066","1925025908","9.72","9.74","9.62","9.63","-0.2300","60733"
"00941","中信上游半導體","31886018","468482313","14.91","14.91","14.65","14.69","-0.6200","9465"
"00943","兆豐電子高息等權","1340845","19668597","14.76","14.76","14.56","14.58","-0.3700","486"
"00944","野村趨勢動能高息","7497966","111389406","14.80","14.93","14.80","14.82","-0.2500","2118"
"00945B","凱基美國非投等債","18095887","279838389","15.47","15.48","15.45","15.46","0.0400","1916"
"00946","群益科技高息成長","60539212","601983315","9.95","10.01","9.90","9.91","-0.2200","17372"
"00947","台新臺灣IC設計","18262788","252837024","13.98","14.09","13.61","13.61","-0.8600","8417"
"00949","復華日本龍頭","35141791","510183197","14.65","14.65","14.41","14.47","-0.7000","11146"
"00951","台新日本半導體","41882343","383168683","9.23","9.27","9.07","9.13","-0.7400","7925"
"01001T","土銀富邦R1","97190","1357938","13.98","14.00","13.81","14.00","0.0200","16"
"01002T","土銀國泰R1","4000","66920","16.75","16.75","16.71","16.71","-0.0600","4"
"01004T","土銀富邦R2","184000","2282160","12.38","12.41","12.38","12.39","-0.0300","13"
"01007T","兆豐國泰R2","10000","165050","16.51","16.51","16.50","16.50","-0.0100","5"
"01009T","王道圓滿R1","","","","","","","0.0000",""
"01010T","京城樂富R1","19000","190370","10.03","10.03","10.01","10.02","0.0000","6"
"020000","富邦特選蘋果N","10000","119050","11.97","11.97","11.84","11.84","0.0000","6"
"020011","統一微波高息20N","","","","","","","0.0000",""
"020012","富邦行動通訊N","","","","","","","0.0000",""
"020015","統一MSCI美低波N","","","","","","","0.0000",""
"020016","統一MSCI美科技N","","","","","","","0.0000",""
"020018","統一價值成長30N","","","","","","","0.0000",""
"020019","統一特選台灣5GN","","","","","","","0.0000",""
"02001L","富邦蘋果正二N","228000","6089900","27.38","27.74","25.86","25.86","-4.0200","109"
"02001R","富邦蘋果反一N","89000","133920","1.48","1.51","1.47","1.51","0.0900","9"
"02001S","策元大加權策略N","1000","7110","7.11","7.11","7.11","7.11","0.0000","1"
"020020","元大台股領航N","272000","3019580","11.50","11.50","10.99","11.00","-0.6000","88"
"020028","元大特選電動車N","62000","572200","9.33","9.34","9.16","9.19","-0.4100","31"
"020029","元大ESG高股息N","74000","633170","8.70","8.70","8.48","8.48","-0.3400","32"
"020030","統一智慧電動車N","68000","412550","6.13","6.16","6.00","6.00","-0.3400","18"
"020031","統一IC設計臺灣N","547000","2956290","5.51","5.56","5.37","5.37","-0.3600","39"
"020032","元大綠能N","46000","286660","6.27","6.27","6.18","6.18","-0.2500","15"
"020034","元大IC設計N","93000","668090","7.42","7.42","7.09","7.09","-0.4400","37"
"020036","元大金融配息N","","","","","","","0.0000",""
"020037","元大金融高股息N","1000","6840","6.84","6.84","6.84","6.84","-0.1300","1"
"020038","元大ESG配息N","45000","331990","7.50","7.50","7.33","7.33","-0.2700","19"
"020039","元大加權N","203000","1349790","6.68","6.72","6.59","6.59","-0.3000","68"
"1101","台泥","22201363","759261089","34.40","34.40","33.90","34.30","-0.3000","10521"
"1101B","台泥乙特","10103","474933","47.00","47.05","47.00","47.05","0.0000","10"
"1102","亞泥","8249607","339238239","41.00","41.45","40.75","41.45","0.2500","3498"
"1103","嘉泥","375830","6744501","18.00","18.05","17.80","17.95","-0.3000","479"
"1104","環泥","992224","32634072","33.40","33.40","32.60","32.80","-0.9000","981"
"1108","幸福","309251","5028804","16.30","16.35","16.20","16.20","-0.2000","217"
"1109","信大","256690","4642978","18.15","18.20","18.00","18.00","-0.3000","229"
"1110","東泥","1550078","37033441","24.35","24.60","23.50","23.60","-1.2000","940"
"1201","味全","446996","8159571","18.35","18.35","18.20","18.20","-0.1500","600"
"1203","味王","16507","873938","53.50","53.70","52.10","52.40","-2.3000","101"
"1210","大成","2701582","147176043","55.20","55.30","54.20","54.20","-1.0000","2838"
"1213","大飲","212833","2681345","12.30","13.00","12.30","12.40","-0.1000","111"
"1215","卜蜂","483421","48609453","101.00","101.00","100.00","100.50","-0.5000","957"
"1216","統一","17302045","1365614342","79.00","79.90","78.50","79.20","-0.7000","10092"
"1217","愛之味","1019797","12780988","12.50","12.65","12.45","12.45","-0.2000","620"
"1218","泰山","851552","17830076","21.10","21.15","20.80","20.85","-0.4000","863"
"1219","福壽","314405","5654257","18.10","18.10","17.95","17.95","-0.2000","232"
"1220","台榮","180092","2750498","15.25","15.40","15.20","15.30","-0.1500","115"
"1225","福懋油","197646","28088073","145.00","154.50","135.50","135.50","-11.5000","243"
"1227","佳格","593161","23505497","39.80","39.85","39.45","39.70","-0.4500","541"
"1229","聯華","2526709","157273523","63.00","63.00","61.90","62.10","-1.2000","3760"
"1231","聯華食","555944","66138681","120.00","120.50","117.00","117.50","-3.0000","997"
"1232","大統益","70716","10169297","144.50","145.00","143.00","143.50","-1.0000","200"
"1233","天仁","13179","439138","33.30","33.55","33.15","33.45","-0.1000","27"
"1234","黑松","80419","3433928","42.85","43.05","42.55","42.70","-0.1500","173"
"1235","興泰","27521","3107283","113.00","117.00","111.00","112.00","-3.0000","73"
"1236","宏亞","61997","1542531","24.90","25.20","24.75","24.95","-0.1500","280"
"1256","鮮活果汁-KY","12605","2292658","186.00","186.00","180.00","180.00","-6.0000","1250"
"1301","台塑","9807974","563304537","57.80","58.00","57.10","57.30","-1.2000","7097"
"1303","南亞","14662399","712715080","49.05","49.25","48.25","48.45","-1.3500","8828"
"1304","台聚","2584676","41261484","16.20","16.20","15.85","15.85","-0.5000","1440"
"1305","華夏","1488420","26828026","18.15","18.15","17.90","18.00","-0.3500","934"
"1307","三芳","495337","15634376","32.15","32.15","31.25","31.30","-0.9500","533"
"1308","亞聚","1845700","34415458","18.90","18.90","18.45","18.45","-0.7000","1554"
"1309","台達化","3369364","60381317","18.40","18.40","17.70","17.80","-0.8500","2091"
"1310","台苯","930114","13005002","14.05","14.15","13.85","13.90","-0.3000","675"
"1312","國喬","5258377","75657633","14.60","14.60","14.25","14.25","-0.5000","1879"
"1312A","國喬特","","","","","","","0.0000",""
"1313","聯成","1447409","18104098","12.60","12.65","12.40","12.40","-0.3500","912"
"1314","中石化","26990368","290327227","10.75","10.90","10.65","10.70","-0.2000","4957"
"1315","達新","22559","1615369","71.90","71.90","71.30","71.60","-0.5000","45"
"1316","上曜","83465943","1850407313","22.25","23.05","21.25","21.55","-1.3000","27219"
"1319","東陽","2462928","231436863","94.20","95.40","92.60","92.60","-4.1000","2144"
"1321","大洋","414415","15247886","37.20","37.45","36.35","36.70","-0.9500","243"
"1323","永裕","67041","2002533","29.95","29.95","29.80","29.95","0.0000","39"
"1324","地球","44990","620130","13.85","13.85","13.65","13.80","-0.2000","123"
"1325","恆大","285997","8315195","29.40","29.40","28.90","28.90","-0.7500","251"
"1326","台化","8157613","399585155","49.15","49.45","48.70","49.10","-0.7500","5323"
"1337","再生-KY","505038","3726673","7.39","7.45","7.35","7.35","-0.0700","372"
"1338","廣華-KY","103016","3231577","31.05","31.85","31.05","31.20","-0.4500","147"
"1339","昭輝","104547","6567630","62.60","63.50","62.50","62.90","-0.6000","176"
"1340","勝悅-KY","109311","1151741","10.65","10.65","10.40","10.55","-0.2000","295"
"1341","富林-KY","33120","2186608","66.30","66.40","65.70","65.90","-1.0000","51"
"1342","八貫","268409","25915413","97.70","97.70","95.50","95.90","-2.3000","349"
"1402","遠東新","13336567","463562421","34.50","35.00","34.40","35.00","-0.1500","4763"
"1409","新纖","4548425","77450429","17.30","17.30","16.85","16.90","-0.6000","2209"
"1410","南染","30001","1119587","37.60","37.90","37.10","37.50","-0.3000","19"
"1413","宏洲","152530","1530095","10.35","10.35","10.00","10.00","-0.2500","73"
"1414","東和","484174","11078854","23.25","23.25","22.65","22.90","-0.5500","366"
"1416","廣豐","483796","5906342","12.30","12.35","12.10","12.15","-0.3500","297"
"1417","嘉裕","331222","3690787","11.15","11.20","11.10","11.20","-0.0500","452"
"1418","東華","128317","4814494","37.70","38.20","37.05","37.20","-0.5000","118"
"1419","新紡","43015","2076074","48.05","48.85","48.00","48.45","-0.1500","50"
"1423","利華","53025","2326934","43.85","44.20","43.35","44.20","0.1000","50"
"1432","大魯閣","148086","2635530","17.85","18.00","17.65","17.70","-0.2000","277"
"1434","福懋","1219301","27094531","22.20","22.35","22.10","22.30","-0.2000","1291"
"1435","中福","8005","379034","46.80","48.50","46.20","48.50","0.1000","13"
"1436","華友聯","1014135","172094557","174.50","177.50","165.00","168.50","-9.5000","2067"
"1437","勤益控","112673","4062683","36.40","36.40","35.85","36.00","-0.6500","93"
"1438","三地開發","6768435","624571098","97.10","100.50","86.50","86.80","-8.2000","5198"
"1439","雋揚","198085","6012916","29.85","30.70","29.85","29.95","-0.7000","115"
"1440","南紡","3848197","68115391","18.00","18.10","17.50","17.50","-0.9000","1598"
"1441","大東","112808","1767078","16.05","16.05","15.35","15.65","-0.5000","402"
"1442","名軒","2561649","171822268","68.00","69.00","66.00","66.00","-3.5000","2601"
"1443","立益物流","10103","317113","31.60","31.60","31.20","31.40","-0.2000","14"
"1444","力麗","3148803","31572420","10.15","10.15","9.96","9.96","-0.2400","1071"
"1445","大宇","313692","5279101","17.15","17.15","16.65","16.90","-0.4500","207"
"1446","宏和","1113570","57605036","53.20","53.20","50.50","50.70","-2.8000","805"
"1447","力鵬","4897725","50258259","10.60","10.60","10.05","10.05","-0.6500","1273"
"1449","佳和","3711155","74079764","20.20","20.80","19.30","19.35","-0.6500","2006"
"1451","年興","111712","2183081","19.60","19.65","19.40","19.60","-0.1000","232"
"1452","宏益","125284","2082960","16.55","16.70","16.55","16.60","-0.1000","76"
"1453","大將","1738546","44204781","26.30","26.70","24.70","24.70","-2.2000","1408"
"1454","台富","337270","6353044","19.05","19.15","18.55","18.75","-0.6500","255"
"1455","集盛","966941","12449914","13.15","13.15","12.75","12.80","-0.4500","549"
"1456","怡華","665403","15938572","24.05","24.40","23.40","24.15","-0.6000","515"
"1457","宜進","233076","4873977","21.10","21.10","20.80","20.90","-0.5000","328"
"1459","聯發","75233","770557","10.35","10.35","10.15","10.25","-0.1500","70"
"1460","宏遠","439158","3485318","8.09","8.09","7.90","7.91","-0.1600","336"
"1463","強盛","589324","15056683","25.80","25.80","25.30","25.60","-0.3500","339"
"1464","得力","230861","3071199","13.35","13.40","13.20","13.30","-0.1500","424"
"1465","偉全","31035","464474","15.00","15.00","14.90","14.90","-0.2000","55"
"1466","聚隆","101081","1268824","12.70","12.70","12.50","12.55","-0.1500","51"
"1467","南緯","410633","4674949","11.35","11.50","11.30","11.40","0.0000","341"
"1468","昶和","36001","525114","14.70","14.70","14.40","14.70","-0.2000","37"
"1470","大統新創","8047","166744","20.55","21.05","20.45","20.85","-0.2500","9"
"1471","首利","457497","6803626","14.90","15.00","14.80","14.85","-0.4000","233"
"1472","三洋實業","855222","51596432","59.80","61.50","59.10","60.50","-2.9000","1134"
"1473","台南","720452","26735139","38.55","38.55","36.05","36.70","-2.0000","617"
"1474","弘裕","177864","2401142","13.50","13.60","13.45","13.50","0.0000","129"
"1475","業旺","439555","30451956","70.00","70.60","68.30","69.20","-2.1000","463"
"1476","儒鴻","702149","369158836","533.00","534.00","519.00","524.00","-17.0000","938"
"1477","聚陽","2586566","1106385944","447.00","447.00","417.00","424.00","-25.5000","2737"
"1503","士電","6244002","1459400972","236.00","239.50","229.00","229.50","-12.0000","5730"
"1504","東元","5266630","252645765","48.10","48.65","47.60","47.60","-1.3500","3759"
"1506","正道","283157","4734680","16.95","16.95","16.60","16.70","-0.3500","137"
"1512","瑞利","33309","268140","8.54","8.54","7.88","8.00","-0.0100","35"
"1513","中興電","15993774","2900281563","184.00","184.50","178.00","179.00","-10.0000","15343"
"1514","亞力","8469939","1115119324","134.00","136.00","129.00","129.00","-8.0000","6794"
"1515","力山","479585","20355888","42.85","43.35","42.00","42.00","-1.3500","379"
"1516","川飛","435630","9862051","22.70","23.40","22.20","22.50","-1.0000","303"
"1517","利奇","392367","6941662","17.80","17.90","17.45","17.45","-0.5000","439"
"1519","華城","4554814","3026708786","672.00","679.00","658.00","661.00","-24.0000","8185"
"1521","大億","36198","1404251","38.95","39.00","38.55","38.60","-0.4000","55"
"1522","堤維西","5021679","342460241","69.00","69.60","66.70","66.90","-4.1000","4698"
"1522A","堤維西甲特","1000","44400","44.40","44.40","44.40","44.40","0.0000","1"
"1524","耿鼎","912956","28366925","30.95","31.40","30.85","30.90","-0.9500","678"
"1525","江申","57298","4019797","69.80","70.50","69.60","69.70","-1.1000","45"
"1526","日馳","55462","1727467","31.30","31.35","30.95","31.00","-0.5500","62"
"1527","鑽全","205360","8575815","41.65","41.95","41.65","41.70","-0.5500","231"
"1528","恩德","4350966","62707500","14.00","14.85","13.85","14.15","-0.3500","2299"
"1529","樂事綠能","2252967","70726525","31.50","32.10","31.00","31.15","-1.4500","1711"
"1530","亞崴","122946","3954431","31.90","32.35","31.90","32.20","-0.1500","304"
"1531","高林股","229564","3310673","14.55","14.55","14.25","14.40","-0.3000","243"
"1532","勤美","3328316","145527678","44.50","44.70","43.05","43.20","-1.9500","2599"
"1533","車王電","128558","5625939","44.35","44.35","43.10","43.30","-1.5000","150"
"1535","中宇","166952","10290051","62.40","62.40","61.00","61.30","-2.0000","263"
"1536","和大","10187150","712631991","69.60","71.40","68.70","68.80","-3.3000","8796"
"1537","廣隆","182770","26584546","147.00","147.00","144.50","145.00","-2.0000","243"
"1538","正峰","69189","1228683","18.60","18.65","17.25","18.05","-0.5500","40"
"1539","巨庭","88684","2102438","23.60","23.85","23.55","23.55","-0.3000","122"
"1540","喬福","34197629","1238507157","33.25","37.25","33.15","37.25","3.3500","15031"
"1541","錩泰","26228","816460","31.70","31.70","30.90","30.90","-0.4000","41"
"1558","伸興","182542","18050117","99.30","99.80","98.60","98.70","-0.7000","210"
"1560","中砂","3530929","1016054663","278.00","296.50","278.00","285.00","-9.0000","3983"
"1563","巧新","877196","59311818","67.50","68.50","66.50","66.90","-1.6000","542"
"1568","倉佑","516318","15378802","29.95","30.30","29.50","29.50","-0.9000","391"
"1582","信錦","1888453","190369284","103.00","103.00","99.00","99.20","-6.3000","1694"
"1583","程泰","105421","7347588","70.10","70.10","69.00","69.30","-0.8000","82"
"1587","吉茂","539803","27472772","52.00","52.00","50.50","50.60","-2.0000","896"
"1589","永冠-KY","514571","21863676","43.00","43.00","42.20","42.25","-0.9000","1723"
"1590","亞德客-KY","495085","409772918","820.00","849.00","817.00","827.00","-28.0000","1259"
"1597","直得","11096704","1106376371","96.70","103.50","96.00","97.30","-3.7000","8460"
"1598","岱宇","210451","6414613","30.50","31.00","30.30","30.35","-0.9500","179"
"1603","華電","790713","32597798","41.50","41.95","40.60","40.60","-1.6000","695"
"1604","聲寶","163949","4637406","28.40","28.40","28.20","28.30","-0.2000","246"
"1605","華新","13182853","450811139","34.65","34.65","34.00","34.05","-1.1000","7705"
"1608","華榮","6020197","212557374","35.85","35.95","34.70","34.80","-1.8500","3937"
"1609","大亞","18359043","1018902197","55.50","56.20","55.00","55.30","-1.1000","11906"
"1611","中電","2403604","45192460","19.05","19.15","18.50","18.55","-0.8000","1636"
"1612","宏泰","1432193","50719981","35.75","35.95","35.10","35.10","-1.2000","990"
"1614","三洋電","200275","8272136","41.50","41.90","41.00","41.20","-0.6000","156"
"1615","大山","177599","11901456","67.30","67.50","66.70","66.90","-1.3000","202"
"1616","億泰","1069611","24754447","23.15","23.65","22.90","22.95","-0.8500","719"
"1617","榮星","3732317","91300708","24.70","25.10","23.70","24.50","-0.3500","2102"
"1618","合機","1930494","92322918","48.10","48.70","47.15","47.45","-2.0000","1435"
"1626","艾美特-KY","248000","3867642","15.75","15.75","15.45","15.55","-0.1500","1013"
"1701","中化","394542","8613851","21.80","21.95","21.80","21.90","-0.0500","295"
"1702","南僑","840941","49844935","59.50","59.70","59.00","59.30","-0.7000","1159"
"1707","葡萄王","226746","32230798","142.00","143.00","141.50","142.00","-1.5000","442"
"1708","東鹼","1962862","69574956","35.95","35.95","35.05","35.10","-1.1000","1699"
"1709","和益","1880269","44922538","24.20","24.25","23.70","23.75","-0.5500","1112"
"1710","東聯","2117639","38096349","18.15","18.15","17.90","17.95","-0.3000","1158"
"1711","永光","4146301","86222572","21.10","21.20","20.45","20.45","-1.1000","2626"
"1712","興農","981259","44880437","46.50","46.70","45.30","45.60","-1.1000","763"
"1713","國化","139226","8153640","58.90","58.90","57.30","58.90","-0.3000","127"
"1714","和桐","3030631","31018689","10.35","10.35","10.15","10.15","-0.3000","831"
"1717","長興","2028219","61286072","30.45","30.45","30.10","30.10","-0.7000","1330"
"1718","中纖","5372313","45693716","8.64","8.64","8.44","8.45","-0.2700","2102"
"1720","生達","1126781","80527119","73.20","73.20","70.30","70.50","-2.8000","1256"
"1721","三晃","1310225","19837804","15.40","15.45","14.90","15.00","-0.6500","871"
"1722","台肥","1704314","109333958","64.30","64.50","63.90","63.90","-1.1000","1733"
"1723","中碳","601847","60368661","100.50","101.00","100.00","100.00","-0.5000","592"
"1725","元禎","336360","13898941","42.20","42.20","40.65","41.05","-1.9500","294"
"1726","永記","217377","17352412","78.80","79.60","78.60","79.10","-0.8000","45"
"1727","中華化","849083","26282967","31.25","31.45","30.55","30.60","-1.4500","833"
"1730","花仙子","181586","9795224","54.30","54.30","53.80","53.80","-0.5000","229"
"1731","美吾華","213195","5107408","24.10","24.10","23.85","23.90","-0.2000","155"
"1732","毛寶","195027","5530252","28.30","28.60","27.90","28.30","-0.3000","112"
"1733","五鼎","414300","12888740","31.55","31.60","30.80","30.80","-1.0500","463"
"1734","杏輝","444640","16900874","38.30","38.30","37.85","37.90","-0.5000","384"
"1735","日勝化","27097","492306","18.20","18.20","18.10","18.20","-0.1000","45"
"1736","喬山","377115","42336119","111.00","114.50","111.00","112.00","-4.0000","398"
"1737","臺鹽","189578","6475315","34.20","34.25","34.05","34.20","-0.0500","313"
"1752","南光","253875","11791599","46.75","47.00","46.15","46.20","-0.8500","178"
"1760","寶齡富錦","219424","20776563","95.70","95.70","93.40","93.70","-2.6000","478"
"1762","中化生","259178","13355232","51.40","52.10","51.00","51.00","-1.4000","324"
"1773","勝一","782023","124765963","159.00","162.50","156.00","157.50","-2.5000","935"
"1776","展宇","27998","499737","17.90","17.90","17.80","17.85","-0.1500","25"
"1783","和康生","270521","11544056","43.45","43.50","42.30","42.30","-1.3500","577"
"1786","科妍","402200","42917129","109.00","109.00","105.00","106.00","-4.5000","461"
"1789","神隆","718302","18627049","26.30","26.30","25.75","25.75","-0.6500","504"
"1795","美時","3262747","866098805","269.50","272.50","260.00","260.00","-13.5000","4826"
"1802","台玻","3676964","64075958","17.55","17.60","17.35","17.35","-0.5500","1762"
"1805","寶徠","2982355","70142230","22.95","24.50","22.75","23.50","0.3000","1645"
"1806","冠軍","4510404","58514882","13.35","13.40","12.70","12.85","-0.7000","1629"
"1808","潤隆","3914433","472998439","123.00","125.00","118.50","119.00","-4.5000","3674"
"1809","中釉","2001249","47202302","24.00","24.00","23.25","23.30","-1.3500","1202"
"1810","和成","652947","11635398","17.85","18.10","17.70","17.70","-0.5000","412"
"1817","凱撒衛","257349","10660267","41.35","41.65","40.90","41.55","-0.1000","359"
"1903","士紙","165188","9714303","59.90","59.90","58.30","58.80","-1.5000","264"
"1904","正隆","1542075","40288912","26.40","26.40","26.00","26.00","-0.6000","1717"
"1905","華紙","3160404","63579027","20.55","20.55","19.95","19.95","-0.8000","2145"
"1906","寶隆","95436","1493365","15.70","15.75","15.55","15.55","-0.2500","199"
"1907","永豐餘","877271","26270683","30.10","30.10","29.85","29.95","-0.5500","749"
"1909","榮成","1113151","15465439","14.00","14.00","13.85","13.85","-0.2500","635"
"2002","中鋼","25597092","587321530","23.10","23.10","22.85","23.00","-0.1500","11165"
"2002A","中鋼特","3207","137433","42.85","42.85","42.85","42.85","-0.1000","9"
"2006","東和鋼鐵","1276444","95287038","74.70","75.00","74.30","74.70","-0.3000","1208"
"2007","燁興","528568","5895961","11.15","11.25","11.10","11.15","-0.3000","354"
"2008","高興昌","181073","4959049","27.30","27.80","27.20","27.50","-0.4000","72"
"2009","第一銅","2306662","105040016","45.60","46.15","45.10","45.10","-2.3000","1806"
"2010","春源","711603","13180854","18.65","18.70","18.40","18.45","-0.3500","531"
"2012","春雨","67597","1711736","25.20","25.60","25.05","25.60","0.0000","97"
"2013","中鋼構","77078","4220202","54.30","55.10","54.30","54.50","-0.9000","194"
"2014","中鴻","4823013","101748061","21.35","21.35","20.95","21.00","-0.6000","2540"
"2015","豐興","193053","15337598","80.20","80.20","78.80","79.40","-0.9000","406"
"2017","官田鋼","647957","9193975","14.35","14.35","14.10","14.15","-0.3500","451"
"2020","美亞","1143169","33423075","29.75","29.75","29.00","29.15","-0.7000","1020"
"2022","聚亨","863060","8899949","10.35","10.40","10.25","10.30","-0.1500","334"
"2023","燁輝","1682361","25493057","15.20","15.25","15.05","15.20","-0.2000","778"
"2024","志聯","30163","688182","22.30","23.10","22.30","22.90","0.0500","54"
"2025","千興","2655661","33712763","12.85","12.95","12.40","12.60","-0.3000","784"
"2027","大成鋼","13370378","516520062","39.00","39.00","38.15","38.20","-1.2500","12261"
"2028","威致","108365","2734327","25.05","25.40","25.05","25.15","-0.2500","96"
"2029","盛餘","339743","8692596","25.85","25.85","25.45","25.55","-0.3500","247"
"2030","彰源","448710","7540952","16.95","16.95","16.70","16.70","-0.3500","313"
"2031","新光鋼","1980795","119816232","60.40","61.10","59.90","60.00","-1.1000","1624"
"2032","新鋼","179489","2803044","15.80","15.80","15.55","15.55","-0.2000","94"
"2033","佳大","151300","2328043","15.50","15.50","15.30","15.45","-0.2000","72"
"2034","允強","314643","7612909","24.25","24.30","24.15","24.15","-0.3500","272"
"2038","海光","289351","5579556","19.45","19.50","19.10","19.15","-0.5500","322"
"2049","上銀","2381544","493106770","206.00","212.50","203.50","203.50","-7.5000","2792"
"2059","川湖","701175","761608190","1090.00","1110.00","1065.00","1065.00","-70.0000","2276"
"2062","橋椿","4194130","141190112","32.30","34.60","32.30","33.90","-0.7500","2417"
"2069","運錩","78623","1244037","15.90","15.90","15.75","15.80","-0.1500","62"
"2101","南港","8055168","415203800","52.70","53.00","50.50","50.80","-2.9000","4733"
"2102","泰豐","810908","17930075","22.35","22.50","22.00","22.05","-0.6500","429"
"2103","台橡","1657758","37632657","22.80","22.85","22.60","22.65","-0.3500","767"
"2104","國際中橡","1980105","33754686","17.20","17.20","16.95","17.00","-0.3000","995"
"2105","正新","6109999","295765446","48.25","48.65","48.05","48.30","-0.5000","3650"
"2106","建大","485358","15616579","32.10","32.40","32.00","32.30","-0.4500","529"
"2107","厚生","1875675","51382880","27.80","28.10","27.05","27.40","-0.8500","1503"
"2108","南帝","685617","27494807","40.10","40.60","39.80","40.00","-1.0500","892"
"2109","華豐","593626","11341270","18.75","19.20","18.75","19.05","0.0000","365"
"2114","鑫永銓","43823","4361625","101.00","101.00","99.10","99.50","-2.0000","65"
"2115","六暉-KY","57296","1747055","30.55","30.65","30.30","30.40","-0.4000","166"
"2201","裕隆","5381826","321808204","60.80","60.80","59.20","59.20","-2.1000","4070"
"2204","中華","10139960","918452772","92.10","92.10","89.00","90.60","-3.4000","8982"
"2206","三陽工業","2917142","223098502","76.00","77.30","75.60","76.00","-0.8000","1872"
"2207","和泰車","285487","184475327","645.00","653.00","639.00","653.00","-1.0000","537"
"2208","台船","1668994","28301919","17.00","17.10","16.85","16.85","-0.3500","1187"
"2211","長榮鋼","765610","91855533","120.00","121.50","119.00","119.00","-2.0000","626"
"2227","裕日車","52207","6888147","131.50","134.00","131.00","132.50","-2.5000","120"
"2228","劍麟","219086","20854866","96.60","96.60","94.00","94.40","-2.6000","237"
"2231","為升","275050","31835233","117.00","117.50","114.00","115.50","-3.0000","415"
"2233","宇隆","175555","22156139","127.00","127.50","125.50","126.00","-2.0000","243"
"2236","百達-KY","5493515","613247762","104.50","117.00","104.50","111.50","5.0000","3372"
"2239","英利-KY","62147","3071966","48.90","49.95","48.90","49.25","-1.1500","77"
"2241","艾姆勒","1445061","48296052","34.20","34.20","33.00","33.00","-1.7500","1112"
"2243","宏旭-KY","973153","28327033","28.50","29.70","28.50","29.05","-0.9500","717"
"2247","汎德永業","86935","25840612","296.00","298.50","296.00","298.00","0.0000","263"
"2250","IKKA-KY","93659","8574477","92.00","93.00","90.90","91.00","-2.0000","198"
"2254","巨鎧精密-創","144000","12395500","84.20","87.50","84.20","87.50","0.9000","31"
"2258","鴻華先進-創","371000","16452750","44.25","45.25","44.00","44.40","-1.0500","231"
"2301","光寶科","50480009","5419581438","107.00","110.00","105.00","106.00","-3.0000","23342"
"2302","麗正","195681","3513823","18.20","18.20","17.75","17.80","-0.4500","137"
"2303","聯電","91983414","4821608762","52.70","52.90","52.00","52.90","-1.0000","39176"
"2305","全友","711358","16366800","23.25","23.35","22.60","22.85","-0.4000","450"
"2308","台達電","21987561","8698757427","392.50","405.00","389.00","390.00","-34.0000","29724"
"2312","金寶","18624795","436499729","23.40","23.80","22.90","23.25","-0.8000","7634"
"2313","華通","19145452","1432667059","76.30","76.50","73.40","73.70","-4.5000","13435"
"2314","台揚","763283","23118663","30.50","30.70","30.10","30.15","-0.8500","554"
"2316","楠梓電","4273725","210617433","51.10","51.40","48.00","48.00","-4.3000","3181"
"2317","鴻海","180006074","34309570053","192.50","194.50","185.50","186.50","-16.0000","180226"
"2321","東訊","21396","332966","15.35","16.25","15.30","15.55","-0.3500","18"
"2323","中環","4600540","57140801","12.40","12.55","12.30","12.35","-0.2500","1500"
"2324","仁寶","17707845","562040507","31.60","31.95","31.40","31.65","-0.7500","6534"
"2327","國巨","3974811","3016981925","763.00","780.00","741.00","743.00","-43.0000","11142"
"2328","廣宇","1387826","49177870","35.50","35.85","35.10","35.15","-0.9500","1101"
"2329","華泰","3712782","177591875","48.60","48.75","47.00","47.05","-2.5500","3019"
"2330","台積電","89044852","81488499047","918.00","928.00","903.00","903.00","-57.0000","451562"
"2331","精英","3190341","92739080","29.25","29.55","28.75","28.80","-1.1000","1784"
"2332","友訊","1633622","30037265","18.50","18.65","18.15","18.25","-0.5500","888"
"2337","旺宏","43312463","1239422128","29.00","29.20","28.10","28.15","-1.6000","19517"
"2338","光罩","2768729","194252468","71.10","71.70","69.10","69.70","-2.6000","2145"
"2340","台亞","2210768","82118551","37.65","37.85","36.70","36.75","-1.6000","1600"
"2342","茂矽","477833","15476251","32.80","32.90","32.05","32.10","-1.1000","487"
"2344","華邦電","54141463","1275319043","23.55","24.10","23.20","23.20","-0.1000","17154"
"2345","智邦","2326556","1172789567","510.00","521.00","495.00","496.00","-24.0000","2725"
"2347","聯強","5177633","372514263","72.00","72.60","70.80","72.10","-0.2000","2324"
"2348","海悅","6425200","1960689721","308.00","321.50","289.00","294.50","-18.0000","8893"
"2348A","海悅甲特","3860","126993","32.90","32.90","32.90","32.90","-0.0500","9"
"2349","錸德","58479795","1028801457","17.00","18.20","16.65","17.15","-0.2500","21439"
"2351","順德","1886531","221455353","118.00","123.00","113.50","114.00","-9.5000","1794"
"2352","佳世達","8215882","285393938","35.25","35.25","34.35","34.35","-1.6000","6246"
"2353","宏碁","27175984","1209081572","44.65","44.75","44.20","44.75","-1.0500","12414"
"2354","鴻準","7900786","512233882","65.10","65.80","64.10","64.30","-2.5000","5781"
"2355","敬鵬","3301861","150034554","45.50","46.00","44.90","44.95","-1.7000","1931"
"2356","英業達","31084420","1498500464","48.05","48.85","47.50","47.80","-1.8500","17807"
"2357","華碩","5405957","2584018294","478.50","487.00","468.00","472.00","-20.0000","7213"
"2359","所羅門","45416626","7161837847","148.00","163.50","146.00","159.50","1.5000","29698"
"2360","致茂","1690989","519041439","312.00","318.00","298.00","298.50","-24.5000","6886"
"2362","藍天","17338588","1059459779","62.40","62.40","59.50","59.50","-4.5000","11355"
"2363","矽統","20691965","1565896173","74.20","78.30","72.70","74.10","-2.7000","15960"
"2364","倫飛","280390","24868037","91.00","91.20","86.00","88.00","-5.0000","750"
"2365","昆盈","143480096","9225471434","62.00","66.60","59.90","64.30","2.3000","79306"
"2367","燿華","12428913","438858295","35.45","35.90","34.85","35.00","-1.5000","6847"
"2368","金像電","13469468","2868404951","215.50","220.50","205.50","207.50","-20.5000","11474"
"2369","菱生","1595690","32802795","20.90","20.95","20.20","20.30","-0.9000","1076"
"2371","大同","15883859","784438425","50.00","50.20","48.75","48.85","-1.9500","8548"
"2373","震旦行","69543","4858113","70.10","70.10","69.60","69.60","-0.7000","360"
"2374","佳能","7449710","382020198","51.00","52.50","50.10","50.70","-2.1000","6446"
"2375","凱美","473861","32408958","68.00","69.20","67.70","67.90","-1.8000","452"
"2376","技嘉","9488970","2519924349","261.50","271.00","261.00","262.50","-8.5000","10533"
"2377","微星","3163508","548906642","171.00","175.00","170.50","173.50","-1.0000","2684"
"2379","瑞昱","2322734","1177306155","506.00","519.00","500.00","500.00","-17.0000","3397"
"2380","虹光","180318","1271499","7.08","7.09","7.00","7.08","0.0000","241"
"2382","廣達","41983211","11398533446","274.50","277.00","265.50","266.00","-23.0000","55369"
"2383","台光電","7126668","2969225637","405.00","426.00","402.50","413.50","-7.0000","8141"
"2385","群光","3069976","477534657","155.00","158.00","153.50","154.50","-4.5000","2030"
"2387","精元","1878484","107612574","55.50","58.30","55.30","56.70","0.5000","1440"
"2388","威盛","8313550","948262046","115.50","117.00","112.50","112.50","-6.5000","5920"
"2390","云辰","674881","8771892","13.20","13.30","12.85","12.85","-0.5000","712"
"2392","正崴","10119312","716212107","71.60","72.40","69.20","69.60","-4.4000","6719"
"2393","億光","5197057","376647470","72.80","73.80","71.40","71.40","-1.8000","4225"
"2395","研華","1084155","374251424","343.00","348.50","340.50","347.00","-5.0000","1284"
"2397","友通","477210","34159636","70.30","73.40","70.30","70.30","-3.3000","578"
"2399","映泰","1895208","43600992","23.20","23.30","22.80","22.85","-0.9500","1158"
"2401","凌陽","3322462","108761841","32.50","33.40","32.35","32.35","-1.1500","2260"
"2402","毅嘉","16649928","676880233","41.00","41.75","39.40","40.00","-1.7000","10480"
"2404","漢唐","1127868","379531193","334.00","339.50","333.50","337.00","-3.0000","1341"
"2405","輔信","5007042","111768133","22.50","22.80","21.80","22.10","-1.1000","2630"
"2406","國碩","2979891","67744258","23.00","23.10","22.35","22.40","-1.0000","2202"
"2408","南亞科","27722561","1547337923","57.00","57.00","54.90","54.90","-3.4000","15889"
"2409","友達","56203422","998929105","17.80","17.90","17.60","17.75","-0.1000","13292"
"2412","中華電","21792139","2658433730","121.00","123.00","121.00","123.00","1.5000","7139"
"2413","環科","246280","5828509","24.10","24.10","23.20","23.20","-1.1500","137"
"2414","精技","167922","6058170","36.60","36.60","35.90","36.00","-0.7000","179"
"2415","錩新","59254","1448316","24.40","24.60","24.35","24.35","-0.5000","70"
"2417","圓剛","3903338","177983796","45.50","46.80","44.70","44.70","-2.0500","2946"
"2419","仲琦","1700449","51264689","30.05","30.80","29.75","29.75","-1.1500","1337"
"2420","新巨","218890","14105948","64.20","65.70","64.00","64.50","-1.3000","277"
"2421","建準","3078161","299522324","97.80","99.10","95.60","97.00","-3.0000","2643"
"2423","固緯","194134","7912008","41.50","41.50","40.30","40.30","-1.3000","199"
"2424","隴華","62211","1885585","30.20","30.60","30.20","30.20","0.0000","36"
"2425","承啟","606716","19608414","33.20","33.20","31.60","32.30","-1.2000","410"
"2426","鼎元","534122","9991140","18.80","18.95","18.50","18.55","-0.7000","482"
"2427","三商電","1898743","54156248","29.00","29.20","28.05","28.10","-1.7000","1338"
"2428","興勤","247191","40640988","166.00","167.00","163.00","163.00","-6.0000","285"
"2429","銘旺科","684324","24514076","37.00","37.00","35.00","35.90","-2.9000","539"
"2430","燦坤","63821","2233266","34.95","35.10","34.85","35.00","-0.1000","119"
"2431","聯昌","703046","9208146","13.10","13.30","13.00","13.00","-0.3000","381"
"2432","倚天酷碁-創","8000","295700","36.45","37.10","36.45","37.00","-0.2500","8"
"2433","互盛電","40875","2088860","51.50","51.50","50.90","51.30","-0.2000","134"
"2434","統懋","6175","203059","33.05","33.05","32.70","32.70","-0.7000","10"
"2436","偉詮電","524881","28990918","55.10","56.30","54.40","54.60","-2.0000","583"
"2438","翔耀","363321","22756348","63.00","64.50","61.30","62.60","-2.4000","309"
"2439","美律","4317791","529283415","121.50","124.50","120.50","123.00","-0.5000","2459"
"2440","太空梭","436825","7041315","16.20","16.40","16.00","16.00","-0.7000","302"
"2441","超豐","741993","45877260","61.70","62.10","61.50","61.80","-0.9000","778"
"2442","新美齊","8802717","333907621","37.60","39.10","37.00","37.35","-1.0500","5102"
"2444","兆勁","1432627","20452683","14.80","14.90","13.95","14.05","-1.1500","686"
"2449","京元電子","28458877","2997479425","107.00","108.50","102.50","103.50","-9.5000","20649"
"2450","神腦","136262","5037331","37.20","37.20","36.80","37.00","-0.4500","190"
"2451","創見","1060593","105640285","99.10","101.50","98.20","99.10","-2.4000","1055"
"2453","凌群","792039","44993715","57.20","57.90","56.30","56.30","-2.3000","757"
"2454","聯發科","14592681","16212034200","1130.00","1140.00","1090.00","1090.00","-90.0000","45587"
"2455","全新","4084843","588163395","146.50","148.50","140.00","140.00","-12.5000","3681"
"2457","飛宏","2393842","103951708","43.75","44.15","42.85","42.85","-1.7000","2097"
"2458","義隆","2297958","319741481","139.00","140.50","138.00","139.00","-1.5000","1662"
"2459","敦吉","101947","7508462","74.10","74.20","73.30","73.70","-0.4000","194"
"2460","建通","500399","14140059","29.05","29.05","27.95","28.10","-1.1500","352"
"2461","光群雷","347448","7994035","23.00","23.25","22.80","23.00","-0.0500","205"
"2462","良得電","304125","9836955","32.35","32.75","32.10","32.20","-0.6500","384"
"2464","盟立","25283699","2077697442","81.50","84.50","80.00","80.00","-5.2000","17834"
"2465","麗臺","1231771","122538348","101.00","101.50","97.50","98.40","-6.1000","1221"
"2466","冠西電","164207","6008341","36.55","37.05","35.45","36.65","-0.5500","47"
"2467","志聖","2426744","442939110","181.50","188.00","179.00","180.50","-10.0000","2912"
"2468","華經","215833","5406380","25.40","25.40","24.85","24.85","-0.8500","225"
"2471","資通","341789","17446831","51.50","52.00","50.40","50.40","-1.8000","379"
"2472","立隆電","1073229","89690664","84.30","85.30","82.00","82.20","-4.0000","1371"
"2474","可成","3026644","662534797","215.00","220.50","214.00","219.00","0.5000","2595"
"2476","鉅祥","2611510","250981672","97.50","98.20","94.50","94.60","-4.9000","2168"
"2477","美隆電","834416","22195430","27.40","27.75","25.85","26.00","-1.9000","687"
"2478","大毅","401336","20062472","50.70","50.70","49.50","49.50","-2.2000","427"
"2480","敦陽科","171639","20267654","117.00","119.50","117.00","117.50","-1.0000","295"
"2481","強茂","2819667","154038851","55.00","55.60","54.00","54.00","0.0000","2181"
"2482","連宇","596393","20265207","34.25","34.70","33.50","33.55","-1.6000","560"
"2483","百容","173580","4483218","25.90","26.05","25.70","25.80","-0.5500","127"
"2484","希華","285787","8759216","31.00","31.20","30.35","30.35","-0.8500","267"
"2485","兆赫","1802453","34515148","19.70","19.70","18.90","19.00","-0.7500","1777"
"2486","一詮","11200691","1207236964","106.00","110.50","105.50","106.50","-4.5000","6307"
"2488","漢平","227250","10480019","46.25","46.40","45.95","46.15","-0.5500","239"
"2489","瑞軒","12159740","261480038","21.50","21.75","21.20","21.45","-0.5500","5616"
"2491","吉祥全","65191","963990","14.75","15.05","14.60","14.85","-0.2000","52"
"2492","華新科","2818726","322156256","115.00","116.50","112.50","113.00","-4.0000","2240"
"2493","揚博","203533","17183153","85.50","85.50","84.00","84.10","-1.7000","327"
"2495","普安","1599657","48363223","30.60","30.75","29.75","29.90","-1.4500","1320"
"2496","卓越","8719","645360","74.70","74.70","73.80","73.80","-1.1000","79"
"2497","怡利電","1016777","60917544","60.50","61.50","58.20","58.20","-4.0000","1408"
"2498","宏達電","5754613","251031602","43.70","44.75","42.95","42.95","-2.0500","4486"
"2501","國建","22595800","708990487","32.90","33.00","30.45","30.55","-2.9000","11839"
"2504","國產","7366442","373598008","51.00","51.60","49.90","50.70","-1.3000","5829"
"2505","國揚","2008746","58370836","29.60","30.00","28.60","28.60","-1.6000","1489"
"2506","太設","3086715","37751903","12.50","12.65","11.95","11.95","-0.7500","1205"
"2509","全坤建","1940206","50301040","26.60","26.70","25.35","25.35","-1.5000","1469"
"2511","太子","6681785","84468431","12.80","13.05","12.40","12.50","-0.5500","2384"
"2514","龍邦","2790783","68741941","25.45","25.65","23.85","23.85","-2.1000","1740"
"2515","中工","45328039","723800414","16.10","16.30","15.70","15.70","-0.5000","14441"
"2516","新建","1788494","24408596","13.65","13.90","13.45","13.50","-0.2000","575"
"2520","冠德","20314756","1188032176","60.70","61.90","56.20","56.20","-5.6000","11487"
"2524","京城","32995646","3848585839","112.50","121.50","110.50","115.50","2.0000","21382"
"2527","宏璟","6491569","322569843","51.00","52.10","47.15","47.20","-4.9000","5402"
"2528","皇普","2344621","120147783","52.00","52.60","50.00","50.10","-2.9000","1450"
"2530","華建","4700292","253854661","55.10","55.90","52.80","53.40","-2.5000","2500"
"2534","宏盛","4721261","137464682","29.50","29.70","28.50","28.85","-1.2500","2870"
"2535","達欣工","336428","19636216","59.00","59.00","58.10","58.30","-0.8000","669"
"2536","宏普","2285230","81630990","36.60","36.95","35.15","35.15","-1.9000","892"
"2537","聯上發","17035497","411563756","24.60","25.20","23.55","23.75","-1.5000","7175"
"2538","基泰","3616847","80146517","22.20","22.60","21.80","21.80","-0.7000","1680"
"2539","櫻花建","935193","73681318","78.60","79.70","78.00","78.40","-1.2000","934"
"2540","愛山林","3976188","823284304","219.50","219.50","198.50","199.50","-20.0000","9130"
"2542","興富發","25026373","1547050523","63.50","63.50","60.60","60.80","-3.5000","16118"
"2543","皇昌","14437035","887980572","64.00","64.70","59.10","59.70","-4.6000","10421"
"2545","皇翔","3183376","207433586","66.60","67.40","63.00","64.00","-4.5000","2258"
"2546","根基","447441","40910613","95.00","95.30","90.00","90.00","-5.4000","1013"
"2547","日勝生","8785466","101467015","11.70","11.80","11.40","11.45","-0.4500","1771"
"2548","華固","2424985","395136101","165.00","168.50","159.00","160.00","-6.0000","8446"
"2597","潤弘","1965564","444985328","245.00","245.00","218.50","221.50","-21.0000","3799"
"2601","益航","2633364","20268394","7.78","7.80","7.63","7.64","-0.2100","1066"
"2603","長榮","28717027","4986550623","172.00","177.00","171.00","171.00","-4.0000","19261"
"2605","新興","4071463","110347577","27.00","27.65","26.80","26.80","-0.7000","2486"
"2606","裕民","2368163","124057316","52.30","53.10","51.90","51.90","-1.3000","2114"
"2607","榮運","1709590","53281796","31.10","31.55","30.85","31.00","-0.5000","1046"
"2608","嘉里大榮","345887","14125136","41.10","41.10","40.70","40.80","-0.4000","702"
"2609","陽明","67717168","4405870975","63.50","66.40","63.10","64.10","-0.5000","37205"
"2610","華航","29914709","664325795","22.35","22.50","21.95","22.05","-0.7000","10237"
"2611","志信","1038820","27855821","26.60","27.15","26.55","26.75","-0.4500","925"
"2612","中航","306969","13676271","44.00","45.25","44.00","44.05","-0.7000","245"
"2613","中櫃","1680637","58574229","34.50","35.80","33.55","34.35","-0.6000","1333"
"2614","東森","1825293","39491262","21.85","22.00","21.25","21.25","-1.1000","2168"
"2615","萬海","44191606","3562641779","78.20","83.20","77.40","79.70","0.0000","28863"
"2616","山隆","198161","4441571","22.65","22.65","22.25","22.35","-0.3000","482"
"2617","台航","1052147","35471688","33.50","34.15","33.40","33.50","-0.7000","595"
"2618","長榮航","34462633","1169425689","34.00","34.15","33.80","33.85","-0.7000","10609"
"2630","亞航","575158","19400566","33.75","34.00","33.45","33.55","-0.8000","363"
"2633","台灣高鐵","5088194","151204094","29.60","29.85","29.60","29.85","-0.0500","1863"
"2634","漢翔","5108902","260626328","51.70","51.90","50.40","50.50","-1.7000","4444"
"2636","台驊投控","799091","75385874","93.70","95.40","93.10","93.80","-0.7000","724"
"2637","慧洋-KY","2864603","201129597","71.00","71.70","69.10","69.10","-2.8000","3865"
"2642","宅配通","77790","2880201","37.05","37.05","36.95","37.00","-0.1500","307"
"2645","長榮航太","707574","72642790","102.00","104.00","101.50","102.00","-1.5000","660"
"2701","萬企","555385","7236447","13.10","13.20","13.00","13.00","-0.1500","144"
"2702","華園","332889","6169836","18.65","18.75","18.40","18.50","-0.3000","862"
"2704","國賓","298798","21269728","72.00","72.00","70.70","71.10","-0.9000","365"
"2705","六福","327206","6162676","19.05","19.05","18.70","18.75","-0.3000","254"
"2706","第一店","279135","4237544","15.25","15.30","15.10","15.15","-0.2500","407"
"2707","晶華","246425","51600903","211.50","211.50","208.00","208.50","-2.0000","491"
"2712","遠雄來","18421","518914","28.90","28.90","27.75","28.45","-0.5000","23"
"2722","夏都","100194","4676558","47.75","47.75","46.05","46.05","-1.7000","132"
"2723","美食-KY","472859","38691049","83.00","83.00","81.30","81.40","-1.7000","559"
"2727","王品","453832","95404094","210.50","211.50","208.50","209.50","-3.5000","955"
"2731","雄獅","2088065","311292531","151.50","152.00","147.00","150.00","-3.5000","1833"
"2739","寒舍","1736077","117177851","67.80","69.70","65.20","68.50","0.2000","1984"
"2748","雲品","373202","23099257","63.00","63.00","61.10","61.10","-2.3000","502"
"2753","八方雲集","151638","24004800","158.00","159.50","157.50","158.00","-1.0000","401"
"2762","世界健身-KY","107526","8670747","81.30","82.30","80.00","80.30","-2.5000","184"
"2801","彰銀","24290166","453868813","18.70","18.75","18.55","18.75","-0.1500","7154"
"2809","京城銀","2306961","135562635","59.00","59.10","58.00","58.60","-0.7000","1157"
"2812","台中銀","7610288","135420746","17.95","17.95","17.65","17.80","-0.3000","4556"
"2816","旺旺保","526435","18621076","35.00","35.75","35.00","35.25","-1.0000","688"
"2820","華票","1413796","21170127","15.00","15.05","14.90","15.00","-0.0500","553"
"2832","台產","458820","12895144","28.30","28.30","28.00","28.10","-0.3000","344"
"2834","臺企銀","46220076","861288721","18.80","18.80","18.45","18.60","-0.4000","12306"
"2836","高雄銀","3130672","39490576","12.75","12.75","12.50","12.65","-0.1500","1137"
"2836A","高雄銀甲特","3000","62900","21.00","21.00","20.90","21.00","0.1500","3"
"2838","聯邦銀","5465834","81372604","15.10","15.10","14.70","14.85","-0.3500","1759"
"2838A","聯邦銀甲特","237215","12320346","51.90","52.00","51.90","51.90","0.0000","50"
"2845","遠東銀","9440538","143883318","15.45","15.45","15.15","15.20","-0.3500","3239"
"2849","安泰銀","201720","2988972","14.80","15.10","14.60","15.00","-0.3000","247"
"2850","新產","1274996","117785969","94.20","95.60","91.10","91.20","-5.3000","2222"
"2851","中再保","1963090","51531190","26.25","26.40","26.10","26.20","-0.5500","1062"
"2852","第一保","621960","14306021","23.15","23.20","22.80","23.00","-0.4000","360"
"2855","統一證","3430885","93300930","27.55","27.55","27.00","27.15","-0.9000","2745"
"2867","三商壽","18709210","143030639","7.74","7.74","7.60","7.61","-0.2100","4781"
"2880","華南金","19586529","549237858","28.25","28.30","27.70","28.15","-0.2500","10035"
"2881","富邦金","21137597","1825398296","86.10","87.20","84.60","86.90","-1.3000","11794"
"2881A","富邦特","67483","4166651","61.70","61.80","61.70","61.80","0.0000","27"
"2881B","富邦金乙特","284100","16474300","58.00","58.10","57.90","58.00","0.0000","63"
"2881C","富邦金丙特","45546","2327262","51.00","51.30","51.00","51.00","-0.1000","62"
"2882","國泰金","28779043","1761221737","61.50","61.70","60.60","61.30","-1.5000","12231"
"2882A","國泰特","211008","12720780","60.20","60.30","60.20","60.30","0.0000","29"
"2882B","國泰金乙特","118616","6824507","57.60","57.80","57.50","57.60","-0.2000","58"
"2883","開發金","56133509","888362921","15.80","15.95","15.70","15.90","-0.2000","11065"
"2883B","開發金乙特","1166043","8612390","7.38","7.40","7.37","7.40","0.0000","269"
"2884","玉山金","34231813","899663376","26.30","26.45","26.10","26.45","-0.2000","14354"
"2885","元大金","22839150","730759246","32.20","32.40","31.75","31.90","-1.1500","10337"
"2886","兆豐金","22407346","952377537","42.50","43.00","42.05","42.60","-0.7000","11123"
"2887","台新金","45576684","910054334","20.00","20.10","19.75","20.10","-0.0500","12039"
"2887E","台新戊特","37755","1934654","51.20","51.40","51.20","51.30","0.1000","26"
"2887F","台新戊特二","62696","2889778","46.05","46.10","46.05","46.10","0.0000","22"
"2887Z1","台新己特","14816","239956","16.20","16.20","16.15","16.15","-0.0500","13"
"2888","新光金","159619613","1735136784","11.00","11.00","10.65","11.00","0.0500","14768"
"2888A","新光金甲特","125730","3842477","30.55","30.65","30.50","30.50","-0.1500","50"
"2888B","新光金乙特","68547","2126585","31.05","31.10","31.00","31.00","-0.1500","33"
"2889","國票金","7768876","118634701","15.30","15.35","15.15","15.25","-0.2000","1908"
"2890","永豐金","25956549","682410222","26.10","26.70","25.90","26.40","-0.3000","8372"
"2891","中信金","103009673","3596022950","35.20","35.30","34.60","35.05","-0.8500","32330"
"2891B","中信金乙特","18641","1115987","59.80","60.00","59.80","60.00","0.1000","17"
"2891C","中信金丙特","13967","805441","57.00","57.70","57.00","57.70","0.0000","19"
"2892","第一金","22688869","659528075","29.20","29.25","28.85","29.10","-0.3500","7131"
"2897","王道銀行","5872574","59711717","10.20","10.25","10.10","10.15","-0.1500","1327"
"2897A","王道銀甲特","173000","1765850","10.30","10.30","10.20","10.25","-0.0500","20"
"2901","欣欣","18999","532748","27.45","28.25","27.45","28.20","-0.0500","101"
"2903","遠百","1925964","58363268","30.65","30.80","30.10","30.10","-0.7500","1117"
"2904","匯僑","36608","680794","18.60","18.65","18.50","18.65","-0.1500","54"
"2905","三商","2709424","53598407","19.80","20.05","19.55","19.95","-0.2500","1261"
"2906","高林","1143525","23384480","20.70","20.70","20.30","20.50","-0.4500","415"
"2908","特力","228738","4649434","20.30","20.50","20.15","20.50","-0.0500","150"
"2910","統領","22000","601850","27.45","27.60","27.10","27.40","-0.7000","21"
"2911","麗嬰房","216082","1624035","7.59","7.60","7.40","7.49","-0.1000","346"
"2912","統一超","1287823","350430022","271.50","273.50","270.50","273.50","0.5000","5865"
"2913","農林","4529440","99315085","22.10","22.15","21.70","21.70","-0.8000","1773"
"2915","潤泰全","8120260","644488138","80.60","81.40","78.00","78.40","-3.5000","6119"
"2923","鼎固-KY","293863","9011243","30.70","32.15","29.90","31.85","-1.3000","517"
"2929","淘帝-KY","311260","2883642","9.30","9.41","9.17","9.18","-0.2400","171"
"2939","凱羿-KY","162100","4187155","25.45","25.95","25.45","25.90","-0.4000","36"
"2945","三商家購","22203","972499","43.85","44.00","43.55","43.55","-0.7000","41"
"3002","歐格","158805","2448183","15.65","15.65","15.25","15.35","-0.3500","88"
"3003","健和興","1664278","131871217","76.30","80.50","76.20","79.10","1.8000","1334"
"3004","豐達科","224529","22009028","98.00","99.50","97.20","97.20","-2.5000","534"
"3005","神基","3229801","338110500","104.50","105.50","103.00","105.50","-1.0000","2023"
"3006","晶豪科","5016569","423719450","85.40","86.20","82.60","82.90","-5.8000","4540"
"3008","大立光","1008157","2797201975","2790.00","2820.00","2745.00","2770.00","-100.0000","5641"
"3010","華立","1338084","187324194","137.50","143.00","137.00","138.00","-4.0000","1185"
"3011","今皓","511460","14680004","29.00","29.30","28.40","28.40","-1.1000","273"
"3013","晟銘電","10988821","1141733520","106.00","107.50","101.50","101.50","-9.0000","7379"
"3014","聯陽","1213800","180636631","151.00","151.50","147.00","148.00","-5.0000","1158"
"3015","全漢","272757","15671665","58.20","58.20","57.00","57.00","-1.6000","523"
"3016","嘉晶","1201112","76146130","64.10","64.60","62.10","62.10","-3.6000","1792"
"3017","奇鋐","12864948","7871029042","608.00","640.00","592.00","594.00","-61.0000","19019"
"3018","隆銘綠能","32259","809170","26.00","26.00","24.90","24.90","-1.6000","125"
"3019","亞光","10734403","968260518","91.00","92.20","88.20","88.40","-5.3000","9425"
"3021","鴻名","415418","10523899","25.85","25.85","25.10","25.25","-0.8000","294"
"3022","威強電","2045310","169478287","83.00","84.60","81.90","82.00","-4.3000","1741"
"3023","信邦","1016026","320341146","317.50","324.00","310.50","311.00","-12.0000","10203"
"3024","憶聲","24813865","601497194","24.15","24.80","23.75","23.75","-0.6000","9259"
"3025","星通","573382","35797789","63.30","63.80","61.60","61.60","-2.8000","558"
"3026","禾伸堂","209090","18661438","89.20","90.00","88.80","89.00","-1.0000","233"
"3027","盛達","846869","31901727","37.80","38.55","37.10","37.20","-1.4500","572"
"3028","增你強","405428","13986397","34.65","34.70","34.40","34.50","-0.4000","404"
"3029","零壹","3261956","323191531","101.00","102.00","98.00","98.10","-6.4000","3801"
"3030","德律","4314984","607077775","145.50","147.50","136.50","139.00","-9.0000","3734"
"3031","佰鴻","613041","12141137","20.15","20.15","19.45","19.50","-0.9000","319"
"3032","偉訓","1192955","77854826","64.10","67.00","64.10","65.20","-1.3000","909"
"3033","威健","2655520","89668637","33.90","34.10","33.55","33.55","-0.9500","2026"
"3034","聯詠","4975833","2592933349","524.00","526.00","516.00","521.00","-15.0000","6914"
"3035","智原","8037153","2329180414","290.50","296.50","285.00","287.00","-16.5000","11958"
"3036","文曄","4122443","417557914","103.50","103.50","100.00","100.00","-5.5000","4024"
"3036A","文曄甲特","158001","7455347","47.20","47.25","47.10","47.15","-0.1000","50"
"3037","欣興","55829257","9514180730","173.50","176.50","165.50","166.00","-17.0000","47266"
"3038","全台","426704","12086649","28.50","28.70","28.05","28.10","-0.6000","303"
"3040","遠見","84402","2817361","33.75","33.85","32.85","33.40","-0.7000","382"
"3041","揚智","825556","16887566","20.45","20.80","20.25","20.30","-0.8500","847"
"3042","晶技","3099345","325942601","105.50","106.50","103.50","106.00","-1.5000","2218"
"3043","科風","140384","4969389","36.00","36.15","34.75","34.85","-1.7000","191"
"3044","健鼎","3226334","641116434","201.00","202.00","196.00","197.00","-9.5000","3795"
"3045","台灣大","10049709","1059547839","104.50","106.00","104.00","106.00","0.5000","3518"
"3046","建碁","103405","5918595","57.50","57.60","56.90","56.90","-1.4000","158"
"3047","訊舟","16089341","654004187","40.55","41.80","39.85","40.15","-1.8500","9379"
"3048","益登","12973908","594240040","44.30","47.80","44.20","44.80","-2.0500","8325"
"3049","精金","2292641","20652644","9.15","9.15","8.90","8.92","-0.3100","1171"
"3050","鈺德","4370356","108370639","25.05","25.40","24.40","24.65","-0.4500","2247"
"3051","力特","1045782","33216228","31.65","32.20","31.10","31.45","-0.4500","790"
"3052","夆典","1811113","24963236","14.10","14.10","13.60","13.65","-0.4500","746"
"3054","立萬利","22005","445250","20.15","20.40","20.15","20.20","-0.2000","12"
"3055","蔚華科","817474","60367727","73.80","75.70","72.70","72.80","-3.6000","1300"
"3056","富華新","5275452","204769538","39.50","39.70","38.00","38.65","-1.0500","4489"
"3057","喬鼎","238683","3239418","13.90","13.90","13.25","13.35","-0.5500","443"
"3058","立德","695138","12245210","17.90","17.90","17.35","17.35","-0.9000","523"
"3059","華晶科","1616788","60630434","37.55","38.10","37.20","37.25","-1.2000","1247"
"3060","銘異","1219666","34510425","28.40","29.05","27.90","27.95","-1.2500","1025"
"3062","建漢","8788793","252815701","29.40","29.40","28.30","28.35","-1.8000","4848"
"3090","日電貿","587273","37602481","63.80","64.90","63.30","63.60","-1.0000","768"
"3092","鴻碩","174350","5282949","30.50","30.50","30.10","30.30","-0.4000","172"
"3094","聯傑","590669","18822464","32.00","32.40","31.50","31.65","-1.2500","498"
"3130","一零四","9613","2201092","229.00","229.00","228.50","228.50","-2.5000","128"
"3138","耀登","241703","28292292","119.50","119.50","115.00","115.50","-6.0000","394"
"3149","正達","895695","22454811","25.30","25.45","24.70","24.85","-0.8000","729"
"3150","鈺寶-創","49252","1987356","40.25","41.05","40.20","40.25","-1.3500","39"
"3164","景岳","32730","769296","23.40","23.55","23.40","23.40","-0.2000","176"
"3167","大量","3551580","254399043","71.30","73.40","70.60","70.60","-3.5000","3053"
"3168","眾福科","49300","2918934","59.20","59.40","58.70","58.70","-1.2000","45"
"3189","景碩","13895323","1469167510","105.50","108.00","103.50","104.50","-6.5000","9833"
"3209","全科","1841666","63299722","34.45","34.60","34.00","34.05","-0.9500","746"
"3229","晟鈦","306410","8338499","27.90","27.95","26.50","26.55","-1.7000","252"
"3231","緯創","33571577","3253467384","97.60","98.30","95.50","96.30","-3.7000","23419"
"3257","虹冠電","133662","7035249","53.20","53.40","52.10","52.40","-1.3000","156"
"3266","昇陽","711561","16771037","24.20","24.35","23.15","23.15","-1.4000","519"
"3296","勝德","684443","17405154","25.75","26.00","25.05","25.55","-0.4000","499"
"3305","昇貿","1240417","92090832","74.30","75.40","73.20","73.50","-2.4000","1426"
"3308","聯德","116480","3076220","26.85","26.85","26.15","26.15","-0.8000","502"
"3311","閎暉","72724","2720309","37.50","37.55","37.20","37.30","-0.5000","181"
"3312","弘憶股","7700103","609621967","79.30","81.20","78.00","78.30","-3.9000","5713"
"3321","同泰","607251","13377124","21.95","22.70","21.65","21.80","-0.7500","472"
"3338","泰碩","3900111","322451714","84.00","84.50","80.70","80.70","-4.7000","3536"
"3346","麗清","543496","21260120","39.10","39.60","38.70","38.70","-1.4000","478"
"3356","奇偶","889971","56223381","63.80","64.50","62.10","62.50","-3.0000","1115"
"3376","新日興","12492487","2530010600","206.50","213.00","197.50","198.00","-19.5000","12076"
"3380","明泰","1327502","44226856","33.50","33.90","32.85","32.95","-1.2000","1302"
"3406","玉晶光","962860","492507508","514.00","523.00","502.00","503.00","-25.0000","2115"
"3413","京鼎","1143834","349878009","310.00","312.00","301.00","301.00","-21.0000","2106"
"3416","融程電","157130","20536574","133.00","133.00","129.50","130.00","-4.0000","260"
"3419","譁裕","483375","8880102","18.70","18.75","18.05","18.05","-0.9000","334"
"3432","台端","101108","2649822","26.80","27.00","26.00","26.20","-0.8000","157"
"3437","榮創","936185","23048074","25.20","25.20","24.25","24.35","-1.2500","759"
"3443","創意","3136176","3409259415","1090.00","1120.00","1060.00","1060.00","-80.0000","10364"
"3447","展達","68100","2330124","34.65","34.65","33.55","33.95","-0.8000","50"
"3450","聯鈞","12678873","1556299338","125.00","127.00","118.50","118.50","-12.5000","8706"
"3454","晶睿","351218","42044068","123.00","123.50","117.00","117.00","-8.5000","522"
"3481","群創","126278030","1949509583","15.30","15.65","15.20","15.30","-0.1500","22501"
"3494","誠研","287887","2135468","7.77","7.77","7.20","7.20","-0.5400","105"
"3501","維熹","306507","21199268","69.90","70.00","68.50","68.50","-2.7000","654"
"3504","揚明光","398879","22133004","56.00","56.10","55.00","55.00","-1.7000","470"
"3515","華擎","497940","101187670","206.00","207.00","200.00","200.50","-12.0000","2500"
"3518","柏騰","6957053","263953981","37.50","39.30","36.50","37.70","-0.3000","4154"
"3528","安馳","42556","2019806","47.80","47.80","47.00","47.80","0.0500","47"
"3530","晶相光","446915","40128122","90.70","91.80","88.30","88.40","-6.5000","556"
"3532","台勝科","568191","85573366","153.00","153.00","149.00","150.50","-5.0000","746"
"3533","嘉澤","1048858","1512958785","1435.00","1490.00","1395.00","1415.00","-70.0000","1594"
"3535","晶彩科","10346467","778513244","74.50","78.50","72.50","72.60","-6.9000","7297"
"3543","州巧","152060","3325481","22.00","22.30","21.65","21.70","-0.8000","100"
"3545","敦泰","1727791","143946551","83.50","84.50","82.30","82.30","-2.7000","1526"
"3550","聯穎","338288","5145742","15.50","15.50","15.00","15.05","-0.5000","173"
"3557","嘉威","318023","24774011","77.90","79.10","77.00","77.00","-2.0000","728"
"3563","牧德","589265","185701109","321.00","324.00","308.00","310.00","-20.5000","1026"
"3576","聯合再生","6205938","78447480","12.95","12.95","12.55","12.55","-0.4000","2419"
"3583","辛耘","4973862","2023205434","402.00","424.00","391.50","393.50","-25.0000","6129"
"3588","通嘉","684403","50049778","74.80","75.30","71.10","71.60","-5.2000","689"
"3591","艾笛森","747119","19585032","26.20","26.70","25.90","25.95","-0.6000","539"
"3592","瑞鼎","313981","116368122","373.00","377.00","366.50","367.00","-13.5000","692"
"3593","力銘","1166924","21004874","18.20","19.15","17.35","18.00","-1.2500","773"
"3596","智易","964252","140707241","146.50","148.00","144.50","144.50","-4.5000","974"
"3605","宏致","1194053","57034206","48.20","48.85","47.10","47.55","-1.4500","1004"
"3607","谷崧","961623","18719992","19.30","19.80","19.15","19.50","-0.3500","585"
"3617","碩天","453843","115168291","255.00","260.00","250.50","251.50","-7.5000","757"
"3622","洋華","1006373","62247468","62.70","63.30","60.70","60.80","-3.0000","1100"
"3645","達邁","1828251","80657547","44.80","45.20","43.00","43.30","-2.2000","1179"
"3652","精聯","1101544","52817694","47.20","49.30","46.30","47.15","-1.0000","934"
"3653","健策","1644233","1783710170","1090.00","1160.00","1030.00","1030.00","-105.0000","2441"
"3661","世芯-KY","2971636","7178555760","2475.00","2495.00","2335.00","2335.00","-255.0000","24205"
"3665","貿聯-KY","7087834","2773323625","393.00","406.00","378.00","378.00","-37.0000","7523"
"3669","圓展","191002","9272322","49.30","49.50","47.80","48.10","-1.9000","199"
"3673","TPK-KY","5426240","239069081","44.85","45.00","43.35","43.35","-2.5500","3774"
"3679","新至陞","355928","49061726","139.00","140.50","136.50","137.00","-4.0000","493"
"3686","達能","2504914","76097921","29.40","31.45","29.40","29.80","-0.5000","1977"
"3694","海華","463552","20167951","44.05","44.55","42.60","42.60","-2.1000","394"
"3701","大眾控","381377","16848600","45.00","45.00","43.45","43.45","-2.1000","322"
"3702","大聯大","5745333","491229848","84.60","86.60","84.20","85.00","-1.0000","3547"
"3702A","大聯大甲特","111406","5303297","47.60","47.65","47.60","47.65","0.0500","37"
"3703","欣陸","4019899","140755642","35.20","35.55","34.70","34.70","-1.1000","3124"
"3704","合勤控","1013851","37353660","36.10","37.30","36.10","36.80","-0.3000","838"
"3705","永信","390612","20523411","52.40","52.90","52.30","52.50","-1.0000","360"
"3706","神達","5713373","246706855","43.05","43.55","42.90","42.95","-1.3500","3417"
"3708","上緯投控","802256","90610446","114.00","114.50","112.00","112.00","-5.0000","876"
"3711","日月光投控","27006613","3927420597","147.50","150.00","143.00","143.50","-10.0000","20498"
"3712","永崴投控","3034111","170152153","57.50","57.50","55.00","55.10","-3.6000","3900"
"3714","富采","1746914","71648454","41.10","41.60","40.75","40.75","-1.2000","1614"
"3715","定穎投控","6872835","397246763","57.10","59.50","56.70","57.00","-1.6000","5220"
"4104","佳醫","108732","9706780","88.80","90.00","88.80","89.40","-0.4000","284"
"4106","雃博","170863","4665927","27.60","27.60","27.20","27.35","-0.2500","442"
"4108","懷特","202174","3936069","19.40","19.60","19.30","19.40","-0.0500","497"
"4119","旭富","164330","15002832","92.20","92.20","90.80","91.00","-1.2000","587"
"4133","亞諾法","81714","2589055","31.75","31.90","31.45","31.55","-0.6500","275"
"4137","麗豐-KY","198070","29743437","150.00","152.00","148.50","148.50","-3.0000","222"
"4142","國光生","837220","23361141","28.05","28.30","27.70","27.75","-0.6500","584"
"4148","全宇生技-KY","55320","2621059","46.00","47.80","46.00","47.40","0.0000","83"
"4155","訊映","464598","11983843","26.20","26.20","25.60","25.60","-0.7500","454"
"4164","承業醫","504292","23384661","47.20","47.20","45.95","46.05","-1.4500","1083"
"4190","佐登-KY","55099","2548604","46.85","46.85","45.60","45.70","-1.1500","73"
"4306","炎洲","5650281","124208840","22.00","22.30","21.80","21.85","-0.6000","2982"
"4414","如興","982253","3488823","3.60","3.64","3.48","3.54","-0.0600","171"
"4426","利勤","135574","2066712","15.15","15.35","15.15","15.25","-0.0500","109"
"4438","廣越","39675","4392940","110.00","111.50","110.00","110.50","-0.5000","47"
"4439","冠星-KY","36861","3767970","103.50","103.50","101.50","101.50","-3.0000","134"
"4440","宜新實業","51709","1345695","26.10","26.10","25.95","26.05","-0.1000","55"
"4526","東台","11690654","332250441","28.10","29.20","27.70","27.80","-1.0500","6131"
"4532","瑞智","8536019","256551988","31.10","31.10","29.40","29.40","-2.4500","5282"
"4536","拓凱","284670","54459311","188.00","193.50","187.50","191.50","0.5000","822"
"4540","全球傳動","1114318","40262452","36.10","36.90","35.15","36.30","0.1500","1089"
"4545","銘鈺","1068316","57207444","55.10","55.90","51.90","52.10","-4.9000","946"
"4551","智伸科","174465","16327297","92.20","95.30","92.10","92.70","-1.6000","482"
"4552","力達-KY","159287","4340242","27.30","27.35","27.15","27.15","-0.3000","134"
"4555","氣立","123404","6311359","51.50","52.20","50.80","50.80","-2.9000","170"
"4557","永新-KY","58051","6031835","104.00","105.50","103.00","103.50","-2.0000","69"
"4560","強信-KY","289092","10356278","35.90","36.05","35.50","35.90","-0.2500","185"
"4562","穎漢","25602597","1630194136","58.90","66.50","56.90","66.50","6.0000","16111"
"4564","元翎","19016427","542879488","26.75","29.50","26.60","28.15","0.8500","10987"
"4566","時碩工業","3876145","344095237","89.80","90.90","87.50","87.50","-3.7000","2910"
"4569","六方科-KY","17157","1718494","100.00","101.00","100.00","100.00","-2.0000","21"
"4571","鈞興-KY","1124334","143389082","124.00","130.00","123.50","125.00","-3.0000","1043"
"4572","駐龍","170818","26640077","155.00","159.00","153.50","153.50","-5.0000","330"
"4576","大銀微系統","462577","36001888","76.00","80.60","75.80","76.20","-2.7000","785"
"4581","光隆精密-KY","37139","2119017","57.50","58.00","56.60","57.00","-0.9000","41"
"4583","台灣精銳","1528936","531650610","336.00","363.50","330.00","343.00","7.0000","1950"
"4588","玖鼎電力","180163","17945820","99.90","101.00","98.50","98.50","-4.5000","247"
"4720","德淵","1462638","34641024","24.20","24.25","23.35","23.40","-1.1000","786"
"4722","國精化","522786","24194873","47.15","47.15","45.25","45.50","-2.4500","521"
"4736","泰博","116931","18958337","162.00","163.00","161.50","162.00","-1.0000","321"
"4737","華廣","76537","5179498","66.10","70.00","66.00","68.00","1.2000","73"
"4739","康普","300927","19075950","64.60","64.60","62.50","62.70","-3.0000","620"
"4746","台耀","1875338","191830757","105.00","105.00","100.50","100.50","-6.0000","1378"
"4755","三福化","192368","24317680","126.50","128.50","125.00","125.00","-4.0000","322"
"4763","材料-KY","2531035","2196140466","863.00","894.00","842.00","850.00","-36.0000","5782"
"4764","雙鍵","23000","1009050","44.60","44.60","43.20","43.20","-2.1500","23"
"4766","南寶","492467","162905785","332.50","338.00","325.00","325.00","-12.5000","1177"
"4770","上品","449461","171980982","396.00","398.00","373.00","379.00","-26.0000","790"
"4771","望隼","124755","30273324","246.50","248.00","240.00","241.00","-10.0000","219"
"4807","日成-KY","18002","322334","18.15","18.15","17.70","17.95","-0.4500","18"
"4904","遠傳","38230438","3248839791","85.10","87.60","85.10","87.00","0.3000","5946"
"4906","正文","6298830","265765076","42.65","42.95","41.55","41.65","-2.3500","4424"
"4912","聯德控股-KY","115796","11757777","102.00","102.50","100.50","101.50","-3.0000","126"
"4915","致伸","4194789","376875798","89.00","90.80","88.50","90.10","0.0000","2412"
"4916","事欣科","1245763","38426070","31.35","31.35","30.45","30.45","-1.4000","952"
"4919","新唐","5725594","584256336","106.00","106.00","100.00","100.50","-7.5000","4406"
"4927","泰鼎-KY","3400227","179194207","53.30","54.90","51.40","51.60","-3.9000","1682"
"4930","燦星網","118597","3828275","32.30","32.40","32.15","32.25","-0.2000","136"
"4934","太極","506090","10837630","21.80","21.80","21.10","21.10","-0.7500","378"
"4935","茂林-KY","131871","7745748","60.00","60.00","58.00","58.00","-2.6000","214"
"4938","和碩","11342018","1160756741","101.00","103.50","100.00","103.00","-1.5000","4544"
"4942","嘉彰","302594","13120302","43.70","43.70","43.10","43.25","-0.6000","199"
"4943","康控-KY","48595","1059093","21.80","22.45","21.50","21.50","-0.9500","41"
"4949","有成精密","158795","4247247","27.65","27.65","26.45","26.60","-1.0500","136"
"4952","凌通","451810","25798059","57.80","58.10","56.40","56.50","-2.6000","510"
"4956","光鋐","1514149","39483733","26.60","26.80","25.60","25.60","-1.4000","881"
"4958","臻鼎-KY","7316920","985540729","135.00","137.50","132.00","134.00","-5.0000","4666"
"4960","誠美材","3021637","46904229","15.55","15.75","15.35","15.40","-0.5000","1464"
"4961","天鈺","1237685","322963177","259.50","265.50","256.00","258.50","-6.0000","4112"
"4967","十銓","12657501","1486399999","114.00","123.00","112.50","118.00","-6.5000","7416"
"4968","立積","4518609","911787568","210.00","211.00","195.00","196.00","-20.5000","4754"
"4976","佳凌","693324","31178259","46.10","46.10","44.35","44.35","-1.9500","582"
"4977","眾達-KY","1062580","78584874","74.60","75.00","73.20","73.30","-3.1000","927"
"4989","榮科","144707","3387446","23.75","23.75","23.15","23.20","-0.7500","269"
"4994","傳奇","111834","11514839","100.00","105.00","100.00","103.50","-1.5000","242"
"4999","鑫禾","85506","2899172","34.15","34.15","33.65","33.70","-0.4500","378"
"5007","三星","574831","32620567","58.60","59.00","57.70","59.00","0.3000","181"
"5203","訊連","227123","23080398","102.50","103.00","101.00","101.50","-2.5000","241"
"5215","科嘉-KY","151045","7004478","47.30","47.30","45.60","45.70","-2.0000","255"
"5222","全訊","463609","73866936","161.00","161.00","158.00","158.00","-4.0000","623"
"5225","東科-KY","2079598","256966348","127.50","128.00","121.00","123.00","-7.0000","1639"
"5234","達興材料","884797","120788277","138.50","140.00","134.00","134.50","-7.5000","736"
"5243","乙盛-KY","1397578","85673538","62.40","62.50","60.20","60.70","-2.9000","1437"
"5244","弘凱","172261","7979064","46.80","47.20","45.80","45.95","-1.2500","156"
"5258","虹堡","863549","109631635","126.00","128.50","124.00","127.00","-1.5000","916"
"5269","祥碩","1123992","1718542675","1560.00","1560.00","1505.00","1510.00","-110.0000","3114"
"5283","禾聯碩","103827","10966962","104.50","106.00","104.50","105.50","-0.5000","118"
"5284","jpp-KY","256169","30468155","121.50","121.50","117.00","117.50","-5.5000","341"
"5285","界霖","152036","9660371","63.30","65.60","62.60","63.50","-1.0000","180"
"5288","豐祥-KY","33616","7068660","211.50","212.50","208.50","209.00","-7.0000","59"
"5292","華懋","212585","34415856","165.00","165.00","160.00","161.50","-5.0000","449"
"5306","桂盟","317779","46513022","146.00","148.00","144.50","146.50","-2.0000","680"
"5388","中磊","2376985","265854628","113.00","113.00","111.00","111.00","-3.0000","2097"
"5434","崇越","807792","214418482","267.00","269.50","262.50","262.50","-12.0000","4373"
"5469","瀚宇博","3297342","169426573","51.00","52.10","50.60","50.80","-1.0000","2651"
"5471","松翰","353891","16872250","48.15","48.15","47.20","47.20","-1.3000","344"
"5484","慧友","3202736","251259912","77.10","83.00","74.60","80.00","-2.8000","2753"
"5515","建國","3367495","79240202","24.40","24.40","23.00","23.00","-1.5000","1933"
"5519","隆大","11803238","671751024","59.30","60.40","54.60","54.60","-6.0000","7596"
"5521","工信","3838219","49886992","13.25","13.25","12.85","12.85","-0.4500","1217"
"5522","遠雄","3320046","282831408","87.20","88.20","83.10","83.60","-4.5000","2691"
"5525","順天","723053","31528877","44.40","45.30","42.40","43.05","-2.6000","824"
"5531","鄉林","4654681","54092047","11.90","12.00","11.40","11.40","-0.7000","1495"
"5533","皇鼎","531831","12784301","24.15","24.30","23.85","23.95","-0.5500","399"
"5534","長虹","5991788","851860596","145.00","150.50","134.00","135.00","-12.5000","12299"
"5538","東明-KY","42818","1330844","31.20","31.65","30.55","30.80","-0.9000","62"
"5546","永固-KY","22159","648309","29.85","29.85","28.85","29.45","-0.1000","28"
"5607","遠雄港","1685881","90801922","54.70","55.80","52.00","52.30","-3.6000","1668"
"5608","四維航","1874006","35716808","19.00","19.45","18.85","18.85","-0.5000","1102"
"5706","鳳凰","382592","25122871","66.00","66.70","65.00","65.20","-2.0000","565"
"5871","中租-KY","8688562","1295556064","151.00","151.00","148.00","148.50","-5.0000","7310"
"5871A","中租-KY甲特","175135","16461001","94.10","94.10","93.90","93.90","-0.2000","79"
"5876","上海商銀","14082065","568321606","41.00","41.00","39.85","40.60","-0.6000","7817"
"5880","合庫金","14216650","381402271","26.85","26.95","26.65","26.95","-0.2500","6047"
"5906","台南-KY","10207","648503","63.50","64.40","62.10","64.40","-1.1000","42"
"5907","大洋-KY","155009","1405611","9.22","9.22","9.03","9.03","-0.1800","95"
"6005","群益證","9888645","225941965","23.10","23.15","22.70","22.75","-0.9500","5063"
"6024","群益期","710142","39083170","55.00","55.70","53.90","54.80","-0.8000","508"
"6108","競國","160882","2983937","18.60","18.75","18.45","18.45","-0.4000","137"
"6112","邁達特","1020222","55091988","54.00","54.00","54.00","54.00","-6.0000","1218"
"6115","鎰勝","168535","9141750","54.70","54.70","54.00","54.40","-0.5000","178"
"6116","彩晶","8144255","74298387","9.20","9.25","9.07","9.08","-0.2000","3894"
"6117","迎廣","1935198","218404529","115.50","116.50","109.50","110.00","-9.5000","1851"
"6120","達運","2391785","33556961","14.25","14.25","13.85","13.90","-0.5500","1211"
"6128","上福","192075","6881918","35.90","36.10","35.65","35.70","-0.3000","146"
"6133","金橋","1405764","27680210","19.80","20.15","19.30","19.70","-0.9500","879"
"6136","富爾特","162725","3735713","23.10","23.10","22.80","22.95","-0.2000","128"
"6139","亞翔","2982612","683117808","232.00","234.00","225.00","225.50","-11.5000","4408"
"6141","柏承","174272","2853992","16.70","16.70","16.25","16.25","-0.5500","110"
"6142","友勁","828066","8717159","10.60","10.80","10.35","10.40","-0.4500","356"
"6152","百一","1114775","17707961","16.00","16.15","15.70","15.85","-0.4500","729"
"6153","嘉聯益","3081106","71616122","23.20","23.80","22.80","22.80","-0.8500","2033"
"6155","鈞寶","616922","17342460","28.45","28.70","27.75","27.80","-1.3000","530"
"6164","華興","462478","6934340","15.05","15.15","14.90","14.90","-0.3500","269"
"6165","浪凡","218291","7962251","36.15","37.10","36.15","36.20","-0.4000","142"
"6166","凌華","1355486","100700894","74.20","76.50","72.80","72.90","-4.1000","1469"
"6168","宏齊","552373","12447901","22.70","22.80","22.25","22.25","-0.7500","383"
"6176","瑞儀","4946712","885990802","179.50","180.50","177.50","179.50","-3.0000","3388"
"6177","達麗","12026116","812049307","68.80","70.60","65.00","65.00","-4.5000","10275"
"6183","關貿","25137","1896519","75.70","75.80","75.10","75.20","-1.4000","87"
"6184","大豐電","33155","1766614","53.30","53.70","53.10","53.40","-0.6000","64"
"6189","豐藝","2508484","225994516","91.00","91.60","88.60","88.90","-4.1000","3009"
"6191","精成科","4661252","305855592","64.20","66.20","63.60","66.20","1.4000","2934"
"6192","巨路","203528","23365934","118.00","118.00","112.50","114.00","-5.5000","247"
"6196","帆宣","1144233","169290026","148.00","150.00","146.50","146.50","-7.5000","1395"
"6197","佳必琪","2714231","436498031","163.50","166.00","156.50","156.50","-13.0000","2652"
"6201","亞弘電","112788","6699673","60.20","60.20","59.00","59.00","-1.4000","136"
"6202","盛群","2174542","111878412","52.80","52.80","50.40","50.70","-2.8000","2260"
"6205","詮欣","278241","19315982","69.80","69.90","68.90","69.00","-1.7000","171"
"6206","飛捷","290446","24946401","85.10","86.50","85.10","85.80","-1.4000","432"
"6209","今國光","540188","14831284","27.60","28.00","27.05","27.05","-1.2500","461"
"6213","聯茂","7876458","699699204","90.90","91.20","86.60","86.70","-6.6000","6109"
"6214","精誠","387020","46894232","120.50","122.50","120.50","120.50","-3.5000","480"
"6215","和椿","18442947","1165764838","60.90","65.20","60.80","62.90","-0.9000","11978"
"6216","居易","666111","31258144","46.55","47.60","46.10","46.55","-0.6500","669"
"6224","聚鼎","331230","18175051","56.20","56.20","54.20","54.30","-2.4000","849"
"6225","天瀚","9999","158884","16.60","16.60","15.50","15.85","-0.2500","9"
"6226","光鼎","312184","3227654","10.40","10.45","10.20","10.25","-0.3000","127"
"6230","尼得科超眾","172179","42779237","255.00","255.00","243.00","243.50","-18.5000","804"
"6235","華孚","1559460","116690008","76.30","76.60","73.00","73.00","-4.9000","1671"
"6239","力成","13665171","1989944324","149.50","151.50","142.50","142.50","-11.0000","10715"
"6243","迅杰","406318","21445449","54.30","54.30","51.60","51.70","-3.3000","560"
"6257","矽格","3635843","272808437","75.50","76.20","73.90","74.30","-2.6000","2743"
"6269","台郡","3228103","281420355","88.00","88.00","86.50","87.10","-2.6000","2806"
"6271","同欣電","1997890","273116977","138.00","139.50","135.00","135.00","-5.5000","2291"
"6277","宏正","59405","4704857","79.60","79.60","79.00","79.20","-0.5000","93"
"6278","台表科","2291229","278897020","123.50","123.50","120.50","121.50","-5.0000","1486"
"6281","全國電","71172","5972704","83.90","84.10","83.80","84.10","-0.1000","99"
"6282","康舒","4471430","160207549","36.00","36.40","35.40","35.50","-1.3500","3254"
"6283","淳安","271383","7743112","29.10","29.25","28.05","28.10","-1.1000","190"
"6285","啟碁","5614622","769027694","139.00","139.00","135.00","138.00","-3.5000","4649"
"6288","聯嘉","652540","17843023","27.50","27.80","27.15","27.15","-0.8500","456"
"6405","悅城","73783","1801003","24.50","24.65","24.15","24.20","-0.9000","57"
"6409","旭隼","150537","272992610","1900.00","1900.00","1775.00","1790.00","-110.0000","620"
"6412","群電","480202","64546930","134.50","136.00","133.50","133.50","-4.5000","410"
"6414","樺漢","1191346","361534717","305.00","309.00","298.50","299.50","-15.0000","8915"
"6415","矽力*-KY","2488803","1066073409","439.50","444.00","414.50","417.00","-39.0000","3256"
"6416","瑞祺電通","526894","67299549","130.50","130.50","126.00","127.00","-5.5000","585"
"6423","億而得-創","12033","1145735","95.50","95.50","94.80","95.00","-3.0000","12"
"6426","統新","97224","6015570","62.00","63.60","61.00","61.20","-2.0000","128"
"6431","光麗-KY","323110","5450892","16.55","17.50","16.40","17.25","0.5000","188"
"6438","迅得","908896","106578024","115.00","120.00","114.50","115.50","-1.5000","815"
"6442","光聖","304569","149116757","470.00","517.00","470.00","480.00","-5.0000","498"
"6443","元晶","5614078","152945600","27.50","27.65","27.00","27.00","-0.8500","3430"
"6446","藥華藥","4935887","3270427825","673.00","682.00","640.00","645.00","-41.0000","10794"
"6449","鈺邦","2115211","331677393","157.00","163.00","152.00","152.00","-9.0000","1932"
"6451","訊芯-KY","3374500","731755922","218.00","224.00","212.00","212.00","-14.0000","4444"
"6456","GIS-KY","870744","55541275","64.00","64.60","63.10","63.40","-1.7000","873"
"6464","台數科","20253","1640585","81.00","81.30","80.80","80.80","-0.5000","73"
"6472","保瑞","1528490","1224323625","820.00","820.00","788.00","789.00","-40.0000","5017"
"6477","安集","1245450","46442973","37.95","37.95","36.70","36.80","-1.5000","978"
"6491","晶碩","374100","160481384","428.00","436.00","422.00","426.00","-10.5000","673"
"6504","南六","76577","5454597","70.40","72.00","70.40","70.60","-0.9000","192"
"6505","台塑化","3345134","216547064","65.30","65.30","64.10","65.20","-0.3000","2336"
"6515","穎崴","741786","734506654","1020.00","1025.00","949.00","949.00","-81.0000","1616"
"6525","捷敏-KY","124924","8365742","66.80","67.70","66.50","66.70","-1.5000","125"
"6526","達發","858125","514121902","601.00","613.00","588.00","588.00","-38.0000","2377"
"6531","愛普*","1625074","510202362","317.50","323.50","307.50","307.50","-19.0000","4389"
"6533","晶心科","797921","290002238","375.50","375.50","351.00","352.00","-30.5000","2230"
"6534","正瀚-創","54062","4335166","81.00","81.20","79.60","80.40","-1.3000","37"
"6541","泰福-KY","116966","6212154","54.00","54.00","52.10","52.90","-1.1000","179"
"6550","北極星藥業-KY","998147","63136765","63.80","64.20","62.60","62.60","-2.3000","1070"
"6552","易華電","144819","6747269","47.00","47.15","46.10","46.20","-1.4500","340"
"6558","興能高","120086","2775774","23.50","23.50","22.90","23.00","-0.8500","117"
"6573","虹揚-KY","107100","1632569","15.50","15.50","15.15","15.35","-0.5000","74"
"6579","研揚","222247","36392548","163.50","165.50","162.50","163.00","-6.0000","395"
"6581","鋼聯","35825","3964424","110.00","112.00","110.00","111.50","0.0000","86"
"6582","申豐","241540","14773960","62.10","62.60","59.80","60.40","-2.9000","294"
"6585","鼎基","698716","123654305","179.00","184.00","173.00","174.00","-10.5000","3716"
"6591","動力-KY","208550","10598001","51.80","51.80","50.10","50.20","-2.2000","217"
"6592","和潤企業","450289","45820905","102.00","102.50","101.50","101.50","-2.0000","684"
"6592A","和潤企業甲特","1050","99115","94.40","94.40","94.40","94.40","0.0000","2"
"6592B","和潤企業乙特","27200","2574979","94.90","94.90","94.60","94.60","-0.1000","16"
"6598","ABC-KY","190512","5101527","26.70","27.35","26.60","26.65","-0.8000","188"
"6605","帝寶","1176106","308981000","274.00","274.00","258.00","258.00","-16.0000","4574"
"6606","建德工業","87337","2292354","26.65","26.65","26.15","26.15","-0.5500","114"
"6625","必應","138018","12098946","89.00","89.00","86.70","86.70","-2.3000","199"
"6641","基士德-KY","11113","457312","40.80","41.65","40.80","41.55","0.0000","15"
"6645","金萬林-創","100223","3460510","34.60","35.00","34.20","35.00","0.0000","62"
"6655","科定","11044","1481959","134.00","134.50","134.00","134.00","-1.0000","19"
"6657","華安","72014","3774542","52.60","53.00","52.00","52.50","-0.5000","53"
"6658","聯策","4723022","317742382","64.00","70.90","61.90","66.30","1.1000","3746"
"6666","羅麗芬-KY","6034","375021","62.30","62.40","62.00","62.00","-0.4000","8"
"6668","中揚光","883021","47289034","53.10","54.60","52.50","53.80","-0.9000","734"
"6669","緯穎","2644870","5344489695","2045.00","2095.00","1945.00","1985.00","-150.0000","7869"
"6670","復盛應用","286585","82665584","290.00","292.50","284.50","284.50","-9.0000","3273"
"6671","三能-KY","8284","359395","43.65","43.65","43.00","43.40","-0.1000","14"
"6672","騰輝電子-KY","186124","13201108","72.50","72.50","70.10","70.10","-2.9000","243"
"6674","鋐寶科技","26100","669895","26.10","26.10","25.35","25.40","-1.3000","25"
"6689","伊雲谷","570086","60917121","107.50","110.50","104.50","105.00","-7.0000","690"
"6691","洋基工程","373080","114808222","309.50","311.50","303.00","303.00","-10.5000","968"
"6695","芯鼎","1656776","107236223","66.00","66.60","62.60","63.00","-5.5000","1785"
"6698","旭暉應材","1829667","74174824","41.70","42.30","39.50","39.55","-3.1000","1266"
"6706","惠特","2586853","308652519","121.50","124.00","116.00","116.00","-10.0000","1907"
"6715","嘉基","182037","31705873","174.50","178.50","169.00","169.00","-9.0000","2827"
"6719","力智","900076","226774476","253.50","256.50","248.00","249.00","-12.0000","1723"
"6742","澤米","320293","19539008","62.00","62.90","59.10","59.40","-3.7000","307"
"6743","安普新","634680","40043830","61.30","64.40","61.20","63.50","1.0000","448"
"6753","龍德造船","1277028","163741763","129.00","131.50","126.00","126.00","-7.0000","1203"
"6754","匯僑設計","27278","1723499","63.40","63.50","62.80","62.80","-0.6000","35"
"6756","威鋒電子","75868","13351757","175.50","178.50","174.50","175.00","-7.0000","391"
"6757","台灣虎航-創","1258685","74110813","60.00","61.40","57.30","57.30","-3.6000","637"
"6768","志強-KY","692812","69468490","102.00","102.00","97.40","100.50","-3.5000","702"
"6770","力積電","14461486","336499721","23.25","23.60","23.00","23.20","-0.5500","6500"
"6771","平和環保-創","14118","954465","68.00","68.00","67.40","68.00","-0.2000","14"
"6776","展碁國際","71995","4260846","59.40","59.60","58.90","58.90","-1.0000","112"
"6781","AES-KY","290843","150444197","522.00","532.00","507.00","507.00","-35.0000","1087"
"6782","視陽","330099","81393196","252.00","252.00","242.00","242.00","-14.0000","778"
"6789","采鈺","3901894","1213263116","322.50","323.50","304.00","304.00","-33.5000","5053"
"6790","永豐實","284196","14491282","51.00","51.30","50.70","51.30","0.0000","304"
"6792","詠業","97089","6888975","70.80","71.80","70.50","70.60","-1.2000","77"
"6794","向榮生技-創","23000","1849200","79.80","82.40","79.00","81.30","-0.4000","18"
"6796","晉弘","78054","6961190","90.80","90.80","88.80","88.80","-2.3000","207"
"6799","來頡","290443","36306418","125.00","127.50","123.50","124.00","-5.5000","333"
"6805","富世達","4525332","3436981935","725.00","785.00","725.00","744.00","-39.0000","5015"
"6806","森崴能源","3562453","542999681","156.50","156.50","150.50","150.50","-8.5000","3990"
"6807","峰源-KY","628719","41877173","64.40","68.80","64.40","66.10","0.9000","602"
"6830","汎銓","280147","38232045","139.00","139.50","134.00","135.00","-7.0000","297"
"6834","天二科技","508166","21124938","42.00","42.65","40.60","40.60","-2.5000","467"
"6835","圓裕","224372","10612120","47.00","47.80","46.50","47.75","0.2000","184"
"6854","錼創科技-KY創","129030","8649007","68.80","68.80","66.00","67.10","-1.7000","96"
"6861","睿生光電","158140","11211590","71.80","71.80","70.00","70.20","-1.8000","215"
"6863","永道-KY","919398","214723265","235.00","241.50","226.00","226.00","-15.5000","1750"
"6869","雲豹能源","7543078","1672189527","226.00","228.00","214.50","219.00","-9.0000","7463"
"6873","泓德能源-創","1196188","271003488","238.00","238.00","223.00","225.00","-22.5000","724"
"6890","來億-KY","894376","264389653","291.00","302.50","290.50","293.50","-6.5000","1633"
"6901","鑽石投資","1906325","77396963","41.80","41.80","40.10","40.25","-1.7500","1399"
"6902","走著瞧-創","2000","296000","148.50","148.50","147.50","147.50","-4.5000","2"
"6906","現觀科","71278","9651903","139.50","139.50","133.00","135.00","-7.0000","126"
"6914","阜爾運通","104358","15257312","149.00","149.00","144.50","145.00","-4.0000","222"
"6916","華凌","31206","821112","26.35","26.60","26.20","26.60","-0.1000","34"
"6928","攸泰科技","93715","6925341","74.90","75.00","73.60","73.60","-2.1000","130"
"6933","AMAX-KY","162387","41760743","264.00","264.00","250.50","252.50","-21.0000","586"
"6937","天虹","808272","211786375","268.50","272.00","254.50","255.00","-22.0000","1493"
"6949","沛爾生醫-創","12000","1342000","112.50","113.00","110.50","110.50","-3.0000","11"
"6951","青新-創","31000","1627700","53.00","53.00","52.30","52.30","-0.7000","23"
"6952","大武山","151305","8086422","54.40","54.50","53.00","53.20","-1.3000","375"
"6957","裕慶-KY","273859","64228191","235.00","242.00","227.00","234.00","-2.0000","538"
"8011","台通","7276880","211587689","29.00","29.80","28.60","28.75","-1.4500","4335"
"8016","矽創","1714606","423602108","245.00","253.00","240.50","240.50","-5.0000","1705"
"8021","尖點","1837252","63915521","35.40","35.40","34.20","34.20","-1.8000","1590"
"8028","昇陽半導體","15230348","1733037418","112.00","117.50","111.00","111.00","-6.0000","9878"
"8033","雷虎","1688518","113681412","67.70","68.60","66.50","66.60","-2.4000","2026"
"8039","台虹","3752646","196904216","54.00","54.00","51.50","51.60","-3.6000","2903"
"8046","南電","8119186","1294923598","163.00","164.50","154.00","156.00","-13.5000","9339"
"8070","長華*","2052004","92289882","45.20","45.60","44.70","44.70","-1.0500","1215"
"8072","陞泰","102951","3068266","30.30","30.30","29.60","29.60","-0.8500","270"
"8081","致新","573987","140546657","249.00","249.00","241.50","243.00","-11.0000","870"
"8101","華冠","397454","1143888","2.86","2.91","2.86","2.88","0.0000","136"
"8103","瀚荃","1858078","124100105","67.60","68.30","66.00","66.10","-4.4000","1645"
"8104","錸寶","3117014","127212479","42.70","43.05","39.95","39.95","-3.3000","1717"
"8105","凌巨","5390028","102173732","19.00","19.35","18.80","18.85","-0.7500","2585"
"8110","華東","2349860","43317239","18.45","18.75","18.15","18.15","-0.8000","1238"
"8112","至上","5762138","451404683","77.90","79.10","77.60","78.80","-0.8000","4270"
"8112A","至上甲特","22993","959077","41.70","42.35","41.65","41.70","0.0000","19"
"8114","振樺電","773357","146485254","189.00","195.00","185.50","185.50","-12.5000","2080"
"8131","福懋科","226644","8382190","36.55","37.30","36.55","37.05","-0.3500","201"
"8150","南茂","2120808","83973471","39.80","40.10","39.30","39.55","-0.9500","1703"
"8162","微矽電子-創","10000","374950","37.55","37.90","37.30","37.90","-0.5500","10"
"8163","達方","936019","51941689","55.40","56.20","55.00","55.00","-1.9000","1179"
"8201","無敵","382516","7305477","19.40","19.55","18.75","18.75","-0.6500","332"
"8210","勤誠","3595645","1020061266","276.00","292.00","276.00","277.00","-10.0000","10178"
"8213","志超","550520","20473369","37.45","37.45","37.00","37.00","-0.6000","467"
"8215","明基材","1075057","33777671","32.00","32.00","31.05","31.15","-1.2500","930"
"8222","寶一","395261","14896899","38.50","38.50","37.10","37.10","-1.9500","343"
"8249","菱光","256389","7133644","28.20","28.20","27.65","27.70","-0.6500","288"
"8261","富鼎","614244","47827564","78.30","79.20","76.70","76.80","-3.2000","545"
"8271","宇瞻","717976","38723429","54.30","54.50","53.50","53.50","-1.8000","798"
"8341","日友","293671","28827086","99.50","99.50","97.10","97.90","-1.9000","618"
"8367","建新國際","46095","2334853","50.50","50.80","50.50","50.60","-1.0000","102"
"8374","羅昇","16317037","1919921018","111.00","122.00","106.50","122.00","11.0000","10506"
"8404","百和興業-KY","346146","6568118","19.15","19.15","18.90","18.90","-0.4000","231"
"8411","福貞-KY","113350","1625579","14.40","14.45","14.20","14.40","-0.2000","220"
"8422","可寧衛","249439","45019135","181.50","181.50","180.00","180.50","-1.0000","424"
"8429","金麗-KY","154622","1533688","9.92","9.96","9.88","9.88","-0.1700","391"
"8438","昶昕","452324","17983638","39.55","40.20","39.35","39.60","-0.9000","364"
"8442","威宏-KY","59247","6702818","112.50","114.00","112.00","113.00","-2.5000","249"
"8443","阿瘦","88929","1073275","12.15","12.15","12.00","12.10","-0.0500","229"
"8454","富邦媒","614344","251174690","415.00","415.00","405.50","406.00","-14.0000","3096"
"8462","柏文","43149","4931004","115.50","115.50","113.00","114.00","-1.0000","80"
"8463","潤泰材","1009331","32828014","34.00","34.00","31.95","32.05","-2.1000","812"
"8464","億豐","1024803","399477662","391.00","394.50","385.00","393.50","-11.5000","1214"
"8466","美吉吉-KY","71732","4273860","59.20","60.40","58.50","59.60","-0.8000","89"
"8467","波力-KY","1346316","334918611","245.00","260.00","235.50","241.00","-13.0000","1405"
"8473","山林水","1881535","87231261","47.20","47.25","46.00","46.00","-2.0000","1858"
"8476","台境","103372","6222611","60.90","60.90","59.50","59.60","-1.3000","161"
"8478","東哥遊艇","601130","202395802","345.00","345.00","330.50","331.00","-14.0000","1219"
"8481","政伸","12809","643076","50.40","50.60","50.00","50.30","-0.1000","29"
"8482","商億-KY","6000","379800","63.00","64.10","62.60","64.10","-0.5000","6"
"8487","愛爾達-創","57000","4433700","80.00","80.00","75.70","75.80","-4.5000","39"
"8488","吉源-KY","30147","496435","16.50","16.80","16.30","16.50","-0.3000","32"
"8499","鼎炫-KY","14163","1667160","118.50","118.50","117.50","117.50","-2.0000","16"
"8926","台汽電","3011235","138117894","46.15","46.40","45.35","45.50","-1.2500","2630"
"8940","新天地","73989","1865509","25.50","25.50","25.10","25.10","-0.4000","87"
"8996","高力","5538332","1848788769","355.00","355.00","328.00","328.00","-36.0000","6577"
"9103","美德醫療-DR","991800","7025976","7.17","7.20","7.03","7.08","-0.0900","344"
"910322","康師傅-DR","32759","644342","20.00","20.00","19.45","19.60","-0.5000","141"
"9105","泰金寶-DR","23806445","141855664","5.94","6.03","5.89","5.91","-0.2300","5631"
"910861","神州-DR","52000","336820","6.60","6.60","6.42","6.56","-0.1100","21"
"9110","越南控-DR","30000","216000","7.20","7.20","7.20","7.20","-0.0500","5"
"911608","明輝-DR","88000","349170","3.92","4.12","3.90","3.97","0.0100","48"
"911622","泰聚亨-DR","39100","220619","5.65","5.71","5.60","5.69","-0.0200","22"
"911868","同方友友-DR","752000","1303040","1.74","1.78","1.70","1.70","-0.0600","177"
"912000","晨訊科-DR","1157614","4156733","3.63","3.64","3.53","3.55","-0.1300","291"
"9136","巨騰-DR","304000","2155730","7.19","7.20","7.03","7.03","-0.1900","144"
"9802","鈺齊-KY","814656","96503639","118.00","120.50","117.00","118.00","-1.0000","661"
"9902","台火","4643224","108957627","23.25","24.20","22.60","22.80","-1.4500","2678"
"9904","寶成","16752181","611331025","36.45","36.80","36.10","36.70","-0.3500","4930"
"9905","大華","157686","3676854","23.35","23.40","23.25","23.30","-0.1000","133"
"9906","欣巴巴","10586077","2274460850","218.00","227.00","206.00","208.00","-5.5000","9166"
"9907","統一實","1168753","17744571","15.30","15.30","15.10","15.15","-0.2500","927"
"9908","大台北","270187","8530828","31.75","31.75","31.55","31.60","-0.1000","347"
"9910","豐泰","945699","130474635","138.00","139.50","137.00","138.00","-3.0000","1026"
"9911","櫻花","710766","66251059","95.20","95.30","92.10","94.00","-1.2000","1340"
"9912","偉聯","55775","686594","12.45","12.65","12.10","12.25","-0.3000","110"
"9914","美利達","2470956","611086738","247.50","256.00","242.00","244.50","-7.5000","21917"
"9917","中保科","314314","41815731","133.50","134.50","131.00","134.50","1.0000","352"
"9918","欣天然","12603","513124","40.30","41.05","40.30","40.95","0.0500","39"
"9919","康那香","722697","14720488","20.70","20.70","20.15","20.25","-0.6500","429"
"9921","巨大","3118693","723403171","235.50","239.50","226.50","227.50","-13.5000","10533"
"9924","福興","305991","16981612","55.40","55.80","55.30","55.70","-0.4000","392"
"9925","新保","446815","18141957","40.65","40.65","40.55","40.60","-0.0500","305"
"9926","新海","15438","835146","53.80","55.00","53.30","55.00","0.4000","53"
"9927","泰銘","359840","27806319","76.10","77.90","76.10","77.40","0.5000","382"
"9928","中視","216132","4595515","21.50","22.30","21.00","21.35","-0.7500","169"
"9929","秋雨","368637","6681570","16.80","18.45","15.90","17.15","0.3500","109"
"9930","中聯資源","1220292","84629128","73.10","73.10","67.50","68.30","-4.8000","2940"
"9931","欣高","45100","1589998","35.25","35.30","35.10","35.15","-0.3000","33"
"9933","中鼎","3038484","160284906","52.80","53.80","51.70","51.70","-1.8000","3009"
"9934","成霖","2115321","40412902","19.30","19.40","18.90","19.00","-0.6000","1277"
"9935","慶豐富","1092063","31207417","28.80","29.10","28.20","28.20","-1.3000","776"
"9937","全國","57301","3749584","65.50","66.20","65.00","66.20","-0.2000","49"
"9938","百和","2314143","151270076","65.00","65.90","64.90","65.40","0.0000","1290"
"9939","宏全","1309561","214601018","161.00","167.00","159.50","162.00","-0.5000","1337"
"9940","信義","1603355","55922203","35.30","35.30","34.50","34.50","-1.3000","1658"
"9941","裕融","968054","147491919","152.50","153.50","151.00","152.00","-2.0000","1138"
"9941A","裕融甲特","22725","1165792","51.30","51.30","51.30","51.30","0.0000","7"
"9942","茂順","140333","18017538","127.00","129.50","127.00","127.50","-2.0000","224"
"9943","好樂迪","92215","7576832","82.00","82.40","81.60","82.40","-0.4000","145"
"9944","新麗","265826","6295945","23.50","23.85","23.50","23.65","-0.1500","233"
"9945","潤泰新","39926021","2012754127","51.70","52.30","49.10","49.40","-3.4000","33530"
"9946","三發地產","3438564","143422086","42.80","42.80","41.00","41.05","-1.7500","2075"
"9955","佳龍","11444343","429840260","37.80","38.70","36.60","38.50","1.8000","7043"
"9958","世紀鋼","5069860","1099944141","217.00","223.00","213.00","213.50","-7.0000","4461"
