證券代號,證券名稱,成交股數,成交金額,開盤價,最高價,最低價,收盤價,漲跌價差,成交筆數
"0050","元大台灣50","11887892","2243620224","187.95","189.75","187.80","189.75","1.8000","15551"
"0051","元大中型100","78861","6701877","84.65","85.25","84.65","85.00","0.3500","276"
"0052","富邦科技","1411518","264247194","187.90","188.15","186.40","188.05","0.4000","1626"
"0053","元大電子","36044","3700113","102.85","103.20","102.25","103.20","0.4000","126"
"0055","元大MSCI金融","230058","6331793","27.54","27.60","27.40","27.58","0.0400","349"
"0056","元大高股息","18677851","780859323","41.52","41.96","41.51","41.95","0.4300","14687"
"0057","富邦摩台","22899","3169296","138.30","138.70","138.30","138.65","0.0000","73"
"0061","元大寶滬深","172313","2951001","17.17","17.22","17.10","17.11","-0.0600","157"
"006203","元大MSCI台灣","5457","486139","89.15","89.20","89.15","89.20","0.8000","67"
"006204","永豐臺灣加權","3392","393332","116.25","116.45","116.25","116.45","1.0000","121"
"006205","富邦上証","393447","11555175","29.40","29.50","29.29","29.31","-0.0900","224"
"006206","元大上證50","68921","1933068","28.18","28.20","27.98","28.00","-0.0800","111"
"006207","復華滬深","95040","2111998","22.35","22.36","22.18","22.18","-0.1800","80"
"006208","富邦台50","7712982","852134905","110.25","110.95","110.00","110.85","0.6000","12250"
"00625K","富邦上証+R","","","","","","","0.0000",""
"00631L","元大台灣50正2","3238338","830023286","253.95","259.15","253.85","259.15","5.2000","3835"
"00632R","元大台灣50反1","158081331","532042581","3.39","3.39","3.35","3.35","-0.0300","7847"
"00633L","富邦上証正2","2663880","89858416","33.80","34.08","33.58","33.64","-0.1100","736"
"00634R","富邦上証反1","61000","283070","4.63","4.66","4.63","4.66","0.0200","8"
"00635U","期元大S&P黃金","309424","8531057","27.50","27.62","27.50","27.61","0.1300","149"
"00636","國泰中國A50","555804","11401174","20.47","20.61","20.45","20.48","0.0300","205"
"00636K","國泰中國A50+U","200","1270","6.35","6.35","6.35","6.35","0.0100","2"
"00637L","元大滬深300正2","34602670","468493908","13.58","13.68","13.48","13.48","-0.0700","4113"
"00638R","元大滬深300反1","105000","1021000","9.73","9.73","9.68","9.73","0.0000","20"
"00639","富邦深100","783174","8125947","10.44","10.46","10.34","10.36","-0.0800","245"
"00640L","富邦日本正2","674088","37798489","56.25","56.65","55.75","56.60","0.1500","793"
"00641R","富邦日本反1","668400","4348215","6.51","6.53","6.47","6.48","-0.0200","84"
"00642U","期元大S&P石油","4053919","73656398","18.17","18.19","18.14","18.15","-0.0400","517"
"00643","群益深証中小","778280","8968080","11.58","11.63","11.46","11.47","-0.1200","186"
"00643K","群益深証中小+R","","","","","","","0.0000",""
"00645","富邦日本","1189918","44696737","37.60","37.75","37.48","37.73","0.0900","1603"
"00646","元大S&P500","1178334","65336097","55.35","55.50","55.35","55.45","0.1500","898"
"00647L","元大S&P500正2","86322","7814178","90.45","90.70","90.35","90.70","0.4500","54"
"00648R","元大S&P500反1","1745642","9596549","5.50","5.50","5.48","5.50","-0.0100","95"
"00650L","復華香港正2","26216167","280611141","10.73","10.83","10.59","10.59","-0.0400","2235"
"00651R","復華香港反1","558000","4758734","8.55","8.60","8.52","8.60","0.0000","31"
"00652","富邦印度","328175","12574072","38.29","38.41","38.27","38.36","0.1100","306"
"00653L","富邦印度正2","274554","16729758","60.20","61.15","60.20","60.90","0.2000","111"
"00654R","富邦印度反1","151000","988680","6.54","6.56","6.53","6.53","-0.0300","23"
"00655L","國泰中國A50正2","2263177","52057085","23.11","23.26","22.90","22.93","-0.1300","324"
"00656R","國泰中國A50反1","24166","210779","8.72","8.73","8.70","8.73","0.0000","9"
"00657","國泰日經225","445431","20034955","45.04","45.32","44.92","45.28","0.1300","104"
"00657K","國泰日經225+U","200","2790","13.95","13.95","13.95","13.95","-0.0100","2"
"00660","元大歐洲50","4049","144257","35.70","35.79","35.70","35.79","0.0800","103"
"00661","元大日經225","864127","42557321","49.22","49.45","49.12","49.45","0.1000","200"
"00662","富邦NASDAQ","1492605","124520060","83.30","83.60","83.30","83.60","0.3500","1021"
"00663L","國泰臺灣加權正2","53031","12441111","234.50","237.00","234.50","237.00","4.5000","7"
"00664R","國泰臺灣加權反1","8996230","34440425","3.85","3.85","3.81","3.81","-0.0300","605"
"00665L","富邦恒生國企正2","55124034","396000961","7.15","7.27","7.11","7.14","0.0500","4199"
"00666R","富邦恒生國企反1","79000","1129000","14.30","14.35","14.21","14.33","-0.0600","18"
"00668","國泰美國道瓊","77866","3554844","45.69","45.69","45.60","45.68","-0.0400","93"
"00668K","國泰美國道瓊+U","200","2818","14.09","14.09","14.09","14.09","-0.0100","2"
"00669R","國泰美國道瓊反1","999995","7202141","7.21","7.21","7.20","7.21","0.0100","44"
"00670L","富邦NASDAQ正2","537211","70406752","130.55","131.65","130.55","131.45","1.3500","461"
"00671R","富邦NASDAQ反1","3197654","11852148","3.71","3.72","3.70","3.70","-0.0100","217"
"00673R","期元大S&P原油反1","12289527","88498327","7.20","7.21","7.19","7.20","0.0100","820"
"00674R","期元大S&P黃金反1","860195","9154747","10.68","10.68","10.61","10.61","-0.0800","67"
"00675L","富邦臺灣加權正2","2289685","234614802","101.65","103.60","101.60","103.60","2.0000","1953"
"00676R","富邦臺灣加權反1","10238950","21731613","2.14","2.14","2.11","2.11","-0.0300","467"
"00678","群益那斯達克生技","265870","7558781","28.40","28.49","28.40","28.49","0.0900","76"
"00680L","元大美債20正2","31671842","282931643","8.95","8.96","8.91","8.92","-0.0800","3519"
"00681R","元大美債20反1","35000","699580","20.00","20.02","19.96","20.02","0.0900","13"
"00682U","期元大美元指數","5108","108715","21.28","21.29","21.28","21.29","0.0000","3"
"00683L","期元大美元指正2","58200","1344506","23.10","23.12","23.10","23.11","0.0100","13"
"00684R","期元大美元指反1","","","","","","","0.0000",""
"00685L","群益臺灣加權正2","537344","49072282","90.40","92.30","90.40","92.30","1.9000","250"
"00686R","群益臺灣加權反1","2720500","6193637","2.29","2.29","2.27","2.27","-0.0100","51"
"00688L","國泰20年美債正2","14805579","131742672","8.90","8.92","8.88","8.89","-0.0600","1457"
"00689R","國泰20年美債反1","15000","309920","20.66","20.68","20.66","20.68","0.0400","2"
"00690","兆豐藍籌30","552506","19855078","35.90","36.10","35.86","36.10","0.2100","459"
"00692","富邦公司治理","3600270","160822513","44.58","44.90","44.44","44.87","0.2900","2430"
"00693U","期街口S&P黃豆","303247","7052035","23.29","23.29","23.23","23.24","-0.0100","128"
"00700","富邦恒生國企","995452","13119491","13.13","13.29","13.11","13.11","0.0500","232"
"00701","國泰股利精選30","1036450","29411745","28.28","28.45","28.27","28.41","0.1000","599"
"00702","國泰標普低波高息","106246","2469902","23.24","23.26","23.21","23.25","-0.0900","113"
"00703","台新MSCI中國","78501","1247658","15.90","15.97","15.75","15.76","-0.0100","78"
"00706L","期元大S&P日圓正2","6378716","38307497","6.01","6.02","6.00","6.01","-0.0200","863"
"00707R","期元大S&P日圓反1","5000","150600","30.12","30.12","30.12","30.12","0.0000","1"
"00708L","期元大S&P黃金正2","478110","16037596","33.44","33.71","33.42","33.71","0.3700","157"
"00709","富邦歐洲","27604","817112","29.60","29.60","29.59","29.60","-0.1300","15"
"00710B","復華彭博非投等債","502530","9732439","19.37","19.42","19.35","19.37","0.0000","173"
"00711B","復華彭博新興債","621207","10249381","16.55","16.59","16.46","16.47","0.0000","119"
"00712","復華富時不動產","33316651","319419906","9.58","9.61","9.56","9.61","0.0000","9140"
"00713","元大台灣高息低波","15293691","892515481","58.30","58.45","58.30","58.40","0.1000","11884"
"00714","群益道瓊美國地產","737581","14386046","19.54","19.54","19.49","19.51","0.0000","122"
"00715L","期街口布蘭特正2","9830195","165671377","16.86","16.89","16.81","16.84","-0.1100","1271"
"00717","富邦美國特別股","457953","7279014","15.88","15.91","15.88","15.89","0.0100","141"
"00728","第一金工業30","649152","21415438","32.88","33.08","32.88","33.06","0.1000","330"
"00730","富邦臺灣優質高息","434432","10102651","23.22","23.29","23.20","23.29","0.0700","244"
"00731","復華富時高息低波","1544071","121438262","78.00","79.20","77.80","79.20","1.2000","1158"
"00733","富邦臺灣中小","1888164","115144851","60.60","61.05","60.60","61.05","0.4500","1926"
"00735","國泰臺韓科技","137502","5396231","39.02","39.38","39.02","39.38","0.3600","117"
"00736","國泰新興市場","103390","2369339","22.94","22.94","22.92","22.94","0.0700","104"
"00737","國泰AI+Robo","137862","4191186","30.40","30.44","30.39","30.44","0.1100","111"
"00738U","期元大道瓊白銀","1488240","41073885","27.38","27.90","27.38","27.90","0.8800","416"
"00739","元大MSCI A股","70232","1458308","20.80","20.80","20.71","20.71","-0.1900","87"
"00752","中信中國50","2720463","51726057","18.93","19.13","18.92","18.93","0.0500","706"
"00753L","中信中國50正2","17026066","140859897","8.30","8.37","8.18","8.18","-0.0700","2237"
"00757","統一FANG+","5000837","442704436","88.50","88.95","88.40","88.95","0.4500","2620"
"00762","元大全球AI","307631","19787497","64.25","64.45","64.25","64.45","0.3000","386"
"00763U","期街口道瓊銅","431606","11912002","27.50","27.72","27.45","27.58","0.2100","169"
"00770","國泰北美科技","383893","18382885","47.82","48.00","47.77","48.00","0.2100","452"
"00771","元大US高息特別股","29891","521767","17.47","17.47","17.44","17.44","-0.0300","77"
"00775B","新光投等債15+","832055","28980486","34.85","34.85","34.82","34.82","-0.1100","113"
"00783","富邦中証500","69592","1231941","17.79","17.79","17.56","17.56","-0.2900","18"
"00830","國泰費城半導體","11044894","584723864","52.80","53.15","52.75","53.10","0.3500","2978"
"00850","元大臺灣ESG永續","1223824","56726576","46.18","46.70","46.15","46.70","0.5200","1554"
"00851","台新全球AI","140105","6641741","47.16","47.89","47.14","47.89","0.6900","127"
"00852L","國泰美國道瓊正2","81415","1919867","23.56","23.62","23.55","23.62","0.0100","42"
"00861","元大全球未來通訊","153402","6717399","44.00","44.00","43.70","43.93","0.1800","138"
"00865B","國泰US短期公債","109452","4971224","45.44","45.44","45.41","45.41","-0.0300","103"
"00875","國泰網路資安","76361","2414233","31.62","31.65","31.60","31.62","0.0300","109"
"00876","元大全球5G","134172","5694536","42.50","42.51","42.24","42.50","0.1700","204"
"00878","國泰永續高股息","39654994","949237573","23.83","24.00","23.83","23.98","0.1500","19104"
"00881","國泰台灣5G+","22246696","574667550","25.64","26.03","25.60","26.03","0.4100","7091"
"00882","中信中國高股息","16616486","199861536","12.00","12.08","11.99","12.00","0.0500","3455"
"00885","富邦越南","7670142","92471185","12.06","12.09","12.02","12.02","-0.0100","2006"
"00891","中信關鍵半導體","8922022","181696511","20.33","20.44","20.28","20.40","0.0900","3138"
"00892","富邦台灣半導體","4298490","77521227","17.93","18.10","17.93","18.06","0.1400","1276"
"00893","國泰智能電動車","2543472","56874333","22.28","22.42","22.28","22.40","0.1300","1144"
"00894","中信小資高價30","1395384","30677013","21.83","22.07","21.83","22.06","0.2500","360"
"00895","富邦未來車","4408753","126441220","28.63","28.80","28.62","28.74","0.1100","1601"
"00896","中信綠能及電動車","1998289","37209996","18.52","18.73","18.52","18.70","0.2000","730"
"00897","富邦基因免疫生技","533227","4222105","7.90","7.94","7.90","7.93","0.0300","197"
"00898","國泰基因免疫革命","684858","4818419","7.03","7.06","7.02","7.03","0.0000","209"
"00899","FT潔淨能源","246057","4260242","17.34","17.34","17.30","17.34","0.0000","171"
"00900","富邦特選高股息30","9688477","165856585","17.05","17.15","17.05","17.14","0.0900","2335"
"00901","永豐智能車供應鏈","952138","20538326","21.45","21.75","21.45","21.75","0.3000","249"
"00902","中信電池及儲能","2451159","23421816","9.64","9.64","9.53","9.54","-0.0800","1102"
"00903","富邦元宇宙","2450482","35300135","14.37","14.46","14.35","14.45","0.0800","481"
"00904","新光臺灣半導體30","1499745","29826657","19.83","19.96","19.80","19.93","0.1300","564"
"00905","FT臺灣Smart","3322691","47616074","14.32","14.41","14.26","14.40","0.1500","1158"
"00907","永豐優息存股","6750509","113785216","16.87","16.89","16.82","16.85","-0.0200","1585"
"00908","富邦入息REITs+","324538","3979353","12.29","12.29","12.25","12.25","-0.0400","71"
"00909","國泰數位支付服務","1416327","38893575","27.50","27.51","27.43","27.50","0.0800","571"
"00910","第一金太空衛星","103473","1869813","18.07","18.11","18.06","18.07","0.0000","16"
"00911","兆豐洲際半導體","576695","18429722","32.02","32.02","31.89","31.97","-0.0200","290"
"00912","中信臺灣智慧50","808070","15917563","19.66","19.81","19.65","19.81","0.1600","188"
"00913","兆豐台灣晶圓製造","328474","7573440","23.02","23.12","23.00","23.12","0.1400","78"
"00915","凱基優選高股息30","16948043","470185403","27.82","27.84","27.68","27.82","0.0000","8109"
"00916","國泰全球品牌50","416736","9298805","22.40","22.40","22.29","22.30","0.0000","503"
"00917","中信特選金融","430845","8396955","19.54","19.54","19.47","19.47","-0.0300","558"
"00918","大華優利高填息30","45768791","1176367166","25.55","25.82","25.54","25.82","0.2600","9348"
"00919","群益台灣精選高息","143055170","3870807950","27.01","27.09","27.01","27.08","0.1000","37079"
"00920","富邦ESG綠色電力","218619","3304157","15.10","15.13","15.10","15.12","0.0200","104"
"00921","兆豐龍頭等權重","3717235","72401143","19.43","19.54","19.42","19.53","0.1000","1067"
"00922","國泰台灣領袖50","5714270","126617859","22.14","22.27","22.06","22.27","0.1700","1732"
"00923","群益台ESG低碳50","6690943","155499875","23.18","23.34","23.12","23.33","0.1500","2887"
"00924","復華S&P500成長","1101486","25206569","22.87","22.90","22.87","22.89","0.0600","567"
"00925","新光標普電動車","394305","6174732","15.66","15.66","15.65","15.66","0.0000","20"
"00926","凱基全球菁英55","836104","18957308","22.61","22.70","22.61","22.70","0.0700","250"
"00927","群益半導體收益","5577620","119765445","21.38","21.58","21.34","21.58","0.2100","1997"
"00929","復華台灣科技優息","131408953","2809924774","21.36","21.42","21.32","21.39","0.0000","35593"
"00930","永豐ESG低碳高息","982045","21193415","21.59","21.64","21.50","21.62","0.1100","592"
"00932","兆豐永續高息等權","2725248","49674615","18.17","18.27","18.17","18.26","0.0900","815"
"00934","中信成長高股息","6909890","142253320","20.56","20.62","20.54","20.61","0.0700","1113"
"00935","野村臺灣新科技50","8562138","198516420","23.21","23.24","23.10","23.20","0.1000","2875"
"00936","台新永續高息中小","69210673","1302973041","18.85","18.89","18.80","18.81","-0.1400","25130"
"00939","統一台灣高息動能","53687162","808915529","15.02","15.09","15.02","15.07","0.0500","9003"
"00940","元大台灣價值高息","166669199","1726047548","10.31","10.39","10.30","10.38","0.0900","29756"
"00941","中信上游半導體","15500985","245186316","15.85","15.85","15.79","15.83","-0.0200","3567"
"00943","兆豐電子高息等權","1653228","25882783","15.59","15.73","15.58","15.73","0.1700","275"
"00944","野村趨勢動能高息","5013242","76669433","15.31","15.37","15.25","15.36","0.1000","1384"
"00945B","凱基美國非投等債","6878059","103797597","15.08","15.11","15.08","15.10","0.0200","379"
"00946","群益科技高息成長","42538304","463395624","10.92","10.92","10.87","10.89","-0.0100","9303"
"00947","台新臺灣IC設計","23126248","376287338","16.15","16.34","16.15","16.26","0.1200","4763"
"01001T","土銀富邦R1","20000","287260","14.34","14.37","14.34","14.35","-0.0200","5"
"01002T","土銀國泰R1","452011","7624958","17.12","17.12","16.85","16.86","0.0300","11"
"01004T","土銀富邦R2","22015","276886","12.58","12.58","12.57","12.57","0.0000","8"
"01007T","兆豐國泰R2","182000","3065610","16.80","16.88","16.80","16.81","-0.0700","5"
"01009T","王道圓滿R1","64000","502260","7.86","7.87","7.84","7.84","-0.0400","14"
"01010T","京城樂富R1","28000","280410","10.02","10.02","10.01","10.02","0.0000","9"
"020000","富邦特選蘋果N","","","","","","","0.0000",""
"020011","統一微波高息20N","","","","","","","0.0000",""
"020012","富邦行動通訊N","","","","","","","0.0000",""
"020015","統一MSCI美低波N","","","","","","","0.0000",""
"020016","統一MSCI美科技N","","","","","","","0.0000",""
"020018","統一價值成長30N","","","","","","","0.0000",""
"020019","統一特選台灣5GN","6000","121700","20.20","20.30","20.20","20.30","0.1200","2"
"02001L","富邦蘋果正二N","93000","2860970","30.50","31.25","30.50","31.24","0.8400","26"
"02001R","富邦蘋果反一N","9000","12760","1.42","1.42","1.41","1.41","-0.0200","5"
"02001S","策元大加權策略N","","","","","","","0.0000",""
"020020","元大台股領航N","56000","673360","12.02","12.13","11.98","12.13","0.1500","24"
"020028","元大特選電動車N","65000","626820","9.54","9.70","9.54","9.70","0.1600","22"
"020029","元大ESG高股息N","47000","446790","9.47","9.52","9.47","9.51","0.0400","18"
"020030","統一智慧電動車N","178000","1175640","6.58","6.63","6.57","6.63","0.0600","18"
"020031","統一IC設計臺灣N","89000","591980","6.69","6.69","6.60","6.61","-0.0300","13"
"020032","元大綠能N","10000","65800","6.58","6.58","6.58","6.58","0.0400","1"
"020034","元大IC設計N","64000","568470","8.91","8.93","8.84","8.84","0.0200","14"
"020036","元大金融配息N","","","","","","","0.0000",""
"020037","元大金融高股息N","16000","104650","6.55","6.55","6.54","6.54","-0.0300","2"
"020038","元大ESG配息N","223000","1831370","8.17","8.22","8.17","8.22","0.0500","26"
"020039","元大加權N","88000","617520","6.98","7.05","6.98","7.05","0.0700","32"
"1101","台泥","12859180","438336654","34.05","34.15","34.00","34.15","0.1000","6431"
"1101B","台泥乙特","8685","418654","48.20","48.30","48.15","48.15","-0.2000","22"
"1102","亞泥","18179973","796305609","43.15","44.30","42.85","44.30","1.1500","8610"
"1103","嘉泥","427707","7798196","18.30","18.35","18.15","18.35","0.2000","519"
"1104","環泥","903294","30873299","34.10","34.25","34.05","34.25","0.3000","610"
"1108","幸福","385322","6487102","16.85","16.90","16.80","16.80","0.0500","226"
"1109","信大","277553","5383430","19.55","19.55","19.35","19.45","0.0500","163"
"1110","東泥","289318","6189452","21.45","21.75","21.25","21.35","0.0000","208"
"1201","味全","491355","9218984","18.75","18.90","18.65","18.85","0.2500","455"
"1203","味王","123990","6420340","51.10","52.20","51.10","52.00","0.4000","108"
"1210","大成","1482861","84400432","57.20","57.20","56.80","57.00","0.0000","1153"
"1213","大飲","60338","438864","7.33","7.33","7.20","7.29","0.0700","28"
"1215","卜蜂","1842119","209527407","114.00","115.00","112.50","114.00","1.0000","1624"
"1216","統一","9219703","745332162","81.50","81.50","80.40","81.00","-1.1000","15921"
"1217","愛之味","1211001","14865941","12.30","12.35","12.25","12.25","0.0000","497"
"1218","泰山","906456","20133378","22.30","22.40","22.05","22.30","0.2000","597"
"1219","福壽","304338","5770396","19.00","19.00","18.90","18.95","0.0000","179"
"1220","台榮","323596","5015393","15.50","15.60","15.45","15.50","0.0500","137"
"1225","福懋油","192934","18331270","93.90","96.50","92.50","96.50","2.5000","241"
"1227","佳格","1334227","56551821","42.10","42.60","42.05","42.60","0.4500","1005"
"1229","聯華","1125934","75530251","67.00","67.50","66.70","67.50","0.5000","1145"
"1231","聯華食","148009","15916089","108.00","108.00","106.50","108.00","0.0000","320"
"1232","大統益","103114","15027413","146.00","146.00","145.50","146.00","0.5000","172"
"1233","天仁","16263","554608","34.05","34.15","34.05","34.10","0.0000","45"
"1234","黑松","306722","13805844","44.85","45.20","44.80","45.20","0.3000","293"
"1235","興泰","20192","1862459","92.40","92.50","91.80","92.50","1.0000","35"
"1236","宏亞","27690","679079","24.40","24.60","24.40","24.55","0.1500","185"
"1256","鮮活果汁-KY","26252","5203078","198.00","200.50","197.00","200.50","3.0000","130"
"1301","台塑","17748565","1071040688","60.20","60.60","60.00","60.50","0.5000","8108"
"1303","南亞","13603531","689966150","50.30","51.00","50.20","50.80","0.9000","7085"
"1304","台聚","1479391","22625122","15.20","15.35","15.15","15.35","0.2500","990"
"1305","華夏","1225752","20632049","16.70","16.95","16.70","16.85","0.2500","730"
"1307","三芳","360461","11264494","31.25","31.35","31.10","31.30","0.2500","332"
"1308","亞聚","1014144","17584384","17.25","17.45","17.15","17.45","0.3000","852"
"1309","台達化","6317087","102760054","15.45","16.70","15.45","16.70","1.5000","3396"
"1310","台苯","869472","11475785","13.15","13.25","13.10","13.20","0.1500","503"
"1312","國喬","3229070","45384903","13.90","14.15","13.90","14.15","0.3500","1159"
"1312A","國喬特","","","","","","","0.0000",""
"1313","聯成","1189842","14795599","12.30","12.50","12.30","12.45","0.1500","1006"
"1314","中石化","13609677","138203380","10.15","10.20","10.10","10.15","0.0500","2444"
"1315","達新","41545","2994074","72.00","72.40","71.70","72.30","0.0000","115"
"1316","上曜","4247372","81426979","19.30","19.45","19.05","19.15","-0.1000","1921"
"1319","東陽","6560884","770666925","117.50","120.00","116.00","117.50","0.0000","4577"
"1321","大洋","278017","10625147","38.25","38.80","38.10","38.25","0.0000","160"
"1323","永裕","29852","909709","30.45","30.55","30.40","30.50","-0.0500","62"
"1324","地球","102709","1400818","13.55","13.80","13.50","13.80","0.2500","121"
"1325","恆大","2830643","97935557","35.05","35.50","33.85","35.20","0.5000","1703"
"1326","台化","9332099","486415781","52.00","52.50","51.60","52.40","1.0000","4389"
"1337","再生-KY","1136473","8539557","7.37","7.57","7.37","7.51","0.1400","390"
"1338","廣華-KY","74890","2446935","32.70","32.75","32.65","32.70","0.0500","103"
"1339","昭輝","175506","11697447","66.70","67.30","66.40","66.40","-0.3000","198"
"1340","勝悅-KY","71228","711269","9.99","9.99","9.97","9.98","-0.0100","159"
"1341","富林-KY","7192","509176","70.60","71.10","70.50","71.10","0.2000","61"
"1342","八貫","288927","32857313","113.00","114.50","112.50","114.00","1.5000","344"
"1402","遠東新","4289344","154461235","35.80","36.20","35.55","36.20","0.4000","2660"
"1409","新纖","3541301","58434319","16.50","16.60","16.40","16.60","0.2000","1255"
"1410","南染","59423","2243378","37.65","38.20","37.50","37.90","0.0000","56"
"1413","宏洲","90228","999757","10.90","11.15","10.90","11.05","0.1500","60"
"1414","東和","421226","9263478","22.00","22.20","21.80","22.10","0.1000","373"
"1416","廣豐","710697","8692168","12.40","12.40","12.15","12.30","-0.1000","400"
"1417","嘉裕","256652","2899786","11.35","11.35","11.25","11.30","-0.0500","384"
"1418","東華","25901","768447","29.75","29.90","29.55","29.55","0.1500","37"
"1419","新紡","82257","4001013","48.65","48.90","48.30","48.80","0.3000","81"
"1423","利華","88998","3570461","40.25","40.30","39.95","40.25","0.3500","70"
"1432","大魯閣","87926","1552213","17.55","17.75","17.55","17.65","0.1000","260"
"1434","福懋","1014403","23067531","22.70","22.85","22.60","22.85","0.1500","741"
"1435","中福","5134","247348","48.80","48.80","47.65","47.65","-0.1500","18"
"1436","華友聯","219117","33168346","154.00","155.00","150.00","150.50","-3.0000","262"
"1437","勤益控","284754","11022494","39.05","39.05","38.50","38.75","-0.3000","221"
"1438","三地開發","110296","6521730","58.30","60.10","58.30","59.60","1.2000","83"
"1439","雋揚","65153","1922774","29.50","29.80","29.25","29.75","0.2500","56"
"1440","南紡","1619160","28360593","17.50","17.60","17.45","17.60","0.1000","660"
"1441","大東","34615","467079","13.50","13.55","13.40","13.55","0.0500","142"
"1442","名軒","1442320","89095369","62.00","62.30","61.50","61.70","-0.3000","1276"
"1443","立益物流","50537","1602676","31.50","31.90","31.50","31.75","0.2000","70"
"1444","力麗","1188129","11500976","9.72","9.74","9.66","9.67","-0.0200","716"
"1445","大宇","426949","8522366","20.10","20.10","19.85","20.00","0.1000","271"
"1446","宏和","605096","31300169","52.00","52.30","51.30","51.70","-0.2000","546"
"1447","力鵬","4558111","45809407","10.30","10.30","9.99","10.05","-0.2500","1542"
"1449","佳和","300398","5364289","17.80","18.00","17.80","17.80","-0.0500","193"
"1451","年興","139554","2915499","20.75","21.00","20.70","20.80","-0.1500","281"
"1452","宏益","62622","1068205","17.00","17.10","17.00","17.10","0.1000","51"
"1453","大將","2204521","59112467","27.65","27.85","26.30","26.70","-1.1500","1457"
"1454","台富","149133","2516836","16.90","17.00","16.80","16.90","0.1000","55"
"1455","集盛","1656472","23320048","14.20","14.25","14.00","14.05","0.0000","592"
"1456","怡華","102042","2058639","20.20","20.50","19.80","20.45","0.2000","77"
"1457","宜進","244838","5451323","22.20","22.35","22.15","22.35","0.1500","187"
"1459","聯發","170439","1845671","10.85","10.90","10.65","10.85","0.1000","124"
"1460","宏遠","570606","4550842","7.96","8.04","7.91","8.00","0.0400","314"
"1463","強盛","87888","1795606","20.40","20.50","20.40","20.40","-0.0500","80"
"1464","得力","257747","3698642","14.35","14.40","14.30","14.35","0.0500","218"
"1465","偉全","64023","965908","15.10","15.15","15.00","15.15","0.0500","84"
"1466","聚隆","104052","1302994","12.50","12.60","12.50","12.55","0.0500","58"
"1467","南緯","527829","5965068","11.35","11.40","11.20","11.30","0.0000","288"
"1468","昶和","46004","687210","14.95","15.05","14.75","15.05","0.1000","44"
"1470","大統新創","19000","399300","20.90","21.45","20.80","20.95","0.0500","15"
"1471","首利","804073","12736003","15.85","16.10","15.55","16.00","0.2000","457"
"1472","三洋實業","22530","1640483","73.00","73.50","72.40","73.30","0.5000","44"
"1473","台南","4976319","239930601","46.35","49.20","46.25","48.80","2.6500","2801"
"1474","弘裕","264484","3704686","14.00","14.15","13.95","14.10","0.1500","167"
"1475","業旺","311059","18620082","60.20","60.60","59.40","59.50","-1.1000","256"
"1476","儒鴻","504595","268201782","533.00","535.00","527.00","534.00","2.0000","2193"
"1477","聚陽","801321","310360994","391.00","395.00","383.50","387.00","-3.0000","944"
"1503","士電","44334859","13244133250","289.50","309.00","288.00","297.00","14.5000","45317"
"1504","東元","8945516","483902567","53.50","54.30","53.50","54.30","0.9000","5074"
"1506","正道","369412","6121951","16.55","16.65","16.50","16.50","0.0000","142"
"1512","瑞利","45360","393839","8.61","8.86","8.61","8.86","-0.1400","54"
"1513","中興電","26775634","5094160108","190.00","194.00","187.00","188.00","0.0000","20716"
"1514","亞力","53547806","8041771280","146.00","155.00","145.00","147.00","2.0000","39166"
"1515","力山","437381","19917002","45.15","45.75","45.15","45.70","0.5500","365"
"1516","川飛","285707","6643267","23.10","23.45","23.10","23.45","0.4000","215"
"1517","利奇","238000","3993437","16.65","16.90","16.65","16.80","0.2000","247"
"1519","華城","1009332","955142973","931.00","955.00","931.00","945.00","15.0000","2673"
"1521","大億","56263","2222433","39.15","39.70","39.15","39.70","0.3500","59"
"1522","堤維西","9380715","667752050","70.80","72.80","70.10","70.80","0.4000","8163"
"1522A","堤維西甲特","1000","46100","46.10","46.10","46.10","46.10","0.0000","1"
"1524","耿鼎","1967916","69384744","35.15","35.50","35.00","35.45","0.3000","1318"
"1525","江申","35405","2736359","76.80","77.50","76.70","77.40","0.6000","39"
"1526","日馳","66546","2132013","32.15","32.20","31.90","32.10","-0.0500","75"
"1527","鑽全","241887","10625605","44.00","44.10","43.75","43.90","-0.1000","205"
"1528","恩德","617558","8041923","13.10","13.10","13.00","13.00","-0.0500","478"
"1529","樂事綠能","6659814","227278724","32.80","34.50","32.80","34.10","1.3500","3797"
"1530","亞崴","94834","3054716","32.15","32.45","32.10","32.25","0.0500","189"
"1531","高林股","94438","1389796","14.85","14.90","14.60","14.65","-0.1500","233"
"1532","勤美","6950911","338821544","49.50","49.75","47.75","49.45","0.1000","4541"
"1533","車王電","117765","5404385","46.35","46.35","45.70","45.80","0.0000","90"
"1535","中宇","199765","13892697","69.10","70.00","69.10","70.00","0.6000","207"
"1536","和大","1244975","70174152","56.10","56.70","56.10","56.50","0.2000","860"
"1537","廣隆","78891","11492355","146.50","146.50","145.00","146.00","0.5000","129"
"1538","正峰","33250","533321","16.50","16.95","15.55","16.55","-0.5000","31"
"1539","巨庭","108583","2594575","24.20","24.20","23.70","23.80","-0.2000","84"
"1540","喬福","496462","10413385","20.95","21.15","20.85","20.95","0.0500","264"
"1541","錩泰","14100","446878","31.70","31.80","31.60","31.80","0.3000","13"
"1558","伸興","92663","9329915","100.50","101.00","100.50","100.50","0.0000","87"
"1560","中砂","8214080","2494004449","292.00","313.00","291.50","311.00","22.5000","7620"
"1563","巧新","1953685","145384438","73.50","75.30","73.50","74.90","1.1000","675"
"1568","倉佑","202349","5718103","28.40","28.40","28.15","28.15","-0.2500","182"
"1582","信錦","2476267","290800957","118.00","119.50","116.00","116.50","-0.5000","2158"
"1583","程泰","39471","2724977","69.20","69.40","68.70","69.40","0.2000","49"
"1587","吉茂","2171403","134614910","61.80","63.00","61.00","61.50","-0.2000","1705"
"1589","永冠-KY","476241","20906758","43.30","44.35","43.30","44.10","0.8000","462"
"1590","亞德客-KY","483957","504179280","1050.00","1050.00","1030.00","1045.00","5.0000","407"
"1597","直得","182670","12336777","67.00","67.90","67.00","67.80","0.8000","258"
"1598","岱宇","413486","12893042","30.80","31.50","30.80","31.50","0.8000","288"
"1603","華電","4261284","206729041","48.80","49.30","48.00","48.00","-0.3500","2561"
"1604","聲寶","316957","9121797","28.85","28.90","28.70","28.90","0.1500","301"
"1605","華新","19580529","705212874","36.05","36.50","35.80","36.05","0.0000","9645"
"1608","華榮","7420024","287751266","38.50","39.45","38.40","38.60","0.2000","4385"
"1609","大亞","21826367","1174821351","53.30","54.70","53.20","53.50","0.3000","12411"
"1611","中電","12013905","229846604","18.95","19.35","18.85","19.30","0.3500","4007"
"1612","宏泰","3390811","133557147","39.20","39.80","39.00","39.40","0.5000","2116"
"1614","三洋電","337945","15251531","45.45","45.45","44.90","45.35","0.1000","241"
"1615","大山","543466","38939130","71.70","72.00","71.00","71.70","0.7000","681"
"1616","億泰","5485843","142886962","26.00","26.65","25.50","25.55","-0.3500","3391"
"1617","榮星","2625832","66500292","25.20","26.00","25.00","25.05","-0.2500","1615"
"1618","合機","17228146","1040108459","60.30","61.70","59.10","59.70","-0.1000","11695"
"1626","艾美特-KY","170931","2736966","16.00","16.15","15.95","16.05","0.0000","400"
"1701","中化","513633","11543464","22.60","22.60","22.40","22.50","0.0000","275"
"1702","南僑","629498","36271283","57.90","57.90","57.40","57.70","-0.2000","691"
"1707","葡萄王","1036882","160630597","154.50","156.00","154.00","155.00","0.0000","1253"
"1708","東鹼","591220","19653595","33.15","33.45","33.05","33.20","0.1500","526"
"1709","和益","754654","15726692","20.75","20.90","20.70","20.90","0.2000","413"
"1710","東聯","1193350","20617480","17.25","17.40","17.15","17.35","0.1500","511"
"1711","永光","1349521","25508449","18.85","19.05","18.80","19.00","0.0000","981"
"1712","興農","1164488","50363288","42.95","43.60","42.70","43.55","0.6000","822"
"1713","國化","242511","13704393","56.20","57.50","55.90","57.20","1.4000","322"
"1714","和桐","2165263","21529383","9.96","10.00","9.92","9.95","0.0000","758"
"1717","長興","2404258","74266442","30.75","31.00","30.70","30.95","0.2000","948"
"1718","中纖","2222205","17592417","7.94","7.96","7.89","7.91","-0.0200","1088"
"1720","生達","1454449","105183631","71.20","73.00","71.20","72.90","1.9000","1105"
"1721","三晃","636619","9190786","14.30","14.55","14.25","14.50","0.2500","465"
"1722","台肥","2096530","135736557","65.00","65.00","64.40","64.60","0.1000","980"
"1723","中碳","1568309","172047812","109.00","110.50","108.50","110.50","1.5000","1003"
"1725","元禎","869676","41538867","47.80","48.95","47.15","47.90","-0.0500","714"
"1726","永記","27145","2220643","81.50","82.00","81.50","82.00","0.9000","32"
"1727","中華化","240888","7074236","29.65","29.65","29.25","29.40","0.0500","199"
"1730","花仙子","31155","1748743","56.20","56.20","56.10","56.20","0.0000","71"
"1731","美吾華","401717","10429002","25.95","26.10","25.85","25.85","0.0000","222"
"1732","毛寶","995182","30401901","30.85","31.00","30.20","30.75","-0.1000","638"
"1733","五鼎","395808","13071129","33.05","33.25","32.90","32.90","-0.1500","226"
"1734","杏輝","746978","28429815","38.10","38.20","37.95","38.05","0.0000","578"
"1735","日勝化","23513","424261","18.15","18.15","18.00","18.05","0.0000","36"
"1736","喬山","961748","82868215","85.40","87.50","85.30","85.80","0.3000","1348"
"1737","臺鹽","968004","32582460","33.75","33.95","33.60","33.65","-0.0500","592"
"1752","南光","236916","12464597","52.80","53.00","52.20","53.00","0.8000","195"
"1760","寶齡富錦","750649","74487918","98.80","100.00","98.30","98.30","0.8000","626"
"1762","中化生","228890","11299282","49.50","49.60","49.20","49.60","0.1000","248"
"1773","勝一","448593","71792716","161.50","161.50","158.50","160.50","1.5000","384"
"1776","展宇","16703","296054","17.60","17.80","17.60","17.75","0.0000","22"
"1783","和康生","288664","13261705","45.70","46.50","45.55","45.95","0.2500","237"
"1786","科妍","826995","106674068","127.50","130.50","127.50","128.50","2.5000","942"
"1789","神隆","712556","20279641","28.80","28.80","28.25","28.40","-0.1000","505"
"1795","美時","1788187","518318056","290.00","293.00","288.00","289.00","0.5000","4610"
"1802","台玻","16935593","337059568","19.90","20.20","19.65","19.75","-0.1500","5825"
"1805","寶徠","234664","4766696","20.50","20.50","20.10","20.40","0.2000","140"
"1806","冠軍","397661","4290662","10.75","10.85","10.75","10.80","0.1500","273"
"1808","潤隆","1492129","169465681","114.00","114.50","112.50","114.00","1.0000","1249"
"1809","中釉","1004256","24337489","24.30","24.50","24.00","24.25","0.0000","594"
"1810","和成","1325217","24729625","18.50","18.85","18.45","18.55","0.2000","647"
"1817","凱撒衛","168954","6717290","39.70","39.90","39.65","39.85","0.1500","85"
"1903","士紙","398015","24398320","61.40","61.90","60.70","61.60","0.4000","287"
"1904","正隆","834967","24263099","29.05","29.10","29.00","29.10","0.1000","740"
"1905","華紙","1345529","29404707","21.95","21.95","21.75","21.95","0.1500","750"
"1906","寶隆","66641","1057480","15.80","15.95","15.80","15.95","0.1500","122"
"1907","永豐餘","1129874","34254992","30.30","30.45","30.20","30.40","0.2000","758"
"1909","榮成","2098180","29173803","13.85","14.00","13.85","13.95","0.1000","914"
"2002","中鋼","27377487","648625123","23.60","23.75","23.60","23.70","0.2000","11600"
"2002A","中鋼特","36272","1585581","43.70","43.75","43.70","43.70","0.0000","30"
"2006","東和鋼鐵","1976877","137019454","68.90","69.60","68.50","69.60","0.7000","1806"
"2007","燁興","2698945","32906600","11.85","12.35","11.85","12.25","0.5500","1105"
"2008","高興昌","29603","735781","24.75","24.95","24.75","24.90","0.1500","46"
"2009","第一銅","2237175","112940979","49.65","50.90","49.65","50.50","0.8500","1729"
"2010","春源","670631","13622204","20.30","20.40","20.25","20.35","0.1000","359"
"2012","春雨","222972","5649900","25.10","25.50","25.10","25.45","0.4500","190"
"2013","中鋼構","195362","11475412","58.50","59.40","58.30","58.80","0.6000","164"
"2014","中鴻","5157130","114783149","22.10","22.40","22.10","22.30","0.3000","2009"
"2015","豐興","644238","48114061","73.70","75.10","73.30","75.10","1.0000","500"
"2017","官田鋼","749608","11038709","14.75","14.80","14.65","14.75","0.0000","387"
"2020","美亞","759229","27323934","36.20","36.20","35.85","36.05","0.1000","618"
"2022","聚亨","1189305","13572376","11.30","11.60","11.25","11.30","0.0500","545"
"2023","燁輝","7939126","125422792","15.30","16.20","15.30","15.85","0.6000","2987"
"2024","志聯","22211","480800","21.50","21.95","21.45","21.95","0.3000","49"
"2025","千興","6217495","79505255","12.00","13.25","12.00","13.05","0.9500","2112"
"2027","大成鋼","4261444","156683422","36.60","36.90","36.50","36.90","0.3500","2711"
"2028","威致","335892","8968363","26.35","26.95","26.35","26.80","0.3000","231"
"2029","盛餘","248178","6923728","27.90","28.00","27.80","27.95","0.1500","167"
"2030","彰源","430493","7764293","18.00","18.15","18.00","18.00","0.0000","257"
"2031","新光鋼","2753507","178929616","65.00","65.80","64.60","64.80","0.1000","1633"
"2032","新鋼","178574","3067848","17.20","17.30","17.10","17.20","0.0500","133"
"2033","佳大","133563","2079930","15.65","15.65","15.50","15.50","-0.1000","85"
"2034","允強","414566","10540852","25.40","25.50","25.35","25.40","0.1000","309"
"2038","海光","583685","11970174","20.30","20.65","20.30","20.55","0.2500","360"
"2049","上銀","1251330","260047155","205.50","209.50","205.00","209.50","4.5000","1528"
"2059","川湖","1042615","1241133195","1145.00","1210.00","1145.00","1210.00","65.0000","1969"
"2062","橋椿","318906","8939297","27.90","28.20","27.90","28.10","0.1500","163"
"2069","運錩","93914","1538445","16.40","16.45","16.30","16.35","0.1000","74"
"2101","南港","5660283","323006218","57.00","57.70","56.70","57.30","0.4000","2748"
"2102","泰豐","811297","16618498","20.45","20.60","20.40","20.55","0.1000","284"
"2103","台橡","1327007","31981285","24.00","24.25","24.00","24.15","0.2500","644"
"2104","國際中橡","959438","16719903","17.35","17.55","17.30","17.45","0.1000","520"
"2105","正新","5820382","289644761","49.80","50.20","49.45","49.75","0.1500","3367"
"2106","建大","1310707","44782620","33.85","34.50","33.60","34.45","0.6000","911"
"2107","厚生","452087","12187545","26.95","27.10","26.75","27.10","0.2000","359"
"2108","南帝","551643","19704875","35.85","36.00","35.40","36.00","0.1500","496"
"2109","華豐","500603","9409039","19.00","19.00","18.70","18.75","-0.0500","425"
"2114","鑫永銓","50019","5176417","104.00","104.00","103.00","103.50","0.5000","74"
"2115","六暉-KY","89046","2972949","33.30","33.50","33.25","33.40","0.1000","63"
"2201","裕隆","4937106","345152022","68.90","70.50","68.90","70.30","1.6000","3274"
"2204","中華","2252350","282987081","126.50","126.50","124.50","126.50","1.5000","1670"
"2206","三陽工業","6396314","511494945","81.00","81.10","79.30","80.40","0.0000","4988"
"2207","和泰車","563889","357570047","624.00","640.00","621.00","640.00","0.0000","954"
"2208","台船","2338721","40930732","17.45","17.65","17.40","17.50","0.1000","1341"
"2211","長榮鋼","4235756","618404478","147.50","150.00","145.00","145.00","-2.5000","2490"
"2227","裕日車","55074","7729286","139.50","141.50","138.50","141.50","2.0000","435"
"2228","劍麟","266640","30339201","112.50","114.50","112.50","113.50","1.0000","243"
"2231","為升","399045","49216404","122.00","125.00","122.00","123.00","1.0000","421"
"2233","宇隆","783532","109871149","138.50","142.50","138.00","139.50","2.0000","767"
"2236","百達-KY","670004","54456329","81.20","82.00","80.30","81.40","0.9000","628"
"2239","英利-KY","328921","17536193","53.90","54.30","53.00","53.30","-0.6000","212"
"2241","艾姆勒","1716172","76321448","44.40","45.50","43.80","44.25","0.6500","1195"
"2243","宏旭-KY","245000","4688800","19.00","19.40","19.00","19.10","0.1000","176"
"2247","汎德永業","469136","152260259","320.50","329.00","320.50","329.00","8.5000","544"
"2250","IKKA-KY","181188","18706778","102.00","104.00","102.00","103.50","1.5000","195"
"2254","巨鎧精密-創","230000","18874900","81.00","83.40","80.50","82.90","0.5000","54"
"2258","鴻華先進-創","1917005","92235394","47.70","48.70","47.50","48.70","1.0000","771"
"2301","光寶科","11807565","1254457226","106.00","107.50","105.50","106.00","0.0000","7492"
"2302","麗正","291404","5293145","18.05","18.35","18.00","18.35","0.3000","218"
"2303","聯電","58918558","3361477084","56.90","57.50","56.30","57.50","0.7000","24684"
"2305","全友","463310","10916051","23.45","23.80","23.25","23.55","0.1500","289"
"2308","台達電","16308464","5991943287","368.50","371.00","364.00","369.50","2.5000","13006"
"2312","金寶","15559432","285219396","18.30","18.45","18.15","18.35","0.2500","5489"
"2313","華通","49185062","3837636628","75.40","79.20","74.60","78.40","3.6000","27604"
"2314","台揚","1842984","61725511","33.00","34.00","32.85","33.55","0.5500","1072"
"2316","楠梓電","38544622","2215881993","55.00","59.40","53.70","59.40","5.4000","19832"
"2317","鴻海","180562091","38133209814","205.00","217.50","203.50","217.50","14.5000","104422"
"2321","東訊","4111","66653","16.20","16.30","16.20","16.20","0.0000","8"
"2323","中環","15353382","191908805","12.65","12.65","12.30","12.50","-0.1500","3938"
"2324","仁寶","29569099","1072198046","36.05","36.50","36.00","36.25","0.0500","9995"
"2327","國巨","1594192","1139418666","715.00","719.00","712.00","715.00","-2.0000","3803"
"2328","廣宇","8422623","338598970","39.30","40.65","39.30","40.30","1.0000","5206"
"2329","華泰","11449687","707640296","60.60","62.30","60.40","62.10","1.7000","6589"
"2330","台積電","52144900","50859632569","971.00","981.00","971.00","981.00","0.0000","107978"
"2331","精英","3853763","131149948","33.65","34.40","33.65","34.15","0.5500","2230"
"2332","友訊","1672409","30327046","18.15","18.25","18.05","18.10","-0.0500","834"
"2337","旺宏","9410748","256371404","27.10","27.50","27.00","27.15","0.1000","4441"
"2338","光罩","12037235","933761284","74.20","80.30","73.20","80.20","7.2000","7209"
"2340","台亞","3996983","168004581","41.45","42.35","41.30","42.10","0.6500","2529"
"2342","茂矽","698040","23621957","33.65","34.00","33.45","33.95","0.4000","538"
"2344","華邦電","61376042","1649491323","26.40","27.30","26.20","26.70","0.4000","20197"
"2345","智邦","1553948","858544559","552.00","558.00","548.00","553.00","1.0000","1716"
"2347","聯強","7010254","605353896","86.00","87.10","85.60","85.90","-0.6000","3488"
"2348","海悅","3252652","781907472","247.00","249.50","233.00","240.00","-8.5000","3673"
"2348A","海悅甲特","13067","439864","33.70","33.70","33.60","33.65","0.0500","11"
"2349","錸德","4011732","36875079","9.02","9.24","9.02","9.22","0.1900","1489"
"2351","順德","1783230","239260868","133.00","135.50","132.50","135.00","1.5000","1690"
"2352","佳世達","14386743","554552203","38.05","38.90","38.05","38.35","0.5000","7718"
"2353","宏碁","59736399","2866010211","48.50","48.80","47.50","47.95","0.0000","28555"
"2354","鴻準","60382314","4287887235","68.20","72.50","68.20","72.20","4.2000","35958"
"2355","敬鵬","13064448","633664299","47.50","49.15","47.40","48.10","1.3500","7274"
"2356","英業達","62600711","3564439703","56.90","57.70","56.10","57.20","1.0000","34695"
"2357","華碩","3407817","1743246089","505.00","516.00","504.00","512.00","10.0000","5204"
"2359","所羅門","14450731","2285809611","157.00","163.00","155.00","163.00","6.0000","12444"
"2360","致茂","1937708","601897917","315.00","320.00","307.50","310.00","-7.5000","3994"
"2362","藍天","1633164","88517750","53.80","54.70","53.60","54.60","1.0000","1251"
"2363","矽統","31751211","1912682210","59.80","61.20","59.20","60.00","0.8000","16885"
"2364","倫飛","60190","5095113","84.20","85.00","84.10","84.80","0.5000","106"
"2365","昆盈","54807330","2047429246","35.00","38.80","34.25","37.85","2.3000","28875"
"2367","燿華","23361239","848301296","35.55","36.75","35.55","36.20","0.7000","10668"
"2368","金像電","7385828","1430371673","191.00","195.50","191.00","195.50","6.0000","6912"
"2369","菱生","2582407","59424972","22.70","23.20","22.50","23.10","0.5500","1353"
"2371","大同","42636079","2520466814","58.80","59.90","58.40","58.60","0.7000","22240"
"2373","震旦行","96405","7252422","74.80","75.70","74.80","75.60","0.9000","154"
"2374","佳能","8809995","450154370","51.30","51.90","50.40","51.00","-0.1000","5494"
"2375","凱美","330922","23352259","70.10","71.00","70.00","70.50","0.5000","341"
"2376","技嘉","8999159","2833556736","317.00","320.00","312.00","314.50","-2.0000","17628"
"2377","微星","3872458","696666030","178.00","181.00","178.00","180.50","3.0000","3134"
"2379","瑞昱","3204505","1815198696","560.00","577.00","559.00","563.00","5.0000","3573"
"2380","虹光","304460","2156789","7.10","7.18","7.05","7.18","0.0300","211"
"2382","廣達","73255020","23833512611","319.00","331.50","318.00","330.00","14.0000","74752"
"2383","台光電","5232475","2403661133","445.00","465.00","445.00","462.50","18.0000","6304"
"2385","群光","6610904","1162957247","178.00","178.00","175.00","175.50","-1.0000","4561"
"2387","精元","498566","29870009","59.80","60.10","59.80","59.80","0.0000","403"
"2388","威盛","10302165","1326686224","127.00","131.50","126.50","128.00","0.0000","7104"
"2390","云辰","598225","8151656","13.65","13.70","13.55","13.60","0.0500","402"
"2392","正崴","16932047","1301672292","75.00","78.30","74.90","77.80","3.2000","11320"
"2393","億光","6045967","476711256","80.90","80.90","78.20","78.60","-1.9000","4811"
"2395","研華","1269859","474093012","370.50","377.00","366.00","375.00","5.0000","1549"
"2397","友通","360072","26978630","73.20","75.60","73.20","75.50","2.4000","284"
"2399","映泰","1611894","36475087","22.65","23.10","22.40","22.65","0.0000","1153"
"2401","凌陽","10866617","391577849","35.00","36.45","34.95","36.20","1.4500","6529"
"2402","毅嘉","4067533","144655555","35.00","35.80","34.85","35.75","1.0000","2203"
"2404","漢唐","1914763","703496743","370.50","374.50","363.00","365.50","-2.0000","2569"
"2405","輔信","3459915","70855745","20.60","20.65","20.35","20.45","0.0000","1734"
"2406","國碩","2918128","64419900","21.70","22.30","21.70","22.20","0.5500","1437"
"2408","南亞科","51964359","3813621618","71.10","75.40","71.00","72.70","2.0000","30471"
"2409","友達","29458840","537451711","18.25","18.40","18.15","18.15","-0.1000","7525"
"2412","中華電","10403078","1318004930","127.00","127.50","126.00","126.50","-1.0000","5021"
"2413","環科","136488","3275232","23.85","24.15","23.80","24.00","0.1000","94"
"2414","精技","134796","5122280","38.05","38.10","37.90","38.05","0.0000","134"
"2415","錩新","66100","1787787","26.95","27.20","26.90","27.10","0.1500","80"
"2417","圓剛","1617113","71392075","44.20","44.40","43.95","44.25","0.3000","1289"
"2419","仲琦","690838","21438181","31.05","31.25","30.80","31.15","0.1000","599"
"2420","新巨","1389452","96315914","68.60","70.20","68.60","69.30","1.6000","1131"
"2421","建準","2958632","332745359","111.50","113.00","111.00","113.00","1.0000","2239"
"2423","固緯","750570","31030171","41.40","42.00","40.95","41.60","0.0000","417"
"2424","隴華","240","7151","","","","","0.0000","3"
"2425","承啟","436948","16818093","38.35","38.70","38.25","38.40","0.3500","338"
"2426","鼎元","4235245","83503716","19.10","19.95","18.95","19.60","0.6500","2256"
"2427","三商電","1821048","53637626","29.35","29.75","29.25","29.60","0.3500","1164"
"2428","興勤","802346","148166328","184.00","186.00","183.00","185.50","2.0000","4480"
"2429","銘旺科","837402","21479355","24.50","27.40","23.80","27.00","2.0000","557"
"2430","燦坤","103866","3699095","35.70","35.80","35.55","35.60","0.0000","198"
"2431","聯昌","244970","3007932","12.30","12.35","12.20","12.25","0.0500","159"
"2432","倚天酷碁-創","19010","728184","38.30","38.35","38.20","38.35","0.1500","11"
"2433","互盛電","74462","3989275","53.50","53.80","53.50","53.50","0.2000","61"
"2434","統懋","37199","1261248","33.70","34.10","33.70","34.00","0.5000","44"
"2436","偉詮電","1908315","123577134","63.70","65.30","63.70","64.80","1.4000","1289"
"2438","翔耀","2733520","122979748","45.00","46.75","43.00","46.75","4.2500","1596"
"2439","美律","2174889","275189168","127.00","127.50","125.50","127.50","1.0000","1564"
"2440","太空梭","2634545","46566165","16.50","18.15","16.50","18.00","1.4000","1331"
"2441","超豐","1330655","84327759","62.70","63.70","62.50","63.70","1.5000","1156"
"2442","新美齊","1560206","48301224","31.40","31.40","30.70","31.15","-0.0500","924"
"2444","兆勁","673191","9119289","13.75","13.75","13.45","13.50","0.0000","298"
"2449","京元電子","47500966","5316141831","110.50","115.00","109.00","112.00","3.0000","28979"
"2450","神腦","744981","28445151","38.15","38.50","38.00","38.35","0.0000","421"
"2451","創見","2763381","367062195","133.00","135.50","130.50","131.00","-0.5000","2123"
"2453","凌群","813440","51108522","62.30","63.30","62.30","62.80","0.8000","826"
"2454","聯發科","7215413","10698314079","1485.00","1500.00","1460.00","1500.00","15.0000","11650"
"2455","全新","4404793","726930433","166.50","167.50","163.00","164.00","0.0000","3575"
"2457","飛宏","1992576","99692168","50.10","50.40","49.80","50.10","0.0000","1571"
"2458","義隆","2380077","390407484","161.50","166.00","161.00","164.50","3.5000","2183"
"2459","敦吉","108566","8149694","74.60","75.50","74.30","75.50","0.9000","241"
"2460","建通","914103","30208523","33.30","33.55","32.90","32.90","-0.0500","554"
"2461","光群雷","400463","9924493","24.80","24.90","24.70","24.80","0.1000","316"
"2462","良得電","331804","11802880","35.50","35.75","35.35","35.60","0.0500","209"
"2464","盟立","7079118","451598515","63.30","64.60","62.80","64.60","1.1000","4169"
"2465","麗臺","1925419","243933034","128.00","129.00","126.00","126.00","-2.0000","1939"
"2466","冠西電","40002","1504222","37.80","37.85","37.10","37.50","0.2000","39"
"2467","志聖","6285714","880287886","132.50","143.50","132.50","141.00","7.0000","5412"
"2468","華經","327465","8831853","26.80","27.20","26.70","27.10","0.4000","227"
"2471","資通","243885","14106805","57.50","58.20","57.40","57.90","0.4000","282"
"2472","立隆電","733844","58170510","79.10","79.70","78.90","79.20","0.6000","555"
"2474","可成","1953725","451526312","230.50","232.50","229.50","232.50","2.0000","1483"
"2476","鉅祥","3249914","357262125","111.00","112.00","108.50","110.00","0.5000","3292"
"2477","美隆電","61983","1358827","21.90","22.00","21.80","21.85","-0.0500","66"
"2478","大毅","339280","18232959","53.70","54.20","53.20","53.90","0.4000","286"
"2480","敦陽科","1064290","128817168","120.50","122.00","120.00","121.50","0.0000","1040"
"2481","強茂","1780307","104846508","58.10","59.30","58.10","59.00","0.9000","1194"
"2482","連宇","1321881","51603793","38.30","39.50","38.30","39.45","1.3000","1030"
"2483","百容","213084","5403363","25.30","25.50","25.10","25.50","0.2500","123"
"2484","希華","262691","8386306","31.85","32.05","31.80","31.95","0.2000","188"
"2485","兆赫","925372","19157330","20.60","20.85","20.50","20.70","0.0500","662"
"2486","一詮","6328755","740639430","116.50","119.00","115.00","119.00","0.5000","3770"
"2488","漢平","152728","7291799","47.70","48.00","47.65","47.70","0.0500","149"
"2489","瑞軒","7612354","145593398","19.05","19.30","19.00","19.20","0.1000","3492"
"2491","吉祥全","140262","2095891","14.90","15.25","14.70","15.15","0.2500","119"
"2492","華新科","1921570","226311532","118.00","118.50","117.00","118.00","1.0000","1732"
"2493","揚博","290277","27529570","94.20","95.40","94.00","94.80","1.2000","313"
"2495","普安","2822947","80258239","27.75","28.80","27.75","28.70","0.9500","1634"
"2496","卓越","48346","3574725","74.60","74.60","73.50","73.60","-1.0000","62"
"2497","怡利電","862518","51217248","58.70","59.90","58.30","59.90","1.6000","566"
"2498","宏達電","25456899","1211204227","45.65","48.75","45.65","48.05","2.6500","15116"
"2501","國建","7137612","233012159","32.70","33.05","32.30","32.90","0.2000","4006"
"2504","國產","6188047","301303860","48.60","49.05","48.30","48.35","-0.2500","3441"
"2505","國揚","771280","20842145","27.20","27.45","26.80","27.10","-0.1000","573"
"2506","太設","1311987","15479817","11.85","11.95","11.75","11.75","-0.1000","630"
"2509","全坤建","637229","15172760","23.80","24.10","23.65","23.90","0.0000","484"
"2511","太子","2017242","24715404","12.30","12.35","12.20","12.30","0.0500","770"
"2514","龍邦","1235023","30034978","24.70","24.70","24.10","24.30","-0.1500","637"
"2515","中工","15357291","238118402","15.50","15.65","15.40","15.50","0.0000","4495"
"2516","新建","1363726","16462014","12.25","12.25","11.95","12.15","0.0000","445"
"2520","冠德","4480005","260576665","58.30","58.80","57.50","58.50","0.0000","3342"
"2524","京城","1047390","57534920","56.20","56.80","53.50","55.20","-0.4000","893"
"2527","宏璟","1120907","51449237","46.05","46.50","45.35","46.10","-0.1000","924"
"2528","皇普","671956","31436169","47.15","47.20","46.55","46.70","-0.3500","386"
"2530","華建","1136336","54690236","48.55","48.85","47.85","48.50","-0.3000","748"
"2534","宏盛","856909","22706539","26.50","26.75","26.40","26.50","0.0500","447"
"2535","達欣工","315718","17791694","56.60","56.60","56.20","56.50","0.0000","536"
"2536","宏普","659706","22850623","34.90","35.30","34.40","34.55","-0.4000","413"
"2537","聯上發","10588836","231135596","22.20","22.60","21.50","21.75","-0.4500","4454"
"2538","基泰","1355757","24867937","18.50","18.60","18.25","18.25","-0.2500","580"
"2539","櫻花建","1004307","75638111","75.70","76.10","74.40","75.50","-0.2000","774"
"2540","愛山林","3260957","608646985","191.50","192.50","181.50","187.00","-4.0000","2895"
"2542","興富發","10449080","545144516","51.70","52.70","51.50","52.50","0.8000","7003"
"2543","皇昌","1227298","58074107","47.00","47.65","46.95","47.30","0.2000","843"
"2545","皇翔","843210","47789054","56.80","57.40","56.20","56.70","-0.1000","673"
"2546","根基","252055","23764986","94.50","95.10","93.80","94.80","0.3000","604"
"2547","日勝生","3040115","34065645","11.15","11.30","11.10","11.25","0.1500","864"
"2548","華固","5341378","1016126575","187.00","192.00","187.00","189.50","2.5000","4479"
"2597","潤弘","567505","106786766","191.50","192.50","186.50","188.00","-2.0000","810"
"2601","益航","1993521","16000440","8.02","8.08","7.98","8.08","0.0700","844"
"2603","長榮","19330687","3947538919","203.00","205.50","202.00","204.50","4.0000","14527"
"2605","新興","4771712","143754690","29.85","30.35","29.85","30.35","0.5000","2581"
"2606","裕民","3708112","208799560","56.00","56.70","55.80","56.40","0.8000","2165"
"2607","榮運","9575728","309713894","32.20","32.70","32.10","32.50","0.5000","3777"
"2608","嘉里大榮","1076140","44252554","41.40","41.55","40.90","41.00","-0.4000","906"
"2609","陽明","61244105","4682243083","75.80","77.00","75.80","76.70","1.7000","34548"
"2610","華航","31584875","743088838","23.80","23.85","23.40","23.50","-0.1500","10711"
"2611","志信","6283333","218243393","34.05","35.20","34.00","34.65","0.5000","3554"
"2612","中航","236738","11149981","47.15","47.30","46.70","47.15","0.4000","196"
"2613","中櫃","4702175","206522829","44.10","44.85","43.50","43.50","-0.5000","3860"
"2614","東森","699473","13695236","19.50","19.65","19.50","19.60","0.0500","529"
"2615","萬海","59232511","5466523453","91.90","94.20","91.10","92.10","2.1000","37182"
"2616","山隆","438115","10689893","24.50","24.50","24.20","24.40","-0.1000","699"
"2617","台航","1368484","50223900","36.75","36.90","36.55","36.80","0.3000","698"
"2618","長榮航","67872879","2554721999","37.95","38.05","37.40","37.65","-0.2500","26742"
"2630","亞航","2864942","114484829","39.00","40.90","39.00","39.55","0.9500","1842"
"2633","台灣高鐵","3543554","105906029","29.85","30.00","29.80","29.95","0.1000","1440"
"2634","漢翔","12087899","644708152","53.20","54.40","52.60","52.70","0.6000","7451"
"2636","台驊投控","1084559","109697165","101.00","102.00","100.00","101.50","1.5000","863"
"2637","慧洋-KY","1984692","138896541","69.70","70.30","69.40","70.20","1.0000","1353"
"2642","宅配通","117723","4405231","37.40","37.50","37.30","37.45","0.0500","387"
"2645","長榮航太","853085","96255394","113.00","114.00","112.00","112.50","0.5000","852"
"2701","萬企","210525","2778960","13.20","13.25","13.10","13.25","0.0500","122"
"2702","華園","75463","1449691","19.20","19.30","19.15","19.15","-0.0500","195"
"2704","國賓","1775156","133584232","73.80","76.40","73.80","75.80","2.0000","1376"
"2705","六福","554221","11206589","20.05","20.40","20.00","20.30","0.2500","376"
"2706","第一店","361936","5686809","15.70","15.80","15.65","15.70","0.0000","375"
"2707","晶華","1979165","422109410","214.00","216.00","212.00","213.00","0.0000","1729"
"2712","遠雄來","17501","533197","30.50","30.80","30.20","30.80","0.6000","20"
"2722","夏都","117931","6893971","58.30","58.80","58.20","58.50","0.1000","148"
"2723","美食-KY","393542","34560008","88.10","88.20","87.30","87.90","0.2000","404"
"2727","王品","665853","160035498","240.50","242.00","239.00","239.50","0.5000","870"
"2731","雄獅","1445308","223960791","156.00","156.50","153.50","155.50","1.0000","1420"
"2739","寒舍","646925","41194482","64.30","64.50","63.10","63.80","0.3000","492"
"2748","雲品","166595","11723276","70.30","70.60","70.10","70.30","0.2000","313"
"2753","八方雲集","312670","51013822","162.00","164.50","162.00","163.00","0.0000","641"
"2762","世界健身-KY","170882","15768270","93.00","93.00","91.80","92.50","-0.8000","366"
"2801","彰銀","18886085","344283285","18.30","18.30","18.20","18.20","0.0000","4113"
"2809","京城銀","9272104","615346029","66.80","67.90","65.00","67.40","0.4000","11722"
"2812","台中銀","5622870","104350336","18.65","18.65","18.50","18.50","-0.1500","2387"
"2816","旺旺保","714388","25053405","35.50","35.50","34.65","35.00","-0.0500","807"
"2820","華票","1207945","18852573","15.65","15.65","15.50","15.60","-0.0500","492"
"2832","台產","248740","6752321","27.15","27.20","27.10","27.15","0.0000","194"
"2834","臺企銀","19828353","354367364","17.90","17.95","17.80","17.90","0.1000","5403"
"2836","高雄銀","1769466","21030025","11.90","11.90","11.85","11.90","0.0500","703"
"2836A","高雄銀甲特","41165","869408","21.50","21.55","21.00","21.10","-0.4000","16"
"2838","聯邦銀","2142468","34247068","16.05","16.05","15.85","16.05","0.0500","756"
"2838A","聯邦銀甲特","54265","2897251","53.40","53.60","53.30","53.60","0.1000","39"
"2845","遠東銀","6695814","107579114","16.00","16.15","15.95","16.15","0.2000","2300"
"2849","安泰銀","340798","4958723","14.40","14.75","14.35","14.75","0.3000","220"
"2850","新產","2002252","190897532","95.90","96.10","94.10","96.10","0.6000","1752"
"2851","中再保","2091604","55139745","26.45","26.50","26.25","26.40","-0.0500","809"
"2852","第一保","481831","11983661","24.80","24.95","24.75","24.90","0.1000","205"
"2855","統一證","10897912","320468125","29.60","29.80","29.10","29.40","-0.2000","4946"
"2867","三商壽","33470221","240798974","7.31","7.33","7.13","7.20","-0.1100","7013"
"2880","華南金","42674011","1120573277","26.30","26.40","26.05","26.35","0.0500","7657"
"2881","富邦金","15805348","1226167567","78.00","78.00","77.00","78.00","0.2000","10689"
"2881A","富邦特","53492","3351098","62.70","62.70","62.60","62.70","0.0000","32"
"2881B","富邦金乙特","5427","322934","59.50","59.60","59.50","59.50","-0.1000","24"
"2881C","富邦金丙特","72826","3904142","53.70","53.70","53.60","53.70","-0.1000","117"
"2882","國泰金","43516742","2596577840","59.00","60.20","58.80","60.10","1.1000","16192"
"2882A","國泰特","39062","2408405","61.60","61.70","61.50","61.50","-0.1000","32"
"2882B","國泰金乙特","154180","9074981","59.10","59.20","58.80","59.20","0.2000","35"
"2883","開發金","42137422","653819849","15.50","15.60","15.40","15.55","0.0500","8642"
"2883B","開發金乙特","3286154","25117226","7.63","7.66","7.63","7.64","0.0000","335"
"2884","玉山金","21046092","608262089","29.00","29.05","28.75","29.00","0.0500","9908"
"2885","元大金","40927589","1398175490","33.90","34.35","33.85","34.35","0.6000","12013"
"2886","兆豐金","18097367","722123979","40.00","40.05","39.70","40.00","0.0500","8362"
"2887","台新金","19161226","357270503","18.70","18.75","18.60","18.60","-0.0500","5410"
"2887E","台新戊特","153785","8088431","52.60","52.80","52.50","52.50","0.0000","37"
"2887F","台新戊特二","68351","3266035","47.75","47.85","47.75","47.80","0.0500","33"
"2887Z1","台新己特","5257","87987","16.85","16.85","16.70","16.70","0.0000","33"
"2888","新光金","72388731","701215771","9.79","9.79","9.64","9.65","-0.0600","10949"
"2888A","新光金甲特","30394","909810","30.00","30.00","29.90","29.90","-0.1000","23"
"2888B","新光金乙特","63537","1909177","30.10","30.10","30.00","30.00","-0.1000","30"
"2889","國票金","6139080","96058412","15.60","15.70","15.60","15.70","0.1000","1893"
"2890","永豐金","15354061","383642171","24.90","25.15","24.65","25.15","0.3500","5523"
"2891","中信金","30568839","1160316700","37.90","38.10","37.80","38.00","0.1000","10982"
"2891B","中信金乙特","7374","443014","60.00","60.20","60.00","60.10","-0.1000","37"
"2891C","中信金丙特","1604","93499","58.30","58.30","58.30","58.30","-0.5000","32"
"2892","第一金","12826996","359835398","28.20","28.20","27.95","28.10","0.0000","4237"
"2897","王道銀行","6202964","65395450","10.50","10.60","10.50","10.55","0.0500","876"
"2897A","王道銀甲特","91094","955381","10.50","10.55","10.45","10.55","0.0500","23"
"2901","欣欣","44204","1219474","27.60","27.90","27.50","27.90","0.3000","217"
"2903","遠百","4432411","149006688","33.60","33.95","33.15","33.60","0.0500","2865"
"2904","匯僑","38045","728984","19.15","19.30","19.10","19.25","-0.0500","41"
"2905","三商","1350786","22267624","16.60","16.60","16.35","16.50","0.0000","591"
"2906","高林","519147","10837652","20.95","21.00","20.75","20.85","0.0500","231"
"2908","特力","298908","6181371","20.50","20.80","20.45","20.75","0.2500","129"
"2910","統領","35528","969561","27.10","27.70","27.10","27.40","0.3500","29"
"2911","麗嬰房","167561","1153319","6.93","6.93","6.85","6.87","-0.0300","315"
"2912","統一超","1395357","385713523","275.00","278.00","274.00","278.00","4.0000","1721"
"2913","農林","3470554","76393960","21.90","22.25","21.80","22.05","0.2000","1169"
"2915","潤泰全","2198498","149658751","68.00","68.40","67.70","68.30","0.5000","1753"
"2923","鼎固-KY","316823","10067029","30.45","32.75","30.05","32.75","2.2500","351"
"2929","淘帝-KY","221783","2113870","9.55","9.58","9.45","9.50","0.0900","159"
"2939","凱羿-KY","28002","687000","24.75","24.90","24.15","24.90","0.0000","30"
"2945","三商家購","19413","853942","43.85","44.20","43.70","44.15","0.1000","24"
"3002","歐格","276882","4397628","15.60","16.20","15.60","15.75","0.3000","183"
"3003","健和興","262503","20198560","76.60","77.30","76.60","76.90","0.3000","644"
"3004","豐達科","159807","16457492","102.00","104.00","102.00","103.00","2.0000","185"
"3005","神基","6371044","749723242","118.00","119.00","116.50","118.00","1.5000","4384"
"3006","晶豪科","33813298","3498857201","97.00","105.50","96.90","105.00","8.9000","19490"
"3008","大立光","481862","1274069835","2655.00","2665.00","2630.00","2650.00","15.0000","2286"
"3010","華立","1272943","168230459","133.50","134.00","131.50","133.00","0.5000","1125"
"3011","今皓","1301829","40400986","30.50","31.40","30.50","30.95","0.8500","587"
"3013","晟銘電","9650985","859393578","88.00","90.50","87.50","90.50","2.5000","6578"
"3014","聯陽","801027","141080108","175.00","177.50","174.50","176.50","1.5000","837"
"3015","全漢","959875","60772840","63.10","63.90","63.00","63.20","0.0000","837"
"3016","嘉晶","2210546","151081995","67.00","69.50","66.90","68.00","1.2000","1992"
"3017","奇鋐","14033095","10287198954","707.00","745.00","707.00","740.00","36.0000","16834"
"3018","隆銘綠能","25342","384963","15.10","15.20","15.10","15.20","0.0500","83"
"3019","亞光","2060832","143191453","70.90","70.90","68.60","69.30","0.0000","1565"
"3021","鴻名","132571","3172906","23.85","24.10","23.75","24.05","0.0500","101"
"3022","威強電","542327","44861333","82.10","83.10","82.00","83.00","1.2000","490"
"3023","信邦","465629","134714218","293.00","293.00","288.00","289.00","-2.5000","5394"
"3024","憶聲","1465261","30198669","20.70","20.80","20.50","20.55","-0.1500","614"
"3025","星通","1000221","69512961","69.90","70.20","68.60","69.80","0.2000","1025"
"3026","禾伸堂","379304","37421263","98.80","98.80","98.10","98.70","-0.1000","338"
"3027","盛達","633150","24962003","39.50","39.75","39.20","39.35","-0.1500","465"
"3028","增你強","525405","18820826","35.80","35.95","35.75","35.80","0.0000","340"
"3029","零壹","1943164","164933666","84.10","85.50","84.10","85.00","1.6000","1884"
"3030","德律","3648034","592855427","164.50","165.50","159.00","163.50","0.0000","3247"
"3031","佰鴻","760998","16343636","21.80","21.80","21.20","21.65","0.1500","350"
"3032","偉訓","583671","42420668","72.00","72.90","72.00","72.60","0.7000","507"
"3033","威健","5069355","196152471","39.00","39.30","38.45","38.45","-0.1500","4049"
"3034","聯詠","6292304","3888883975","626.00","627.00","615.00","619.00","-10.0000","9677"
"3035","智原","18815514","6329943151","330.50","341.00","330.50","335.00","9.0000","18409"
"3036","文曄","2451972","285573680","115.50","117.00","115.50","117.00","2.0000","2376"
"3036A","文曄甲特","30670","1452063","47.35","47.35","47.30","47.35","0.0000","21"
"3037","欣興","5901220","1126298912","190.50","193.00","188.50","190.50","1.5000","10345"
"3038","全台","414718","13290477","31.85","32.25","31.85","32.10","0.3000","284"
"3040","遠見","195763","7271987","36.95","37.95","36.65","36.65","-0.2500","195"
"3041","揚智","2326426","53721736","23.20","23.55","22.85","23.15","-0.2500","1432"
"3042","晶技","10652892","1174439565","109.50","113.00","107.00","113.00","0.0000","6975"
"3043","科風","73414","2308711","31.65","31.75","31.30","31.35","-0.1500","84"
"3044","健鼎","7505552","1666780223","219.00","225.00","218.50","222.00","8.0000","6003"
"3045","台灣大","8531315","907093594","106.50","107.00","105.50","106.50","0.0000","3035"
"3046","建碁","350008","22479300","63.40","64.80","63.00","64.50","1.1000","365"
"3047","訊舟","14176394","359442161","24.75","25.90","24.70","25.30","0.8000","6775"
"3048","益登","27665289","1123984345","40.55","41.80","39.20","41.80","1.8000","16568"
"3049","精金","1025592","8666573","8.42","8.49","8.42","8.46","0.0200","544"
"3050","鈺德","283338","5978243","21.00","21.25","21.00","21.10","0.1500","203"
"3051","力特","631062","20414147","32.10","32.60","32.10","32.25","0.2000","429"
"3052","夆典","648312","8562067","13.20","13.25","13.15","13.20","0.0000","307"
"3054","立萬利","10449","211684","20.15","20.25","20.15","20.25","0.1000","14"
"3055","蔚華科","10930222","1037686285","92.40","97.10","91.90","94.80","3.1000","8395"
"3056","富華新","1113752","38429243","34.65","34.85","34.40","34.50","-0.1500","960"
"3057","喬鼎","357790","5186857","14.25","14.60","14.10","14.45","0.2000","274"
"3058","立德","2356507","50853303","21.50","21.90","21.20","21.20","-0.2000","1120"
"3059","華晶科","3497876","136908499","39.00","39.45","38.95","39.20","0.1000","2333"
"3060","銘異","4904390","164902226","33.30","34.25","33.05","33.30","0.3500","3249"
"3062","建漢","57134725","1727476275","28.25","31.00","27.70","31.00","2.8000","19014"
"3090","日電貿","733312","49776887","68.00","68.20","67.60","68.00","0.0000","652"
"3092","鴻碩","130878","4111181","31.10","31.60","31.10","31.45","-0.0500","135"
"3094","聯傑","205322","6401302","31.20","31.40","31.00","31.20","0.3000","173"
"3130","一零四","18052","4248889","235.00","237.00","234.50","237.00","1.0000","541"
"3138","耀登","93785","12103317","129.50","130.00","128.00","129.00","0.0000","126"
"3149","正達","1519387","41329252","26.75","27.60","26.75","27.30","0.7500","1008"
"3164","景岳","59527","1424549","23.95","24.05","23.85","24.00","0.0500","113"
"3167","大量","167923","9612736","56.80","57.80","56.50","57.40","0.8000","155"
"3168","眾福科","333311","21841920","66.00","67.20","63.90","66.30","-1.1000","321"
"3189","景碩","4968685","469203174","93.30","95.80","92.60","94.20","1.9000","3315"
"3209","全科","477245","17349787","36.25","36.50","36.20","36.40","0.1500","469"
"3229","晟鈦","586989","16237570","28.20","28.35","26.80","28.05","-1.0500","505"
"3231","緯創","39552371","4419531643","112.00","112.50","111.00","111.50","0.5000","24457"
"3257","虹冠電","201153","12200744","60.20","61.00","60.20","60.60","0.6000","195"
"3266","昇陽","486781","12100893","25.10","25.10","24.70","24.85","-0.1500","323"
"3296","勝德","724409","19304459","26.95","27.40","26.10","26.45","-0.6000","549"
"3305","昇貿","13450931","1076386768","74.50","81.70","74.50","81.70","7.4000","8645"
"3308","聯德","780801","23675842","30.90","31.00","29.90","30.40","-0.4000","680"
"3311","閎暉","91822","3624413","39.20","39.75","39.20","39.50","0.3000","72"
"3312","弘憶股","3727719","275183133","72.90","75.00","72.10","73.70","0.6000","2611"
"3321","同泰","574277","11746986","20.00","20.80","20.00","20.55","0.5500","461"
"3338","泰碩","2586475","216117047","81.50","84.50","81.20","83.60","0.0000","2163"
"3346","麗清","304605","12935242","42.10","42.65","42.10","42.60","0.5000","275"
"3356","奇偶","3921675","280064071","72.60","73.00","70.50","71.20","-1.2000","3933"
"3376","新日興","7773719","1771445451","228.50","233.00","223.50","227.50","-2.0000","13561"
"3380","明泰","2410455","84489991","34.75","35.45","34.50","35.40","0.8500","1699"
"3406","玉晶光","2048965","1297972499","630.00","639.00","622.00","637.00","11.0000","2655"
"3413","京鼎","2897035","930613366","316.00","329.50","310.50","328.00","14.5000","4163"
"3416","融程電","204370","30922530","152.00","152.50","150.50","152.50","1.5000","225"
"3419","譁裕","517165","9298230","17.70","18.15","17.70","18.00","0.3000","325"
"3432","台端","405777","11904497","28.85","30.00","28.85","29.95","0.1500","317"
"3437","榮創","1570028","44966598","28.05","28.95","28.05","28.75","0.7000","1020"
"3443","創意","4195043","6757989925","1615.00","1640.00","1585.00","1625.00","10.0000","9353"
"3447","展達","62000","2001400","32.05","32.85","31.85","32.85","0.8000","51"
"3450","聯鈞","29020902","3299248366","108.00","119.50","107.00","119.50","10.5000","18309"
"3454","晶睿","84605","11983185","141.00","142.50","140.00","142.00","2.0000","131"
"3481","群創","50800811","720549959","14.10","14.30","14.10","14.20","0.1000","9849"
"3494","誠研","165818","1122486","6.81","6.81","6.75","6.80","0.0000","70"
"3501","維熹","480142","35823238","75.00","75.80","73.90","74.50","0.4000","528"
"3504","揚明光","423248","24952361","58.00","59.50","57.70","59.20","1.7000","402"
"3515","華擎","826441","191549751","232.00","234.50","230.00","231.50","-0.5000","973"
"3518","柏騰","210451","6636845","31.65","31.90","31.15","31.40","0.2000","135"
"3528","安馳","30121","1486684","49.20","49.50","49.20","49.45","0.1000","27"
"3530","晶相光","2632145","292924761","103.50","113.50","103.50","112.00","8.5000","1888"
"3532","台勝科","1756356","313037202","176.50","179.50","176.00","178.50","3.0000","3350"
"3533","嘉澤","339717","593387490","1735.00","1765.00","1730.00","1750.00","15.0000","669"
"3535","晶彩科","9094283","324935200","33.90","37.20","33.50","36.55","2.6500","5195"
"3543","州巧","218152","4909328","22.60","22.70","22.35","22.65","0.0000","111"
"3545","敦泰","2657105","241285141","90.60","91.20","90.00","91.00","1.0000","1990"
"3550","聯穎","193945","2960925","15.35","15.50","15.10","15.45","0.2000","131"
"3557","嘉威","159500","11552824","72.60","72.70","72.20","72.40","-0.3000","161"
"3563","牧德","660151","262745737","391.50","403.00","390.00","399.00","10.0000","891"
"3576","聯合再生","3191451","37205061","11.65","11.80","11.55","11.65","0.1000","1547"
"3583","辛耘","8896997","3245025365","353.50","372.00","349.00","367.50","18.5000","9849"
"3588","通嘉","3106213","287943337","87.20","95.00","87.00","95.00","8.6000","2428"
"3591","艾笛森","1490407","46642298","31.45","31.90","30.90","31.40","0.2000","968"
"3592","瑞鼎","404773","172530669","424.00","429.00","422.50","427.50","5.5000","639"
"3593","力銘","131836","1682889","12.90","12.95","12.50","12.95","0.0500","130"
"3596","智易","2208881","359074244","165.00","165.00","161.50","162.50","-1.5000","1741"
"3605","宏致","1260217","57688544","46.30","46.60","45.30","45.30","-1.1500","1093"
"3607","谷崧","587719","10642728","17.90","18.35","17.85","18.25","0.3500","400"
"3617","碩天","1480284","430290385","284.50","294.00","284.50","290.50","8.0000","1683"
"3622","洋華","7944454","624868200","79.10","80.50","77.00","78.00","-1.1000","5438"
"3645","達邁","255040","10786810","42.50","42.60","42.10","42.30","0.1500","234"
"3652","精聯","1211781","44397496","33.40","36.90","33.40","36.90","3.3500","490"
"3653","健策","910012","920121130","1020.00","1035.00","1000.00","1005.00","-5.0000","1336"
"3661","世芯-KY","3043121","8562155445","2810.00","2870.00","2750.00","2775.00","-15.0000","11423"
"3665","貿聯-KY","6426999","2152107010","336.00","341.00","330.50","340.00","-1.0000","5718"
"3669","圓展","217287","11302296","51.70","52.80","51.40","52.10","0.4000","186"
"3673","TPK-KY","14223293","579482981","40.10","41.75","39.40","40.85","0.7000","8039"
"3679","新至陞","94676","12594172","132.50","133.50","132.00","133.50","1.0000","117"
"3686","達能","467131","8810664","18.70","19.15","18.50","18.90","0.4000","354"
"3694","海華","1296556","66616072","50.10","51.90","50.10","51.20","0.9000","772"
"3701","大眾控","442384","22941065","51.50","52.40","51.20","52.30","1.2000","374"
"3702","大聯大","3556629","318322884","89.10","89.80","88.20","89.80","0.8000","2931"
"3702A","大聯大甲特","90566","4433736","48.85","49.00","48.85","49.00","0.0000","41"
"3703","欣陸","2187223","80829995","37.05","37.30","36.70","36.95","0.0500","1509"
"3704","合勤控","1074299","43454172","40.25","40.65","40.15","40.45","0.3000","738"
"3705","永信","600727","32547862","54.00","54.50","54.00","54.40","0.4000","355"
"3706","神達","7390897","343533682","46.55","46.80","46.15","46.45","0.2000","5510"
"3708","上緯投控","2816852","394592531","137.00","141.50","136.50","141.50","6.0000","2432"
"3711","日月光投控","9248619","1646670908","180.00","180.00","177.00","178.00","-1.0000","6840"
"3712","永崴投控","1805853","90308472","49.65","50.40","49.55","50.40","0.5000","1565"
"3714","富采","1506631","67934055","44.75","45.30","44.70","45.20","0.5000","1058"
"3715","定穎投控","25124306","1643413915","61.40","66.90","61.30","66.30","4.9000","16021"
"4104","佳醫","110712","9999494","90.10","90.50","90.10","90.50","0.3000","237"
"4106","雃博","281026","7928145","28.00","28.40","27.95","28.40","0.5000","225"
"4108","懷特","278940","5602556","20.00","20.30","19.95","20.00","0.0500","315"
"4119","旭富","209655","18910062","90.80","90.80","90.00","90.20","0.0000","228"
"4133","亞諾法","405192","13782311","34.30","34.30","33.75","33.85","0.0000","400"
"4137","麗豐-KY","98750","16263388","166.00","166.00","164.00","165.00","0.5000","167"
"4142","國光生","1476509","42123340","29.00","29.00","28.40","28.50","-0.4000","934"
"4148","全宇生技-KY","35360","1762923","49.75","50.20","49.65","49.85","-0.2500","32"
"4155","訊映","173962","4476979","25.85","25.85","25.60","25.60","0.0500","376"
"4164","承業醫","951569","51328990","54.30","54.80","53.60","54.10","0.0000","777"
"4190","佐登-KY","73167","3712399","50.70","51.00","50.60","50.70","0.1000","113"
"4306","炎洲","15223836","321231456","21.75","21.75","20.75","20.90","-0.9000","7045"
"4414","如興","647371","1995514","3.10","3.11","3.04","3.10","0.0100","130"
"4426","利勤","115804","1966723","16.85","17.15","16.80","17.00","0.1500","105"
"4438","廣越","52802","6053913","115.00","115.00","114.00","115.00","0.5000","63"
"4439","冠星-KY","26028","2852108","109.50","110.00","109.00","110.00","0.5000","27"
"4440","宜新實業","297398","7865273","26.45","26.55","26.30","26.55","0.2500","206"
"4526","東台","117432638","3417547017","30.10","31.15","26.30","30.95","2.5000","58761"
"4532","瑞智","1754475","51200758","29.50","29.55","29.00","29.20","-0.1500","1133"
"4536","拓凱","166140","33997241","203.00","205.50","202.50","205.00","3.0000","201"
"4540","全球傳動","215078","6882188","31.90","32.35","31.90","32.15","0.2500","184"
"4545","銘鈺","5539575","337762954","63.00","63.60","58.80","61.10","-1.6000","4117"
"4551","智伸科","46639","5281606","112.50","114.00","112.50","113.00","0.5000","75"
"4552","力達-KY","342968","9699136","28.15","28.55","28.05","28.40","0.3000","182"
"4555","氣立","171934","11118207","63.50","66.00","63.50","65.40","0.5000","159"
"4557","永新-KY","76857","9286096","121.00","121.50","120.50","121.00","1.0000","80"
"4560","強信-KY","86100","3205810","37.35","37.35","37.15","37.20","-0.2000","40"
"4562","穎漢","19659783","960121424","45.30","49.95","44.20","49.95","4.5000","11681"
"4564","元翎","1037989","24723278","23.55","24.15","23.35","24.15","0.9500","578"
"4566","時碩工業","26228161","2426141327","90.00","96.80","88.50","96.80","8.8000","16886"
"4569","六方科-KY","16223","1669606","102.50","103.50","102.50","103.50","0.0000","45"
"4571","鈞興-KY","593374","74188261","125.00","127.00","123.50","124.00","0.0000","522"
"4572","駐龍","129628","19922122","153.50","154.50","152.00","154.00","1.5000","252"
"4576","大銀微系統","251854","18891148","75.40","75.80","74.30","75.10","0.6000","212"
"4581","光隆精密-KY","5068","317358","63.00","63.00","62.40","62.40","0.1000","6"
"4583","台灣精銳","172679","50021194","297.00","297.00","285.50","289.00","-6.0000","3710"
"4588","玖鼎電力","767119","88706882","116.00","118.50","113.50","114.50","-1.5000","786"
"4720","德淵","904801","18278844","20.25","20.50","20.00","20.20","-0.0500","486"
"4722","國精化","249329","11525576","45.85","46.50","45.85","46.45","0.6500","329"
"4736","泰博","157862","26891936","170.00","171.50","169.50","170.00","0.0000","331"
"4737","華廣","14201","979879","69.10","69.10","68.80","69.00","-0.1000","14"
"4739","康普","346592","23004882","65.60","66.80","65.60","66.70","1.1000","304"
"4746","台耀","539788","52853001","97.10","98.20","97.10","98.20","1.3000","507"
"4755","三福化","237604","33460706","139.00","142.00","139.00","142.00","4.0000","303"
"4763","材料-KY","4341516","3796364137","855.00","891.00","852.00","879.00","33.0000","7704"
"4764","雙鍵","32486","1396001","43.00","43.25","42.60","43.20","0.4000","30"
"4766","南寶","2449965","872505712","372.00","372.00","348.00","351.00","0.0000","3067"
"4770","上品","357307","139291142","388.00","395.00","387.00","390.00","4.5000","472"
"4771","望隼","98739","29443716","300.50","301.50","295.00","298.00","1.0000","1464"
"4807","日成-KY","3002","51932","17.40","17.40","17.10","17.10","-0.1000","5"
"4904","遠傳","3149419","264619553","84.00","84.40","83.60","84.30","0.3000","4047"
"4906","正文","4287922","163890238","38.20","38.45","37.80","38.35","0.4500","2450"
"4912","聯德控股-KY","584974","72324078","124.50","126.00","121.50","122.00","-0.5000","469"
"4915","致伸","16686362","1627707349","102.00","105.00","95.40","95.40","0.0000","11963"
"4916","事欣科","351070","10585431","30.20","30.40","29.90","30.05","0.1500","251"
"4919","新唐","2229738","284632016","126.00","128.50","125.50","127.50","2.0000","1787"
"4927","泰鼎-KY","473554","18139410","37.85","38.55","37.85","38.55","0.7000","402"
"4930","燦星網","62329","2116146","33.95","34.05","33.90","33.95","0.1000","106"
"4934","太極","779790","16823167","21.60","21.80","21.50","21.55","-0.1500","586"
"4935","茂林-KY","306739","20279664","67.50","67.50","65.60","65.80","-0.8000","457"
"4938","和碩","13204731","1585586560","117.00","122.00","116.50","120.00","3.5000","8649"
"4942","嘉彰","130038","6037861","46.40","46.55","46.35","46.50","0.1000","88"
"4943","康控-KY","113173","2251958","19.65","20.20","19.65","20.15","0.0500","55"
"4949","有成精密","149414","4097028","27.70","27.80","27.05","27.70","0.0500","92"
"4952","凌通","1000664","66662609","65.90","67.20","65.90","66.80","1.1000","1008"
"4956","光鋐","11843734","310454483","24.75","27.20","24.20","27.20","2.4500","5624"
"4958","臻鼎-KY","15218890","2008581171","131.00","134.50","129.50","132.00","-0.5000","8723"
"4960","誠美材","1544485","21701308","13.90","14.20","13.90","14.05","0.2000","713"
"4961","天鈺","1829720","516575541","280.00","285.00","278.00","285.00","4.5000","3061"
"4967","十銓","28368471","4148174029","141.50","150.00","140.50","148.50","8.0000","19859"
"4968","立積","9123960","2114250602","223.00","239.00","220.00","239.00","16.5000","15092"
"4976","佳凌","1255089","58077473","47.35","47.45","45.80","46.20","-0.3000","990"
"4977","眾達-KY","1672515","132675025","78.40","80.20","78.40","79.10","0.7000","1737"
"4989","榮科","178697","4483085","24.95","25.20","24.95","25.10","0.1000","126"
"4994","傳奇","290323","36942528","128.00","129.50","126.00","126.00","-2.5000","322"
"4999","鑫禾","74315","2665185","35.85","36.00","35.75","35.95","0.1000","166"
"5007","三星","89388","5105522","57.00","57.50","56.90","57.50","0.6000","69"
"5203","訊連","491296","52513431","107.50","108.00","106.00","106.50","0.0000","499"
"5215","科嘉-KY","112893","5798423","51.40","52.20","51.00","52.20","0.9000","125"
"5222","全訊","371518","60179307","160.50","163.00","160.50","162.50","2.5000","444"
"5225","東科-KY","1194002","129797319","107.50","110.50","106.50","110.00","2.5000","874"
"5234","達興材料","826396","129654497","158.00","158.50","155.50","157.00","0.0000","616"
"5243","乙盛-KY","4266019","269059635","62.30","64.00","62.10","63.70","1.8000","3037"
"5244","弘凱","124227","5825191","46.50","47.50","46.50","46.95","0.4000","95"
"5258","虹堡","652154","85751210","131.00","132.50","130.50","131.50","1.0000","780"
"5269","祥碩","1338249","3114447400","2350.00","2415.00","2285.00","2310.00","-55.0000","2309"
"5283","禾聯碩","127943","13759272","107.50","108.00","107.00","107.50","-0.5000","223"
"5284","jpp-KY","403800","51086252","127.50","128.00","125.50","125.50","-0.5000","367"
"5285","界霖","143418","9783405","67.80","68.70","67.10","68.60","0.8000","109"
"5288","豐祥-KY","55563","11376937","205.00","206.50","204.00","206.00","1.0000","70"
"5292","華懋","145640","25135378","176.00","176.50","171.00","171.50","-1.5000","364"
"5306","桂盟","85722","12154924","141.50","142.50","141.00","142.00","0.5000","124"
"5388","中磊","4661281","537191124","116.00","116.00","114.00","116.00","1.0000","3406"
"5434","崇越","1191010","331734729","279.50","279.50","276.50","279.50","1.5000","1241"
"5469","瀚宇博","7151391","394269636","55.40","55.80","54.70","54.70","-0.4000","3593"
"5471","松翰","795677","42331348","52.40","53.70","52.20","53.10","1.4000","648"
"5484","慧友","2172654","143631852","62.20","67.60","62.20","67.60","6.1000","1281"
"5515","建國","1592670","38815407","24.75","24.75","24.20","24.45","-0.2500","938"
"5519","隆大","2305941","111691025","48.75","49.20","47.75","48.75","0.4000","1569"
"5521","工信","1464971","18761977","12.80","12.90","12.70","12.85","0.0500","643"
"5522","遠雄","1851454","162103895","86.80","88.50","86.20","88.00","1.3000","1763"
"5525","順天","77456","2823744","36.00","36.70","36.00","36.55","0.0500","92"
"5531","鄉林","2446878","27433840","11.30","11.40","11.10","11.20","-0.1500","966"
"5533","皇鼎","296103","7095381","24.10","24.10","23.90","23.95","-0.1500","168"
"5534","長虹","1117696","133539057","118.50","121.00","117.50","120.50","2.0000","975"
"5538","東明-KY","24056","789302","32.60","33.00","32.60","32.65","0.0500","26"
"5546","永固-KY","44491","1387332","31.60","32.00","30.65","31.15","-0.5000","44"
"5607","遠雄港","438069","24934140","56.80","57.20","56.70","57.00","0.2000","380"
"5608","四維航","2371132","50161532","21.15","21.30","21.00","21.15","0.1000","1256"
"5706","鳳凰","1155884","90896779","77.70","79.60","77.00","78.70","1.5000","857"
"5871","中租-KY","7938330","1290321271","162.00","164.00","161.50","163.00","2.5000","7345"
"5871A","中租-KY甲特","33596","3258423","97.00","97.00","96.90","97.00","0.0000","31"
"5876","上海商銀","3304438","152173362","46.15","46.20","45.85","46.05","0.0500","1791"
"5880","合庫金","9350422","244068626","26.10","26.15","26.00","26.15","0.1000","3407"
"5906","台南-KY","74814","4904108","66.50","66.60","64.00","66.50","0.5000","59"
"5907","大洋-KY","345935","3273935","9.51","9.60","9.39","9.39","-0.1200","208"
"6005","群益證","6752251","166463579","24.80","24.90","24.55","24.65","-0.1500","3098"
"6024","群益期","660609","38432997","57.80","58.40","57.80","58.30","0.5000","548"
"6108","競國","240553","4943230","20.55","20.70","20.40","20.65","0.2000","161"
"6112","邁達特","1951367","130124884","67.20","67.40","65.80","67.10","-0.1000","3894"
"6115","鎰勝","196132","11507287","58.40","58.90","58.40","58.80","0.4000","178"
"6116","彩晶","6585386","64261771","9.70","9.81","9.70","9.79","0.0900","2140"
"6117","迎廣","9784563","1250889911","126.50","133.00","124.00","128.00","2.0000","7301"
"6120","達運","1768854","28284559","15.90","16.05","15.90","16.05","0.2500","869"
"6128","上福","164120","6285445","38.40","38.45","38.20","38.25","-0.0500","151"
"6133","金橋","325524","4982780","15.30","15.45","15.15","15.45","0.2500","203"
"6136","富爾特","123465","2882993","23.45","23.45","23.25","23.40","0.0500","140"
"6139","亞翔","2506607","564342660","223.50","227.00","223.00","225.00","3.0000","2965"
"6141","柏承","391339","6431798","16.10","16.75","16.05","16.55","0.4500","242"
"6142","友勁","485809","4821285","9.87","9.99","9.80","9.98","0.1100","227"
"6152","百一","4152342","56862022","13.80","14.10","13.30","13.75","0.0000","1688"
"6153","嘉聯益","8368465","179706740","20.65","21.85","20.65","21.50","1.0500","3803"
"6155","鈞寶","366846","10812555","29.50","29.80","29.15","29.35","0.2000","280"
"6164","華興","946276","15219360","16.00","16.20","15.90","16.20","0.2500","490"
"6165","浪凡","176939","7009426","39.60","39.80","39.50","39.60","0.0000","155"
"6166","凌華","1868038","150122555","78.90","81.20","78.90","81.00","2.2000","1729"
"6168","宏齊","729651","17503292","23.90","24.15","23.60","24.05","0.3500","355"
"6176","瑞儀","5282053","1131572792","217.00","217.50","211.00","213.50","0.0000","14901"
"6177","達麗","4804303","291620406","60.30","61.70","59.90","60.50","0.3000","3035"
"6183","關貿","89581","6650972","74.50","75.00","73.60","74.60","0.3000","290"
"6184","大豐電","493219","26266172","53.00","53.70","53.00","53.50","0.0000","456"
"6189","豐藝","3528208","328310307","93.50","93.80","92.40","93.50","0.5000","3553"
"6191","精成科","1260343","87534276","69.00","69.80","69.00","69.40","0.6000","1390"
"6192","巨路","198528","24726489","126.00","126.50","123.50","124.50","0.5000","317"
"6196","帆宣","1403697","233611479","167.00","168.00","165.00","166.50","-0.5000","4456"
"6197","佳必琪","3677439","689536513","185.50","191.00","183.50","188.00","2.5000","3253"
"6201","亞弘電","60142","3842753","64.00","64.00","63.70","64.00","0.5000","70"
"6202","盛群","908970","55194023","59.60","61.20","59.60","60.80","1.2000","740"
"6205","詮欣","235637","17379177","73.60","74.30","73.00","73.70","0.0000","184"
"6206","飛捷","444887","41763767","93.00","95.00","92.80","94.30","0.8000","547"
"6209","今國光","1412439","43796842","30.95","31.35","30.85","31.00","0.0500","938"
"6213","聯茂","26639888","3080568246","113.00","118.50","112.00","114.50","5.5000","15146"
"6214","精誠","1698325","233945476","139.00","139.50","136.00","138.50","-0.5000","3926"
"6215","和椿","2423553","133730770","54.50","55.80","54.40","55.40","0.5000","1811"
"6216","居易","9548944","477525208","52.60","53.50","48.10","48.45","-3.2500","6322"
"6224","聚鼎","128483","6823870","52.90","53.90","52.80","53.10","0.2000","175"
"6225","天瀚","6604","105094","16.00","16.00","15.60","16.00","0.0000","10"
"6226","光鼎","432483","4694371","10.85","10.95","10.75","10.95","0.0500","237"
"6230","尼得科超眾","1611269","530512045","316.00","338.00","315.00","333.50","15.0000","1837"
"6235","華孚","5573652","503088697","86.20","91.90","86.20","91.40","5.2000","4278"
"6239","力成","9952697","1986116253","198.00","205.00","195.00","196.50","-1.0000","51259"
"6243","迅杰","433265","27816822","63.10","64.80","63.00","64.20","1.1000","583"
"6257","矽格","2597096","210797270","80.60","81.50","80.60","81.50","1.2000","1777"
"6269","台郡","6307027","561893604","87.40","90.00","87.30","89.70","2.3000","4361"
"6271","同欣電","1662183","255753747","152.50","155.00","152.00","155.00","4.0000","1442"
"6277","宏正","56383","4661831","83.00","83.00","82.40","82.60","0.1000","79"
"6278","台表科","4446364","550552873","124.00","126.00","123.00","124.50","1.5000","3716"
"6281","全國電","74105","6230678","84.10","84.20","84.00","84.10","0.0000","134"
"6282","康舒","7722174","301944615","39.10","39.50","38.75","39.00","-0.1000","4857"
"6283","淳安","1239174","37807106","29.25","31.25","29.25","30.25","1.0000","760"
"6285","啟碁","3174191","511732601","160.50","162.00","159.50","161.00","2.0000","2407"
"6288","聯嘉","1027700","31560629","30.75","30.95","30.50","30.60","0.1000","590"
"6405","悅城","83349","2065101","24.75","25.00","24.65","24.75","-0.1500","81"
"6409","旭隼","204123","377954152","1840.00","1880.00","1815.00","1875.00","65.0000","456"
"6412","群電","1691695","242551885","139.50","146.00","139.50","144.50","6.0000","1565"
"6414","樺漢","2182752","736530737","334.00","342.00","332.00","339.50","7.5000","2542"
"6415","矽力*-KY","1650720","859372322","516.00","528.00","510.00","520.00","15.0000","2099"
"6416","瑞祺電通","703614","92487534","132.50","132.50","129.50","132.00","1.0000","735"
"6423","億而得-創","21511","2114729","98.00","99.50","98.00","98.10","0.1000","28"
"6426","統新","175985","11969200","67.00","69.10","67.00","68.70","1.8000","175"
"6431","光麗-KY","685648","9936889","14.00","14.65","13.85","14.65","1.3000","284"
"6438","迅得","503207","57419005","114.50","115.00","113.50","114.50","0.5000","452"
"6442","光聖","473205","135898783","275.00","294.50","275.00","294.50","26.5000","523"
"6443","元晶","2698084","72887464","27.10","27.20","26.95","26.95","-0.0500","1874"
"6446","藥華藥","1655267","811110262","488.50","495.50","485.00","491.00","5.0000","2128"
"6449","鈺邦","4977938","713578369","138.00","148.00","135.00","148.00","11.5000","3171"
"6451","訊芯-KY","14105508","3654290526","243.00","270.00","238.50","270.00","24.5000","9765"
"6456","GIS-KY","5336758","377913145","69.00","71.80","69.00","70.80","2.6000","4019"
"6464","台數科","89894","7630299","84.90","85.60","84.50","85.20","-0.4000","97"
"6472","保瑞","1956467","1542363234","784.00","793.00","782.00","791.00","14.0000","2938"
"6477","安集","485841","18060061","37.10","37.40","37.00","37.30","0.3000","374"
"6491","晶碩","407589","195539526","482.00","484.50","475.50","478.00","0.0000","730"
"6504","南六","100751","7503561","74.60","75.00","74.00","75.00","0.4000","100"
"6505","台塑化","6286789","415535003","65.70","66.70","65.50","66.60","1.1000","3630"
"6515","穎崴","426750","441368705","1025.00","1050.00","1020.00","1030.00","-10.0000","757"
"6525","捷敏-KY","184137","12458293","67.10","68.10","67.10","67.60","0.5000","190"
"6526","達發","857674","681529989","803.00","804.00","790.00","792.00","-8.0000","2487"
"6531","愛普*","9548406","3729279925","382.50","399.00","380.00","385.50","0.0000","10186"
"6533","晶心科","1088110","474475271","432.50","441.00","432.00","432.50","0.0000","1544"
"6534","正瀚-創","34000","2865300","84.10","84.50","83.70","84.20","0.6000","22"
"6541","泰福-KY","87775","3471203","39.40","39.95","39.40","39.70","0.4000","132"
"6550","北極星藥業-KY","1436065","103009844","70.90","72.50","70.80","72.00","1.5000","1362"
"6552","易華電","1056305","64987562","61.80","62.60","61.00","61.00","-1.0000","1126"
"6558","興能高","239351","6266009","26.40","26.50","26.00","26.40","0.1000","173"
"6573","虹揚-KY","95308","1366494","14.30","14.40","14.30","14.35","0.1500","61"
"6579","研揚","944986","175987140","184.50","189.00","183.00","188.00","5.0000","1971"
"6581","鋼聯","24683","2572390","104.00","104.50","104.00","104.50","0.5000","27"
"6582","申豐","42107","2270138","54.00","54.30","53.60","54.00","0.2000","105"
"6585","鼎基","914117","184855667","197.50","204.50","197.50","202.50","4.0000","911"
"6591","動力-KY","303753","18772035","61.80","62.10","61.40","61.60","0.7000","223"
"6592","和潤企業","759691","87472441","114.50","116.00","114.00","116.00","2.5000","844"
"6592A","和潤企業甲特","3100","306588","98.90","98.90","98.90","98.90","0.0000","7"
"6592B","和潤企業乙特","9185","877654","95.60","95.60","95.50","95.50","-0.1000","13"
"6598","ABC-KY","1026130","31348238","30.55","30.55","30.55","30.55","2.7500","312"
"6605","帝寶","694451","171273932","248.00","251.00","242.50","250.50","2.5000","5047"
"6606","建德工業","290971","7863794","27.00","27.20","26.75","27.05","0.0000","184"
"6625","必應","148515","14571904","98.60","98.70","97.80","98.00","0.1000","282"
"6641","基士德-KY","13000","534200","41.05","41.30","41.00","41.20","-0.1000","9"
"6645","金萬林-創","43372","1618614","37.35","37.50","37.25","37.25","-0.1000","33"
"6655","科定","1171","146948","125.50","125.50","125.50","125.50","0.5000","4"
"6657","華安","626874","35609034","53.50","58.70","53.50","58.70","5.3000","489"
"6658","聯策","352580","16986947","47.65","48.90","47.65","47.90","0.3500","294"
"6666","羅麗芬-KY","13022","819888","62.70","63.20","62.70","63.20","0.7000","12"
"6668","中揚光","898465","56187102","61.60","63.30","61.20","63.30","2.2000","1019"
"6669","緯穎","1742257","5109260608","2940.00","2975.00","2880.00","2955.00","-10.0000","3813"
"6670","復盛應用","360459","103719400","288.50","289.00","286.00","289.00","0.5000","813"
"6671","三能-KY","74418","3411264","45.80","45.90","45.75","45.85","0.2500","31"
"6672","騰輝電子-KY","256695","21730563","84.10","85.00","83.80","84.80","1.0000","251"
"6674","鋐寶科技","129370","3657894","27.45","29.30","27.45","28.00","0.7000","91"
"6689","伊雲谷","647583","70239177","108.00","109.50","106.00","109.50","3.0000","713"
"6691","洋基工程","680433","294787491","435.00","439.00","429.00","435.00","5.5000","1109"
"6695","芯鼎","7549745","551667135","68.20","75.00","68.20","75.00","6.8000","5519"
"6698","旭暉應材","140772","5191695","37.45","37.45","36.60","36.60","-0.1000","248"
"6706","惠特","7142449","782188021","112.50","113.00","106.50","112.50","0.0000","4199"
"6715","嘉基","131234","24419959","186.00","188.00","184.00","186.00","0.5000","378"
"6719","力智","1517276","461412349","298.00","308.00","298.00","302.00","4.0000","2577"
"6742","澤米","224845","15881026","70.00","71.30","69.90","70.60","0.7000","234"
"6743","安普新","735236","43931484","59.90","60.30","58.80","59.70","1.0000","434"
"6753","龍德造船","3618973","468602392","130.00","132.50","126.00","129.00","3.0000","4774"
"6754","匯僑設計","64611","4171013","64.90","64.90","64.40","64.40","-0.3000","91"
"6756","威鋒電子","314621","66228384","209.50","213.00","208.00","209.50","3.5000","391"
"6757","台灣虎航-創","1517408","78140099","50.50","52.20","50.30","51.90","1.5000","703"
"6768","志強-KY","543018","49067929","91.30","92.20","89.20","91.80","0.5000","453"
"6770","力積電","49206296","1355451890","26.80","28.00","26.80","27.60","0.9000","18164"
"6771","平和環保-創","63035","4213345","67.10","67.10","66.50","66.50","-0.6000","41"
"6776","展碁國際","66411","4222742","63.50","63.80","63.50","63.60","0.2000","68"
"6781","AES-KY","1045190","640054796","590.00","628.00","586.00","621.00","35.0000","1287"
"6782","視陽","584207","163068243","280.50","284.00","276.50","278.00","-1.0000","2982"
"6789","采鈺","4963838","1726028465","336.50","356.00","336.00","355.00","21.5000","5773"
"6790","永豐實","312593","16888521","54.10","54.30","53.70","54.10","0.0000","323"
"6792","詠業","21520","1781079","82.90","83.00","82.20","82.40","0.3000","43"
"6794","向榮生技-創","9000","718000","81.20","81.20","78.60","80.40","-0.6000","9"
"6796","晉弘","119564","10260872","84.90","87.20","84.20","85.00","1.0000","185"
"6799","來頡","1706969","276259276","159.50","164.00","159.50","161.50","4.5000","1530"
"6805","富世達","800598","635416743","800.00","803.00","788.00","795.00","5.0000","1329"
"6806","森崴能源","3305573","451969213","133.00","138.50","133.00","137.50","4.5000","3028"
"6807","峰源-KY","185082","11087620","59.20","61.10","58.80","60.40","1.9000","160"
"6830","汎銓","264843","36371600","138.50","138.50","136.00","138.50","1.0000","185"
"6834","天二科技","5102993","218498816","42.85","45.00","40.60","43.25","-0.5000","3630"
"6835","圓裕","159435","8294137","52.00","52.30","51.80","52.00","0.0000","108"
"6854","錼創科技-KY創","41047","3083748","75.40","75.60","74.60","75.50","1.0000","34"
"6861","睿生光電","50526","3789051","75.60","75.60","74.70","74.90","-0.2000","69"
"6863","永道-KY","306145","72783745","239.00","241.00","233.00","241.00","4.0000","847"
"6869","雲豹能源","4692875","702644406","140.50","152.50","139.50","152.50","13.5000","3423"
"6873","泓德能源-創","286010","49508240","168.00","175.00","168.00","174.50","6.5000","199"
"6890","來億-KY","2236976","575931684","241.00","265.00","240.50","265.00","24.0000","2005"
"6901","鑽石投資","5677610","236814183","40.30","42.35","40.15","42.35","2.0500","2901"
"6902","走著瞧-創","","","","","","","0.0000",""
"6906","現觀科","85102","12657160","149.00","150.50","146.50","150.50","2.5000","144"
"6914","阜爾運通","245713","39422132","161.00","162.50","159.50","161.00","0.0000","382"
"6916","華凌","132222","3664078","27.95","28.15","27.45","27.55","-0.4000","99"
"6928","攸泰科技","184967","14382957","78.40","78.40","76.90","78.30","1.1000","251"
"6933","AMAX-KY","1074483","378773593","339.50","362.00","339.50","350.50","14.0000","1489"
"6937","天虹","157898","31582226","198.50","204.00","198.00","199.00","4.5000","195"
"6949","沛爾生醫-創","39000","4912500","126.00","127.00","125.00","126.50","-2.5000","30"
"6951","青新-創","137142","7727794","55.90","56.90","55.90","56.30","0.4000","94"
"6952","大武山","176272","9129505","51.50","52.20","51.20","51.50","-0.3000","180"
"8011","台通","11794914","295426961","24.05","25.50","23.70","25.25","0.9500","6258"
"8016","矽創","917379","258089168","283.00","283.00","279.00","280.50","0.0000","2269"
"8021","尖點","2548020","80774631","32.00","32.25","31.25","31.65","-0.0500","1104"
"8028","昇陽半導體","19185238","1644121688","84.00","87.50","83.60","86.80","3.4000","12286"
"8033","雷虎","4004234","281105159","68.30","71.90","68.10","69.80","2.8000","2897"
"8039","台虹","6020438","355616601","58.90","59.60","58.60","58.80","0.5000","3432"
"8046","南電","2336969","466153221","199.50","201.00","197.00","199.50","1.0000","2396"
"8070","長華*","10590755","508982354","49.05","49.30","47.60","48.10","-0.9500","6614"
"8072","陞泰","1175178","36712230","30.25","31.70","30.25","31.70","1.8000","963"
"8081","致新","505377","156036903","309.50","311.50","307.00","307.50","-1.0000","3654"
"8101","華冠","42543","152212","3.61","3.61","3.54","3.60","-0.0100","46"
"8103","瀚荃","9463007","559688652","57.00","61.40","56.50","58.00","2.1000","5423"
"8104","錸寶","1503573","54807043","34.85","37.25","34.85","36.30","1.6500","983"
"8105","凌巨","38195569","619651967","15.50","16.70","15.50","16.60","1.3000","12081"
"8110","華東","15901023","322722041","19.65","20.75","19.55","20.50","1.0500","6655"
"8112","至上","6733917","567713170","84.60","84.90","84.00","84.00","-0.5000","4594"
"8112A","至上甲特","21058","915897","43.45","43.55","43.45","43.55","0.0500","22"
"8114","振樺電","474028","72834907","154.00","155.00","151.00","155.00","1.5000","468"
"8131","福懋科","468905","18433636","39.20","39.40","39.20","39.35","0.2500","412"
"8150","南茂","2687147","121066296","44.80","45.20","44.70","45.20","0.5000","1837"
"8162","微矽電子-創","54050","2156155","39.40","41.95","39.30","40.20","1.2500","43"
"8163","達方","1247790","87033748","69.80","70.20","69.30","69.90","0.4000","1366"
"8201","無敵","239840","4617890","19.15","19.50","19.05","19.10","0.1500","203"
"8210","勤誠","1368889","408573649","295.50","301.00","295.50","297.50","2.5000","2836"
"8213","志超","721688","28586579","39.65","39.75","39.35","39.65","0.2000","443"
"8215","明基材","1028461","34063960","32.95","33.35","32.85","33.05","0.2500","648"
"8222","寶一","1794808","79530088","44.00","45.20","43.60","43.60","0.3000","1189"
"8249","菱光","127275","3712963","29.10","29.30","28.95","29.25","0.3000","124"
"8261","富鼎","361853","30980377","84.60","86.10","84.60","85.60","0.8000","352"
"8271","宇瞻","1181918","81173679","68.00","69.10","68.00","68.30","0.6000","875"
"8341","日友","199134","19950743","101.00","101.00","99.60","101.00","0.5000","276"
"8367","建新國際","24583","1219379","49.95","49.95","49.40","49.65","0.1000","29"
"8374","羅昇","11444178","942820841","75.00","86.00","74.00","83.50","5.1000","8458"
"8404","百和興業-KY","414745","8587705","20.85","20.90","20.50","20.70","0.0000","239"
"8411","福貞-KY","119525","1678049","13.95","14.15","13.95","14.10","0.1000","107"
"8422","可寧衛","715489","137933148","191.50","194.00","191.00","193.50","2.5000","747"
"8429","金麗-KY","204884","2046787","9.98","10.05","9.96","9.96","-0.0200","193"
"8438","昶昕","366741","14589554","39.60","40.80","39.50","39.60","0.0000","303"
"8442","威宏-KY","54930","6567964","118.50","120.50","118.50","120.00","1.5000","52"
"8443","阿瘦","35573","432154","12.15","12.15","12.10","12.10","0.0000","131"
"8454","富邦媒","497697","216853926","437.00","438.50","433.50","435.00","3.0000","1368"
"8462","柏文","82020","9659138","119.00","119.00","117.00","117.50","-1.5000","161"
"8463","潤泰材","145911","4283539","29.60","29.60","29.20","29.40","0.1500","115"
"8464","億豐","859939","306795057","358.50","362.50","354.00","358.00","-2.0000","850"
"8466","美吉吉-KY","55004","3477452","62.90","63.90","62.60","63.30","0.8000","54"
"8467","波力-KY","101384","18220722","181.50","181.50","178.50","180.50","1.5000","432"
"8473","山林水","1368762","60387330","44.05","44.60","43.45","44.50","0.4500","1034"
"8476","台境","216659","13235042","61.30","61.60","61.00","61.00","0.0000","104"
"8478","東哥遊艇","451871","172818577","376.50","386.50","376.50","383.00","8.0000","885"
"8481","政伸","7029","382831","54.30","54.60","54.30","54.50","0.2000","19"
"8482","商億-KY","4005","262649","65.40","66.10","65.30","65.30","0.8000","5"
"8487","愛爾達-創","2154","177628","82.60","82.60","82.40","82.40","-0.1000","7"
"8488","吉源-KY","73020","1204131","16.30","16.60","16.30","16.50","0.2500","46"
"8499","鼎炫-KY","13810","1705185","124.00","124.00","123.00","123.50","0.0000","20"
"8926","台汽電","1903528","91122118","47.40","48.20","47.40","47.90","0.7000","1382"
"8940","新天地","227987","5914652","26.00","26.25","25.80","25.90","-0.1500","179"
"8996","高力","3133292","1493537338","470.00","486.50","462.00","482.00","12.0000","3424"
"9103","美德醫療-DR","1089354","7858062","7.47","7.47","7.10","7.19","-0.3000","406"
"910322","康師傅-DR","80482","1620323","19.80","20.35","19.80","19.90","0.1000","74"
"9105","泰金寶-DR","24900446","147443844","5.68","6.00","5.68","5.95","0.3300","6650"
"910861","神州-DR","34000","240520","7.10","7.13","7.05","7.10","-0.0300","11"
"9110","越南控-DR","49000","344690","7.00","7.12","6.91","7.02","0.0200","18"
"911608","明輝-DR","361563","1432399","4.06","4.06","3.88","3.91","-0.1400","175"
"911622","泰聚亨-DR","57500","292710","5.08","5.15","5.07","5.11","0.0300","26"
"911868","同方友友-DR","3160726","4957701","1.52","1.61","1.52","1.59","-0.0300","548"
"912000","晨訊科-DR","9146984","36937806","3.96","4.17","3.86","4.00","0.0000","1691"
"9136","巨騰-DR","260043","1719752","6.64","6.65","6.59","6.59","0.0000","105"
"9802","鈺齊-KY","666998","83264778","127.00","127.00","124.00","126.00","0.5000","552"
"9902","台火","605702","10301373","17.05","17.35","16.85","16.95","-0.1000","382"
"9904","寶成","14370764","519025117","36.50","36.60","35.85","36.30","-0.1000","6589"
"9905","大華","111841","2739567","24.50","24.55","24.45","24.55","0.1000","98"
"9906","欣巴巴","228131","20700941","90.00","91.30","90.00","91.00","1.4000","220"
"9907","統一實","906043","13854304","15.35","15.35","15.25","15.30","0.0500","478"
"9908","大台北","137168","4449358","32.45","32.50","32.30","32.50","0.1000","136"
"9910","豐泰","1907426","314226023","164.50","165.50","163.00","165.00","1.0000","1631"
"9911","櫻花","432791","38100797","87.50","88.50","87.50","88.20","0.9000","544"
"9912","偉聯","168035","2208119","13.25","13.30","13.00","13.15","-0.1000","138"
"9914","美利達","1299978","293082170","227.50","229.00","222.00","229.00","2.5000","1545"
"9917","中保科","1551118","205395435","131.50","134.00","129.50","134.00","4.0000","1256"
"9918","欣天然","35598","1508333","42.45","42.60","42.00","42.55","0.1000","65"
"9919","康那香","5004681","119585927","24.00","24.15","23.30","24.10","0.3500","1778"
"9921","巨大","871544","184935925","210.50","214.00","210.00","212.50","3.0000","1124"
"9924","福興","473796","25090353","53.00","53.20","52.70","53.20","0.5000","432"
"9925","新保","162169","6898732","42.50","42.60","42.40","42.60","0.1000","185"
"9926","新海","19164","1058018","54.90","55.50","54.90","55.20","0.3000","26"
"9927","泰銘","203695","16080970","78.70","79.30","78.70","79.20","0.7000","216"
"9928","中視","83832","1834482","22.55","22.55","21.75","21.85","-0.1500","149"
"9929","秋雨","18134","301064","16.65","16.70","16.50","16.70","-0.0500","13"
"9930","中聯資源","169002","11187700","66.00","66.70","65.80","66.70","0.9000","162"
"9931","欣高","48464","1796256","36.70","37.40","36.70","37.30","0.4000","48"
"9933","中鼎","9587531","506447373","53.00","53.20","51.80","52.80","0.4000","5376"
"9934","成霖","3070226","62438698","20.25","20.60","20.00","20.45","0.2000","1279"
"9935","慶豐富","176459","4424835","25.05","25.30","24.90","25.25","0.2000","164"
"9937","全國","31376","2118839","67.00","67.80","66.80","67.80","0.1000","41"
"9938","百和","1066080","69622676","65.50","65.80","65.00","65.10","-0.4000","965"
"9939","宏全","652702","107511025","165.50","166.00","164.00","164.00","-1.5000","752"
"9940","信義","671840","21544481","31.85","32.25","31.85","32.15","0.4000","496"
"9941","裕融","3453779","559698883","163.50","163.50","160.00","163.00","-0.5000","7346"
"9941A","裕融甲特","35050","1794360","51.20","51.20","51.10","51.20","0.1000","7"
"9942","茂順","159330","20361351","128.00","128.00","127.50","128.00","0.5000","159"
"9943","好樂迪","159743","14443848","90.40","90.70","90.10","90.50","0.6000","400"
"9944","新麗","191726","4323571","22.50","22.75","22.50","22.65","0.0000","149"
"9945","潤泰新","8314859","376826541","45.50","45.85","45.00","45.45","0.1000","5127"
"9946","三發地產","1149377","48005067","41.55","42.20","41.35","41.85","-0.0500","901"
"9955","佳龍","775466","24777309","31.65","32.40","31.50","32.20","0.6500","521"
"9958","世紀鋼","6585776","2280218450","344.00","352.00","340.00","351.00","9.5000","5337"
