證券代號,證券名稱,成交股數,成交金額,開盤價,最高價,最低價,收盤價,漲跌價差,成交筆數
"0050","元大台灣50","10435774","2105367679","200.65","202.80","200.00","202.75","4.4000","15095"
"0051","元大中型100","99372","8598527","85.15","87.00","85.15","86.55","0.7500","293"
"0052","富邦科技","1723742","345296080","200.35","201.55","199.10","201.50","4.2000","2036"
"0053","元大電子","29904","3279106","108.55","110.15","108.55","110.10","2.1500","127"
"0055","元大MSCI金融","548645","16241722","29.35","29.85","29.32","29.50","0.2600","471"
"0056","元大高股息","28924182","1232229895","42.50","42.77","42.39","42.65","0.3100","17268"
"0057","富邦摩台","20489","3028689","146.80","148.15","146.80","148.15","3.2500","123"
"0061","元大寶滬深","201431","3413106","16.80","17.00","16.80","16.97","0.1700","136"
"006203","元大MSCI台灣","8522","809126","95.00","95.50","94.90","95.50","1.9000","116"
"006204","永豐臺灣加權","7935","961806","120.90","121.60","120.90","121.60","1.9000","77"
"006205","富邦上証","1159407","34138967","29.32","29.60","29.32","29.44","0.1200","468"
"006206","元大上證50","147690","4159695","28.00","28.28","28.00","28.13","0.1900","119"
"006207","復華滬深","136873","3013256","21.97","22.13","21.97","22.04","0.1900","75"
"006208","富邦台50","15533731","1840274502","118.05","119.35","117.50","118.90","2.6500","12794"
"00625K","富邦上証+R","","","","","","","0.0000",""
"00631L","元大台灣50正2","4870599","1365932186","279.40","282.90","277.15","281.90","8.9000","5995"
"00632R","元大台灣50反1","288333835","924234928","3.22","3.23","3.19","3.20","-0.0600","11898"
"00633L","富邦上証正2","6830847","228515232","33.20","33.74","33.09","33.47","0.4200","991"
"00634R","富邦上証反1","106936","498482","4.68","4.68","4.65","4.65","-0.0400","20"
"00635U","期元大S&P黃金","240835","6732760","27.89","28.00","27.89","27.99","0.1400","163"
"00636","國泰中國A50","862292","17719396","20.51","20.64","20.46","20.55","0.1100","230"
"00636K","國泰中國A50+U","200","1266","6.33","6.33","6.33","6.33","0.0400","2"
"00637L","元大滬深300正2","55179579","740795103","13.36","13.55","13.29","13.43","0.1600","4670"
"00638R","元大滬深300反1","811565","7948649","9.84","9.84","9.74","9.76","-0.0800","41"
"00639","富邦深100","921535","9324837","10.02","10.21","10.02","10.16","0.1600","193"
"00640L","富邦日本正2","699910","45674061","64.95","65.65","64.95","65.65","1.6000","356"
"00641R","富邦日本反1","1010087","6083753","6.02","6.04","6.02","6.02","-0.0700","112"
"00642U","期元大S&P石油","837727","15628901","18.63","18.69","18.63","18.65","0.3000","297"
"00643","群益深証中小","3028092","34477793","11.27","11.47","11.27","11.36","0.0900","207"
"00643K","群益深証中小+R","","","","","","","0.0000",""
"00645","富邦日本","1255401","50951304","40.46","40.65","40.46","40.65","0.4800","964"
"00646","元大S&P500","4223110","241774296","57.25","57.30","57.10","57.30","0.6500","1698"
"00647L","元大S&P500正2","96264","9105389","94.55","94.60","94.50","94.55","1.6000","64"
"00648R","元大S&P500反1","1221883","6584885","5.39","5.40","5.38","5.39","-0.0400","70"
"00650L","復華香港正2","38095781","383626063","9.96","10.16","9.94","10.13","0.2800","1918"
"00651R","復華香港反1","187999","1659400","8.92","8.92","8.79","8.81","-0.1300","49"
"00652","富邦印度","490477","19683218","40.08","40.25","39.99","39.99","0.0400","395"
"00653L","富邦印度正2","288878","18737218","64.85","65.10","64.40","64.40","0.1000","140"
"00654R","富邦印度反1","362000","2299380","6.34","6.38","6.33","6.38","-0.0100","31"
"00655L","國泰中國A50正2","3094503","70445396","22.62","23.00","22.52","22.83","0.3300","422"
"00656R","國泰中國A50反1","470000","4117700","8.80","8.81","8.74","8.75","-0.0800","16"
"00657","國泰日經225","224301","11080127","49.25","49.52","49.25","49.52","0.6300","135"
"00657K","國泰日經225+U","200","3038","15.19","15.19","15.19","15.19","0.2400","2"
"00660","元大歐洲50","18917","682497","35.94","36.15","35.94","36.09","0.3500","112"
"00661","元大日經225","1281032","69081077","54.00","54.05","53.85","54.00","0.6500","378"
"00662","富邦NASDAQ","4995438","432918645","86.60","86.75","86.55","86.70","0.6500","1614"
"00663L","國泰臺灣加權正2","163050","41834450","253.65","258.60","253.65","257.20","8.4500","17"
"00664R","國泰臺灣加權反1","14044801","51224966","3.65","3.67","3.63","3.64","-0.0500","802"
"00665L","富邦恒生國企正2","46049873","314179955","6.77","6.90","6.77","6.82","0.1200","2541"
"00666R","富邦恒生國企反1","34000","497970","14.71","14.71","14.59","14.65","-0.2000","22"
"00668","國泰美國道瓊","62939","2953422","46.90","46.98","46.90","46.92","0.4300","94"
"00668K","國泰美國道瓊+U","200","2882","14.41","14.41","14.41","14.41","0.1400","2"
"00669R","國泰美國道瓊反1","4313249","30598598","7.10","7.10","7.08","7.08","-0.1000","181"
"00670L","富邦NASDAQ正2","850278","117921751","138.60","138.80","138.50","138.75","2.2500","569"
"00671R","富邦NASDAQ反1","3112273","11180535","3.59","3.60","3.59","3.59","-0.0300","243"
"00673R","期元大S&P原油反1","13203995","92473310","7.02","7.02","6.99","7.01","-0.1100","1021"
"00674R","期元大S&P黃金反1","248000","2606630","10.53","10.53","10.49","10.50","-0.0400","70"
"00675L","富邦臺灣加權正2","3714185","416280176","111.55","113.05","110.80","112.50","3.2000","3301"
"00676R","富邦臺灣加權反1","16008273","32368921","2.03","2.04","2.02","2.02","-0.0300","550"
"00678","群益那斯達克生技","344219","10369898","30.15","30.18","30.08","30.08","0.2900","100"
"00680L","元大美債20正2","40257833","346784724","8.62","8.62","8.60","8.62","0.0400","3280"
"00681R","元大美債20反1","24000","489400","20.37","20.41","20.37","20.41","-0.0400","9"
"00682U","期元大美元指數","1287","27380","21.27","21.27","21.27","21.27","0.0000","2"
"00683L","期元大美元指正2","36000","827910","23.03","23.03","22.99","22.99","-0.0800","15"
"00684R","期元大美元指反1","","","","","","","0.0000",""
"00685L","群益臺灣加權正2","1196911","119476900","99.25","100.60","98.65","100.30","3.0000","494"
"00686R","群益臺灣加權反1","2123450","4626565","2.19","2.20","2.17","2.18","-0.0300","85"
"00688L","國泰20年美債正2","26677517","228732905","8.59","8.59","8.56","8.58","0.0400","1904"
"00689R","國泰20年美債反1","1000","21110","21.11","21.11","21.11","21.11","-0.0500","1"
"00690","兆豐藍籌30","833420","31721571","37.52","38.42","37.52","38.18","0.7600","430"
"00692","富邦公司治理","4225246","200094699","47.31","47.62","47.02","47.55","0.8900","2384"
"00693U","期街口S&P黃豆","452766","9923849","21.94","21.94","21.90","21.93","-0.0800","211"
"00700","富邦恒生國企","381692","4900560","12.73","12.90","12.73","12.85","0.1200","104"
"00701","國泰股利精選30","1216209","36259296","29.58","30.05","29.55","29.76","0.3500","662"
"00702","國泰標普低波高息","600550","14329464","23.99","24.03","23.66","23.67","0.2400","129"
"00703","台新MSCI中國","22000","342000","15.55","15.57","15.50","15.50","0.0700","9"
"00706L","期元大S&P日圓正2","5783421","33008271","5.72","5.72","5.70","5.71","-0.0200","669"
"00707R","期元大S&P日圓反1","2000","62010","31.08","31.08","30.93","30.93","0.0000","2"
"00708L","期元大S&P黃金正2","547071","18811175","34.31","34.55","34.31","34.52","0.3600","152"
"00709","富邦歐洲","39543","1198312","30.23","30.38","30.23","30.38","0.3400","118"
"00710B","復華彭博非投等債","249294","4875658","19.56","19.57","19.52","19.52","-0.0300","75"
"00711B","復華彭博新興債","201875","3341442","16.55","16.57","16.54","16.57","0.0400","101"
"00712","復華富時不動產","39978837","387900424","9.70","9.72","9.68","9.69","0.1000","6089"
"00713","元大台灣高息低波","11750194","686828372","58.30","58.75","58.30","58.40","0.2000","7125"
"00714","群益道瓊美國地產","467941","9287242","19.85","19.90","19.82","19.82","0.0900","134"
"00715L","期街口布蘭特正2","9151133","159806138","17.40","17.52","17.40","17.46","0.5000","1301"
"00717","富邦美國特別股","230576","3702899","16.05","16.07","16.05","16.05","0.0300","153"
"00728","第一金工業30","704397","24316359","34.35","34.61","34.32","34.50","0.4300","331"
"00730","富邦臺灣優質高息","196173","4712638","23.88","24.13","23.88","23.96","0.1000","200"
"00731","復華富時高息低波","745584","60402219","80.60","81.40","80.45","81.40","1.0500","394"
"00733","富邦臺灣中小","2483873","151859873","61.10","61.40","60.80","60.80","-0.0500","1839"
"00735","國泰臺韓科技","2652839","112818199","42.75","42.75","42.25","42.60","0.6100","1046"
"00736","國泰新興市場","109039","2567179","23.45","23.56","23.45","23.56","0.1600","107"
"00737","國泰AI+Robo","70403","2192099","31.13","31.16","31.12","31.12","0.2800","105"
"00738U","期元大道瓊白銀","319733","9056990","28.23","28.41","28.23","28.40","0.1900","113"
"00739","元大MSCI A股","108143","2226938","20.50","20.70","20.50","20.58","0.1200","74"
"00752","中信中國50","4729020","87963765","18.49","18.71","18.49","18.59","0.1000","967"
"00753L","中信中國50正2","9432130","73675544","7.78","7.86","7.75","7.83","0.1300","1243"
"00757","統一FANG+","5048547","484357806","96.15","96.20","95.75","95.95","0.3000","4233"
"00762","元大全球AI","193829","12959754","66.70","66.95","66.70","66.90","0.7500","397"
"00763U","期街口道瓊銅","164396","4650824","28.21","28.38","28.18","28.37","0.3400","79"
"00770","國泰北美科技","554036","27499999","49.68","49.70","49.55","49.62","0.3300","493"
"00771","元大US高息特別股","27056","473720","17.50","17.55","17.50","17.52","0.0200","68"
"00775B","新光投等債15+","881921","30671415","34.81","34.82","34.74","34.76","0.0500","118"
"00783","富邦中証500","98500","1681000","16.94","17.15","16.94","17.10","0.1600","12"
"00830","國泰費城半導體","9766319","527220467","53.80","54.10","53.75","54.00","1.0500","3896"
"00850","元大臺灣ESG永續","2051789","100212472","48.55","49.01","48.49","48.89","0.7300","1492"
"00851","台新全球AI","76978","3810127","49.50","49.51","49.45","49.48","0.0800","63"
"00852L","國泰美國道瓊正2","1202114","29514576","24.51","24.58","24.51","24.57","0.5500","136"
"00861","元大全球未來通訊","1248915","56878606","45.17","45.64","45.17","45.64","0.5300","397"
"00865B","國泰US短期公債","157085","7195642","45.88","45.88","45.74","45.74","-0.1600","102"
"00875","國泰網路資安","14161","457049","32.31","32.31","32.25","32.25","-0.0400","87"
"00876","元大全球5G","1165862","51525851","44.08","44.30","44.07","44.30","0.5000","709"
"00878","國泰永續高股息","26962972","661936383","24.39","24.66","24.39","24.58","0.2200","14537"
"00881","國泰台灣5G+","33984553","929699650","27.39","27.50","27.21","27.35","0.3200","9146"
"00882","中信中國高股息","23423157","276222927","11.77","11.84","11.75","11.78","0.0200","3216"
"00885","富邦越南","14260178","173324297","12.10","12.20","12.09","12.12","0.0200","2386"
"00891","中信關鍵半導體","7105630","149114146","20.85","21.05","20.84","21.04","0.3200","3059"
"00892","富邦台灣半導體","4481728","84603005","18.80","18.96","18.75","18.95","0.3500","1383"
"00893","國泰智能電動車","4553559","111806437","24.43","24.59","24.43","24.58","0.4700","1501"
"00894","中信小資高價30","1347410","31308425","23.03","23.33","23.00","23.27","0.3600","405"
"00895","富邦未來車","4000749","123371522","30.85","30.90","30.77","30.90","0.4700","1701"
"00896","中信綠能及電動車","982902","18922176","19.15","19.32","19.15","19.29","0.2200","534"
"00897","富邦基因免疫生技","2167116","17603959","8.11","8.16","8.11","8.14","0.0600","314"
"00898","國泰基因免疫革命","1411491","10092996","7.12","7.16","7.12","7.15","0.0700","241"
"00899","FT潔淨能源","183825","3119631","16.86","16.99","16.86","16.97","0.1200","185"
"00900","富邦特選高股息30","9096603","153026011","16.82","16.89","16.79","16.81","0.0300","4268"
"00901","永豐智能車供應鏈","705539","16116750","22.77","22.97","22.75","22.89","0.3400","267"
"00902","中信電池及儲能","3816722","36192332","9.37","9.56","9.37","9.54","0.1800","1023"
"00903","富邦元宇宙","2174024","33580879","15.36","15.47","15.36","15.45","0.2100","594"
"00904","新光臺灣半導體30","2225982","45616272","20.38","20.57","20.37","20.57","0.3700","579"
"00905","FT臺灣Smart","18738466","286737158","15.10","15.60","15.09","15.49","0.5800","4227"
"00907","永豐優息存股","2481825","41108744","16.51","16.63","16.50","16.52","0.0500","1722"
"00908","富邦入息REITs+","579645","7327025","12.63","12.66","12.62","12.64","0.1000","145"
"00909","國泰數位支付服務","1397959","37652154","26.99","26.99","26.86","26.91","-0.2300","1093"
"00910","第一金太空衛星","102062","1914723","18.76","18.81","18.75","18.81","0.0700","6"
"00911","兆豐洲際半導體","1179081","38474185","32.52","32.68","32.45","32.62","0.6100","496"
"00912","中信臺灣智慧50","2002684","41986123","20.79","21.04","20.79","20.96","0.3600","270"
"00913","兆豐台灣晶圓製造","581822","13981876","23.85","24.12","23.85","24.09","0.3400","91"
"00915","凱基優選高股息30","11349088","311956270","27.28","27.65","27.28","27.46","0.2300","4604"
"00916","國泰全球品牌50","199098","4697987","23.55","23.60","23.55","23.59","0.0900","291"
"00917","中信特選金融","575192","11560251","20.08","20.12","20.08","20.10","0.1100","234"
"00918","大華優利高填息30","16605849","424555573","25.55","25.66","25.48","25.48","-0.0100","4694"
"00919","群益台灣精選高息","63405749","1656315807","26.10","26.20","26.05","26.05","-0.0100","20884"
"00920","富邦ESG綠色電力","850209","12892085","15.05","15.21","15.05","15.21","0.2000","158"
"00921","兆豐龍頭等權重","2077468","40138150","19.28","19.36","19.25","19.30","0.0200","754"
"00922","國泰台灣領袖50","5201643","121815938","23.23","23.54","23.23","23.50","0.4000","1850"
"00923","群益台ESG低碳50","5700809","139123157","24.30","24.50","24.27","24.46","0.3600","2439"
"00924","復華S&P500成長","1257205","30040949","23.90","23.92","23.87","23.88","0.1900","632"
"00925","新光標普電動車","240247","4080016","16.99","17.00","16.98","16.98","0.1800","31"
"00926","凱基全球菁英55","868481","20359113","23.41","23.47","23.41","23.43","0.2100","170"
"00927","群益半導體收益","19202522","425349464","22.14","22.22","22.06","22.15","0.2000","4511"
"00929","復華台灣科技優息","76596703","1599022385","20.85","20.93","20.81","20.87","0.0800","22321"
"00930","永豐ESG低碳高息","1849394","39775796","21.39","21.57","21.39","21.48","0.0900","635"
"00932","兆豐永續高息等權","2064308","37911115","18.21","18.43","18.20","18.35","0.1500","586"
"00934","中信成長高股息","89987308","1885508701","20.91","21.00","20.87","20.98","0.1900","15047"
"00935","野村臺灣新科技50","11233359","275256513","24.33","24.61","24.33","24.56","0.4800","3210"
"00936","台新永續高息中小","30969323","570171437","18.39","18.45","18.37","18.39","0.0500","9319"
"00939","統一台灣高息動能","89107597","1338967938","14.96","15.05","14.95","15.04","0.0900","10951"
"00940","元大台灣價值高息","142347344","1469699583","10.31","10.35","10.30","10.31","0.0000","18986"
"00941","中信上游半導體","13802063","225131593","16.30","16.35","16.28","16.31","0.1700","3047"
"00943","兆豐電子高息等權","1998596","31485461","15.71","15.81","15.70","15.72","0.0300","263"
"00944","野村趨勢動能高息","7070035","109550075","15.40","15.57","15.37","15.51","0.1300","1288"
"00945B","凱基美國非投等債","17818564","272932245","15.33","15.33","15.31","15.31","0.0000","1917"
"00946","群益科技高息成長","20037032","216891994","10.84","10.87","10.79","10.79","0.0000","4413"
"00947","台新臺灣IC設計","13186657","211505611","15.88","16.11","15.88","16.04","0.2100","2098"
"00949","復華日本龍頭","13950273","218388880","15.67","15.70","15.63","15.68","0.1500","2254"
"01001T","土銀富邦R1","50001","710015","14.20","14.20","14.20","14.20","0.0000","2"
"01002T","土銀國泰R1","521119","8780144","16.80","16.85","16.80","16.85","0.0000","17"
"01004T","土銀富邦R2","100013","1251728","12.52","12.52","12.51","12.51","-0.0100","14"
"01007T","兆豐國泰R2","51012","856766","16.71","16.80","16.71","16.80","0.0800","7"
"01009T","王道圓滿R1","16000","124510","7.80","7.80","7.75","7.76","-0.0400","4"
"01010T","京城樂富R1","174000","1740350","10.01","10.01","10.00","10.01","-0.0200","28"
"020000","富邦特選蘋果N","1000","13650","13.65","13.65","13.65","13.65","0.1400","1"
"020011","統一微波高息20N","","","","","","","0.0000",""
"020012","富邦行動通訊N","1000","10460","10.46","10.46","10.46","10.46","0.0000","1"
"020015","統一MSCI美低波N","","","","","","","0.0000",""
"020016","統一MSCI美科技N","","","","","","","0.0000",""
"020018","統一價值成長30N","2000","51760","25.88","25.88","25.88","25.88","0.2300","2"
"020019","統一特選台灣5GN","5000","105700","21.14","21.14","21.14","21.14","0.0000","1"
"02001L","富邦蘋果正二N","371000","13365810","35.30","36.58","34.95","36.58","1.9900","87"
"02001R","富邦蘋果反一N","5000","6500","1.30","1.30","1.30","1.30","0.0000","2"
"02001S","策元大加權策略N","131000","1013940","7.74","7.74","7.74","7.74","0.0000","1"
"020020","元大台股領航N","55000","701680","12.70","12.80","12.70","12.79","0.1900","21"
"020028","元大特選電動車N","128000","1295580","10.10","10.14","10.08","10.12","0.0700","30"
"020029","元大ESG高股息N","146000","1373500","9.40","9.45","9.37","9.38","0.0100","19"
"020030","統一智慧電動車N","153000","1047430","6.83","6.87","6.83","6.85","0.0900","25"
"020031","統一IC設計臺灣N","10000","66200","6.60","6.64","6.60","6.62","0.0800","6"
"020032","元大綠能N","22000","151800","6.89","6.93","6.88","6.91","0.0700","14"
"020034","元大IC設計N","38000","333570","8.74","8.82","8.73","8.78","0.1100","21"
"020036","元大金融配息N","6000","41380","6.90","6.90","6.88","6.88","0.0000","2"
"020037","元大金融高股息N","6000","42540","7.08","7.12","7.08","7.10","0.1100","3"
"020038","元大ESG配息N","203000","1645520","8.08","8.15","8.08","8.08","0.0000","27"
"020039","元大加權N","109000","802270","7.35","7.40","7.32","7.37","0.1000","29"
"1101","台泥","21282673","721903356","34.15","34.30","33.65","34.05","0.2000","9306"
"1101B","台泥乙特","4239","199146","47.00","47.00","47.00","47.00","0.0000","10"
"1102","亞泥","10605630","475060151","44.45","45.05","44.30","45.05","0.6500","5546"
"1103","嘉泥","532796","9913829","18.65","18.70","18.55","18.70","0.0500","283"
"1104","環泥","1832442","66211419","36.50","36.50","35.85","36.25","0.4500","823"
"1108","幸福","1097904","18168550","16.60","16.60","16.50","16.50","-0.1000","464"
"1109","信大","649665","12862661","19.85","19.85","19.75","19.75","-0.1500","309"
"1110","東泥","1408237","30993547","21.10","22.50","21.00","22.10","1.0500","569"
"1201","味全","1007444","18635919","18.45","18.55","18.45","18.50","-0.1000","796"
"1203","味王","12191","636344","52.20","52.30","52.10","52.10","-0.1000","37"
"1210","大成","1200547","68790806","57.10","57.80","57.00","57.30","0.2000","1163"
"1213","大飲","110668","946785","8.30","8.87","8.30","8.80","0.5000","77"
"1215","卜蜂","654338","66383291","102.00","102.00","101.00","102.00","0.0000","1213"
"1216","統一","6357131","542831937","84.50","85.80","84.30","85.50","0.8000","4525"
"1217","愛之味","2536810","32310842","12.95","12.95","12.65","12.65","-0.2500","1081"
"1218","泰山","1424081","30250022","21.50","21.50","21.10","21.20","-0.3500","1057"
"1219","福壽","608043","11140666","18.35","18.40","18.30","18.30","-0.1000","420"
"1220","台榮","396041","6236083","15.65","16.00","15.55","15.75","0.0000","266"
"1225","福懋油","62691","8269866","134.50","134.50","130.50","132.00","-0.5000","71"
"1227","佳格","1193308","48819495","40.75","41.10","40.60","40.85","-0.2000","1001"
"1229","聯華","1505392","106228941","71.30","71.40","70.10","70.20","-0.4000","2480"
"1231","聯華食","280855","33004996","119.00","119.00","116.50","118.00","-0.5000","554"
"1232","大統益","57530","8479091","147.50","147.50","147.00","147.50","0.0000","142"
"1233","天仁","11167","374250","33.60","33.60","33.50","33.55","-0.0500","17"
"1234","黑松","152687","6557948","43.15","43.15","42.80","42.95","-0.2000","246"
"1235","興泰","6341","645700","102.50","102.50","101.50","102.00","0.5000","22"
"1236","宏亞","16071","403105","25.00","25.20","24.95","25.20","0.2000","44"
"1256","鮮活果汁-KY","16953","3266122","193.00","193.00","191.50","193.00","-1.0000","164"
"1301","台塑","10537387","596480049","57.00","57.00","56.30","57.00","0.5000","5749"
"1303","南亞","13961132","674317763","48.35","48.80","47.85","48.70","0.7000","6535"
"1304","台聚","2935195","46588761","15.65","16.05","15.55","15.95","0.3500","1302"
"1305","華夏","3446839","59405916","16.85","17.50","16.80","17.45","0.6000","1442"
"1307","三芳","726367","21964437","29.90","30.60","29.65","30.35","0.5500","418"
"1308","亞聚","1108720","19724322","17.60","18.00","17.50","17.85","0.2500","836"
"1309","台達化","6470921","118763548","17.65","18.90","17.40","18.90","1.4000","3109"
"1310","台苯","3667588","50868000","13.75","14.05","13.60","14.00","0.5500","1437"
"1312","國喬","4840391","69635470","14.40","14.50","14.20","14.45","0.2000","1388"
"1312A","國喬特","15000","352450","23.55","23.55","23.40","23.50","-0.0500","10"
"1313","聯成","1909557","23783409","12.45","12.55","12.35","12.55","0.1500","1083"
"1314","中石化","44870860","474902137","10.80","10.80","10.50","10.55","-0.3000","5425"
"1315","達新","13245","954928","72.10","72.10","72.00","72.10","0.1000","20"
"1316","上曜","29329462","616434422","20.05","21.45","20.00","21.45","1.9500","8843"
"1319","東陽","2615669","266487947","103.50","103.50","101.00","101.50","-2.0000","2818"
"1321","大洋","205545","7633199","36.80","37.50","36.75","37.05","0.2000","124"
"1323","永裕","32355","968231","29.95","29.95","29.90","29.95","0.0500","30"
"1324","地球","72482","1033319","14.45","14.45","14.15","14.30","-0.2000","105"
"1325","恆大","859638","26679737","31.55","31.70","30.65","31.05","-0.6500","547"
"1326","台化","12243080","579434750","47.50","47.70","46.85","47.70","0.6500","5252"
"1337","再生-KY","615412","4802768","7.93","7.93","7.72","7.78","-0.0900","493"
"1338","廣華-KY","229828","7465950","32.30","32.75","32.30","32.45","0.4500","157"
"1339","昭輝","205291","13158814","64.00","65.40","63.50","63.50","-1.1000","236"
"1340","勝悅-KY","646213","7520132","11.80","11.90","11.40","11.50","-0.3000","599"
"1341","富林-KY","10737","714395","66.40","66.40","66.00","66.10","-0.1000","20"
"1342","八貫","750172","85547839","115.50","115.50","113.00","113.50","-2.0000","593"
"1402","遠東新","14610800","550566395","36.90","38.20","36.75","38.00","1.0500","5235"
"1409","新纖","4075268","71410010","17.60","17.65","17.40","17.45","-0.1500","2238"
"1410","南染","81071","3014189","37.40","37.65","37.00","37.10","-0.2500","56"
"1413","宏洲","139315","1448597","10.45","10.60","10.35","10.40","-0.0500","56"
"1414","東和","518406","12565914","24.25","24.45","24.05","24.30","0.1000","344"
"1416","廣豐","448974","5565961","12.45","12.50","12.30","12.30","-0.1500","297"
"1417","嘉裕","202074","2336890","11.60","11.65","11.50","11.60","0.0000","236"
"1418","東華","339124","13750448","40.60","41.20","40.20","40.45","-1.0000","320"
"1419","新紡","23453","1117099","47.40","47.90","47.40","47.50","0.0000","55"
"1423","利華","153701","6823204","44.85","46.00","43.05","44.70","0.0000","305"
"1432","大魯閣","124692","2260995","18.20","18.25","18.05","18.10","-0.0500","400"
"1434","福懋","1017118","22887613","22.50","22.60","22.45","22.45","-0.0500","792"
"1435","中福","841","38639","","","","","0.0000","52"
"1436","華友聯","724999","144493519","203.00","203.00","196.00","201.50","1.0000","1911"
"1437","勤益控","214426","8165446","38.40","38.40","37.85","38.05","-0.1000","202"
"1438","三地開發","630514","41600091","63.60","67.90","63.60","64.80","1.8000","571"
"1439","雋揚","77431","2255345","29.60","29.60","28.80","28.80","0.0000","53"
"1440","南紡","1847479","32231500","17.45","17.70","17.30","17.45","0.0500","625"
"1441","大東","1466345","26818944","19.55","19.55","17.35","18.05","-0.3000","856"
"1442","名軒","2175441","142678325","65.40","66.60","64.40","65.80","0.0000","1904"
"1443","立益物流","109458","3479914","31.50","32.40","31.40","32.40","0.9000","57"
"1444","力麗","3409610","33710183","10.00","10.00","9.83","9.83","-0.1700","1428"
"1445","大宇","402985","7314455","18.35","18.35","18.05","18.15","-0.1000","218"
"1446","宏和","2133559","112733039","52.10","53.80","51.90","52.90","1.8000","1509"
"1447","力鵬","15122755","150764320","10.55","10.55","9.86","9.86","-1.0900","4048"
"1449","佳和","2046724","38262560","19.20","19.20","18.50","18.75","-0.3500","1056"
"1451","年興","129030","2588713","20.05","20.15","20.00","20.10","0.0000","174"
"1452","宏益","261495","4404591","16.85","17.00","16.80","17.00","0.0500","85"
"1453","大將","1986471","51279342","25.00","26.50","24.80","25.50","0.5000","1301"
"1454","台富","1328228","25217548","20.00","20.00","18.50","18.65","-1.3000","774"
"1455","集盛","1285720","17571243","13.75","13.75","13.55","13.60","-0.1500","508"
"1456","怡華","202297","4035448","20.50","20.50","19.80","20.10","-0.1500","129"
"1457","宜進","334660","7143259","21.35","21.45","21.20","21.45","0.1000","195"
"1459","聯發","76485","823846","10.90","10.90","10.65","10.65","-0.2000","95"
"1460","宏遠","585780","4885182","8.43","8.43","8.29","8.30","-0.0900","294"
"1463","強盛","237072","5217536","22.00","22.15","21.90","22.00","-0.1500","200"
"1464","得力","944347","13147544","14.05","14.10","13.75","13.80","-0.3000","604"
"1465","偉全","69665","1071369","15.45","15.50","15.30","15.30","-0.1000","89"
"1466","聚隆","89002","1132574","12.70","12.75","12.65","12.70","-0.0500","48"
"1467","南緯","938708","11393677","12.30","12.30","12.05","12.25","0.2000","428"
"1468","昶和","51020","772801","15.10","15.30","15.05","15.20","0.1000","37"
"1470","大統新創","4418","91403","20.75","20.75","20.65","20.65","0.0000","20"
"1471","首利","761963","12108903","16.20","16.20","15.80","16.00","0.1000","415"
"1472","三洋實業","73629","4930163","68.80","68.80","66.00","66.90","-1.7000","219"
"1473","台南","2002133","82541498","42.00","42.35","40.75","41.10","-0.8000","1161"
"1474","弘裕","685602","10081446","14.75","14.90","14.50","14.75","0.1500","300"
"1475","業旺","1698636","117298057","65.60","70.80","65.20","69.50","4.9000","1352"
"1476","儒鴻","802862","434814370","544.00","547.00","534.00","541.00","-6.0000","2588"
"1477","聚陽","1401828","594167444","419.50","427.00","418.00","423.00","4.5000","1201"
"1503","士電","14276097","4237906703","301.00","304.00","291.50","292.50","-5.5000","13842"
"1504","東元","14892494","769831585","52.50","52.60","51.30","51.30","-1.0000","10429"
"1506","正道","1985859","35924371","17.30","18.70","17.30","18.00","0.5000","882"
"1512","瑞利","84812","704117","8.28","8.40","8.22","8.40","0.1500","70"
"1513","中興電","72649640","16648003309","230.00","235.00","222.00","228.00","0.0000","54430"
"1514","亞力","50149549","8097271268","161.00","166.50","157.00","159.00","-1.0000","43365"
"1515","力山","1577028","72107150","45.60","46.35","45.20","45.50","0.4000","966"
"1516","川飛","1632403","41103399","25.50","26.05","24.25","24.50","-0.6500","1184"
"1517","利奇","413024","7165289","17.60","17.60","17.25","17.40","0.0500","276"
"1519","華城","8825043","8404259727","959.00","990.00","921.00","935.00","-10.0000","14587"
"1521","大億","25207","976840","38.75","39.05","38.70","38.80","0.0500","29"
"1522","堤維西","3163218","223643379","70.60","71.20","70.10","70.60","0.7000","2069"
"1522A","堤維西甲特","","","","","","","0.0000",""
"1524","耿鼎","4874378","160187999","33.80","33.80","32.10","32.75","-1.3500","3162"
"1525","江申","25366","1885516","73.90","74.90","73.90","74.30","-1.1000","41"
"1526","日馳","106596","3385695","31.50","32.00","31.50","31.80","0.4500","97"
"1527","鑽全","415403","18568295","44.65","44.95","44.35","44.80","0.4500","614"
"1528","恩德","3537893","52155004","14.85","15.10","14.60","14.65","-0.1500","1513"
"1529","樂事綠能","8652425","327066577","36.20","38.25","36.20","38.25","3.4500","3869"
"1530","亞崴","118285","3795987","32.30","32.30","31.95","32.00","-0.1500","248"
"1531","高林股","172402","2623392","15.30","15.30","15.10","15.10","-0.2000","189"
"1532","勤美","9525575","426164023","45.30","45.95","44.05","44.45","-2.2500","6118"
"1533","車王電","110162","5090755","46.05","46.55","46.00","46.20","0.1500","100"
"1535","中宇","248706","17359531","69.90","70.00","69.60","69.70","-0.5000","305"
"1536","和大","26273094","1911788373","71.90","74.90","70.50","71.60","0.4000","16530"
"1537","廣隆","283778","40821650","145.00","145.00","143.00","144.00","0.0000","279"
"1538","正峰","50199","1003201","19.90","20.35","19.50","20.35","0.4500","34"
"1539","巨庭","102581","2443761","23.95","23.95","23.75","23.75","-0.1500","124"
"1540","喬福","5453443","141516803","25.95","25.95","25.95","25.95","2.3500","1366"
"1541","錩泰","13059","415191","31.90","31.90","31.75","31.90","-0.1500","19"
"1558","伸興","90589","9142326","101.00","101.00","100.50","101.00","0.0000","120"
"1560","中砂","3289132","1183585328","359.00","367.00","354.00","354.00","0.0000","3813"
"1563","巧新","926071","66337228","72.00","72.30","71.30","71.40","-0.4000","622"
"1568","倉佑","666838","20991618","32.05","32.10","31.20","31.20","-0.6000","540"
"1582","信錦","947708","99732368","105.50","106.50","104.50","105.00","-0.5000","975"
"1583","程泰","118613","8369260","71.00","71.70","70.00","70.70","0.3000","76"
"1587","吉茂","483537","27787574","57.90","58.00","57.00","57.00","0.0000","461"
"1589","永冠-KY","463008","20863362","45.35","45.70","44.60","45.10","0.1000","475"
"1590","亞德客-KY","680723","670365614","996.00","996.00","978.00","988.00","3.0000","1125"
"1597","直得","7118936","639505646","85.70","93.20","82.70","89.20","4.4000","5080"
"1598","岱宇","537507","17540761","32.60","32.95","32.20","32.55","0.0000","338"
"1603","華電","1162120","52339141","44.95","45.45","44.85","44.85","-0.2500","750"
"1604","聲寶","307824","8759903","28.45","28.50","28.40","28.45","-0.0500","260"
"1605","華新","7443137","262985655","35.30","35.50","35.10","35.45","0.2000","3833"
"1608","華榮","9707966","382210849","39.50","39.85","39.05","39.35","0.1000","5184"
"1609","大亞","22328240","1226795256","55.70","56.00","54.30","54.30","-1.2000","16278"
"1611","中電","2404380","46902475","19.65","19.75","19.35","19.35","-0.2000","1303"
"1612","宏泰","3792463","142132532","38.10","38.20","37.10","37.25","-0.7500","2440"
"1614","三洋電","431049","18368727","42.70","43.05","42.40","42.55","-0.5000","257"
"1615","大山","612327","42922193","70.70","71.00","69.70","69.80","-1.2000","859"
"1616","億泰","5862647","151810000","26.50","26.80","25.40","25.40","-1.1000","3458"
"1617","榮星","2433427","61609264","25.55","25.80","25.05","25.15","-0.0500","1319"
"1618","合機","6976538","409796816","59.10","60.40","58.00","58.20","-0.8000","5072"
"1626","艾美特-KY","183884","2909273","15.90","16.00","15.75","15.80","-0.1000","482"
"1701","中化","792140","17640531","22.35","22.40","22.15","22.30","-0.1500","555"
"1702","南僑","780862","45081770","57.60","58.10","57.20","57.90","0.5000","638"
"1707","葡萄王","731578","109625914","150.50","151.00","149.00","149.50","-1.5000","1256"
"1708","東鹼","1213184","40573887","33.45","33.85","33.10","33.70","0.2500","888"
"1709","和益","1407739","32241118","22.60","23.15","22.55","22.80","0.0000","954"
"1710","東聯","2987472","52962655","17.65","17.85","17.50","17.75","0.1000","977"
"1711","永光","2484882","50002326","20.30","20.30","20.00","20.25","-0.0500","1191"
"1712","興農","936448","41333802","44.20","44.50","43.90","44.10","0.1000","855"
"1713","國化","198767","11784801","59.60","59.90","58.80","59.40","0.5000","132"
"1714","和桐","7327116","73928409","10.20","10.30","10.00","10.05","-0.2500","1530"
"1717","長興","1518336","48108566","31.85","31.90","31.55","31.65","-0.1500","876"
"1718","中纖","6670690","56909687","8.67","8.67","8.48","8.50","-0.1700","2167"
"1720","生達","641824","46497159","72.20","73.10","71.90","72.70","0.5000","658"
"1721","三晃","942482","14229438","15.20","15.20","14.95","15.10","-0.1000","539"
"1722","台肥","4493083","284867018","63.90","63.90","63.00","63.10","-0.9000","2539"
"1723","中碳","1768852","180584542","103.50","104.00","101.50","101.50","0.0000","1893"
"1725","元禎","314489","14891686","48.00","48.00","46.70","47.10","-0.4500","252"
"1726","永記","21065","1721577","82.00","82.70","81.30","81.60","0.1000","37"
"1727","中華化","934293","29636363","31.60","32.25","31.35","31.40","-0.3000","591"
"1730","花仙子","38211","2147739","56.20","56.40","56.10","56.30","0.0000","61"
"1731","美吾華","174132","4319240","24.80","24.90","24.75","24.75","-0.0500","139"
"1732","毛寶","176498","5188818","29.75","29.75","29.30","29.35","-0.4000","146"
"1733","五鼎","422372","14942781","36.10","36.10","35.05","35.20","-0.6500","457"
"1734","杏輝","501088","19136941","38.30","38.40","38.00","38.00","-0.0500","375"
"1735","日勝化","33888","615545","18.05","18.25","18.05","18.15","0.0000","43"
"1736","喬山","2660080","284117633","104.00","110.00","102.00","107.50","2.0000","3263"
"1737","臺鹽","99959","3383935","33.85","33.90","33.80","33.85","0.0000","141"
"1752","南光","943892","45319726","49.30","49.30","47.60","48.00","-1.7500","869"
"1760","寶齡富錦","322313","32004983","100.00","100.00","98.80","99.00","-0.3000","353"
"1762","中化生","630669","33324695","53.60","53.60","52.30","53.00","0.2000","534"
"1773","勝一","291702","45470947","158.00","158.50","154.50","155.50","-1.5000","369"
"1776","展宇","41210","738909","18.00","18.05","17.85","18.00","0.0000","28"
"1783","和康生","215308","9713635","45.35","45.35","44.65","45.00","-0.3500","189"
"1786","科妍","580798","69060713","120.00","121.00","118.00","118.00","-2.5000","683"
"1789","神隆","2110703","58412088","28.05","28.05","27.45","27.45","-0.6000","1183"
"1795","美時","13988377","3986743714","290.50","291.00","281.00","282.00","-18.5000","17995"
"1802","台玻","8763884","167959504","19.00","19.40","18.75","19.00","0.0000","3232"
"1805","寶徠","244639","4749705","19.50","19.60","19.20","19.50","0.0000","129"
"1806","冠軍","2594311","30410507","11.80","11.85","11.60","11.70","-0.5000","1327"
"1808","潤隆","2399102","277505277","114.00","117.00","114.00","115.00","0.5000","1948"
"1809","中釉","4935036","132876335","27.30","27.60","26.60","26.85","-0.3500","2882"
"1810","和成","524374","9613595","18.40","18.40","18.20","18.40","0.0000","351"
"1817","凱撒衛","133746","5325622","39.75","39.95","39.75","39.75","0.0000","123"
"1903","士紙","189762","11238668","59.10","59.60","58.60","59.60","0.6000","177"
"1904","正隆","1554216","44000822","28.50","28.50","28.25","28.30","-0.1500","1165"
"1905","華紙","1831266","39760014","21.75","21.85","21.55","21.80","0.1500","907"
"1906","寶隆","134780","2121191","15.85","15.85","15.65","15.70","-0.1500","289"
"1907","永豐餘","1913363","58628870","30.65","30.85","30.45","30.75","0.0000","806"
"1909","榮成","2171363","30338069","13.95","14.10","13.80","14.00","0.1500","841"
"2002","中鋼","20316860","468217184","23.05","23.10","23.00","23.05","0.0000","11524"
"2002A","中鋼特","5730","249995","43.60","43.70","43.50","43.70","0.0000","9"
"2006","東和鋼鐵","1064415","74604693","69.80","70.40","69.60","70.40","0.7000","1330"
"2007","燁興","786324","9125400","11.60","11.75","11.55","11.75","0.1500","327"
"2008","高興昌","392992","10208966","26.30","26.30","25.85","25.95","0.1500","278"
"2009","第一銅","2559869","127664219","50.40","50.60","49.40","50.40","0.5000","2003"
"2010","春源","561134","10597708","19.00","19.00","18.85","18.85","-0.0500","354"
"2012","春雨","144401","3625306","24.95","25.55","24.75","25.50","0.4500","145"
"2013","中鋼構","137890","7673006","56.30","56.30","55.40","55.40","-0.6000","206"
"2014","中鴻","3437291","73272029","21.40","21.45","21.25","21.35","0.0000","1610"
"2015","豐興","254568","20004242","78.10","79.00","77.70","79.00","0.9000","243"
"2017","官田鋼","1010647","14510116","14.45","14.60","14.20","14.30","-0.0500","549"
"2020","美亞","1740933","61001101","35.30","35.35","34.80","34.85","-0.8000","1261"
"2022","聚亨","952273","10425082","11.15","11.15","10.90","10.90","-0.2000","626"
"2023","燁輝","1193647","18318510","15.40","15.40","15.30","15.35","0.0000","679"
"2024","志聯","73578","1685919","21.55","23.10","21.55","22.70","-0.2500","64"
"2025","千興","1830650","21674592","11.85","12.05","11.65","11.85","0.0500","577"
"2027","大成鋼","4439569","161447846","36.40","36.50","36.25","36.50","-0.0500","3014"
"2028","威致","159935","4031165","25.40","25.40","25.05","25.35","-0.0500","130"
"2029","盛餘","608107","16904346","27.60","27.95","27.60","27.95","0.4000","221"
"2030","彰源","1045997","17835932","17.25","17.25","17.00","17.10","-0.1500","565"
"2031","新光鋼","1456987","87136489","60.30","60.60","59.60","59.80","-0.5000","1005"
"2032","新鋼","300238","4802010","16.10","16.10","15.95","16.00","-0.1000","191"
"2033","佳大","111021","1743986","15.60","15.90","15.50","15.80","0.2000","66"
"2034","允強","386300","9800460","25.35","25.45","25.30","25.40","0.0500","241"
"2038","海光","368023","7071399","19.35","19.35","19.15","19.15","-0.0500","207"
"2049","上銀","3664979","829128055","229.50","230.50","223.50","224.00","-3.0000","4042"
"2059","川湖","859022","1152823165","1400.00","1400.00","1300.00","1310.00","-55.0000","3794"
"2062","橋椿","245502","6841696","27.90","28.00","27.70","27.90","0.0000","178"
"2069","運錩","101788","1608661","15.75","15.95","15.65","15.90","0.0500","87"
"2101","南港","3959379","203364700","51.50","52.00","50.90","51.10","-0.4000","1959"
"2102","泰豐","849930","18454644","21.55","21.95","21.40","21.75","0.2500","505"
"2103","台橡","1464932","34139857","23.15","23.50","23.15","23.45","0.2500","623"
"2104","國際中橡","1716404","29885665","17.40","17.55","17.30","17.40","0.0500","650"
"2105","正新","4795550","224206777","46.15","47.05","46.00","46.65","0.5000","3248"
"2106","建大","725876","24188804","33.55","33.55","33.20","33.20","-0.4500","691"
"2107","厚生","634007","16417341","25.60","26.25","25.50","26.10","0.3500","433"
"2108","南帝","2364413","104166063","45.00","45.20","43.60","44.00","-0.3000","1788"
"2109","華豐","1082589","20752171","19.30","19.40","19.00","19.15","-0.1500","560"
"2114","鑫永銓","45775","4644830","101.50","101.50","101.00","101.50","0.0000","49"
"2115","六暉-KY","84738","2880197","34.15","34.15","33.85","33.90","-0.1000","133"
"2201","裕隆","4371797","283297793","64.00","65.40","63.70","64.60","0.7000","3495"
"2204","中華","5458007","719490038","130.00","134.50","128.50","131.50","1.5000","4155"
"2206","三陽工業","3928620","318067756","81.50","81.60","80.30","80.80","-0.9000","5791"
"2207","和泰車","252963","157441132","620.00","625.00","616.00","625.00","6.0000","391"
"2208","台船","1862161","32501045","17.45","17.50","17.35","17.45","-0.0500","2451"
"2211","長榮鋼","555186","74638066","135.00","135.50","133.00","135.00","0.0000","642"
"2227","裕日車","40640","5386736","133.50","133.50","132.00","133.00","-1.0000","169"
"2228","劍麟","1316582","139067356","108.00","108.50","104.00","105.00","-6.0000","1143"
"2231","為升","248009","29299770","117.50","119.00","117.00","118.00","0.5000","273"
"2233","宇隆","153273","21684075","141.00","142.00","141.00","141.00","0.5000","192"
"2236","百達-KY","2262438","229722980","100.00","105.00","97.30","102.00","-2.0000","1676"
"2239","英利-KY","164292","8403320","51.50","51.60","51.00","51.40","-0.8000","108"
"2241","艾姆勒","813710","31964625","39.40","39.75","39.05","39.10","-0.0500","716"
"2243","宏旭-KY","22083621","486641994","21.00","23.00","20.30","23.00","2.0500","8194"
"2247","汎德永業","158538","46686769","294.00","296.00","293.50","293.50","1.0000","434"
"2250","IKKA-KY","186442","19107771","103.00","103.50","102.00","102.00","-1.0000","225"
"2254","巨鎧精密-創","150000","12275600","82.50","82.80","80.50","81.80","0.1000","38"
"2258","鴻華先進-創","326060","15272240","46.75","47.20","46.20","46.70","0.6500","163"
"2301","光寶科","16578336","1825927867","110.00","111.50","109.00","109.50","0.5000","9952"
"2302","麗正","762762","14170821","18.80","18.85","18.40","18.70","0.2500","396"
"2303","聯電","60577056","3306284244","55.20","55.20","54.20","54.70","0.0000","24776"
"2305","全友","2070331","51578142","25.00","25.20","24.55","24.55","-0.1500","1168"
"2308","台達電","14961720","6427883662","420.50","435.00","416.50","434.00","13.5000","16956"
"2312","金寶","68403185","1709067623","24.35","25.85","23.95","25.85","2.3500","21497"
"2313","華通","68401165","6178699070","87.40","92.40","87.40","90.30","4.3000","37511"
"2314","台揚","1113098","36364491","32.90","32.90","32.35","32.60","-0.2500","700"
"2316","楠梓電","16344239","927280922","57.80","58.60","55.00","55.30","-5.6000","10835"
"2317","鴻海","66343277","14983144894","226.50","229.00","224.00","225.50","2.0000","44784"
"2321","東訊","5642","88871","16.30","16.30","15.35","15.80","0.0000","18"
"2323","中環","13367205","174958314","13.25","13.25","13.00","13.00","-0.1500","3351"
"2324","仁寶","22202486","783650207","35.50","35.60","34.75","35.30","0.4000","9253"
"2327","國巨","6364420","5022457731","770.00","811.00","767.00","797.00","33.0000","10550"
"2328","廣宇","5593410","225750875","40.75","41.05","39.90","40.00","-0.4500","3365"
"2329","華泰","4322047","241433462","55.70","56.50","55.40","55.80","0.5000","2771"
"2330","台積電","43240453","46279281905","1065.00","1080.00","1055.00","1080.00","35.0000","64987"
"2331","精英","2392767","79918822","33.50","33.65","33.20","33.30","0.0500","1611"
"2332","友訊","2725856","52249536","19.15","19.35","19.00","19.10","0.1000","1269"
"2337","旺宏","31995437","900069925","27.20","28.50","27.05","28.25","1.2000","13164"
"2338","光罩","16899786","1408823120","79.10","85.20","79.10","83.60","4.9000","11156"
"2340","台亞","4556359","198710714","43.55","44.45","42.90","43.45","0.0000","2383"
"2342","茂矽","841192","28279738","33.25","33.85","33.10","33.65","0.4500","765"
"2344","華邦電","20056526","512512583","25.50","25.85","25.15","25.80","0.4000","7306"
"2345","智邦","2270485","1311858798","576.00","583.00","573.00","578.00","3.0000","2087"
"2347","聯強","4537124","328222748","72.40","72.70","72.00","72.20","-0.2000","2763"
"2348","海悅","1213665","319477249","265.00","268.50","259.00","264.00","1.5000","8889"
"2348A","海悅甲特","6732","227988","33.85","33.90","33.85","33.90","0.1000","12"
"2349","錸德","33118016","546817282","17.10","17.10","16.10","16.20","0.0000","8531"
"2351","順德","6443141","876385501","129.50","138.00","128.00","136.50","8.5000","4626"
"2352","佳世達","7939104","304806257","38.30","38.65","38.00","38.55","0.5000","4649"
"2353","宏碁","45432107","2170730930","47.30","48.50","46.70","47.70","0.9000","23887"
"2354","鴻準","36443072","2682312942","74.50","74.80","72.70","73.00","-0.1000","22555"
"2355","敬鵬","8912990","436281571","49.60","49.65","48.50","48.75","-1.2000","6339"
"2356","英業達","117933890","6841829760","58.30","59.60","56.00","58.10","0.0000","50454"
"2357","華碩","5015992","2580404141","510.00","522.00","506.00","513.00","5.0000","5790"
"2359","所羅門","7232477","1206010172","167.00","171.00","163.00","163.00","-3.5000","6595"
"2360","致茂","3803800","1275570121","326.00","341.50","326.00","338.00","13.0000","3645"
"2362","藍天","24945761","1459060885","61.00","61.40","56.50","56.50","-0.7000","15104"
"2363","矽統","47950428","2983325968","63.00","63.80","60.40","60.90","-1.1000","25593"
"2364","倫飛","241470","21222657","89.50","89.50","86.30","88.40","-0.1000","464"
"2365","昆盈","96738389","5628153381","59.20","60.60","56.50","57.80","2.3000","50703"
"2367","燿華","44679686","1737720536","38.75","39.40","38.30","38.85","0.4000","19937"
"2368","金像電","7741523","1719376942","222.50","226.00","218.50","220.00","0.0000","6582"
"2369","菱生","2489768","58099041","23.35","23.65","23.20","23.20","-0.1000","1334"
"2371","大同","24444309","1395792968","57.90","58.10","56.30","56.50","-0.5000","13145"
"2373","震旦行","117964","8357262","71.00","71.20","70.60","70.90","-0.1000","268"
"2374","佳能","11205990","634308920","57.80","57.90","55.80","56.00","-0.4000","8112"
"2375","凱美","2760173","204353688","72.10","75.60","71.20","74.40","2.7000","2169"
"2376","技嘉","7727484","2440390683","318.50","318.50","314.00","314.00","-3.0000","8896"
"2377","微星","2043447","370574919","180.00","183.00","179.00","180.50","0.5000","1952"
"2379","瑞昱","3018312","1742151962","570.00","582.00","568.00","581.00","11.0000","3998"
"2380","虹光","349933","2440298","6.98","7.00","6.95","6.95","-0.0300","393"
"2382","廣達","24179767","8095744998","343.00","343.00","332.50","332.50","-8.5000","27941"
"2383","台光電","3128053","1588366283","514.00","517.00","500.00","500.00","-9.0000","4075"
"2385","群光","2657445","451259503","167.00","171.00","167.00","170.00","3.5000","2543"
"2387","精元","841011","47643787","56.70","57.00","56.20","56.90","0.4000","614"
"2388","威盛","13925042","1776638698","125.50","131.00","124.50","124.50","-2.0000","9031"
"2390","云辰","549551","7750569","14.35","14.35","13.95","13.95","-0.0500","425"
"2392","正崴","63780865","5865785291","91.00","95.40","88.30","89.60","-0.4000","39915"
"2393","億光","1855071","141867563","75.50","77.40","75.10","76.70","1.2000","1641"
"2395","研華","1250727","470633877","368.00","381.00","368.00","378.50","6.0000","1422"
"2397","友通","4613660","419815611","92.10","92.70","87.80","92.70","1.5000","2783"
"2399","映泰","1250612","28171109","22.50","22.70","22.30","22.55","0.2000","621"
"2401","凌陽","16799089","640559053","37.70","38.75","37.45","37.65","0.5000","8375"
"2402","毅嘉","10456531","396155157","37.70","38.30","36.90","38.10","0.9500","6053"
"2404","漢唐","4074278","1520265294","376.00","378.50","369.00","373.00","-3.5000","4577"
"2405","輔信","25655436","672190789","27.05","27.10","25.70","25.85","-0.8000","12097"
"2406","國碩","16930327","464650784","26.75","27.95","26.70","27.20","0.5500","7479"
"2408","南亞科","34717003","2426061879","71.50","71.90","68.00","70.10","-2.2000","18006"
"2409","友達","94828751","1790224027","18.55","19.10","18.40","18.90","0.2500","18267"
"2412","中華電","9233618","1095154664","118.50","119.00","118.00","118.50","0.0000","6393"
"2413","環科","272562","6676975","24.30","24.80","24.10","24.70","0.4500","182"
"2414","精技","320771","13275810","41.00","41.75","41.00","41.45","0.6000","440"
"2415","錩新","155881","4277503","27.35","27.70","27.30","27.35","0.0500","131"
"2417","圓剛","4671072","242651310","53.00","53.30","51.50","51.70","-1.1000","4321"
"2419","仲琦","1172695","37839188","32.55","32.60","32.05","32.20","0.0000","763"
"2420","新巨","1366023","92092879","69.00","69.50","66.50","66.80","-2.2000","1399"
"2421","建準","2909502","305902978","106.50","106.50","104.50","106.00","0.0000","2594"
"2423","固緯","290352","12180093","41.80","42.25","41.60","41.85","0.0000","208"
"2424","隴華","65966","2078984","30.75","32.00","30.75","31.30","0.8000","114"
"2425","承啟","1310331","47437679","37.10","37.10","35.90","36.00","-1.2500","986"
"2426","鼎元","752264","14726137","19.80","19.85","19.40","19.50","-0.2000","623"
"2427","三商電","4002298","129400085","32.60","32.75","32.10","32.40","-0.1000","2502"
"2428","興勤","704254","129936273","184.00","186.00","182.50","184.50","1.5000","1304"
"2429","銘旺科","371622","13513651","36.80","36.95","35.50","36.00","-1.0000","316"
"2430","燦坤","162925","5855358","35.75","36.45","35.60","36.05","0.1500","325"
"2431","聯昌","280052","3753648","13.40","13.60","13.30","13.35","-0.0500","153"
"2432","倚天酷碁-創","26020","969045","37.90","37.90","37.05","37.25","-0.7000","17"
"2433","互盛電","50777","2597245","51.40","51.40","51.10","51.20","-0.2000","91"
"2434","統懋","13183","446416","33.80","34.00","33.80","33.80","0.1000","13"
"2436","偉詮電","552460","33908148","61.20","61.80","61.00","61.60","0.6000","497"
"2438","翔耀","2545876","197130689","72.90","79.30","70.00","79.30","7.2000","2900"
"2439","美律","4611945","645296993","144.50","144.50","137.00","138.50","-3.5000","3639"
"2440","太空梭","1232338","22159864","18.60","18.60","17.65","18.00","-0.3500","783"
"2441","超豐","672631","42166616","62.60","63.00","62.30","62.60","0.2000","474"
"2442","新美齊","6221307","212688854","34.00","34.90","33.40","33.85","-0.1500","3395"
"2444","兆勁","1612410","24330087","15.05","15.40","14.50","15.35","0.3000","638"
"2449","京元電子","28612081","3811747773","136.50","136.50","130.00","131.00","-4.0000","17693"
"2450","神腦","211613","7973613","37.70","37.75","37.60","37.65","-0.1000","230"
"2451","創見","1607703","162390362","102.00","102.50","100.00","101.00","-1.0000","1497"
"2453","凌群","15738615","1113608256","68.30","72.30","68.10","69.20","0.0000","7969"
"2454","聯發科","5475812","7840672500","1435.00","1460.00","1415.00","1420.00","-15.0000","13291"
"2455","全新","7437616","1434939359","186.50","198.50","184.50","195.00","9.5000","16386"
"2457","飛宏","2177439","106648845","49.25","49.40","48.75","48.80","-0.4000","1912"
"2458","義隆","848151","128942171","153.00","153.00","151.50","151.50","0.0000","917"
"2459","敦吉","300188","23139614","76.60","77.40","76.40","77.20","0.6000","302"
"2460","建通","2227505","70693027","32.80","32.95","30.90","31.75","-1.0500","1239"
"2461","光群雷","972056","23575494","24.30","24.40","24.20","24.20","-0.2500","685"
"2462","良得電","478513","17284862","36.00","36.40","35.90","35.90","0.0000","309"
"2464","盟立","51252371","4740525851","94.90","96.60","89.50","89.60","-4.4000","34128"
"2465","麗臺","2147637","247404468","117.50","118.50","113.50","114.00","-3.0000","2090"
"2466","冠西電","11101","411159","37.20","37.20","36.90","36.90","-0.3000","11"
"2467","志聖","902106","184990170","208.00","208.00","202.00","204.50","0.5000","1183"
"2468","華經","590058","16157336","27.25","27.55","27.15","27.40","0.4000","372"
"2471","資通","901315","54330889","60.30","60.80","59.70","59.90","0.8000","860"
"2472","立隆電","6059344","539835947","87.50","90.90","87.10","88.70","1.7000","4756"
"2474","可成","1612224","355293838","219.00","223.00","217.50","221.50","2.5000","1579"
"2476","鉅祥","4087263","463797179","110.50","115.50","110.50","112.00","2.0000","2808"
"2477","美隆電","1816846","49399677","27.20","27.20","26.75","27.20","2.4500","809"
"2478","大毅","969739","52352024","52.20","55.00","52.00","54.60","2.6000","665"
"2480","敦陽科","233148","27236198","117.00","117.50","116.50","116.50","-0.5000","360"
"2481","強茂","14072542","898417629","62.80","65.00","62.00","64.40","1.6000","8582"
"2482","連宇","738441","29281109","40.35","40.35","39.25","39.50","-0.2500","592"
"2483","百容","231976","6201918","26.75","27.00","26.60","26.65","0.0000","189"
"2484","希華","507410","16528287","32.40","32.70","32.35","32.60","0.2500","334"
"2485","兆赫","1450493","31104045","21.30","21.60","21.25","21.40","0.1000","880"
"2486","一詮","1603630","218698360","133.00","138.00","133.00","138.00","5.5000","1063"
"2488","漢平","493442","23398505","47.20","47.70","47.20","47.30","0.0500","316"
"2489","瑞軒","73223058","1673001835","22.70","23.80","22.00","22.30","0.1000","29638"
"2491","吉祥全","141066","2237925","15.75","16.00","15.70","15.75","0.0000","148"
"2492","華新科","14386861","1802518190","120.00","130.00","118.00","127.00","8.0000","9861"
"2493","揚博","377520","35404594","93.30","94.60","92.70","94.10","2.4000","410"
"2495","普安","4865970","168381091","35.10","35.95","34.20","34.30","-0.5000","3132"
"2496","卓越","38652","2954334","76.60","76.60","76.20","76.50","0.3000","53"
"2497","怡利電","290588","17715097","61.50","61.50","60.60","60.60","-0.3000","383"
"2498","宏達電","4396347","207226274","47.40","47.75","46.70","46.70","-0.4500","2954"
"2501","國建","5402148","166913866","31.00","31.40","30.65","30.70","-0.4000","2789"
"2504","國產","5289174","232173019","44.60","44.60","43.50","44.20","-0.1000","2985"
"2505","國揚","488850","13574420","27.90","28.00","27.30","27.85","0.1500","493"
"2506","太設","1193728","14238954","12.05","12.10","11.80","11.85","-0.2000","534"
"2509","全坤建","2427354","60234519","24.50","25.00","24.45","24.80","0.6500","1403"
"2511","太子","3374269","41228913","12.10","12.30","12.05","12.25","0.1500","1096"
"2514","龍邦","2976742","75427639","25.55","25.90","24.20","25.70","-0.4000","1499"
"2515","中工","10059833","150209171","15.00","15.05","14.80","14.90","-0.0500","3608"
"2516","新建","1608620","20094523","12.40","12.70","12.35","12.40","0.0500","453"
"2520","冠德","10566839","617645279","58.20","59.80","57.30","57.70","0.1000","7473"
"2524","京城","3743050","236178082","62.00","64.50","59.70","64.50","5.8000","2499"
"2527","宏璟","922872","43219254","47.00","47.25","46.10","47.15","0.2500","878"
"2528","皇普","704975","32774290","47.00","47.00","45.85","46.15","-0.3000","377"
"2530","華建","3836680","206147671","53.80","54.30","52.70","54.00","1.0000","2498"
"2534","宏盛","5236460","144294140","27.25","28.00","27.00","27.85","0.9500","2171"
"2535","達欣工","280740","15767887","56.20","56.60","55.80","56.00","-0.1000","656"
"2536","宏普","531851","18191878","34.15","34.45","34.05","34.10","0.0000","245"
"2537","聯上發","35244766","835947661","23.20","24.35","23.10","23.45","1.1000","14753"
"2538","基泰","4163914","78898073","18.80","19.20","18.60","18.90","0.2000","1477"
"2539","櫻花建","1287205","99906922","77.00","78.50","76.90","77.20","0.2000","946"
"2540","愛山林","1646053","329772328","203.00","205.50","197.00","197.00","-4.5000","3221"
"2542","興富發","22199486","1340084329","59.10","61.60","58.60","60.00","0.6000","12480"
"2543","皇昌","9335317","552513819","59.40","60.40","58.10","59.30","0.1000","6385"
"2545","皇翔","3596870","225020464","61.50","63.60","61.00","63.50","2.1000","3867"
"2546","根基","161058","15351675","95.50","96.50","95.00","95.10","-0.4000","302"
"2547","日勝生","2849248","30751680","10.65","10.90","10.60","10.80","0.1500","880"
"2548","華固","3700208","561556988","148.00","154.50","148.00","152.00","3.0000","3503"
"2597","潤弘","1662669","329889446","185.50","205.00","185.50","198.00","11.0000","3156"
"2601","益航","1590762","12812222","8.08","8.10","8.02","8.04","-0.0300","679"
"2603","長榮","15316066","2708977063","178.50","179.00","176.00","176.00","-1.0000","11683"
"2605","新興","5098971","141810811","28.00","28.20","27.55","27.55","-0.2000","2808"
"2606","裕民","5520469","298772120","53.80","54.60","53.40","54.00","0.9000","3771"
"2607","榮運","4166094","131037492","31.15","31.95","31.05","31.40","0.9500","2086"
"2608","嘉里大榮","283385","11418720","40.40","40.40","40.20","40.35","-0.1500","273"
"2609","陽明","27007816","1768706928","66.00","66.30","65.10","65.10","0.0000","14619"
"2610","華航","59483935","1442248507","24.60","24.70","23.95","24.30","-0.3000","17362"
"2611","志信","1973447","53553811","27.55","27.55","26.90","27.25","0.0500","1350"
"2612","中航","508910","23085272","45.00","45.65","45.00","45.15","0.4000","417"
"2613","中櫃","770862","29493431","38.90","38.90","38.00","38.30","0.0500","850"
"2614","東森","744162","15485256","20.90","20.90","20.70","20.90","0.0000","915"
"2615","萬海","21455091","1656911491","78.10","78.50","76.50","77.30","1.2000","11496"
"2616","山隆","476364","11334652","23.95","23.95","23.65","23.85","-0.2500","768"
"2617","台航","1407920","52176455","37.20","37.25","36.85","37.05","0.0500","705"
"2618","長榮航","67118642","2367035385","35.80","35.90","35.00","35.10","-0.4500","25572"
"2630","亞航","1474559","53686374","37.00","37.05","36.15","36.25","-0.5500","1134"
"2633","台灣高鐵","3432185","104742633","30.40","30.60","30.35","30.55","0.0500","1241"
"2634","漢翔","3484514","180567719","52.10","52.20","51.60","51.60","-0.3000","2509"
"2636","台驊投控","518946","50099998","96.80","97.20","96.10","96.30","0.3000","558"
"2637","慧洋-KY","4162721","277101562","67.00","67.30","65.80","67.20","0.7000","3410"
"2642","宅配通","89776","3337947","37.20","37.30","37.10","37.15","-0.0500","320"
"2645","長榮航太","1701700","181652040","107.00","108.00","106.00","106.00","0.0000","1900"
"2701","萬企","237251","3114944","13.20","13.25","13.05","13.15","-0.1000","151"
"2702","華園","183362","3591661","19.75","19.85","19.50","19.55","-0.1000","434"
"2704","國賓","439357","31346703","72.00","72.40","70.70","71.50","0.1000","270"
"2705","六福","392795","7913355","20.25","20.25","20.00","20.20","0.0500","333"
"2706","第一店","163313","2552429","15.65","15.75","15.60","15.70","0.1000","246"
"2707","晶華","126496","26547539","210.50","211.00","209.00","209.50","-0.5000","256"
"2712","遠雄來","20726","617646","30.00","30.40","29.60","29.65","0.0000","21"
"2722","夏都","184335","10203556","56.00","56.20","55.00","55.10","-0.8000","171"
"2723","美食-KY","307522","26209382","85.50","85.50","85.00","85.30","0.1000","371"
"2727","王品","459976","101025805","221.50","221.50","218.50","219.00","-2.0000","917"
"2731","雄獅","2828637","452597212","161.50","162.00","158.50","159.00","-1.5000","2962"
"2739","寒舍","1138653","73477226","65.70","65.70","63.60","64.50","-0.9000","1574"
"2748","雲品","312815","21235104","68.30","68.30","67.50","67.70","-0.2000","338"
"2753","八方雲集","254919","41472314","163.50","164.00","162.00","162.50","0.0000","322"
"2762","世界健身-KY","152448","13138645","86.00","86.70","85.80","86.20","0.1000","261"
"2801","彰銀","25822833","486805514","18.80","19.00","18.75","18.75","0.0000","4617"
"2809","京城銀","2963046","185148250","63.80","63.80","61.80","62.40","-0.4000","2508"
"2812","台中銀","11061824","217369833","19.35","19.85","19.35","19.75","0.6000","4334"
"2816","旺旺保","1734992","63912873","36.40","37.30","35.85","36.70","0.7000","1207"
"2820","華票","1166921","17635243","15.10","15.15","15.05","15.15","0.0500","567"
"2832","台產","977768","28087622","28.35","28.95","28.35","28.70","0.4000","549"
"2834","臺企銀","22910889","425331975","18.55","18.70","18.40","18.55","0.1000","6029"
"2836","高雄銀","7577364","99815239","13.25","13.25","13.10","13.10","-0.1500","2482"
"2836A","高雄銀甲特","3031","63196","20.85","20.85","20.85","20.85","-0.1500","3"
"2838","聯邦銀","5507839","92051762","16.55","16.80","16.55","16.80","0.2500","1106"
"2838A","聯邦銀甲特","68476","3519685","51.50","51.50","51.30","51.40","-0.1000","36"
"2845","遠東銀","6837152","114848104","16.80","16.90","16.70","16.75","0.0000","2625"
"2849","安泰銀","95568","1453387","15.00","15.35","15.00","15.25","0.2500","87"
"2850","新產","503887","47165631","94.00","94.20","92.70","94.10","0.6000","595"
"2851","中再保","6560979","175416879","26.40","27.20","26.15","26.95","0.6500","2267"
"2852","第一保","549632","13601592","24.50","25.00","24.40","24.70","0.2000","269"
"2855","統一證","7687008","233851233","30.30","30.80","30.15","30.20","0.1500","3166"
"2867","三商壽","94968816","787663744","8.17","8.49","8.05","8.30","0.2000","16409"
"2880","華南金","14888778","409092933","27.20","27.70","27.10","27.50","0.3500","5183"
"2881","富邦金","49945697","4598365498","89.90","93.60","89.50","92.40","3.3000","40722"
"2881A","富邦特","134475","8539359","63.50","63.60","63.50","63.60","0.1000","56"
"2881B","富邦金乙特","12158","721702","59.40","59.40","59.30","59.40","0.0000","24"
"2881C","富邦金丙特","76897","4083035","53.30","53.30","53.00","53.10","-0.1000","173"
"2882","國泰金","75219430","4911615124","64.40","66.10","63.80","65.50","1.9000","36341"
"2882A","國泰特","64461","3883222","60.30","60.30","60.20","60.30","0.1000","44"
"2882B","國泰金乙特","94436","5438940","57.60","57.70","57.50","57.70","0.1000","41"
"2883","開發金","110053559","1859110837","16.65","17.20","16.60","16.80","0.1500","25384"
"2883B","開發金乙特","1616515","11897085","7.38","7.38","7.35","7.37","0.0000","324"
"2884","玉山金","26052358","775498644","29.60","29.95","29.55","29.85","0.2500","10213"
"2885","元大金","19070334","642650009","33.65","34.10","33.40","33.65","0.1000","7563"
"2886","兆豐金","21963656","921863053","42.00","42.40","41.75","41.75","0.1000","10232"
"2887","台新金","34068756","680280904","19.90","20.05","19.90","19.95","0.2000","8348"
"2887E","台新戊特","47554","2426843","51.00","51.10","51.00","51.10","0.0000","45"
"2887F","台新戊特二","100655","4603550","45.70","45.75","45.70","45.75","0.0500","35"
"2887Z1","台新己特","162314","2613047","16.15","16.15","16.05","16.10","0.0000","52"
"2888","新光金","363955157","4324936737","11.95","12.15","11.65","11.80","0.0000","47790"
"2888A","新光金甲特","63323","1999236","31.60","31.70","31.55","31.55","0.0000","44"
"2888B","新光金乙特","100923","3209209","32.00","32.00","31.75","31.80","0.0000","61"
"2889","國票金","22217779","381928594","17.10","17.35","17.05","17.10","0.0000","4839"
"2890","永豐金","11109274","294815846","26.35","26.80","26.20","26.55","0.1500","4707"
"2891","中信金","77250692","3143348645","40.80","41.70","40.20","40.25","-0.6000","25447"
"2891B","中信金乙特","24839","1508105","60.60","60.90","60.60","60.90","0.1000","48"
"2891C","中信金丙特","11932","696982","58.50","58.60","58.20","58.60","0.0000","45"
"2892","第一金","16275978","469413502","28.75","28.95","28.65","28.85","0.1000","4670"
"2897","王道銀行","14641684","160353641","10.90","11.05","10.85","10.90","-0.1000","1969"
"2897A","王道銀甲特","1310637","14127797","10.75","10.80","10.75","10.75","0.0000","119"
"2901","欣欣","32491","909249","28.40","28.40","27.70","28.15","-0.2500","86"
"2903","遠百","6422417","213005012","32.95","33.40","32.85","33.35","0.0500","2629"
"2904","匯僑","153030","2871202","18.55","19.00","18.55","18.85","0.0000","148"
"2905","三商","2760814","47907841","17.60","17.65","17.05","17.30","-0.4000","1315"
"2906","高林","1968280","44824253","22.25","23.20","22.00","22.70","1.0000","1129"
"2908","特力","288658","5961232","20.70","21.00","20.40","21.00","0.4000","199"
"2910","統領","5000","135750","27.05","27.45","27.00","27.00","0.0000","5"
"2911","麗嬰房","610292","5023077","8.08","8.50","7.99","8.10","0.0200","553"
"2912","統一超","994761","279257631","280.00","282.00","278.50","281.00","1.5000","1567"
"2913","農林","3783054","86391734","23.10","23.15","22.65","22.90","-0.0500","1797"
"2915","潤泰全","13689676","1027246862","73.50","77.00","73.50","75.30","2.7000","9619"
"2923","鼎固-KY","39688","1231956","31.80","31.80","30.50","30.60","0.0000","101"
"2929","淘帝-KY","683103","6847884","10.20","10.20","9.91","9.91","-0.2900","336"
"2939","凱羿-KY","13067","316508","24.30","24.35","24.00","24.30","0.0500","15"
"2945","三商家購","104063","4561689","44.70","45.00","43.05","43.65","-0.9500","95"
"3002","歐格","268439","4498378","17.00","17.00","16.60","16.85","0.0500","145"
"3003","健和興","415710","32063168","77.40","77.60","76.80","77.00","0.0000","818"
"3004","豐達科","148013","14825837","100.50","101.00","99.90","100.50","0.0000","155"
"3005","神基","3177703","353704280","112.00","112.50","110.50","111.00","0.0000","2726"
"3006","晶豪科","6516383","645798587","100.50","100.50","98.20","98.20","-1.7000","5137"
"3008","大立光","1631647","5190567145","3125.00","3225.00","3090.00","3200.00","90.0000","8600"
"3010","華立","2912304","437662600","146.00","153.00","146.00","149.50","4.5000","2480"
"3011","今皓","450871","12949452","29.20","29.20","28.45","28.90","0.0000","251"
"3013","晟銘電","51802791","5118384588","95.00","102.50","94.00","102.50","9.0000","33072"
"3014","聯陽","1124719","192258677","171.50","173.50","169.00","169.00","-2.5000","1127"
"3015","全漢","466002","28259246","60.40","61.00","60.30","60.70","0.4000","322"
"3016","嘉晶","6145550","435331229","67.90","73.00","67.00","71.50","4.2000","4757"
"3017","奇鋐","8470104","6079396196","733.00","737.00","708.00","714.00","-12.0000","14857"
"3018","隆銘綠能","81308","2060124","25.30","25.40","25.30","25.35","0.1500","183"
"3019","亞光","13927824","1209238462","83.00","88.80","83.00","88.80","8.0000","7483"
"3021","鴻名","487099","13006694","26.50","27.00","26.45","26.45","0.3500","388"
"3022","威強電","1037988","87280677","83.50","84.60","83.40","83.90","0.9000","846"
"3023","信邦","2284256","718899845","307.00","319.00","305.00","319.00","16.0000","3310"
"3024","憶聲","6263336","135236263","22.05","22.05","21.30","21.30","-0.9000","2301"
"3025","星通","1306422","94009799","72.80","73.30","71.30","71.40","-0.9000","1293"
"3026","禾伸堂","495421","45957452","92.70","93.80","91.60","93.10","0.4000","496"
"3027","盛達","1036592","41952745","40.80","40.95","40.15","40.20","-0.6000","697"
"3028","增你強","935238","33248136","35.60","35.70","35.45","35.70","0.2000","653"
"3029","零壹","5360820","618539177","117.50","119.50","111.50","113.00","-2.5000","5187"
"3030","德律","1342040","218477948","164.00","164.50","161.50","163.50","0.0000","1297"
"3031","佰鴻","716171","16897743","23.70","24.10","23.30","23.65","0.1500","560"
"3032","偉訓","692119","47564123","69.00","69.30","68.40","68.80","0.3000","536"
"3033","威健","10863201","440397254","40.55","41.25","40.05","40.10","0.3000","7182"
"3034","聯詠","4312476","2500740096","575.00","584.00","572.00","579.00","9.0000","6367"
"3035","智原","5638039","1945816370","349.00","350.50","342.00","342.50","-4.0000","6456"
"3036","文曄","3023130","366903187","121.00","122.50","119.50","121.50","1.5000","2522"
"3036A","文曄甲特","97272","4597904","47.20","47.30","47.20","47.20","0.0000","51"
"3037","欣興","67988604","12632884711","175.50","189.50","175.00","189.50","0.0000","39096"
"3038","全台","758100","22700108","30.15","30.15","29.85","29.85","-0.2500","572"
"3040","遠見","266409","8320435","31.70","31.85","30.95","31.00","-0.7000","710"
"3041","揚智","1869143","43386124","23.05","23.40","22.95","23.15","0.5500","1072"
"3042","晶技","4791364","564298350","116.00","120.00","115.00","117.50","3.0000","3144"
"3043","科風","358560","12754877","35.65","36.45","35.05","35.20","-0.4000","381"
"3044","健鼎","3042121","651684560","215.00","218.00","212.50","213.00","-0.5000","2577"
"3045","台灣大","9468388","957325232","102.00","102.00","100.50","101.00","-1.0000","5248"
"3046","建碁","143330","8873724","61.30","62.30","61.30","62.30","0.6000","193"
"3047","訊舟","101301740","4502821995","42.70","46.45","42.40","46.45","4.2000","48369"
"3048","益登","22169252","1137431016","52.50","53.20","49.80","50.10","-1.8000","12849"
"3049","精金","3449078","32467574","9.32","9.49","9.26","9.42","0.1800","1268"
"3050","鈺德","34005969","888947805","25.60","27.35","24.55","26.40","1.4500","14824"
"3051","力特","711740","22232985","31.55","31.55","31.05","31.25","0.1500","550"
"3052","夆典","1785968","23348808","13.20","13.20","13.00","13.05","-0.1500","537"
"3054","立萬利","25791","527666","20.70","21.00","20.20","20.45","-0.0500","28"
"3055","蔚華科","3488788","323097250","94.50","95.20","91.30","91.30","-2.2000","3758"
"3056","富華新","4212046","151347484","35.90","36.25","35.60","35.85","0.0500","2710"
"3057","喬鼎","858256","13667883","15.80","16.30","15.70","15.80","-0.2500","650"
"3058","立德","1644580","31968642","19.65","19.65","19.35","19.40","-0.1500","735"
"3059","華晶科","5366663","230115917","42.70","43.45","42.35","42.55","0.4500","3446"
"3060","銘異","4978133","168620974","33.75","34.75","33.10","33.65","0.0000","2684"
"3062","建漢","26642597","879068189","32.95","34.00","32.15","32.25","-0.1500","13172"
"3090","日電貿","817375","51866139","63.00","64.30","62.50","63.70","0.8000","548"
"3092","鴻碩","234013","7473677","31.95","32.25","31.65","32.15","0.3500","249"
"3094","聯傑","8147612","321186228","40.05","40.05","38.80","39.65","-0.5000","5080"
"3130","一零四","43706","9947860","226.00","228.50","226.00","228.50","3.5000","129"
"3138","耀登","219198","28275428","128.50","130.00","128.00","128.00","1.0000","266"
"3149","正達","2625562","80242501","29.85","31.30","29.85","30.50","0.5000","1549"
"3150","鈺寶-創","78358","3271865","41.90","42.50","41.00","42.50","0.5500","58"
"3164","景岳","65142","1544903","23.70","23.85","23.60","23.65","-0.2000","186"
"3167","大量","1328000","91382678","71.00","71.10","67.00","67.20","0.0000","1113"
"3168","眾福科","119483","7103381","59.30","60.30","58.70","60.30","1.6000","88"
"3189","景碩","32620723","3536846973","107.00","109.00","106.50","109.00","9.6000","15188"
"3209","全科","1101211","41628810","37.90","38.00","37.65","37.80","0.2500","1089"
"3229","晟鈦","1454307","42473869","30.45","30.45","28.65","28.95","-2.8500","1366"
"3231","緯創","24236333","2615011760","109.00","109.00","107.00","108.00","0.0000","14009"
"3257","虹冠電","228353","13344890","58.80","58.80","58.20","58.20","-0.3000","203"
"3266","昇陽","584781","14587203","24.75","25.20","24.50","24.95","0.0500","312"
"3296","勝德","1491589","43078905","28.80","29.60","28.45","28.45","-0.5000","976"
"3305","昇貿","2473113","191063970","76.30","78.10","75.80","76.60","0.0000","1734"
"3308","聯德","1626822","42552491","28.25","28.25","25.80","26.10","-2.5500","1187"
"3311","閎暉","117467","4585156","39.30","39.30","38.90","38.90","0.0000","132"
"3312","弘憶股","45949194","4903534158","107.00","110.50","101.50","108.00","3.5000","26915"
"3321","同泰","747068","17330027","23.20","23.45","23.00","23.00","-0.2000","400"
"3338","泰碩","2122932","184807948","88.30","88.30","86.30","86.30","-1.0000","2195"
"3346","麗清","5937658","270024416","44.55","46.30","44.35","45.35","0.8500","3957"
"3356","奇偶","4616910","320162055","70.70","70.90","68.50","70.30","-1.6000","3823"
"3376","新日興","8238489","1844931292","228.00","230.50","219.00","223.50","-2.5000","14385"
"3380","明泰","3211988","115036127","35.70","36.05","35.45","36.00","0.6500","1751"
"3406","玉晶光","3919206","2411080178","631.00","636.00","600.00","600.00","-25.0000","7026"
"3413","京鼎","2240503","857309182","389.00","391.50","376.50","377.00","-7.0000","2551"
"3416","融程電","495906","70644475","144.50","145.00","141.00","141.00","-4.5000","672"
"3419","譁裕","979718","19411647","20.05","20.20","19.70","19.75","-0.3000","594"
"3432","台端","229746","6236335","27.45","27.60","26.70","26.70","-0.7500","204"
"3437","榮創","2718895","79428564","28.90","29.65","28.75","28.95","0.3000","1627"
"3443","創意","2768428","4432000105","1630.00","1640.00","1575.00","1595.00","-10.0000","5519"
"3447","展達","93447","3152395","33.80","34.00","33.55","33.70","-0.2000","68"
"3450","聯鈞","43546847","6373189296","150.00","152.50","143.00","143.50","-1.5000","27481"
"3454","晶睿","299867","42361091","143.00","143.50","138.00","142.50","0.0000","283"
"3481","群創","118511641","1777569863","15.10","15.15","14.80","15.10","0.0000","21659"
"3494","誠研","260086","1849076","7.18","7.18","7.05","7.05","0.0500","113"
"3501","維熹","836533","62735683","74.20","75.70","74.00","74.60","0.4000","717"
"3504","揚明光","511965","32197975","62.00","63.50","62.00","62.50","0.6000","708"
"3515","華擎","826613","193190845","235.00","236.00","232.00","234.00","-2.5000","7702"
"3518","柏騰","277095","8142160","30.00","30.00","29.15","29.40","-0.2500","206"
"3528","安馳","117897","5900830","50.10","50.30","49.70","50.20","-0.4000","150"
"3530","晶相光","223234","22617151","102.00","102.00","100.00","102.00","1.5000","221"
"3532","台勝科","440967","80623339","184.50","184.50","182.00","182.50","-1.0000","2705"
"3533","嘉澤","1103835","1822405300","1675.00","1695.00","1605.00","1620.00","-15.0000","2408"
"3535","晶彩科","2999770","205484209","68.50","68.50","68.50","68.50","6.2000","1427"
"3543","州巧","179835","4033817","22.60","22.60","22.30","22.55","-0.1000","133"
"3545","敦泰","1249789","106530677","85.60","86.00","84.70","85.20","0.0000","982"
"3550","聯穎","306938","4916519","16.15","16.20","15.80","15.95","-0.1500","124"
"3557","嘉威","1615230","128187237","76.80","80.70","76.80","79.10","3.1000","1541"
"3563","牧德","924666","380750439","410.00","419.50","404.50","410.00","3.0000","1054"
"3576","聯合再生","21541670","303423360","14.00","14.35","13.85","13.90","-0.1000","7306"
"3583","辛耘","7069086","3095202900","447.00","453.00","427.00","438.00","4.0000","9448"
"3588","通嘉","442924","39354575","89.00","90.40","88.20","88.30","0.0000","417"
"3591","艾笛森","1892187","56923351","30.50","30.50","29.75","30.40","0.0500","1079"
"3592","瑞鼎","362609","147106890","405.50","408.50","404.00","404.50","0.5000","608"
"3593","力銘","4487712","93079331","20.80","21.65","19.30","21.65","1.9500","2450"
"3596","智易","1807307","295629757","164.00","164.50","162.50","162.50","-0.5000","1607"
"3605","宏致","1161906","56971733","49.90","50.00","48.30","48.50","-1.0500","1198"
"3607","谷崧","10194819","222451182","21.40","22.05","21.30","22.05","2.0000","4242"
"3617","碩天","537074","150728839","284.00","284.00","278.50","278.50","-2.5000","803"
"3622","洋華","1822543","129034084","71.00","71.80","70.20","70.20","-0.8000","1516"
"3645","達邁","1561670","71988867","46.30","46.55","45.60","46.00","0.2500","1003"
"3652","精聯","846658","38426918","44.60","47.00","44.60","46.00","0.0000","642"
"3653","健策","728861","951744250","1285.00","1330.00","1280.00","1285.00","20.0000","1158"
"3661","世芯-KY","4497703","12843827070","2835.00","2890.00","2810.00","2890.00","105.0000","18058"
"3665","貿聯-KY","7349730","2944198145","390.00","408.50","384.50","402.00","16.0000","7002"
"3669","圓展","338536","18156186","54.60","54.60","53.20","53.20","-1.2000","343"
"3673","TPK-KY","14636001","723380507","49.25","51.20","48.55","48.80","0.0000","7965"
"3679","新至陞","342230","46971220","134.50","139.50","133.50","137.00","4.0000","379"
"3686","達能","1948916","60336821","31.95","31.95","30.30","30.65","0.6500","1529"
"3694","海華","1166303","58900093","51.30","51.30","50.10","50.30","-1.0000","1176"
"3701","大眾控","716171","34827058","49.25","49.30","47.50","48.85","-0.3500","535"
"3702","大聯大","5488282","512555110","93.90","94.00","92.30","94.00","1.0000","4648"
"3702A","大聯大甲特","83374","4084433","49.00","49.00","48.95","49.00","0.0500","49"
"3703","欣陸","2827983","95518319","33.60","34.10","33.40","33.75","0.5500","2105"
"3704","合勤控","1048563","42147499","40.20","40.45","40.00","40.00","0.0000","724"
"3705","永信","299507","15412859","51.30","51.70","51.20","51.60","0.4000","256"
"3706","神達","52760274","2571729545","47.30","49.70","47.30","48.85","2.2500","29448"
"3708","上緯投控","13125357","1959160913","143.50","155.00","142.00","149.00","6.5000","9451"
"3711","日月光投控","26272926","4960863270","182.50","193.50","180.00","193.50","14.0000","18153"
"3712","永崴投控","14466880","931349304","60.80","65.60","60.50","65.60","5.9000","8262"
"3714","富采","1952002","88531329","45.30","45.80","44.70","45.50","0.5500","1264"
"3715","定穎投控","12189722","784857684","63.50","65.90","62.00","64.50","0.0000","7696"
"4104","佳醫","163376","14596573","89.60","89.60","89.20","89.30","-0.2000","485"
"4106","雃博","183260","5248345","28.75","28.75","28.55","28.60","-0.2500","273"
"4108","懷特","302542","6056649","20.00","20.10","19.95","20.05","0.0000","339"
"4119","旭富","195486","17902063","91.40","91.90","91.20","91.80","0.2000","430"
"4133","亞諾法","195495","6479454","33.25","33.25","33.05","33.25","-0.1000","274"
"4137","麗豐-KY","546423","81275444","151.50","151.50","147.00","147.50","-4.5000","821"
"4142","國光生","961015","27371865","28.65","28.80","28.30","28.40","-0.2000","720"
"4148","全宇生技-KY","37391","1785606","48.25","48.25","47.50","47.80","0.0000","101"
"4155","訊映","811102","20839900","25.30","25.95","25.30","25.90","0.8500","664"
"4164","承業醫","641873","32389801","50.60","50.70","50.30","50.30","-0.6000","545"
"4190","佐登-KY","92427","4717046","51.50","51.50","50.60","51.00","-1.0000","121"
"4306","炎洲","18844415","428688684","22.35","23.25","22.10","22.75","0.8500","7497"
"4414","如興","5907636","20470609","3.42","3.50","3.34","3.50","0.3100","1178"
"4426","利勤","347281","5629271","16.20","16.50","16.00","16.40","0.2000","291"
"4438","廣越","118655","13351222","112.50","113.50","112.00","113.50","1.0000","91"
"4439","冠星-KY","16567","1776321","108.00","108.00","106.50","107.00","-1.0000","26"
"4440","宜新實業","202470","5399942","25.95","26.95","25.95","26.70","0.6000","138"
"4526","東台","6288352","199759884","32.70","32.70","30.65","32.50","-1.0000","3807"
"4532","瑞智","3854283","111082637","29.25","29.25","28.60","28.75","-0.3500","2261"
"4536","拓凱","158055","30766712","196.00","196.00","193.00","194.50","0.5000","2968"
"4540","全球傳動","574554","20368109","35.40","36.15","34.80","35.45","0.5000","891"
"4545","銘鈺","2203521","122530344","56.50","58.70","53.70","54.20","-3.2000","1466"
"4551","智伸科","88632","9420099","107.00","107.00","106.00","106.50","0.5000","91"
"4552","力達-KY","220055","6234982","28.35","28.40","28.25","28.35","-0.1000","142"
"4555","氣立","217036","13041996","61.00","62.00","59.00","61.20","0.2000","206"
"4557","永新-KY","30987","3475325","112.50","112.50","111.50","112.00","-1.0000","57"
"4560","強信-KY","108034","4001158","37.15","37.15","36.95","36.95","-0.2500","141"
"4562","穎漢","3621313","245015613","70.50","70.50","66.50","66.50","-4.4000","3038"
"4564","元翎","578119","14168427","24.65","24.75","24.30","24.45","-0.1000","462"
"4566","時碩工業","23138363","2278924964","93.50","101.00","92.10","101.00","9.0000","12555"
"4569","六方科-KY","19113","1949426","102.00","102.00","102.00","102.00","0.0000","21"
"4571","鈞興-KY","844165","117154209","144.50","144.50","136.50","138.00","-4.0000","881"
"4572","駐龍","165648","26439022","160.00","161.50","158.00","159.50","0.0000","190"
"4576","大銀微系統","325319","26030401","81.00","81.10","79.30","79.30","-0.8000","324"
"4581","光隆精密-KY","28155","1775612","63.00","63.30","62.80","63.20","0.2000","48"
"4583","台灣精銳","120375","34432027","289.50","289.50","283.00","286.00","-3.5000","1448"
"4588","玖鼎電力","1259277","150769126","122.00","122.50","117.50","118.00","0.0000","1312"
"4720","德淵","1468601","32723343","22.60","22.60","22.05","22.50","0.1500","734"
"4722","國精化","565396","28936107","50.10","52.40","50.00","52.00","2.0500","448"
"4736","泰博","92329","15428711","168.00","168.00","166.50","167.00","-0.5000","196"
"4737","華廣","24286","1685095","69.00","69.90","69.00","69.60","0.5000","37"
"4739","康普","531296","37571894","71.00","71.60","69.70","71.30","0.5000","657"
"4746","台耀","976676","98626108","103.50","103.50","100.00","101.00","-2.0000","806"
"4755","三福化","228166","32827228","145.50","146.00","142.50","142.50","-2.0000","379"
"4763","材料-KY","863083","758488891","887.00","887.00","870.00","871.00","-5.0000","2676"
"4764","雙鍵","73970","3262463","45.25","45.25","42.95","44.35","-0.8500","108"
"4766","南寶","466815","157810660","340.50","344.00","334.00","337.50","-1.5000","694"
"4770","上品","222053","90366247","408.00","410.00","405.00","406.00","0.5000","360"
"4771","望隼","124651","34213224","280.50","280.50","272.00","272.00","-5.0000","331"
"4807","日成-KY","236962","4538668","18.10","19.45","18.10","19.45","1.7500","140"
"4904","遠傳","10481440","836980059","80.30","80.50","79.40","79.80","0.3000","6189"
"4906","正文","22080799","955675804","42.85","43.80","42.65","43.55","1.1000","11691"
"4912","聯德控股-KY","1064021","132004308","124.00","126.00","122.00","122.00","3.0000","878"
"4915","致伸","2865893","257721879","89.20","90.70","89.20","89.70","0.5000","2034"
"4916","事欣科","1396493","44537114","32.20","32.25","31.60","31.80","-1.2500","1020"
"4919","新唐","1256549","155551450","124.00","124.50","123.00","123.50","0.0000","1230"
"4927","泰鼎-KY","6670360","314251562","47.00","47.35","45.40","47.35","4.3000","2414"
"4930","燦星網","230378","7596861","33.00","33.20","32.90","32.90","0.0000","312"
"4934","太極","1179917","28122105","23.80","24.35","23.50","23.75","-0.0500","588"
"4935","茂林-KY","271200","16780459","62.40","62.80","61.30","62.00","-0.1000","175"
"4938","和碩","6260106","659409638","104.50","106.00","104.00","105.50","0.0000","3926"
"4942","嘉彰","254351","11961088","46.60","47.40","46.60","47.15","0.5000","170"
"4943","康控-KY","47602","971894","20.25","20.75","20.25","20.40","0.1000","58"
"4949","有成精密","255424","7856288","31.00","31.30","30.35","30.40","-0.7500","224"
"4952","凌通","1412624","92611148","64.70","66.60","63.90","65.40","1.1000","1174"
"4956","光鋐","6183031","173445289","27.35","28.70","27.05","28.15","1.2500","3088"
"4958","臻鼎-KY","45718376","7116249463","155.50","160.50","151.00","153.00","4.5000","21499"
"4960","誠美材","8162333","134733658","16.35","16.75","16.25","16.60","-0.0500","3271"
"4961","天鈺","1142337","300028658","261.00","264.00","260.00","262.50","4.5000","1396"
"4967","十銓","7088229","1036503930","148.50","149.50","144.00","144.00","-3.0000","5544"
"4968","立積","3797922","873514005","233.00","236.50","224.50","225.50","-5.0000","8355"
"4976","佳凌","5733941","313391018","54.00","56.00","53.50","53.60","0.1000","3893"
"4977","眾達-KY","1939089","162273285","83.00","84.50","82.00","83.70","1.2000","1690"
"4989","榮科","151249","3808667","25.40","25.40","25.10","25.30","0.1500","204"
"4994","傳奇","187002","20452093","111.50","111.50","108.00","108.00","-2.5000","239"
"4999","鑫禾","126581","4452296","35.25","35.30","35.05","35.25","0.0500","238"
"5007","三星","78982","4501657","56.90","57.20","56.90","57.00","0.2000","73"
"5203","訊連","312736","33849842","108.50","109.50","106.50","107.00","-1.5000","290"
"5215","科嘉-KY","117952","6090642","51.80","52.00","51.40","51.40","-0.9000","117"
"5222","全訊","644689","105840025","163.00","165.50","161.50","164.50","2.5000","690"
"5225","東科-KY","2537786","339713167","136.50","137.00","130.00","135.50","0.5000","2026"
"5234","達興材料","554569","81561302","148.50","149.00","146.00","146.50","-1.5000","603"
"5243","乙盛-KY","2130938","144749967","68.40","68.70","67.50","67.90","0.1000","1596"
"5244","弘凱","163373","7712417","47.85","47.85","46.85","47.00","-0.7000","102"
"5258","虹堡","2143422","278212262","130.50","131.50","127.00","131.00","-1.5000","1392"
"5269","祥碩","1447287","2855838205","1870.00","2020.00","1870.00","2020.00","90.0000","2992"
"5283","禾聯碩","208560","21602987","104.50","104.50","103.00","103.50","-1.0000","438"
"5284","jpp-KY","318028","39638091","126.50","126.50","123.50","124.00","-2.0000","356"
"5285","界霖","142850","9628587","67.30","67.80","67.00","67.10","0.1000","206"
"5288","豐祥-KY","39873","8580701","217.00","217.00","213.00","213.00","-2.0000","463"
"5292","華懋","1089495","188881930","165.00","177.00","164.50","174.00","0.0000","1233"
"5306","桂盟","406296","56376414","138.00","141.00","137.50","140.00","3.0000","431"
"5388","中磊","1627309","192113774","119.00","119.00","117.50","117.50","-0.5000","1572"
"5434","崇越","1447802","423519990","289.00","296.00","287.50","295.00","7.5000","3322"
"5469","瀚宇博","2250780","118822131","52.90","53.10","52.40","52.80","0.5000","1463"
"5471","松翰","549377","29497618","53.50","54.10","53.40","53.50","0.2000","425"
"5484","慧友","5198916","448272209","86.70","95.00","82.00","82.00","-4.7000","3554"
"5515","建國","2032068","47543548","23.50","23.70","23.15","23.55","-0.0500","1060"
"5519","隆大","2408039","119342425","49.30","50.30","48.30","49.50","0.2000","2290"
"5521","工信","2609213","32323604","12.40","12.55","12.20","12.35","0.1500","825"
"5522","遠雄","2964505","259462507","85.90","88.50","85.70","88.10","1.5000","3492"
"5525","順天","618983","24650973","39.10","41.30","38.55","40.05","1.4500","486"
"5531","鄉林","2828707","31110324","11.15","11.15","10.85","10.95","-0.1000","854"
"5533","皇鼎","351107","7861688","22.35","22.70","22.25","22.60","0.3000","225"
"5534","長虹","1633405","198531683","122.00","124.00","120.00","121.00","0.0000","1731"
"5538","東明-KY","36449","1132963","30.65","31.60","30.65","31.35","0.9500","80"
"5546","永固-KY","155444","4778605","31.25","31.35","30.40","30.70","-0.6000","76"
"5607","遠雄港","1822266","110999114","61.70","61.70","60.40","60.90","-0.8000","1846"
"5608","四維航","2033168","40747998","20.00","20.20","19.80","20.15","0.2500","1155"
"5706","鳳凰","1274912","92373213","74.50","74.50","71.50","71.70","-2.7000","1463"
"5871","中租-KY","13253335","2116739375","158.00","162.00","157.00","160.50","2.5000","8566"
"5871A","中租-KY甲特","66868","6542151","98.10","98.10","97.80","98.00","0.1000","32"
"5876","上海商銀","16205075","720816393","44.50","44.85","44.25","44.55","0.0500","5602"
"5880","合庫金","12416629","328168672","26.30","26.55","26.30","26.45","0.1500","3809"
"5906","台南-KY","1157","74021","64.10","64.10","64.10","64.10","-1.5000","34"
"5907","大洋-KY","141160","1389585","9.88","9.93","9.82","9.83","-0.0900","96"
"6005","群益證","15243914","383426414","25.30","25.40","25.05","25.05","-0.1500","3828"
"6024","群益期","261606","15090245","57.30","57.90","57.30","57.80","0.5000","264"
"6108","競國","696481","14121848","20.50","20.55","20.05","20.10","-0.4500","408"
"6112","邁達特","3027579","214183190","69.60","72.00","69.60","70.20","1.0000","2800"
"6115","鎰勝","323509","17458251","54.20","54.30","53.70","54.20","0.0000","314"
"6116","彩晶","9833797","96255184","9.80","9.84","9.74","9.81","-0.0100","3032"
"6117","迎廣","3648639","430038857","121.00","121.00","116.50","118.00","-4.0000","3055"
"6120","達運","3077797","48959359","15.90","16.10","15.80","15.85","0.0000","983"
"6128","上福","157610","5964159","37.75","37.90","37.70","37.85","0.0500","120"
"6133","金橋","4044822","94414706","23.95","23.95","22.60","23.45","-0.5500","2275"
"6136","富爾特","200741","4611393","22.90","23.05","22.80","22.95","0.1000","126"
"6139","亞翔","8852815","2221189309","256.00","260.50","245.00","246.00","-6.0000","10464"
"6141","柏承","231276","4015244","17.40","17.75","17.15","17.35","-0.2500","140"
"6142","友勁","2089300","23399565","11.45","11.45","11.00","11.30","-0.2500","758"
"6152","百一","5476486","102703789","18.70","19.50","18.10","18.75","0.1000","2647"
"6153","嘉聯益","8259507","200270580","24.25","24.65","23.70","24.30","0.3000","4088"
"6155","鈞寶","562851","16360753","29.10","29.40","28.80","29.30","0.3000","273"
"6164","華興","1567050","25421973","16.25","16.50","16.10","16.15","-0.1500","709"
"6165","浪凡","509412","19406098","38.40","38.60","37.80","37.90","-0.4500","381"
"6166","凌華","1395219","112514734","80.10","81.60","79.40","80.30","0.0000","1189"
"6168","宏齊","546151","13310768","24.40","24.50","24.25","24.40","0.2000","312"
"6176","瑞儀","1813572","335930513","186.00","186.50","184.00","186.00","0.0000","1733"
"6177","達麗","8085248","521058063","65.00","66.00","63.10","63.70","-0.5000","7974"
"6183","關貿","51353","3849786","74.90","75.00","74.90","74.90","0.0000","45"
"6184","大豐電","23837","1271823","53.50","53.50","53.30","53.40","-0.1000","50"
"6189","豐藝","3536513","335811931","95.10","96.10","94.00","94.30","-0.4000","2919"
"6191","精成科","3050126","206970219","68.20","68.90","67.40","67.40","-0.2000","2359"
"6192","巨路","828951","98534873","122.50","123.00","115.00","118.50","-6.0000","873"
"6196","帆宣","1377388","237936506","175.50","175.50","171.00","171.50","-2.5000","1624"
"6197","佳必琪","1762432","304904890","174.50","175.50","171.50","173.00","0.0000","2546"
"6201","亞弘電","67807","4374097","64.20","64.90","64.20","64.40","0.2000","69"
"6202","盛群","1195439","74819893","61.90","63.60","61.60","63.00","1.2000","1014"
"6205","詮欣","888665","67941044","77.80","77.80","75.60","75.70","-1.5000","540"
"6206","飛捷","583535","54304405","93.20","94.20","92.60","92.60","-0.6000","640"
"6209","今國光","2717834","82753935","29.80","31.20","29.50","30.55","0.8000","1780"
"6213","聯茂","6911947","799636200","115.50","117.50","114.00","115.00","0.0000","4569"
"6214","精誠","1037913","130001317","123.50","126.00","123.00","125.50","2.0000","1157"
"6215","和椿","4429501","280575390","64.50","65.00","62.50","62.80","-0.5000","3668"
"6216","居易","3173315","154240235","48.65","49.55","47.50","48.85","-0.9000","2442"
"6224","聚鼎","244275","13353495","54.40","55.00","54.40","54.50","-0.4000","523"
"6225","天瀚","29197","465838","15.80","16.30","15.60","15.70","-0.6500","23"
"6226","光鼎","719205","8185484","11.50","11.65","11.30","11.40","-0.1000","268"
"6230","尼得科超眾","344223","109702085","324.00","327.00","314.00","314.00","-9.5000","2168"
"6235","華孚","3047546","280074133","94.80","94.90","90.80","90.90","-3.0000","2911"
"6239","力成","3515208","689313732","200.00","200.00","194.50","194.50","-3.5000","8739"
"6243","迅杰","157253","9151211","58.20","58.60","57.80","58.40","0.3000","170"
"6257","矽格","8039469","656617478","80.80","82.40","80.40","82.30","2.3000","5361"
"6269","台郡","5379657","489287914","88.90","91.90","88.90","91.30","2.7000","3369"
"6271","同欣電","5965992","946925304","155.00","162.00","154.00","159.50","4.5000","5741"
"6277","宏正","95921","7772384","80.60","81.40","80.60","81.20","1.0000","113"
"6278","台表科","11840378","1551141886","127.00","136.00","125.50","130.50","0.0000","5666"
"6281","全國電","54501","4582989","84.10","84.10","84.00","84.10","-0.2000","84"
"6282","康舒","21872105","877755096","41.35","41.45","39.40","39.45","0.2500","11683"
"6283","淳安","850398","25108464","30.30","30.30","29.20","29.30","-1.0000","607"
"6285","啟碁","2110226","313634298","148.00","150.00","147.00","148.00","0.5000","2004"
"6288","聯嘉","1376933","41993591","30.75","30.80","30.35","30.45","-0.1000","618"
"6405","悅城","272899","7478845","27.45","28.00","27.10","27.40","0.5000","215"
"6409","旭隼","106341","209845835","1985.00","1990.00","1960.00","1965.00","-35.0000","266"
"6412","群電","599587","83588343","139.50","141.50","138.50","139.00","0.0000","533"
"6414","樺漢","1537278","527873638","346.00","348.00","340.00","341.50","-4.0000","1922"
"6415","矽力*-KY","4312718","1942912396","436.00","460.00","434.50","451.50","21.5000","4606"
"6416","瑞祺電通","1110247","167137937","149.50","152.50","148.00","151.00","3.5000","960"
"6423","億而得-創","34152","3308520","98.40","98.40","96.50","97.00","-0.5000","30"
"6426","統新","507379","36592712","72.50","73.50","70.80","71.20","-1.7000","443"
"6431","光麗-KY","323226","5149568","16.00","16.35","15.80","15.80","-0.3500","177"
"6438","迅得","3746975","484273655","129.00","131.00","127.00","129.00","2.0000","2786"
"6442","光聖","2559124","1196954532","470.00","475.00","456.00","475.00","43.0000","2355"
"6443","元晶","19904278","627961158","30.85","32.05","30.75","31.25","0.4000","9971"
"6446","藥華藥","2036010","1186798891","582.00","587.00","577.00","584.00","6.0000","3140"
"6449","鈺邦","7023619","1180331062","165.00","172.50","162.50","168.00","5.5000","5282"
"6451","訊芯-KY","12434391","3369038764","268.50","279.50","261.50","269.00","11.0000","12150"
"6456","GIS-KY","1900768","138150185","72.80","73.40","72.00","72.10","-1.1000","1823"
"6464","台數科","64150","5441060","84.90","85.00","84.60","84.90","0.3000","40"
"6472","保瑞","1295481","1113558164","870.00","871.00","855.00","855.00","-11.0000","3246"
"6477","安集","4627624","213652133","45.40","47.30","45.10","45.45","0.0000","3230"
"6491","晶碩","741244","325932146","437.00","443.50","434.50","440.50","5.0000","1106"
"6504","南六","89440","6356268","71.10","71.80","70.70","70.70","-0.6000","90"
"6505","台塑化","3500674","222811694","63.80","64.00","63.50","63.70","0.0000","2568"
"6515","穎崴","367960","390096310","1080.00","1085.00","1045.00","1045.00","-15.0000","663"
"6525","捷敏-KY","187235","13116202","70.20","70.50","69.50","70.40","0.3000","677"
"6526","達發","1800608","1314646763","753.00","753.00","721.00","721.00","-20.0000","4901"
"6531","愛普*","2733392","1057311793","394.00","396.00","382.50","382.50","-8.0000","4048"
"6533","晶心科","1076520","450646843","421.50","424.00","416.00","416.00","-13.5000","2029"
"6534","正瀚-創","145130","11684191","81.20","81.20","80.00","81.00","-1.0000","105"
"6541","泰福-KY","480444","33962093","69.50","71.80","69.50","70.50","-2.4000","472"
"6550","北極星藥業-KY","1335945","94192825","71.00","71.00","70.10","70.10","-0.6000","1162"
"6552","易華電","530502","27563951","52.00","52.60","51.40","52.20","-0.1000","542"
"6558","興能高","183509","4945600","27.35","27.35","26.60","27.00","0.0500","236"
"6573","虹揚-KY","652260","10683214","16.35","16.80","15.85","16.00","-1.3000","413"
"6579","研揚","412889","73798961","180.50","181.00","177.50","178.50","-1.5000","508"
"6581","鋼聯","72299","8086379","112.50","113.50","111.00","112.00","0.0000","78"
"6582","申豐","368643","25749243","70.90","71.50","68.80","70.40","0.9000","612"
"6585","鼎基","483760","83734798","176.00","176.00","171.00","174.00","-1.0000","582"
"6591","動力-KY","281573","15477390","55.00","55.60","54.50","54.80","0.1000","209"
"6592","和潤企業","1143969","135776292","117.50","120.00","117.00","119.50","2.0000","1021"
"6592A","和潤企業甲特","4168","414173","99.40","99.40","99.40","99.40","0.0000","8"
"6592B","和潤企業乙特","8121","779612","96.00","96.00","96.00","96.00","0.0000","25"
"6598","ABC-KY","479859","13942276","30.20","30.20","28.70","28.90","-0.1500","330"
"6605","帝寶","2225736","567724874","243.00","260.00","243.00","252.50","14.0000","2184"
"6606","建德工業","246918","6566245","26.55","26.85","26.50","26.65","-0.1000","153"
"6625","必應","1104494","106010011","98.00","98.00","92.70","97.30","-5.7000","1802"
"6641","基士德-KY","8350","348204","42.00","42.00","41.55","41.60","-0.4000","15"
"6645","金萬林-創","60303","2236044","38.20","38.20","36.80","37.10","0.0000","49"
"6655","科定","10005","1280140","128.00","128.00","127.50","128.00","0.0000","10"
"6657","華安","67606","3649528","54.70","54.70","53.80","54.00","-0.8000","70"
"6658","聯策","1017164","70810775","72.00","72.00","68.00","68.60","-4.1000","813"
"6666","羅麗芬-KY","79085","5054342","62.50","64.70","62.50","64.30","2.2000","95"
"6668","中揚光","808142","50103814","62.20","63.00","61.30","61.80","-0.5000","812"
"6669","緯穎","2806975","7170154060","2580.00","2590.00","2520.00","2525.00","-95.0000","11988"
"6670","復盛應用","518435","155519272","300.50","302.00","297.00","298.50","-0.5000","2850"
"6671","三能-KY","40396","1901380","47.10","47.25","47.00","47.05","0.0500","25"
"6672","騰輝電子-KY","295668","22774491","77.50","77.50","76.70","76.80","-0.6000","312"
"6674","鋐寶科技","29368","778704","26.20","26.95","26.20","26.65","0.6000","61"
"6689","伊雲谷","4031873","464760063","108.00","119.00","108.00","118.00","9.5000","3612"
"6691","洋基工程","246020","110607023","449.00","457.50","447.00","447.00","-3.0000","1222"
"6695","芯鼎","1989342","140942815","70.20","72.40","70.00","70.10","-1.7000","1533"
"6698","旭暉應材","881840","44510218","52.50","52.50","49.75","49.75","-2.0500","836"
"6706","惠特","13695805","1767017392","131.00","137.00","122.00","122.00","-13.5000","10351"
"6715","嘉基","210979","40105794","192.50","193.00","188.50","189.00","-2.0000","876"
"6719","力智","960258","275766961","285.00","289.50","283.00","288.50","6.0000","1074"
"6742","澤米","819337","61248217","72.80","76.30","72.40","74.20","1.8000","659"
"6743","安普新","4014985","277568374","66.00","71.00","66.00","70.50","5.8000","2773"
"6753","龍德造船","3471498","485609737","142.50","143.50","138.00","139.00","-6.0000","3830"
"6754","匯僑設計","177750","11264834","63.30","64.00","62.90","63.30","0.0000","203"
"6756","威鋒電子","141533","28017491","197.00","199.50","197.00","197.50","0.5000","210"
"6757","台灣虎航-創","3230749","227339844","74.60","74.70","66.60","70.00","-4.0000","1589"
"6768","志強-KY","271481","23285753","85.00","86.70","84.50","86.00","1.0000","602"
"6770","力積電","15203057","404935939","26.50","26.85","26.30","26.65","0.5000","6470"
"6771","平和環保-創","42060","2858468","68.10","68.50","67.60","67.70","-0.8000","40"
"6776","展碁國際","139707","8691138","62.00","62.70","61.60","62.30","0.9000","140"
"6781","AES-KY","114168","68467741","602.00","604.00","596.00","598.00","-3.0000","448"
"6782","視陽","1284160","373980118","287.50","297.00","283.50","292.50","6.5000","2396"
"6789","采鈺","4314675","1610717719","375.50","379.00","368.00","374.50","5.0000","4393"
"6790","永豐實","2059024","113971113","54.90","56.20","54.50","55.70","1.3000","1138"
"6792","詠業","29691","2333284","78.10","79.70","78.10","78.30","0.1000","42"
"6794","向榮生技-創","18000","1442900","80.00","81.70","79.50","81.30","1.4000","16"
"6796","晉弘","291460","28891021","98.20","100.50","97.20","100.00","4.0000","396"
"6799","來頡","231354","34461384","150.50","150.50","148.00","149.00","0.0000","307"
"6805","富世達","1283432","978230216","777.00","777.00","751.00","752.00","-15.0000","2853"
"6806","森崴能源","35741350","6587236738","181.00","192.00","177.00","181.50","3.5000","62657"
"6807","峰源-KY","450442","26243186","59.60","61.00","57.60","58.00","-1.6000","968"
"6830","汎銓","276983","39654704","141.00","144.50","141.00","143.00","0.0000","230"
"6834","天二科技","5067690","245600873","46.05","50.00","46.00","48.50","2.6500","3419"
"6835","圓裕","250175","12880023","52.00","52.40","50.80","51.60","0.1000","190"
"6854","錼創科技-KY創","62050","4602500","74.40","74.40","74.00","74.00","-0.4000","46"
"6861","睿生光電","98026","7765372","80.60","80.60","78.50","78.60","-1.5000","138"
"6863","永道-KY","843333","201206029","236.00","244.00","234.50","235.00","-1.5000","3121"
"6869","雲豹能源","1092291","286182173","256.00","266.00","256.00","259.50","-4.5000","1541"
"6873","泓德能源-創","877420","209773040","243.50","247.50","231.50","237.00","-1.0000","638"
"6890","來億-KY","996684","296963809","308.00","308.00","290.00","294.00","-9.0000","1469"
"6901","鑽石投資","3809512","167355396","44.10","44.30","43.30","43.55","-0.2000","1565"
"6902","走著瞧-創","3000","454500","152.00","152.00","150.50","150.50","-1.5000","3"
"6906","現觀科","86972","13636091","158.50","160.50","155.50","156.00","-2.0000","244"
"6914","阜爾運通","246547","36696219","151.50","151.50","147.00","149.50","-2.0000","575"
"6916","華凌","59569","1627187","27.45","27.45","27.15","27.35","-0.1000","63"
"6928","攸泰科技","172981","14114476","82.70","82.70","81.00","81.20","-1.5000","278"
"6933","AMAX-KY","430943","141367181","339.00","339.00","325.00","325.00","-9.5000","1104"
"6937","天虹","2637006","851767578","334.00","336.00","306.00","310.00","4.0000","3208"
"6949","沛爾生醫-創","19000","2459000","129.50","130.00","129.00","130.00","1.0000","14"
"6951","青新-創","103403","5591080","53.70","54.90","53.50","54.30","1.0000","75"
"6952","大武山","76315","3832053","50.70","50.70","50.10","50.50","0.2000","81"
"6957","裕慶-KY","468178","103751831","219.50","225.50","218.00","219.00","3.0000","584"
"8011","台通","23908652","656250570","26.40","28.30","25.95","27.00","1.1000","10806"
"8016","矽創","347776","87766246","253.00","253.50","251.00","253.00","2.0000","482"
"8021","尖點","6831880","246108452","34.75","37.20","34.20","35.95","1.7000","4484"
"8028","昇陽半導體","43520712","5474256223","126.00","130.50","121.50","125.00","2.0000","27304"
"8033","雷虎","1413874","97610853","69.00","70.20","68.50","68.50","-0.3000","1352"
"8039","台虹","2499602","153160199","60.80","61.90","60.40","61.50","0.9000","2041"
"8046","南電","11798253","2177017816","178.50","187.50","178.00","186.50","10.0000","9783"
"8070","長華*","4034494","183177902","44.50","46.30","44.40","45.10","0.8000","2418"
"8072","陞泰","369442","11127562","30.05","30.40","29.65","30.40","0.3500","248"
"8081","致新","472071","130521739","274.50","278.50","274.00","278.50","2.0000","563"
"8101","華冠","131660","466961","3.46","3.60","3.46","3.55","0.0700","76"
"8103","瀚荃","10083278","730644120","71.50","75.00","70.40","71.20","2.6000","7246"
"8104","錸寶","2129553","112517515","53.90","53.90","51.90","52.00","0.9000","1520"
"8105","凌巨","13720368","250837630","18.20","18.65","17.80","18.30","0.2000","5624"
"8110","華東","5396462","113064094","21.20","21.25","20.80","20.80","0.0000","2314"
"8112","至上","3567964","292657764","82.20","82.50","81.70","82.00","-0.2000","2795"
"8112A","至上甲特","31243","1304409","41.75","41.80","41.75","41.75","0.0000","24"
"8114","振樺電","2935140","596875842","199.00","205.00","196.50","202.50","0.0000","2234"
"8131","福懋科","467832","18091753","38.60","38.85","38.50","38.85","0.2500","284"
"8150","南茂","1987071","86375836","43.70","43.70","43.15","43.60","0.0000","1148"
"8162","微矽電子-創","55100","2170839","39.35","39.50","39.30","39.40","0.4000","27"
"8163","達方","1183913","71389179","59.70","60.60","59.70","60.30","0.6000","1072"
"8201","無敵","475373","9172689","19.20","19.50","19.00","19.30","0.3500","288"
"8210","勤誠","1879050","567191437","305.00","307.00","299.00","299.50","0.0000","2819"
"8213","志超","1371188","52157846","38.40","38.45","37.55","38.00","-0.7000","873"
"8215","明基材","1342944","46569655","34.70","34.95","34.30","34.80","0.3000","761"
"8222","寶一","351650","15123013","43.30","43.30","42.95","42.95","-0.0500","367"
"8249","菱光","931376","27939807","30.00","30.20","29.80","30.05","0.2000","374"
"8261","富鼎","618018","54403710","88.30","88.50","87.10","88.00","1.0000","789"
"8271","宇瞻","676748","42212708","62.20","63.10","61.60","62.40","0.4000","568"
"8341","日友","255617","26350215","103.00","104.00","102.00","103.00","0.0000","380"
"8367","建新國際","291488","15511795","52.50","54.30","52.10","53.00","0.9000","514"
"8374","羅昇","991964","108804932","110.00","113.00","106.50","106.50","0.0000","855"
"8404","百和興業-KY","774960","14996816","19.40","19.70","19.20","19.30","-0.1000","432"
"8411","福貞-KY","102963","1509580","14.70","14.80","14.55","14.80","0.0500","167"
"8422","可寧衛","187833","34186978","183.50","183.50","181.50","182.50","-1.0000","406"
"8429","金麗-KY","178699","1864116","10.40","10.50","10.35","10.35","-0.0500","275"
"8438","昶昕","1138327","47280338","43.10","43.15","40.85","40.90","-2.1000","917"
"8442","威宏-KY","76386","8267172","108.00","109.50","107.50","107.50","-2.0000","82"
"8443","阿瘦","199885","2418433","12.30","12.30","12.00","12.05","-0.2500","380"
"8454","富邦媒","1271888","525285199","405.00","420.00","404.50","412.00","10.5000","2620"
"8462","柏文","77110","8920704","117.00","117.00","115.00","116.50","0.5000","172"
"8463","潤泰材","247468","7306963","29.75","29.75","29.30","29.50","-0.3000","204"
"8464","億豐","487856","183734081","380.00","382.50","373.00","375.50","-7.5000","604"
"8466","美吉吉-KY","98539","5998687","61.10","61.70","60.40","61.20","0.1000","86"
"8467","波力-KY","1303231","263801089","194.50","209.00","190.00","203.00","11.5000","2970"
"8473","山林水","2342419","104633591","45.50","45.50","44.30","44.30","-1.3500","1752"
"8476","台境","168106","10509469","62.90","63.00","61.90","62.50","1.6000","1014"
"8478","東哥遊艇","911795","351123497","391.00","393.50","380.50","381.00","-13.0000","1911"
"8481","政伸","30482","1562884","51.50","51.50","51.10","51.50","0.0000","38"
"8482","商億-KY","9006","562490","61.70","64.00","61.70","64.00","-0.9000","11"
"8487","愛爾達-創","34134","2910336","85.50","86.10","84.70","85.00","-0.5000","32"
"8488","吉源-KY","30120","486488","16.20","16.20","16.15","16.15","0.0000","18"
"8499","鼎炫-KY","37667","4559109","121.00","121.50","120.50","121.50","-0.5000","43"
"8926","台汽電","2043794","93589716","46.35","46.40","45.60","45.65","-0.4000","1645"
"8940","新天地","274708","7127020","26.35","26.35","25.80","25.80","-0.2500","227"
"8996","高力","2264025","1047444916","473.50","473.50","458.00","461.50","-7.0000","2713"
"9103","美德醫療-DR","1837727","14364820","8.01","8.01","7.74","7.79","-0.0800","677"
"910322","康師傅-DR","54345","1083748","20.15","20.20","19.80","20.10","-0.0500","139"
"9105","泰金寶-DR","144675627","1053052264","7.03","7.53","6.91","7.18","0.3200","23905"
"910861","神州-DR","52000","341820","6.60","6.65","6.56","6.65","0.0500","21"
"9110","越南控-DR","55000","401530","7.39","7.39","7.26","7.27","-0.1000","17"
"911608","明輝-DR","103000","452990","4.47","4.47","4.33","4.47","-0.0300","43"
"911622","泰聚亨-DR","573932","3273898","5.88","5.88","5.65","5.88","-0.0300","167"
"911868","同方友友-DR","1050030","2004606","1.94","1.94","1.88","1.90","0.0000","296"
"912000","晨訊科-DR","4286782","17691890","4.13","4.20","4.06","4.08","-0.0100","947"
"9136","巨騰-DR","625643","5061223","8.15","8.17","8.05","8.10","0.0100","228"
"9802","鈺齊-KY","754707","85944910","115.00","115.50","113.50","114.00","-0.5000","850"
"9902","台火","3668644","72130515","19.85","20.40","19.05","20.10","0.5500","2133"
"9904","寶成","9864533","340285821","34.60","34.85","34.30","34.45","0.3000","3923"
"9905","大華","762421","17921392","23.60","23.70","23.10","23.65","0.0000","433"
"9906","欣巴巴","2013522","254949598","128.00","129.50","121.00","124.50","-0.5000","1792"
"9907","統一實","3030416","47028786","15.45","15.65","15.45","15.55","0.2000","1107"
"9908","大台北","69912","2275711","32.50","32.60","32.50","32.60","0.0000","91"
"9910","豐泰","2154938","296738698","140.00","140.00","136.50","137.00","-2.5000","2102"
"9911","櫻花","207522","18284534","88.00","88.80","87.50","88.00","-0.2000","422"
"9912","偉聯","442810","6011218","14.05","14.05","13.40","13.50","-0.5500","327"
"9914","美利達","2782085","638977637","226.50","234.50","223.00","232.50","11.0000","2758"
"9917","中保科","298521","38559552","128.50","130.50","128.50","129.00","0.0000","425"
"9918","欣天然","492","20413","","","","","0.0000","18"
"9919","康那香","771364","17313675","22.70","22.70","22.35","22.35","-0.3500","626"
"9921","巨大","2164025","458904802","212.00","215.50","208.00","213.50","3.0000","2148"
"9924","福興","720271","37346842","52.30","52.30","51.70","51.80","-0.8000","593"
"9925","新保","316995","13447062","42.40","42.55","42.30","42.40","-0.1000","207"
"9926","新海","10001","543354","54.50","54.60","54.10","54.60","0.1000","10"
"9927","泰銘","308015","23908577","77.00","78.00","77.00","77.50","1.1000","272"
"9928","中視","299966","7034125","23.70","23.90","23.20","23.30","-0.1500","225"
"9929","秋雨","618","9918","","","","","0.0000","1"
"9930","中聯資源","395368","26613958","66.90","67.90","66.70","67.80","1.2000","363"
"9931","欣高","12150","436784","35.95","36.00","35.90","35.90","-0.0500","18"
"9933","中鼎","5847471","308022553","52.30","53.00","52.30","52.80","0.6000","3475"
"9934","成霖","1933927","34526580","17.95","18.05","17.55","17.85","-0.3500","838"
"9935","慶豐富","767321","21329961","27.65","28.00","27.60","27.80","0.2000","521"
"9937","全國","6105","405069","66.90","66.90","66.10","66.60","0.2000","11"
"9938","百和","2339048","138584098","59.90","60.10","58.80","59.00","-0.8000","1946"
"9939","宏全","1678416","273526269","166.00","166.50","162.00","162.00","-5.0000","2418"
"9940","信義","843666","28014013","33.30","33.30","32.95","33.20","0.2000","710"
"9941","裕融","1354196","200492529","147.50","149.50","147.00","149.00","2.0000","1623"
"9941A","裕融甲特","111000","5682900","51.20","51.20","51.10","51.10","-0.1000","17"
"9942","茂順","618987","77892328","127.00","127.00","125.00","125.50","-1.5000","748"
"9943","好樂迪","204053","17183911","84.40","84.60","84.00","84.10","-0.3000","312"
"9944","新麗","490703","11167086","22.70","23.10","22.30","22.95","0.2500","246"
"9945","潤泰新","17344874","795980102","45.60","46.45","45.25","45.75","0.4500","8668"
"9946","三發地產","1816548","78736298","43.00","44.05","42.85","43.00","-0.6000","1583"
"9955","佳龍","1849029","65246358","35.20","36.15","34.65","35.10","0.4500","1409"
"9958","世紀鋼","5667489","1590302263","284.50","287.50","277.00","278.00","-3.5000","5277"
