證券代號,證券名稱,成交股數,成交金額,開盤價,最高價,最低價,收盤價,漲跌價差,成交筆數
"0050","元大台灣50","26118499","4893505250","184.75","188.90","184.75","187.95","4.9500","27903"
"0051","元大中型100","80629","6827403","84.35","84.95","84.35","84.65","0.5000","345"
"0052","富邦科技","1254764","233477934","184.00","187.90","183.50","187.65","6.5500","1585"
"0053","元大電子","24805","2525329","101.20","102.80","100.60","102.80","3.2000","156"
"0055","元大MSCI金融","371592","10188361","27.40","27.54","27.23","27.54","0.2400","400"
"0056","元大高股息","22260906","921808389","40.98","41.62","40.98","41.52","0.5600","14641"
"0057","富邦摩台","43227","5963530","136.50","138.65","136.50","138.65","4.1000","122"
"0061","元大寶滬深","234649","4035574","17.28","17.28","17.17","17.17","-0.1100","141"
"006203","元大MSCI台灣","15447","1359336","87.00","88.65","87.00","88.40","1.7000","99"
"006204","永豐臺灣加權","13751","1581190","114.60","115.45","114.60","115.45","2.2000","141"
"006205","富邦上証","2249379","66112879","29.57","29.65","29.33","29.40","-0.1700","1985"
"006206","元大上證50","89103","2503561","28.16","28.16","27.99","28.08","-0.0800","96"
"006207","復華滬深","90350","2021258","22.41","22.43","22.34","22.36","-0.1100","14"
"006208","富邦台50","12967082","1422074326","107.50","110.60","107.50","110.25","3.3000","13090"
"00625K","富邦上証+R","","","","","","","0.0000",""
"00631L","元大台灣50正2","4835606","1218775844","249.00","254.95","248.70","253.95","9.8000","5515"
"00632R","元大台灣50反1","451539962","1533461922","3.43","3.43","3.37","3.38","-0.0700","17979"
"00633L","富邦上証正2","3226006","109017161","33.76","34.03","33.54","33.75","0.0300","793"
"00634R","富邦上証反1","45000","207950","4.61","4.64","4.61","4.64","0.0100","5"
"00635U","期元大S&P黃金","195796","5382654","27.47","27.51","27.47","27.48","0.0800","168"
"00636","國泰中國A50","3349356","68633045","20.54","20.64","20.43","20.45","-0.0900","1606"
"00636K","國泰中國A50+U","200","1268","6.34","6.34","6.34","6.34","-0.0100","2"
"00637L","元大滬深300正2","37609306","510407784","13.59","13.67","13.48","13.55","0.0200","3771"
"00638R","元大滬深300反1","57000","553100","9.71","9.74","9.67","9.73","0.0000","25"
"00639","富邦深100","1599210","16767876","10.57","10.60","10.42","10.44","-0.1300","827"
"00640L","富邦日本正2","664983","37743959","56.90","57.00","56.35","56.45","0.4000","665"
"00641R","富邦日本反1","544311","3524249","6.47","6.50","6.45","6.50","0.0000","68"
"00642U","期元大S&P石油","6907726","125755230","18.22","18.23","18.19","18.19","0.2400","1031"
"00643","群益深証中小","1280382","14878827","11.75","11.75","11.56","11.59","-0.1300","762"
"00643K","群益深証中小+R","","","","","","","0.0000",""
"00645","富邦日本","1625458","61376622","37.79","37.85","37.60","37.64","0.0800","1722"
"00646","元大S&P500","1789636","99031260","55.20","55.45","55.20","55.30","0.2000","1096"
"00647L","元大S&P500正2","82258","7425570","90.20","90.35","90.20","90.25","0.4500","89"
"00648R","元大S&P500反1","716200","3940764","5.51","5.51","5.50","5.51","-0.0200","64"
"00650L","復華香港正2","31657820","331659972","10.25","10.63","10.20","10.63","0.4800","2881"
"00651R","復華香港反1","724030","6263183","8.73","8.73","8.60","8.60","-0.2100","76"
"00652","富邦印度","756547","29060349","38.47","38.58","38.15","38.25","-0.2000","398"
"00653L","富邦印度正2","416582","25425485","61.50","61.70","60.40","60.70","-0.4500","195"
"00654R","富邦印度反1","648060","4226407","6.46","6.58","6.46","6.56","0.0300","52"
"00655L","國泰中國A50正2","2221685","51236963","23.07","23.22","22.89","23.06","0.0500","361"
"00656R","國泰中國A50反1","231000","2014290","8.71","8.73","8.69","8.73","-0.0200","15"
"00657","國泰日經225","441898","20076280","45.39","45.45","45.15","45.15","0.0500","85"
"00657K","國泰日經225+U","200","2792","13.96","13.96","13.96","13.96","0.0200","2"
"00660","元大歐洲50","21167","754207","35.71","35.72","35.56","35.71","0.1600","108"
"00661","元大日經225","854110","42328429","49.60","49.67","49.33","49.35","0.1300","181"
"00662","富邦NASDAQ","2333725","194296169","83.25","83.30","83.10","83.25","0.1000","1413"
"00663L","國泰臺灣加權正2","9080","2107078","229.00","233.20","229.00","232.50","9.2000","14"
"00664R","國泰臺灣加權反1","26359563","101805216","3.89","3.89","3.84","3.84","-0.0800","1509"
"00665L","富邦恒生國企正2","80326748","559465174","6.80","7.09","6.80","7.09","0.3400","4910"
"00666R","富邦恒生國企反1","62000","895750","14.52","14.52","14.38","14.39","-0.3500","41"
"00668","國泰美國道瓊","14272","652318","45.70","45.72","45.69","45.72","0.0200","77"
"00668K","國泰美國道瓊+U","200","2820","14.10","14.10","14.10","14.10","0.0100","2"
"00669R","國泰美國道瓊反1","700450","5045562","7.20","7.21","7.20","7.20","0.0000","86"
"00670L","富邦NASDAQ正2","1041789","135572158","130.05","130.40","130.05","130.10","0.2500","564"
"00671R","富邦NASDAQ反1","3999700","14860322","3.73","3.73","3.71","3.71","-0.0200","255"
"00673R","期元大S&P原油反1","32783624","235452167","7.18","7.19","7.17","7.19","-0.1000","2634"
"00674R","期元大S&P黃金反1","305000","3256160","10.68","10.69","10.66","10.69","-0.0300","43"
"00675L","富邦臺灣加權正2","3656695","368602230","99.60","102.00","99.55","101.60","3.8500","2733"
"00676R","富邦臺灣加權反1","22946063","49160652","2.16","2.16","2.13","2.14","-0.0400","887"
"00678","群益那斯達克生技","538677","15295914","28.40","28.43","28.37","28.40","-0.2800","115"
"00680L","元大美債20正2","33945723","305210877","9.00","9.00","8.98","9.00","0.1400","3773"
"00681R","元大美債20反1","260025","5181341","19.92","19.94","19.91","19.93","-0.1700","54"
"00682U","期元大美元指數","17000","362180","21.31","21.32","21.28","21.29","-0.0400","6"
"00683L","期元大美元指正2","134163","3099225","23.11","23.11","23.09","23.10","-0.0700","34"
"00684R","期元大美元指反1","","","","","","","0.0000",""
"00685L","群益臺灣加權正2","1095815","98393493","88.65","90.80","88.60","90.40","3.3500","372"
"00686R","群益臺灣加權反1","5502950","12647196","2.32","2.32","2.28","2.28","-0.0600","165"
"00688L","國泰20年美債正2","21194378","189712897","8.96","8.96","8.94","8.95","0.1300","1849"
"00689R","國泰20年美債反1","6000","123800","20.62","20.64","20.62","20.64","-0.1400","3"
"00690","兆豐藍籌30","1379129","49270599","35.29","35.95","35.29","35.89","0.8900","603"
"00692","富邦公司治理","6123820","271338220","43.93","44.68","43.92","44.58","1.2300","3402"
"00693U","期街口S&P黃豆","291064","6764267","23.23","23.25","23.23","23.25","-0.0700","183"
"00700","富邦恒生國企","486761","6329789","12.80","13.06","12.80","13.06","0.3200","173"
"00701","國泰股利精選30","2175647","61527058","28.21","28.36","28.17","28.31","0.1400","874"
"00702","國泰標普低波高息","119766","2787870","23.34","23.34","23.23","23.34","-0.0200","91"
"00703","台新MSCI中國","61919","971359","15.55","15.77","15.55","15.77","0.2700","66"
"00706L","期元大S&P日圓正2","4092636","24659281","6.03","6.03","6.02","6.03","0.0000","475"
"00707R","期元大S&P日圓反1","","","","","","","0.0000",""
"00708L","期元大S&P黃金正2","574274","19149292","33.36","33.41","33.26","33.34","0.2600","185"
"00709","富邦歐洲","42731","1265092","29.60","29.73","29.57","29.73","0.1500","93"
"00710B","復華彭博非投等債","323421","6348999","19.66","19.66","19.62","19.62","0.0100","116"
"00711B","復華彭博新興債","242790","4044938","16.66","16.67","16.64","16.67","0.0700","102"
"00712","復華富時不動產","58553132","573728090","9.83","9.83","9.78","9.81","-0.0100","8740"
"00713","元大台灣高息低波","30393546","1773885824","58.45","58.50","58.10","58.30","0.0000","25222"
"00714","群益道瓊美國地產","107344","2095550","19.54","19.54","19.51","19.51","0.0500","122"
"00715L","期街口布蘭特正2","18508718","313550849","16.94","16.96","16.92","16.95","0.4700","3017"
"00717","富邦美國特別股","768800","12209210","15.84","15.91","15.84","15.88","0.0700","172"
"00728","第一金工業30","495252","16284276","32.76","33.04","32.73","32.96","0.4600","395"
"00730","富邦臺灣優質高息","674453","15614443","23.01","23.26","23.01","23.22","0.3100","375"
"00731","復華富時高息低波","2260049","176357983","77.40","78.35","77.40","78.00","1.0000","1640"
"00733","富邦臺灣中小","2544368","154311759","60.45","60.85","60.45","60.60","0.2500","2158"
"00735","國泰臺韓科技","282659","10963106","38.25","39.02","38.25","39.02","1.1200","144"
"00736","國泰新興市場","206457","4716411","22.68","22.87","22.68","22.87","0.3300","111"
"00737","國泰AI+Robo","213246","6474976","30.30","30.39","30.30","30.33","0.0300","118"
"00738U","期元大道瓊白銀","472357","12763828","27.04","27.09","26.94","27.02","-0.0200","216"
"00739","元大MSCI A股","44596","931906","20.92","20.93","20.83","20.90","-0.0500","85"
"00752","中信中國50","3438960","64629501","18.57","18.90","18.57","18.88","0.3300","860"
"00753L","中信中國50正2","14060792","114783542","8.05","8.25","8.05","8.25","0.2800","2226"
"00757","統一FANG+","5340610","472888102","88.80","88.80","88.40","88.50","-0.5000","6171"
"00762","元大全球AI","336977","21598333","63.90","64.20","63.90","64.15","0.3500","593"
"00763U","期街口道瓊銅","222901","6088744","27.27","27.41","27.25","27.37","0.0800","112"
"00770","國泰北美科技","605111","28911204","47.80","47.80","47.70","47.79","0.2100","640"
"00771","元大US高息特別股","58611","1023511","17.47","17.48","17.45","17.47","0.0500","117"
"00775B","新光投等債15+","852207","29757494","34.89","34.93","34.86","34.93","0.1400","15"
"00783","富邦中証500","50171","900436","17.98","17.98","17.85","17.85","-0.1600","12"
"00830","國泰費城半導體","6405460","337602089","52.65","52.80","52.60","52.75","0.8000","3710"
"00850","元大臺灣ESG永續","1540695","70795554","45.27","46.28","45.27","46.18","1.2000","2005"
"00851","台新全球AI","163834","7692940","46.64","47.20","46.64","47.20","0.7100","169"
"00852L","國泰美國道瓊正2","336908","7952802","23.63","23.63","23.58","23.61","-0.0400","85"
"00861","元大全球未來通訊","106127","4644329","43.70","43.80","43.70","43.75","0.2500","148"
"00865B","國泰US短期公債","245900","11173530","45.46","45.46","45.43","45.44","-0.0300","141"
"00875","國泰網路資安","129637","4095641","31.61","31.61","31.58","31.59","-0.1300","134"
"00876","元大全球5G","216403","9163913","42.23","42.42","42.23","42.33","0.4800","229"
"00878","國泰永續高股息","86531828","2056144880","23.55","23.88","23.55","23.83","0.3200","24300"
"00881","國泰台灣5G+","27304159","694900943","24.97","25.68","24.96","25.62","0.8300","8912"
"00882","中信中國高股息","17541774","209142335","11.77","11.99","11.77","11.95","0.1800","3499"
"00885","富邦越南","12199426","147499617","12.13","12.15","12.03","12.03","-0.1000","3049"
"00891","中信關鍵半導體","16354638","330337789","19.85","20.33","19.84","20.31","0.6100","6298"
"00892","富邦台灣半導體","5869446","104887799","17.77","17.97","17.76","17.92","0.3300","1814"
"00893","國泰智能電動車","3431129","76374126","22.22","22.29","22.22","22.27","0.1100","1195"
"00894","中信小資高價30","1810451","39219872","21.35","21.90","21.35","21.81","0.5500","486"
"00895","富邦未來車","3613355","103176067","28.35","28.65","28.35","28.63","0.5200","1792"
"00896","中信綠能及電動車","4243274","78497985","18.46","18.56","18.46","18.50","0.0000","1015"
"00897","富邦基因免疫生技","1338025","10599753","7.98","7.98","7.90","7.90","-0.0800","368"
"00898","國泰基因免疫革命","789766","5556332","7.07","7.07","7.02","7.03","-0.0400","210"
"00899","FT潔淨能源","170595","2958452","17.35","17.36","17.33","17.34","0.0100","158"
"00900","富邦特選高股息30","11829273","201773916","16.92","17.10","16.90","17.05","0.1500","2698"
"00901","永豐智能車供應鏈","1626642","34751035","21.04","21.51","21.04","21.45","0.6600","428"
"00902","中信電池及儲能","3082908","29621118","9.58","9.64","9.57","9.62","0.1100","986"
"00903","富邦元宇宙","964945","13860668","14.34","14.38","14.34","14.37","0.0400","360"
"00904","新光臺灣半導體30","2752254","54254791","19.55","19.82","19.50","19.80","0.5200","731"
"00905","FT臺灣Smart","5438151","76880219","14.00","14.27","13.98","14.25","0.3800","1519"
"00907","永豐優息存股","5131234","86561527","16.79","16.98","16.78","16.87","0.1300","1223"
"00908","富邦入息REITs+","319044","3920052","12.24","12.30","12.24","12.29","0.0900","71"
"00909","國泰數位支付服務","1342476","36792344","27.33","27.45","27.33","27.42","0.0900","684"
"00910","第一金太空衛星","218323","3949996","18.07","18.11","18.07","18.07","-0.0200","22"
"00911","兆豐洲際半導體","935502","29925377","31.90","32.26","31.90","31.99","0.5400","401"
"00912","中信臺灣智慧50","1145531","22408956","19.25","19.69","19.25","19.65","0.4200","269"
"00913","兆豐台灣晶圓製造","213003","4879375","22.88","23.03","22.82","22.98","0.4300","92"
"00915","凱基優選高股息30","21617565","603730180","27.82","28.04","27.81","27.82","0.0000","9256"
"00916","國泰全球品牌50","516179","11626142","22.55","22.56","22.44","22.54","-0.0100","493"
"00917","中信特選金融","950372","18501512","19.40","19.50","19.40","19.50","0.1700","1772"
"00918","大華優利高填息30","69555925","1776138937","25.48","25.63","25.45","25.56","0.0000","18564"
"00919","群益台灣精選高息","163943893","4421584461","26.85","27.00","26.84","26.98","0.2800","38710"
"00920","富邦ESG綠色電力","345676","5217243","14.96","15.12","14.96","15.10","0.1400","124"
"00921","兆豐龍頭等權重","6325959","122572067","19.40","19.45","19.30","19.43","0.0000","2200"
"00922","國泰台灣領袖50","6456610","141903516","21.66","22.13","21.65","22.10","0.5800","2184"
"00923","群益台ESG低碳50","8107138","186972199","22.74","23.23","22.74","23.18","0.5500","3697"
"00924","復華S&P500成長","2759362","63068595","22.93","22.93","22.83","22.83","0.0100","818"
"00925","新光標普電動車","223362","3499868","15.66","15.67","15.66","15.66","-0.0200","25"
"00926","凱基全球菁英55","830150","18786534","22.62","22.65","22.61","22.63","0.0600","302"
"00927","群益半導體收益","7126156","151862696","21.19","21.39","21.10","21.37","0.4400","2715"
"00929","復華台灣科技優息","201076971","4318128876","21.31","21.53","21.31","21.52","0.3100","41296"
"00930","永豐ESG低碳高息","3079654","66317047","21.35","21.63","21.35","21.51","0.2500","813"
"00932","兆豐永續高息等權","3470944","63190270","18.10","18.25","18.10","18.17","0.1000","1123"
"00934","中信成長高股息","8714158","178869992","20.46","20.59","20.41","20.54","0.2400","1358"
"00935","野村臺灣新科技50","7369260","169640357","22.67","23.18","22.67","23.10","0.6500","2957"
"00936","台新永續高息中小","91936433","1747007798","18.98","19.14","18.93","18.95","-0.2700","28427"
"00939","統一台灣高息動能","103505102","1554261087","14.91","15.04","14.91","15.02","0.1300","14463"
"00940","元大台灣價值高息","222536466","2285174908","10.18","10.31","10.18","10.29","0.1500","36093"
"00941","中信上游半導體","16623742","263793787","15.84","15.89","15.84","15.85","0.1300","3988"
"00943","兆豐電子高息等權","1633979","25455465","15.56","15.64","15.53","15.56","0.0100","403"
"00944","野村趨勢動能高息","6612673","100949179","15.20","15.31","15.20","15.26","0.0900","1613"
"00945B","凱基美國非投等債","3917952","59116843","15.08","15.10","15.08","15.08","0.0100","297"
"00946","群益科技高息成長","64457099","703944132","10.85","10.96","10.85","10.90","0.0900","10808"
"00947","台新臺灣IC設計","27826467","449515394","16.17","16.23","16.11","16.14","0.2000","5166"
"01001T","土銀富邦R1","85000","1223690","14.43","14.43","14.32","14.37","-0.0700","13"
"01002T","土銀國泰R1","1707000","28771950","16.86","16.86","16.82","16.83","-0.0300","21"
"01004T","土銀富邦R2","156006","1961745","12.57","12.58","12.57","12.57","-0.0100","9"
"01007T","兆豐國泰R2","175003","2955471","16.88","16.90","16.87","16.88","-0.0200","8"
"01009T","王道圓滿R1","113000","889430","7.89","7.89","7.85","7.88","-0.0100","23"
"01010T","京城樂富R1","242000","2420760","10.02","10.02","10.00","10.02","0.0000","37"
"020000","富邦特選蘋果N","","","","","","","0.0000",""
"020011","統一微波高息20N","","","","","","","0.0000",""
"020012","富邦行動通訊N","1000","10310","10.31","10.31","10.31","10.31","0.0900","1"
"020015","統一MSCI美低波N","","","","","","","0.0000",""
"020016","統一MSCI美科技N","","","","","","","0.0000",""
"020018","統一價值成長30N","3000","75330","25.11","25.11","25.11","25.11","0.1100","1"
"020019","統一特選台灣5GN","11000","221270","19.94","20.19","19.94","20.18","0.5800","6"
"02001L","富邦蘋果正二N","151000","4564220","29.56","30.73","29.56","30.40","1.9300","50"
"02001R","富邦蘋果反一N","8000","11490","1.45","1.45","1.42","1.43","-0.0500","6"
"02001S","策元大加權策略N","60000","440400","7.34","7.34","7.34","7.34","-0.0400","1"
"020020","元大台股領航N","142000","1694490","11.60","12.00","11.60","11.98","0.4300","33"
"020028","元大特選電動車N","121000","1153750","9.49","9.58","9.49","9.54","0.1600","36"
"020029","元大ESG高股息N","183000","1727750","9.26","9.50","9.26","9.47","0.2100","35"
"020030","統一智慧電動車N","602000","3938120","6.50","6.58","6.50","6.57","0.1500","25"
"020031","統一IC設計臺灣N","550000","3650110","6.54","6.65","6.54","6.64","0.1000","16"
"020032","元大綠能N","27000","175800","6.51","6.54","6.51","6.54","0.0700","4"
"020034","元大IC設計N","105000","925800","8.78","8.86","8.78","8.82","0.1100","21"
"020036","元大金融配息N","5000","31850","6.35","6.40","6.35","6.40","0.0000","3"
"020037","元大金融高股息N","300000","1967250","6.51","6.57","6.51","6.57","0.0500","12"
"020038","元大ESG配息N","268000","2190150","8.00","8.20","8.00","8.17","0.1700","31"
"020039","元大加權N","131000","907840","6.90","6.98","6.90","6.98","0.1500","31"
"1101","台泥","18212141","619087320","33.90","34.10","33.80","34.05","0.1500","8805"
"1101B","台泥乙特","1000","48350","48.35","48.35","48.35","48.35","0.0000","1"
"1102","亞泥","20495005","882371092","42.15","43.65","42.05","43.15","1.0000","9362"
"1103","嘉泥","540606","9874483","18.30","18.40","18.15","18.15","-0.1500","470"
"1104","環泥","985173","33398470","33.85","34.10","33.75","33.95","0.2000","586"
"1108","幸福","428870","7193528","16.85","16.85","16.70","16.75","0.0000","265"
"1109","信大","210093","4079434","19.35","19.50","19.35","19.40","0.0500","182"
"1110","東泥","340356","7335663","21.65","21.75","21.35","21.35","-0.3000","242"
"1201","味全","1256653","23422276","18.60","18.75","18.55","18.60","-0.1500","709"
"1203","味王","85791","4419349","50.20","52.00","50.20","51.60","1.4000","113"
"1210","大成","1440179","82052596","57.20","57.30","56.80","57.00","-0.2000","1513"
"1213","大飲","41771","300944","7.20","7.23","7.15","7.22","-0.0100","30"
"1215","卜蜂","2101213","233440200","109.00","113.00","109.00","113.00","3.5000","1675"
"1216","統一","9493539","775389788","82.00","82.40","80.80","82.10","0.6000","7524"
"1217","愛之味","1361813","16743118","12.25","12.35","12.25","12.25","0.0000","708"
"1218","泰山","1189327","26350993","22.45","22.45","22.05","22.10","-0.1500","806"
"1219","福壽","311048","5895591","19.05","19.05","18.90","18.95","-0.0500","246"
"1220","台榮","395626","6095727","15.35","15.55","15.25","15.45","0.2000","212"
"1225","福懋油","62423","5849093","91.60","94.50","91.60","94.00","2.4000","106"
"1227","佳格","1461298","61619073","42.55","42.70","41.95","42.15","-0.4000","1863"
"1229","聯華","1708970","114348537","67.00","67.20","66.60","67.00","-0.2000","1525"
"1231","聯華食","136486","14636965","106.50","108.00","105.50","108.00","2.0000","353"
"1232","大統益","71589","10429290","145.50","146.00","145.00","145.50","0.0000","168"
"1233","天仁","25113","857764","33.95","34.25","33.95","34.10","-0.0500","31"
"1234","黑松","236815","10616408","45.00","45.00","44.50","44.90","0.1500","308"
"1235","興泰","22203","2022025","90.60","91.50","90.50","91.50","0.8000","30"
"1236","宏亞","95551","2345991","24.55","24.70","24.40","24.40","0.1000","350"
"1256","鮮活果汁-KY","41830","8309570","199.00","201.00","197.50","197.50","-1.5000","277"
"1301","台塑","16609774","998291599","60.50","60.60","60.00","60.00","-0.5000","9876"
"1303","南亞","12399157","620740624","50.50","50.60","49.90","49.90","-0.4000","7498"
"1304","台聚","1335896","20253857","15.25","15.25","15.10","15.10","0.0000","1045"
"1305","華夏","1608794","26841501","16.90","16.90","16.60","16.60","-0.3000","1027"
"1307","三芳","332380","10354582","31.05","31.40","31.00","31.05","0.0500","304"
"1308","亞聚","738991","12687715","17.20","17.30","17.10","17.15","-0.0500","955"
"1309","台達化","494518","7544363","15.30","15.35","15.20","15.20","-0.1500","505"
"1310","台苯","968983","12633447","13.15","13.15","12.95","13.05","-0.1000","610"
"1312","國喬","2700958","37442420","13.95","13.95","13.80","13.80","-0.1000","1437"
"1312A","國喬特","10000","235650","23.70","23.70","23.50","23.65","-0.0500","5"
"1313","聯成","1448055","17852100","12.40","12.40","12.30","12.30","-0.1000","1154"
"1314","中石化","16611929","169092771","10.20","10.30","10.10","10.10","-0.1000","3302"
"1315","達新","45982","3324749","72.00","72.50","72.00","72.30","0.4000","69"
"1316","上曜","6582998","127150239","19.65","19.85","19.15","19.25","-0.3000","2753"
"1319","東陽","6714610","836965529","124.50","128.00","122.50","122.50","-0.5000","5987"
"1321","大洋","251678","9625420","38.25","38.40","38.15","38.25","-0.1000","180"
"1323","永裕","53183","1617219","30.40","30.55","30.30","30.55","0.1500","44"
"1324","地球","116408","1579316","13.60","13.65","13.50","13.55","0.0000","141"
"1325","恆大","6387619","224496451","34.20","36.25","34.20","34.70","0.7500","3980"
"1326","台化","10226524","526729068","51.60","52.00","51.20","51.40","-0.2000","4656"
"1337","再生-KY","637575","4725626","7.49","7.50","7.37","7.37","-0.1200","481"
"1338","廣華-KY","202940","6653736","32.95","33.00","32.50","32.65","-0.2500","182"
"1339","昭輝","201814","13521821","67.00","67.50","66.70","66.70","0.3000","187"
"1340","勝悅-KY","217364","2168010","10.05","10.05","9.95","9.99","0.0100","261"
"1341","富林-KY","25406","1797563","70.80","71.40","70.30","70.90","0.1000","56"
"1342","八貫","321626","36333228","112.50","114.00","112.50","112.50","0.0000","406"
"1402","遠東新","5759491","206705634","35.90","36.10","35.70","35.80","-0.1000","3685"
"1409","新纖","2163790","35574144","16.50","16.55","16.35","16.40","0.0000","994"
"1410","南染","26411","999473","37.70","37.90","37.70","37.90","0.1000","33"
"1413","宏洲","173547","1908143","11.05","11.10","10.85","10.90","-0.2000","75"
"1414","東和","642221","13970962","22.05","22.05","21.40","22.00","-0.0500","430"
"1416","廣豐","476061","5921774","12.60","12.60","12.35","12.40","-0.1500","309"
"1417","嘉裕","228069","2579986","11.35","11.40","11.25","11.35","0.0500","355"
"1418","東華","63230","1847530","29.60","29.60","29.00","29.40","-0.2000","59"
"1419","新紡","106787","5171522","47.95","48.65","47.95","48.50","0.6000","111"
"1423","利華","201931","8086487","40.10","40.35","39.75","39.90","-0.2000","153"
"1432","大魯閣","284477","4994924","17.60","17.60","17.50","17.55","-0.1500","419"
"1434","福懋","984980","22338939","22.75","22.75","22.60","22.70","-0.0500","777"
"1435","中福","16653","822555","48.30","50.00","47.80","47.80","-0.6500","100"
"1436","華友聯","437772","66360272","149.50","153.50","147.50","153.50","4.0000","407"
"1437","勤益控","278691","10932454","39.50","39.50","39.00","39.05","-0.4500","204"
"1438","三地開發","399765","23451891","59.00","59.20","58.30","58.40","-0.8000","287"
"1439","雋揚","80250","2372171","30.10","30.10","29.35","29.50","-0.1500","70"
"1440","南紡","2976167","52258830","17.60","17.75","17.40","17.50","-0.0500","1269"
"1441","大東","28102","378270","13.40","13.50","13.40","13.50","0.1000","121"
"1442","名軒","1315492","81493674","62.00","62.50","61.60","62.00","0.0000","1085"
"1443","立益物流","41322","1309816","31.55","31.90","31.50","31.55","-0.2500","44"
"1444","力麗","1469973","14289467","9.76","9.78","9.68","9.69","-0.0200","804"
"1445","大宇","1209168","24142179","20.25","20.35","19.80","19.90","-0.3500","695"
"1446","宏和","1023894","53010497","51.10","52.40","51.00","51.90","-0.1000","772"
"1447","力鵬","4370887","45184773","10.50","10.55","10.15","10.30","-0.1500","1189"
"1449","佳和","384247","6894105","18.20","18.20","17.80","17.85","-0.2500","219"
"1451","年興","212151","4429703","20.65","21.00","20.65","20.95","0.3000","174"
"1452","宏益","125216","2134995","17.15","17.15","17.00","17.00","-0.1000","77"
"1453","大將","1224624","34153673","28.10","28.30","27.65","27.85","-0.2500","903"
"1454","台富","146423","2471962","17.15","17.15","16.60","16.80","0.2000","127"
"1455","集盛","2250773","31657017","14.20","14.20","14.00","14.05","-0.1500","1047"
"1456","怡華","166281","3405166","20.70","20.70","20.25","20.25","-0.4000","101"
"1457","宜進","327111","7261378","22.30","22.30","22.05","22.20","-0.1000","267"
"1459","聯發","220123","2377480","10.95","10.95","10.65","10.75","-0.2000","161"
"1460","宏遠","504456","4025311","7.98","8.04","7.95","7.96","-0.0200","273"
"1463","強盛","156786","3214056","20.60","20.75","20.30","20.45","0.0000","101"
"1464","得力","444409","6378691","14.45","14.45","14.25","14.30","-0.1500","364"
"1465","偉全","39279","593511","15.00","15.15","15.00","15.10","-0.0500","69"
"1466","聚隆","70382","884007","12.60","12.60","12.50","12.50","-0.0500","71"
"1467","南緯","233816","2648908","11.35","11.40","11.30","11.30","0.0000","198"
"1468","昶和","60200","901700","14.65","15.20","14.65","14.95","0.3000","61"
"1470","大統新創","38851","811816","20.50","21.30","20.50","20.90","0.4000","55"
"1471","首利","880398","14022862","16.05","16.20","15.80","15.80","-0.2500","473"
"1472","三洋實業","16682","1207343","72.40","72.80","72.10","72.80","0.4000","75"
"1473","台南","2567862","119727936","47.50","47.90","46.15","46.15","-1.1500","1652"
"1474","弘裕","240224","3369973","14.10","14.10","13.95","13.95","-0.1500","160"
"1475","業旺","196879","11965208","61.00","61.70","60.40","60.60","-0.4000","189"
"1476","儒鴻","644194","344614827","528.00","542.00","528.00","532.00","5.0000","1247"
"1477","聚陽","1160970","451923498","382.00","393.00","382.00","390.00","8.5000","1248"
"1503","士電","34330280","9493124022","274.00","289.50","264.50","282.50","12.5000","30638"
"1504","東元","22124677","1184336438","53.90","54.70","53.10","53.40","-0.5000","11272"
"1506","正道","179880","2966391","16.40","16.65","16.40","16.50","-0.0500","116"
"1512","瑞利","6546","58130","8.71","9.00","8.71","9.00","-0.1200","15"
"1513","中興電","18133927","3399107426","188.50","190.00","184.50","188.00","0.0000","29900"
"1514","亞力","42090995","6078763659","145.50","147.50","140.00","145.00","1.0000","29416"
"1515","力山","569264","25850640","45.50","45.75","45.15","45.15","-0.3500","440"
"1516","川飛","653906","15208610","23.65","23.75","23.00","23.05","-0.6000","441"
"1517","利奇","267295","4467533","16.90","16.90","16.60","16.60","-0.2000","304"
"1519","華城","1536291","1436844524","939.00","952.00","920.00","930.00","-15.0000","4243"
"1521","大億","42523","1678504","39.30","39.55","39.30","39.35","0.0000","46"
"1522","堤維西","22387681","1613244081","69.50","74.30","69.30","70.40","1.6000","16089"
"1522A","堤維西甲特","","","","","","","0.0000",""
"1524","耿鼎","6560723","233264281","35.50","36.20","35.10","35.15","-0.2000","3970"
"1525","江申","47216","3625150","77.00","77.00","76.40","76.80","-0.2000","56"
"1526","日馳","60249","1932901","32.20","32.35","32.00","32.15","-0.0500","65"
"1527","鑽全","458072","20198751","44.60","44.60","44.00","44.00","-0.4500","581"
"1528","恩德","973769","12717825","13.30","13.30","12.95","13.05","-0.1500","667"
"1529","樂事綠能","986153","32548528","33.35","33.70","32.75","32.75","-0.5500","761"
"1530","亞崴","120795","3905501","32.00","32.75","32.00","32.20","0.2000","222"
"1531","高林股","562085","8302279","14.45","15.10","14.40","14.80","0.4000","366"
"1532","勤美","2881577","142685802","49.65","50.10","49.25","49.35","-0.1500","1818"
"1533","車王電","149082","6877923","46.60","47.30","45.45","45.80","-0.6000","149"
"1535","中宇","171156","11881408","69.90","69.90","69.30","69.40","-0.5000","220"
"1536","和大","1741052","98000580","56.80","57.00","56.00","56.30","-0.5000","1442"
"1537","廣隆","176510","25735611","147.00","147.00","145.00","145.50","-1.5000","249"
"1538","正峰","33090","558587","17.15","17.70","16.40","17.05","-0.4500","32"
"1539","巨庭","82758","1981347","24.20","24.20","23.80","24.00","-0.0500","74"
"1540","喬福","662074","13792020","20.70","21.05","20.65","20.90","0.2000","337"
"1541","錩泰","30020","948176","31.70","31.85","31.40","31.50","0.0500","31"
"1558","伸興","47179","4762662","101.00","101.50","100.50","100.50","0.0000","85"
"1560","中砂","1514643","438493625","292.00","292.50","287.50","288.50","0.0000","2913"
"1563","巧新","2164603","159847261","74.00","75.00","73.00","73.80","-0.2000","984"
"1568","倉佑","296722","8399002","28.40","28.55","28.15","28.40","0.0500","342"
"1582","信錦","3767276","442298688","117.00","119.00","116.00","117.00","0.0000","3419"
"1583","程泰","78890","5388067","68.00","69.20","68.00","69.20","0.9000","86"
"1587","吉茂","3609377","223908360","64.10","64.10","61.00","61.70","-1.9000","2918"
"1589","永冠-KY","987639","43097522","44.90","44.90","43.30","43.30","-1.2500","1692"
"1590","亞德客-KY","387479","406191770","1045.00","1060.00","1035.00","1040.00","0.0000","469"
"1597","直得","192486","12938322","68.10","68.10","66.70","67.00","-0.4000","234"
"1598","岱宇","283889","8687491","31.05","31.05","30.40","30.70","-0.0500","233"
"1603","華電","2630182","127101188","48.50","48.90","48.00","48.35","0.0500","2026"
"1604","聲寶","315230","9064212","28.65","28.85","28.65","28.75","0.1000","271"
"1605","華新","15565642","575477974","37.20","37.40","36.85","36.85","-0.2500","8100"
"1608","華榮","9891752","382391435","39.40","39.70","38.35","38.40","-0.7000","5899"
"1609","大亞","21127303","1130357451","54.50","54.70","53.10","53.20","-0.9000","13058"
"1611","中電","7723458","145478002","18.80","19.05","18.50","18.95","0.1500","3282"
"1612","宏泰","4663076","182649814","39.60","40.05","38.75","38.90","-0.3000","2981"
"1614","三洋電","135365","6114845","45.40","45.40","44.90","45.25","0.2000","142"
"1615","大山","520161","36864416","70.70","71.60","70.20","71.00","0.4000","633"
"1616","億泰","5429403","139231125","26.30","26.35","25.35","25.90","-0.4000","3115"
"1617","榮星","4078170","104664094","26.25","26.55","25.20","25.30","-0.8000","2261"
"1618","合機","17254005","1029693461","60.10","61.70","58.10","59.80","-0.2000","11082"
"1626","艾美特-KY","166388","2681671","16.20","16.20","16.05","16.10","0.0000","387"
"1701","中化","759256","17104233","22.75","22.75","22.30","22.50","-0.1500","445"
"1702","南僑","501022","28997888","58.20","58.20","57.70","57.90","-0.2000","518"
"1707","葡萄王","709422","114224878","162.00","162.00","160.00","160.50","-1.5000","890"
"1708","東鹼","683788","22677682","33.30","33.40","33.00","33.05","-0.2000","532"
"1709","和益","532721","11051672","20.80","20.85","20.65","20.70","-0.0500","286"
"1710","東聯","899688","15467447","17.25","17.30","17.10","17.20","0.0000","604"
"1711","永光","2011184","38208479","19.15","19.20","18.90","18.90","-0.2500","1445"
"1712","興農","925908","39742848","42.80","43.25","42.40","42.95","0.6000","1001"
"1713","國化","751120","42679557","57.20","58.30","55.50","55.80","-1.4000","574"
"1714","和桐","3405692","34043568","10.15","10.15","9.92","9.95","-0.1500","1215"
"1717","長興","1377371","42397005","30.85","30.90","30.65","30.75","-0.0500","929"
"1718","中纖","2726703","21602984","7.91","7.96","7.89","7.93","0.0200","1345"
"1720","生達","452652","32231372","71.90","72.10","70.90","71.00","-0.5000","1252"
"1721","三晃","1695560","24253921","14.45","14.45","14.20","14.25","-0.2000","906"
"1722","台肥","2274458","146966223","64.30","65.00","64.20","64.50","0.1000","1299"
"1723","中碳","1640297","178079811","109.00","109.50","108.00","109.00","0.5000","1539"
"1725","元禎","4337756","213473936","46.20","50.70","46.20","47.95","1.8500","2760"
"1726","永記","52439","4268990","81.10","81.90","81.00","81.10","0.0000","58"
"1727","中華化","366955","10801429","29.45","29.65","29.20","29.35","-0.0500","298"
"1730","花仙子","38300","2155353","56.20","56.40","56.10","56.20","-0.1000","48"
"1731","美吾華","372886","9625145","25.80","25.95","25.75","25.85","0.1000","239"
"1732","毛寶","2503746","77881322","31.10","31.90","30.55","30.85","0.3000","1596"
"1733","五鼎","156309","5181740","33.30","33.30","33.05","33.05","-0.2000","129"
"1734","杏輝","1226404","46738167","38.50","38.55","37.95","38.05","-0.3000","710"
"1735","日勝化","22673","411154","18.00","18.20","18.00","18.05","0.1500","39"
"1736","喬山","654846","56133931","86.90","87.00","85.00","85.50","-0.9000","1669"
"1737","臺鹽","445936","15049406","33.80","33.90","33.70","33.70","-0.1000","414"
"1752","南光","412849","21731866","53.10","53.10","52.20","52.20","-0.9000","455"
"1760","寶齡富錦","283312","27715234","98.80","99.00","97.40","97.50","-0.8000","299"
"1762","中化生","249276","12342334","49.90","49.90","49.30","49.50","-0.4000","340"
"1773","勝一","447468","71531109","161.00","162.00","159.00","159.00","-1.5000","439"
"1776","展宇","68127","1220132","17.95","18.05","17.75","17.75","-0.2500","66"
"1783","和康生","204908","9400692","46.40","46.70","45.60","45.70","-0.6500","391"
"1786","科妍","2071305","265418273","128.50","132.00","125.00","126.00","-1.5000","2125"
"1789","神隆","996827","28724932","29.30","29.30","28.50","28.50","-0.6000","709"
"1795","美時","3782431","1100062066","292.00","295.00","288.00","288.50","-3.0000","9053"
"1802","台玻","31912513","634188349","19.90","20.35","19.50","19.90","0.0000","10351"
"1805","寶徠","377237","7703282","20.35","20.70","20.15","20.20","-0.1500","224"
"1806","冠軍","896438","9611810","10.75","10.80","10.65","10.65","-0.1000","416"
"1808","潤隆","1583415","179795959","114.50","115.00","113.00","113.00","-1.0000","1668"
"1809","中釉","2225853","54148398","24.65","24.85","24.00","24.25","-0.4000","1292"
"1810","和成","793974","14639050","18.55","18.65","18.35","18.35","-0.1500","487"
"1817","凱撒衛","171623","6816980","39.75","39.90","39.65","39.70","-0.0500","130"
"1903","士紙","623132","38207440","61.90","62.20","60.80","61.20","-0.7000","448"
"1904","正隆","846946","24582991","29.10","29.10","28.90","29.00","-0.0500","940"
"1905","華紙","1951707","42643054","22.00","22.05","21.75","21.80","-0.0500","1065"
"1906","寶隆","75069","1187880","15.80","15.85","15.80","15.80","0.0000","171"
"1907","永豐餘","1782097","53895859","30.05","30.40","30.00","30.20","0.2000","1297"
"1909","榮成","3964201","55160945","14.00","14.00","13.80","13.85","-0.0500","1586"
"2002","中鋼","22157349","520519847","23.50","23.60","23.40","23.50","0.1000","10524"
"2002A","中鋼特","24625","1076311","43.75","43.75","43.70","43.70","0.0000","25"
"2006","東和鋼鐵","2556540","175191028","68.30","68.90","67.90","68.90","0.7000","2060"
"2007","燁興","668913","7857267","11.90","11.90","11.65","11.70","-0.0500","369"
"2008","高興昌","64286","1593700","24.90","24.95","24.70","24.75","-0.1000","128"
"2009","第一銅","2468791","122880009","50.70","50.70","49.50","49.65","-0.4500","2110"
"2010","春源","787651","15960104","20.20","20.40","20.10","20.25","0.1500","483"
"2012","春雨","190159","4740509","24.55","25.25","24.50","25.00","0.3000","198"
"2013","中鋼構","174253","10183217","58.80","58.80","58.20","58.20","-0.3000","138"
"2014","中鴻","5510519","121183880","22.00","22.20","21.80","22.00","0.0500","2396"
"2015","豐興","773031","57271262","73.10","74.40","73.00","74.10","1.0000","696"
"2017","官田鋼","983900","14539972","14.75","14.95","14.70","14.75","0.0000","518"
"2020","美亞","1163471","41884467","36.00","36.30","35.85","35.95","-0.0500","685"
"2022","聚亨","838143","9431721","11.50","11.50","11.20","11.25","-0.1500","545"
"2023","燁輝","1399093","21346100","15.20","15.35","15.20","15.25","0.0500","939"
"2024","志聯","56814","1228315","21.80","21.80","21.40","21.65","-0.1500","82"
"2025","千興","4880378","59256964","12.25","12.45","11.90","12.10","-0.3000","1717"
"2027","大成鋼","8070885","296139121","37.00","37.00","36.50","36.55","-0.3500","4928"
"2028","威致","268489","7103421","26.50","26.60","26.25","26.50","0.0000","191"
"2029","盛餘","229264","6378794","27.95","27.95","27.80","27.80","-0.1000","202"
"2030","彰源","353666","6382694","18.10","18.10","18.00","18.00","-0.1000","285"
"2031","新光鋼","4069841","264293833","65.60","65.70","64.40","64.70","-0.6000","2552"
"2032","新鋼","152873","2618378","17.10","17.20","17.05","17.15","0.0500","119"
"2033","佳大","253384","3978709","16.00","16.05","15.50","15.60","-0.4000","157"
"2034","允強","509921","12919564","25.35","25.45","25.25","25.30","-0.0500","349"
"2038","海光","701115","14193586","20.25","20.50","20.00","20.30","0.0500","566"
"2049","上銀","2617241","540100897","209.00","210.50","205.00","205.00","-4.0000","3485"
"2059","川湖","1244835","1439385455","1180.00","1185.00","1140.00","1145.00","-25.0000","2820"
"2062","橋椿","185988","5207114","28.10","28.10","27.95","27.95","-0.1500","147"
"2069","運錩","178966","2926833","16.45","16.45","16.20","16.25","-0.2000","134"
"2101","南港","6088090","347369107","56.90","57.60","56.60","56.90","0.2000","3342"
"2102","泰豐","487657","9983982","20.50","20.60","20.40","20.45","-0.0500","216"
"2103","台橡","1029982","24682317","23.85","24.10","23.85","23.90","-0.0500","502"
"2104","國際中橡","786270","13663214","17.40","17.45","17.30","17.35","-0.1000","529"
"2105","正新","5519501","274605095","50.00","50.10","49.50","49.60","-0.4000","3456"
"2106","建大","859689","28959148","33.35","34.00","33.15","33.85","0.7500","920"
"2107","厚生","471665","12690964","26.90","27.00","26.85","26.90","0.0000","325"
"2108","南帝","587484","21162662","36.30","36.30","35.80","35.85","-0.2000","729"
"2109","華豐","655641","12334737","18.70","18.90","18.65","18.80","0.0000","440"
"2114","鑫永銓","41884","4288359","102.50","103.00","102.00","103.00","1.5000","79"
"2115","六暉-KY","161300","5381150","33.40","33.50","33.30","33.30","-0.1500","92"
"2201","裕隆","4486506","310471720","69.60","69.80","68.70","68.70","-0.6000","3431"
"2204","中華","3971814","501167808","127.00","128.50","125.00","125.00","-1.5000","2385"
"2206","三陽工業","11644076","937209896","81.00","81.70","79.60","80.40","0.1000","12977"
"2207","和泰車","997757","638073695","636.00","641.00","634.00","640.00","4.0000","798"
"2208","台船","3254351","56937470","17.65","17.65","17.40","17.40","-0.2500","2101"
"2211","長榮鋼","2773936","410778689","150.50","151.00","147.00","147.50","-1.5000","2016"
"2227","裕日車","81154","11328806","137.00","141.00","137.00","139.50","1.0000","325"
"2228","劍麟","332739","37628337","113.00","114.00","112.50","112.50","-0.5000","321"
"2231","為升","1205240","148410144","127.00","127.00","121.00","122.00","-5.0000","1192"
"2233","宇隆","339899","46706030","138.00","138.50","136.00","137.50","-0.5000","376"
"2236","百達-KY","779441","62738260","79.70","81.20","79.70","80.50","0.1000","448"
"2239","英利-KY","110164","5926628","53.90","54.50","53.50","53.90","-0.1000","92"
"2241","艾姆勒","2358266","103770415","45.00","45.70","43.20","43.60","-1.1500","1608"
"2243","宏旭-KY","436109","8403449","19.85","19.85","19.00","19.00","-0.5000","328"
"2247","汎德永業","294685","94806452","322.00","324.50","320.50","320.50","-1.0000","394"
"2250","IKKA-KY","427714","43813231","104.00","104.50","101.50","102.00","-1.5000","439"
"2254","巨鎧精密-創","289000","23577800","79.10","83.00","79.10","82.40","3.1000","77"
"2258","鴻華先進-創","1942530","91448872","46.40","47.95","45.90","47.70","1.2000","888"
"2301","光寶科","22333991","2368291403","106.00","107.50","104.50","106.00","0.5000","12890"
"2302","麗正","293284","5324349","18.20","18.30","18.05","18.05","-0.1500","202"
"2303","聯電","53361427","3032523601","57.00","57.10","56.60","56.80","0.0000","24168"
"2305","全友","375002","8775431","23.80","23.90","23.20","23.40","-0.1500","327"
"2308","台達電","27860184","10209434936","358.00","371.00","356.50","367.00","19.0000","26558"
"2312","金寶","22974672","420976675","18.20","18.50","18.10","18.10","0.0000","7612"
"2313","華通","34751328","2613427305","73.60","76.50","73.30","74.80","1.3000","18796"
"2314","台揚","1989501","66262824","34.00","34.00","33.00","33.00","-0.9000","1627"
"2316","楠梓電","11037900","589360016","50.70","54.00","49.75","54.00","4.9000","4761"
"2317","鴻海","176031571","36081706615","200.00","208.00","199.50","203.00","4.5000","107041"
"2321","東訊","27436","441466","16.10","16.55","15.90","16.20","-0.4500","32"
"2323","中環","13673094","170518031","12.45","12.65","12.30","12.65","0.3000","3278"
"2324","仁寶","32976632","1190661800","36.20","36.50","35.70","36.20","0.1500","11146"
"2327","國巨","3077033","2201851306","713.00","720.00","708.00","717.00","5.0000","5414"
"2328","廣宇","9937076","397958977","40.20","40.70","39.30","39.30","-0.5500","6031"
"2329","華泰","4166683","253857663","61.20","61.60","60.40","60.40","-0.6000","3264"
"2330","台積電","74810138","72573060839","953.00","984.00","953.00","981.00","38.0000","117214"
"2331","精英","5734876","193723625","34.20","34.35","33.50","33.60","-0.4000","3322"
"2332","友訊","1821314","33142056","18.15","18.30","18.10","18.15","0.0000","1085"
"2337","旺宏","15196615","416070331","27.65","28.00","27.05","27.05","-0.4000","7905"
"2338","光罩","1341143","98576316","73.90","74.60","72.90","73.00","-0.6000","1338"
"2340","台亞","3644831","150932209","41.65","42.30","40.80","41.45","-0.0500","2374"
"2342","茂矽","568747","19196003","33.90","34.00","33.45","33.55","-0.2500","606"
"2344","華邦電","72788722","1943094833","26.95","27.25","26.25","26.30","-0.5000","24999"
"2345","智邦","1977683","1087241247","550.00","554.00","543.00","552.00","7.0000","2140"
"2347","聯強","6891797","597297688","85.30","87.20","84.90","86.50","1.5000","7171"
"2348","海悅","3776052","936910058","247.00","254.00","242.00","248.50","9.0000","12031"
"2348A","海悅甲特","18003","604900","33.60","33.60","33.60","33.60","0.0000","7"
"2349","錸德","3185900","28870832","9.20","9.20","9.01","9.03","-0.1300","1133"
"2351","順德","8617809","1166583114","138.50","139.50","132.50","133.50","-5.0000","6603"
"2352","佳世達","7658993","291468251","38.05","38.30","37.85","37.85","-0.1000","4828"
"2353","宏碁","36105756","1797301252","49.70","50.40","49.50","49.50","0.1000","18396"
"2354","鴻準","19746184","1357102750","68.60","69.80","68.00","68.00","-0.2000","12593"
"2355","敬鵬","5787257","273392731","47.55","47.90","46.75","46.75","-0.5000","3939"
"2356","英業達","53558690","2997186208","55.20","56.60","54.70","56.20","1.4000","28669"
"2357","華碩","4302172","2161264273","498.00","508.00","495.50","502.00","6.0000","5696"
"2359","所羅門","23900752","3816724294","166.00","168.50","153.50","157.00","-8.5000","20110"
"2360","致茂","4121742","1333098423","331.00","337.00","314.00","317.50","-5.0000","7988"
"2362","藍天","3214318","172373994","54.20","54.30","53.00","53.60","0.0000","2168"
"2363","矽統","23671180","1410327410","59.80","60.30","58.80","59.20","0.4000","12724"
"2364","倫飛","77229","6541857","84.30","85.70","84.20","84.30","0.2000","190"
"2365","昆盈","91626851","3520080165","41.95","42.00","35.35","35.55","-2.9500","47249"
"2367","燿華","19553831","700386115","35.85","36.40","35.50","35.50","-0.3500","9667"
"2368","金像電","5089138","966732862","192.50","193.00","188.50","189.50","-1.5000","5502"
"2369","菱生","1929278","43893892","22.90","23.15","22.50","22.55","-0.2500","1193"
"2371","大同","71929867","4210627149","60.10","60.30","57.70","57.90","-2.2000","37104"
"2373","震旦行","47361","3538444","74.60","74.90","74.50","74.70","0.2000","69"
"2374","佳能","10017049","514636787","52.50","52.60","50.70","51.10","-1.0000","6161"
"2375","凱美","588336","41564500","71.80","71.80","70.00","70.00","-1.2000","530"
"2376","技嘉","17363645","5477103922","311.00","320.00","308.00","316.50","8.0000","16609"
"2377","微星","3684230","658045268","178.00","180.50","177.00","177.50","-0.5000","3552"
"2379","瑞昱","2960278","1654539683","567.00","567.00","555.00","558.00","-3.0000","3397"
"2380","虹光","211745","1505342","7.05","7.15","7.05","7.15","-0.0100","230"
"2382","廣達","110774537","34373294814","292.50","320.00","291.50","316.00","25.0000","100361"
"2383","台光電","4131033","1860331761","457.00","457.50","444.00","444.50","-6.5000","5757"
"2385","群光","5336022","944693209","176.00","179.00","175.50","176.50","1.5000","3980"
"2387","精元","564676","33934676","59.80","60.40","59.80","59.80","0.0000","495"
"2388","威盛","7028572","889516845","129.50","130.00","124.50","124.50","-4.0000","8936"
"2390","云辰","684011","9337173","13.80","13.85","13.50","13.55","-0.1500","505"
"2392","正崴","20694520","1561386072","77.70","78.50","73.70","74.60","-2.8000","14038"
"2393","億光","5763514","459872297","79.90","80.50","78.20","80.50","0.8000","4842"
"2395","研華","1055449","392995215","371.00","374.50","370.00","370.00","0.0000","1304"
"2397","友通","683851","51009440","76.00","76.90","73.10","73.10","-1.9000","832"
"2399","映泰","7756341","178058718","22.55","23.50","22.30","22.65","0.9000","4307"
"2401","凌陽","5141575","180000556","35.60","35.65","34.70","34.75","-0.5000","3343"
"2402","毅嘉","1742223","60696286","35.30","35.30","34.65","34.75","-0.2500","1232"
"2404","漢唐","1601942","585187542","362.00","367.50","360.50","367.50","7.5000","2048"
"2405","輔信","9012256","187062762","21.20","21.30","20.35","20.45","-0.4500","3716"
"2406","國碩","4517002","98416933","22.25","22.30","21.55","21.65","-0.5000","2054"
"2408","南亞科","37208629","2662753493","73.40","73.80","70.50","70.70","-1.3000","27908"
"2409","友達","39515543","721966702","18.50","18.50","18.15","18.25","-0.2000","12138"
"2412","中華電","10309673","1313962081","128.00","128.00","127.00","127.50","-0.5000","5221"
"2413","環科","145709","3494789","24.15","24.20","23.85","23.90","-0.2500","126"
"2414","精技","142858","5453312","38.15","38.30","38.05","38.05","-0.1500","145"
"2415","錩新","91835","2488188","27.05","27.35","26.95","26.95","0.0000","96"
"2417","圓剛","2701338","120103631","45.00","45.35","43.90","43.95","-0.3000","1916"
"2419","仲琦","1124576","34848899","30.70","31.25","30.60","31.05","0.3500","625"
"2420","新巨","1056480","72194238","68.70","69.40","67.70","67.70","-1.0000","1516"
"2421","建準","3149830","349258832","111.50","112.00","109.50","112.00","1.0000","2334"
"2423","固緯","563399","24374640","43.30","43.55","43.05","43.15","-0.0500","434"
"2424","隴華","16500","496093","30.60","30.60","29.80","29.85","-0.8000","18"
"2425","承啟","546849","20951408","38.10","38.70","38.05","38.05","0.0500","446"
"2426","鼎元","943056","17928793","19.35","19.35","18.90","18.95","-0.2500","670"
"2427","三商電","3699662","108665125","29.75","29.90","29.00","29.25","-0.4500","2328"
"2428","興勤","1325899","244435454","182.50","186.00","182.50","183.50","0.5000","1770"
"2429","銘旺科","1293810","32168921","25.60","25.95","24.05","25.00","-1.7000","741"
"2430","燦坤","75181","2679454","35.55","35.75","35.55","35.60","0.0500","118"
"2431","聯昌","738160","9008503","12.10","12.60","12.00","12.20","0.1000","347"
"2432","倚天酷碁-創","20000","767500","38.35","38.50","38.20","38.20","-0.1500","16"
"2433","互盛電","122487","6550783","53.20","53.80","53.10","53.30","0.0000","99"
"2434","統懋","16512","553453","33.40","33.75","33.40","33.50","0.1000","23"
"2436","偉詮電","1377422","87645376","65.00","65.00","63.20","63.40","-0.9000","1183"
"2438","翔耀","2403751","100695815","38.80","42.50","38.70","42.50","3.8500","1215"
"2439","美律","2321776","296696356","129.00","129.50","126.50","126.50","-2.0000","2079"
"2440","太空梭","666949","11140056","17.00","17.10","16.50","16.60","-0.2500","411"
"2441","超豐","847559","52939266","62.30","62.80","62.20","62.20","-0.1000","725"
"2442","新美齊","2246795","69330258","31.10","31.20","30.55","31.20","0.2000","1324"
"2444","兆勁","706554","9620347","13.60","13.90","13.40","13.50","-0.1000","365"
"2449","京元電子","57383993","6203934506","105.00","110.50","103.00","109.00","4.5000","28820"
"2450","神腦","866467","34869035","40.30","40.35","40.15","40.20","0.0500","497"
"2451","創見","2731114","363252805","135.00","136.50","131.50","131.50","-1.5000","2770"
"2453","凌群","1220403","76218826","62.40","63.10","61.90","62.00","-0.4000","942"
"2454","聯發科","11869736","17416980215","1425.00","1485.00","1420.00","1485.00","80.0000","20762"
"2455","全新","8820361","1457474700","163.00","167.50","163.00","164.00","2.5000","7335"
"2457","飛宏","4055475","204826398","51.50","51.70","50.00","50.10","-1.4000","3439"
"2458","義隆","831504","134161853","162.00","162.00","160.50","161.00","0.0000","873"
"2459","敦吉","75000","5582231","74.50","74.60","74.20","74.60","0.0000","411"
"2460","建通","1493552","49610770","33.80","33.95","32.85","32.95","-0.8000","1061"
"2461","光群雷","968851","24064204","24.95","25.05","24.70","24.70","-0.2500","680"
"2462","良得電","412621","14778222","36.10","36.25","35.50","35.55","-0.1500","261"
"2464","盟立","10953729","687528220","65.00","65.00","61.10","63.50","-0.6000","7646"
"2465","麗臺","2535518","324014284","127.50","130.50","126.00","128.00","2.0000","2200"
"2466","冠西電","25102","935728","37.30","37.75","36.95","37.30","0.1500","23"
"2467","志聖","1709861","230822687","134.50","138.00","133.00","134.00","-0.5000","1641"
"2468","華經","280461","7534433","26.90","27.15","26.70","26.70","0.1000","221"
"2471","資通","125817","7248750","57.20","57.80","57.20","57.50","0.2000","170"
"2472","立隆電","1959554","154927388","80.00","80.50","78.60","78.60","-1.2000","1199"
"2474","可成","2415265","554850487","230.50","231.00","228.00","230.50","1.0000","2959"
"2476","鉅祥","8549186","950459486","115.00","116.00","108.50","109.50","-4.5000","6102"
"2477","美隆電","71414","1564279","21.90","22.05","21.80","21.90","0.0000","59"
"2478","大毅","300612","16185180","54.00","54.40","53.50","53.50","-0.3000","448"
"2480","敦陽科","1298165","165119177","126.00","129.00","126.00","127.00","1.0000","941"
"2481","強茂","1288459","75290011","59.50","59.50","58.10","58.10","-1.3000","1129"
"2482","連宇","3285171","128744548","39.30","40.70","38.15","38.15","-0.5000","2438"
"2483","百容","202580","5086859","25.30","25.30","24.95","25.25","-0.1000","154"
"2484","希華","412307","13164511","32.15","32.20","31.75","31.75","-0.2500","342"
"2485","兆赫","964358","19972771","20.85","21.10","20.55","20.65","-0.2000","839"
"2486","一詮","21510632","2532051273","121.00","122.00","115.50","118.50","-1.0000","11293"
"2488","漢平","264143","12588609","47.80","47.90","47.55","47.65","-0.1500","252"
"2489","瑞軒","10728925","206424798","19.60","19.75","19.00","19.10","-0.4500","5818"
"2491","吉祥全","139797","2089793","15.20","15.20","14.65","14.90","-0.3000","125"
"2492","華新科","2934166","345815756","119.50","120.00","117.00","117.00","-2.0000","2194"
"2493","揚博","310626","29051030","94.70","94.70","93.10","93.60","-0.5000","415"
"2495","普安","2809305","78836461","28.50","28.70","27.75","27.75","-0.4500","1756"
"2496","卓越","19106","1417503","74.70","74.70","73.90","74.60","-0.1000","21"
"2497","怡利電","370463","21707314","59.00","59.30","58.10","58.30","-0.6000","284"
"2498","宏達電","5092632","232370439","45.90","46.15","45.30","45.40","-0.3000","3207"
"2501","國建","8150045","266994161","33.10","33.25","32.50","32.70","-0.3000","4640"
"2504","國產","5344665","261102462","49.15","49.20","48.50","48.60","-0.1500","4071"
"2505","國揚","644367","17574200","27.40","27.65","27.05","27.20","-0.1500","498"
"2506","太設","2034396","24198201","12.10","12.15","11.80","11.85","-0.1500","910"
"2509","全坤建","452029","10807764","24.25","24.25","23.80","23.90","-0.1000","378"
"2511","太子","1990438","24341345","12.25","12.30","12.15","12.25","0.0500","838"
"2514","龍邦","1462028","35686840","24.60","24.65","24.10","24.45","-0.0500","752"
"2515","中工","21575498","335917906","15.75","15.80","15.45","15.50","-0.2000","8347"
"2516","新建","4649817","57111397","12.00","12.45","12.00","12.15","0.3500","1170"
"2520","冠德","4845317","283604930","59.20","59.20","58.20","58.50","-0.8000","4168"
"2524","京城","620106","34221357","55.50","56.40","54.20","55.60","-0.1000","494"
"2527","宏璟","814332","37532832","46.00","46.50","45.85","46.20","0.2500","652"
"2528","皇普","611641","28825622","47.10","47.50","46.70","47.05","0.0000","308"
"2530","華建","1845980","90509615","48.80","49.85","48.55","48.80","0.4500","981"
"2534","宏盛","888709","23473879","26.50","26.60","26.20","26.45","-0.1000","501"
"2535","達欣工","266555","15013539","56.30","56.60","56.00","56.50","0.3000","334"
"2536","宏普","341579","11962024","34.75","35.40","34.75","34.95","0.2000","239"
"2537","聯上發","10223191","229353980","22.85","23.10","22.00","22.20","-0.5000","3917"
"2538","基泰","1491734","27545611","18.40","18.65","18.20","18.50","0.0500","595"
"2539","櫻花建","1390720","104209916","74.20","75.70","73.60","75.70","1.7000","857"
"2540","愛山林","1745661","333615833","189.00","195.00","187.50","191.00","3.0000","3189"
"2542","興富發","13867572","714533730","51.50","52.30","50.70","51.70","0.1000","10968"
"2543","皇昌","2321631","109642239","47.45","47.80","46.80","47.10","-0.3500","1560"
"2545","皇翔","835713","47621723","57.90","57.90","56.60","56.80","-0.6000","629"
"2546","根基","235929","22321816","94.80","95.20","94.20","94.50","-0.2000","320"
"2547","日勝生","2391036","26584814","11.20","11.25","11.05","11.10","-0.0500","871"
"2548","華固","5351561","993975164","185.00","188.50","181.50","187.00","0.5000","17310"
"2597","潤弘","426822","81297155","191.50","192.00","189.00","190.00","-0.5000","502"
"2601","益航","2354822","18892739","8.04","8.07","8.00","8.01","-0.0100","1007"
"2603","長榮","30216127","6102857642","200.00","204.50","199.50","200.50","1.5000","19649"
"2605","新興","7555962","228125664","30.40","30.75","29.80","29.85","-0.4500","4525"
"2606","裕民","7043318","394969482","56.20","56.80","55.60","55.60","-0.4000","4327"
"2607","榮運","8510282","271816656","31.85","32.45","31.75","32.00","0.2500","4063"
"2608","嘉里大榮","910473","37836960","41.90","41.90","41.15","41.40","-0.6000","835"
"2609","陽明","106052977","8050205178","74.50","77.50","74.10","75.00","0.9000","54294"
"2610","華航","83414826","1967155882","23.95","24.00","23.15","23.65","0.3000","23971"
"2611","志信","3967064","135446092","33.80","34.45","33.65","34.15","0.3000","2208"
"2612","中航","348743","16343211","46.80","47.20","46.55","46.75","0.0500","394"
"2613","中櫃","9378499","423358641","44.55","46.50","43.60","44.00","-0.5000","6591"
"2614","東森","622139","12141377","19.55","19.60","19.45","19.55","0.0000","609"
"2615","萬海","84486866","7780947855","89.10","95.20","88.80","90.00","1.2000","50613"
"2616","山隆","555920","13646605","24.35","24.70","24.35","24.50","0.1500","675"
"2617","台航","1876168","68640832","36.40","36.75","36.30","36.50","0.1500","819"
"2618","長榮航","135197803","5095572182","38.00","38.10","37.05","37.90","0.6000","48466"
"2630","亞航","1233106","47815396","39.00","39.30","38.50","38.60","-0.4500","941"
"2633","台灣高鐵","5910200","176772833","30.00","30.05","29.85","29.85","-0.1000","1855"
"2634","漢翔","7433122","390371512","53.20","53.20","52.00","52.10","-0.7000","5130"
"2636","台驊投控","1574008","159397802","100.50","103.00","100.00","100.00","0.1000","1246"
"2637","慧洋-KY","3871858","269839897","69.50","70.40","69.20","69.20","-0.1000","2339"
"2642","宅配通","154369","5790176","37.70","37.70","37.30","37.40","-0.3000","582"
"2645","長榮航太","619652","69720219","113.00","113.50","112.00","112.00","-0.5000","731"
"2701","萬企","186897","2456125","13.15","13.20","13.05","13.20","0.1000","126"
"2702","華園","132081","2533875","19.25","19.25","19.15","19.20","-0.0500","356"
"2704","國賓","724364","52924719","72.90","73.80","72.10","73.80","0.8000","784"
"2705","六福","517626","10388936","20.10","20.15","20.00","20.05","-0.0500","303"
"2706","第一店","161427","2541107","15.70","15.80","15.65","15.70","0.0000","219"
"2707","晶華","1363788","307879898","228.00","228.00","224.50","224.50","-3.0000","1834"
"2712","遠雄來","18101","548160","30.20","30.40","30.10","30.20","0.0000","20"
"2722","夏都","170830","9988605","58.80","59.00","58.30","58.40","-0.4000","175"
"2723","美食-KY","745002","65461314","88.80","88.80","87.60","87.70","-0.6000","902"
"2727","王品","474101","113292299","238.50","239.50","238.50","239.00","0.5000","801"
"2731","雄獅","994564","154443035","155.50","156.50","154.00","154.50","0.5000","964"
"2739","寒舍","745296","47575460","64.40","64.70","63.30","63.50","-0.6000","566"
"2748","雲品","239264","16802593","70.70","70.80","70.00","70.10","0.1000","368"
"2753","八方雲集","235255","39069895","165.50","166.50","165.50","166.00","0.5000","409"
"2762","世界健身-KY","109051","10110177","92.00","93.40","92.00","93.30","1.3000","217"
"2801","彰銀","22001717","401298106","18.30","18.30","18.15","18.20","-0.0500","5143"
"2809","京城銀","10662332","716303232","66.30","68.00","65.70","67.00","1.0000","9533"
"2812","台中銀","5242631","97641793","18.50","18.70","18.50","18.65","0.1500","2127"
"2816","旺旺保","2023472","70525782","34.05","35.30","34.00","35.05","1.2500","1492"
"2820","華票","2494608","38892390","15.55","15.65","15.50","15.65","0.1000","881"
"2832","台產","731426","19817992","27.20","27.20","27.00","27.15","0.0000","479"
"2834","臺企銀","31314994","556997663","17.60","17.95","17.60","17.80","0.2500","10248"
"2836","高雄銀","2857936","33907822","11.85","11.90","11.80","11.85","0.0000","1064"
"2836A","高雄銀甲特","4172","89663","21.50","21.50","21.50","21.50","0.0000","4"
"2838","聯邦銀","2334061","37259829","15.90","16.05","15.80","16.00","0.1000","1076"
"2838A","聯邦銀甲特","29600","1580880","53.40","53.50","53.30","53.50","0.1000","26"
"2845","遠東銀","7196954","114391572","15.80","16.00","15.80","15.95","0.1500","2540"
"2849","安泰銀","272119","3947513","14.30","14.75","14.30","14.45","0.1000","219"
"2850","新產","2110990","200645771","94.00","95.70","93.50","95.50","1.1000","1207"
"2851","中再保","2829846","74389080","26.15","26.45","26.05","26.45","0.3000","877"
"2852","第一保","406999","10084355","24.70","24.90","24.60","24.80","0.0000","216"
"2855","統一證","17640683","517260868","28.60","29.70","28.30","29.60","1.1000","6424"
"2867","三商壽","16638224","122286951","7.39","7.44","7.31","7.31","-0.0800","4284"
"2880","華南金","45266893","1185497908","25.95","26.30","25.80","26.30","0.3000","10881"
"2881","富邦金","18993406","1471313137","77.00","78.00","76.60","77.80","0.8000","12711"
"2881A","富邦特","80575","5051812","62.70","62.70","62.60","62.70","-0.1000","39"
"2881B","富邦金乙特","33281","1976935","59.20","59.60","59.20","59.60","0.1000","35"
"2881C","富邦金丙特","48368","2593960","53.60","53.80","53.60","53.80","0.1000","116"
"2882","國泰金","30140849","1776002264","59.10","59.30","58.20","59.00","0.1000","14422"
"2882A","國泰特","25170","1549996","61.60","61.60","61.60","61.60","0.1000","67"
"2882B","國泰金乙特","40987","2414129","58.80","59.00","58.80","59.00","0.0000","38"
"2883","開發金","49616814","768801436","15.45","15.60","15.35","15.50","0.0500","11691"
"2883B","開發金乙特","3762390","28723601","7.63","7.65","7.61","7.64","0.0100","351"
"2884","玉山金","35343158","1023397224","28.95","29.05","28.75","28.95","0.1000","10162"
"2885","元大金","27607571","925601056","32.95","33.80","32.95","33.75","0.8500","15297"
"2886","兆豐金","18811937","753310444","40.10","40.20","39.90","39.95","-0.1500","8541"
"2887","台新金","25592675","479074398","18.70","18.80","18.65","18.65","0.0000","7147"
"2887E","台新戊特","30444","1598738","52.50","52.60","52.50","52.50","0.0000","34"
"2887F","台新戊特二","37220","1774706","47.65","47.75","47.65","47.75","0.1000","17"
"2887Z1","台新己特","16371","273548","16.75","16.75","16.70","16.70","-0.0500","44"
"2888","新光金","123799126","1203523731","9.71","9.80","9.60","9.71","0.0600","17927"
"2888A","新光金甲特","54805","1644750","30.00","30.05","29.95","30.00","0.0500","36"
"2888B","新光金乙特","107017","3222296","30.20","30.20","30.00","30.10","0.0500","50"
"2889","國票金","8763656","136384441","15.50","15.65","15.45","15.60","0.0500","2597"
"2890","永豐金","17293190","429390318","24.65","24.95","24.55","24.80","0.1000","6689"
"2891","中信金","38705606","1471454011","37.90","38.25","37.75","37.90","0.0000","14715"
"2891B","中信金乙特","36198","2171753","60.00","60.20","60.00","60.20","0.0000","41"
"2891C","中信金丙特","9967","584685","58.70","58.80","58.40","58.80","0.0000","34"
"2892","第一金","12350547","347411833","28.10","28.20","28.00","28.10","0.0000","4890"
"2897","王道銀行","8402062","88518272","10.50","10.60","10.45","10.50","0.0500","1553"
"2897A","王道銀甲特","170000","1776600","10.45","10.50","10.40","10.50","0.0500","67"
"2901","欣欣","14939","412977","27.30","27.75","27.30","27.60","-0.2500","75"
"2903","遠百","6187613","206723026","33.00","33.75","32.85","33.55","0.9500","3489"
"2904","匯僑","57820","1112660","19.35","19.35","19.15","19.30","0.0000","72"
"2905","三商","1344846","22330307","16.50","16.75","16.45","16.50","0.0000","671"
"2906","高林","952558","19805522","20.80","21.05","20.60","20.80","0.0500","421"
"2908","特力","234655","4840375","20.65","20.85","20.50","20.50","-0.1500","180"
"2910","統領","31259","849615","27.30","27.30","27.05","27.05","-0.1000","32"
"2911","麗嬰房","106009","734154","6.92","6.98","6.90","6.90","-0.0400","203"
"2912","統一超","1167383","319814720","273.50","275.50","273.00","274.00","0.5000","1760"
"2913","農林","4602628","102119693","22.35","22.55","21.85","21.85","-0.1500","2267"
"2915","潤泰全","5817433","395783085","68.50","69.10","67.50","67.80","-0.8000","3864"
"2923","鼎固-KY","311005","9430197","29.05","31.00","28.45","30.50","1.4500","265"
"2929","淘帝-KY","202765","1921056","9.50","9.59","9.41","9.41","-0.0900","137"
"2939","凱羿-KY","22000","542200","24.45","24.90","24.45","24.90","0.4500","16"
"2945","三商家購","29584","1299219","43.75","44.25","43.70","44.05","-0.0500","50"
"3002","歐格","71367","1106253","15.55","15.60","15.40","15.45","0.0500","63"
"3003","健和興","698703","53760478","78.00","78.00","76.30","76.60","-1.3000","1416"
"3004","豐達科","437842","44751636","104.00","104.00","101.00","101.00","-3.0000","350"
"3005","神基","6281220","735891513","118.00","118.50","116.00","116.50","-1.0000","4400"
"3006","晶豪科","10515023","1031119464","101.00","102.00","95.90","96.10","-3.3000","10521"
"3008","大立光","1081174","2870211680","2690.00","2690.00","2630.00","2635.00","-25.0000","4514"
"3010","華立","1335421","177671813","133.50","134.50","132.00","132.50","-0.5000","1210"
"3011","今皓","672862","20303797","30.10","30.45","30.05","30.10","0.0500","262"
"3013","晟銘電","20314844","1825812447","92.00","92.40","88.00","88.00","-3.8000","15745"
"3014","聯陽","876387","153840725","177.00","177.00","175.00","175.00","-1.0000","1265"
"3015","全漢","1702792","114410060","67.80","68.00","66.50","66.50","-1.0000","1319"
"3016","嘉晶","1289604","86929650","68.20","68.50","66.80","66.80","-1.2000","1798"
"3017","奇鋐","14456481","10275592553","719.00","720.00","701.00","704.00","-9.0000","16889"
"3018","隆銘綠能","49034","740024","15.05","15.20","15.05","15.15","-0.0500","253"
"3019","亞光","2270611","160440783","71.40","71.70","70.20","70.90","-0.1000","1628"
"3021","鴻名","121722","2928736","24.25","24.45","23.85","24.00","-0.2500","122"
"3022","威強電","520723","42753212","82.10","82.70","81.80","81.80","-0.2000","412"
"3023","信邦","453617","132451765","291.00","293.50","290.50","291.50","0.5000","726"
"3024","憶聲","1390073","28714315","20.85","20.85","20.55","20.70","0.0500","687"
"3025","星通","2778867","195959025","71.00","72.00","69.30","69.60","-0.7000","4032"
"3026","禾伸堂","394139","39013191","99.20","99.20","98.70","98.80","-0.2000","330"
"3027","盛達","644834","25650733","40.30","40.30","39.50","39.50","-0.6500","544"
"3028","增你強","524271","18797432","35.75","35.90","35.70","35.80","0.0500","413"
"3029","零壹","1404523","117937936","85.30","85.30","83.40","83.40","-0.8000","2015"
"3030","德律","5947038","982123500","173.00","174.50","161.00","163.50","-9.0000","6873"
"3031","佰鴻","545069","11804023","21.50","21.85","21.40","21.50","0.1500","308"
"3032","偉訓","755702","54510464","72.00","72.50","71.80","71.90","0.1000","536"
"3033","威健","15010781","586312719","38.20","39.65","38.20","38.60","0.7000","7546"
"3034","聯詠","6260067","3917430287","622.00","630.00","618.00","629.00","12.0000","7780"
"3035","智原","12749720","4209554934","332.50","334.00","326.00","326.00","0.0000","14881"
"3036","文曄","9587286","1118405974","115.50","119.00","115.00","115.00","0.0000","6924"
"3036A","文曄甲特","74160","3508997","47.35","47.35","47.30","47.35","0.0500","31"
"3037","欣興","12096083","2317594306","193.00","195.00","188.50","189.00","-1.0000","17462"
"3038","全台","691304","22019742","32.15","32.15","31.80","31.80","-0.2000","528"
"3040","遠見","138323","5082505","36.40","36.90","36.40","36.90","0.5000","171"
"3041","揚智","4541439","109626779","24.75","25.35","23.30","23.40","-0.4000","2346"
"3042","晶技","7424702","874442440","119.00","120.50","115.00","115.50","-3.0000","5024"
"3043","科風","279954","8983118","31.90","32.80","31.50","31.50","-0.4000","268"
"3044","健鼎","3264520","701555431","217.00","218.00","213.00","214.00","-1.5000","3561"
"3045","台灣大","6188922","660951312","107.00","107.50","106.50","106.50","-1.0000","3832"
"3046","建碁","180265","11425781","63.60","63.80","63.00","63.40","-0.1000","193"
"3047","訊舟","10547330","260466771","25.15","25.30","24.45","24.50","-0.4500","4630"
"3048","益登","62475931","2599484015","39.90","43.05","39.50","40.00","0.8500","30486"
"3049","精金","1278620","10836053","8.54","8.55","8.43","8.44","-0.0700","633"
"3050","鈺德","1319288","28019823","21.40","21.50","20.85","20.95","-0.2500","468"
"3051","力特","2001367","64654463","33.00","33.15","32.00","32.05","-0.9500","1501"
"3052","夆典","816593","10784601","13.25","13.25","13.15","13.20","0.0000","317"
"3054","立萬利","22011","444065","20.00","20.45","19.90","20.15","0.0500","23"
"3055","蔚華科","9132379","850345886","92.40","95.80","91.20","91.70","1.1000","8029"
"3056","富華新","1643541","56713500","34.55","34.85","34.25","34.65","0.0000","1617"
"3057","喬鼎","349127","5015535","14.80","14.80","14.05","14.25","-0.3500","314"
"3058","立德","1994363","42620706","21.60","21.75","21.15","21.40","-0.2000","866"
"3059","華晶科","4414037","174412861","40.15","40.30","39.05","39.10","-0.8000","3066"
"3060","銘異","10518125","353965480","32.55","35.15","32.55","32.95","0.7000","5988"
"3062","建漢","104790503","3133628093","30.15","31.20","28.10","28.20","-0.9500","43729"
"3090","日電貿","708548","48371726","68.60","68.70","68.00","68.00","-0.5000","693"
"3092","鴻碩","158601","5027707","32.00","32.00","31.25","31.50","-0.5000","346"
"3094","聯傑","337488","10427716","30.90","31.30","30.65","30.90","0.0000","264"
"3130","一零四","42788","10019864","234.50","236.00","232.50","236.00","1.5000","174"
"3138","耀登","234390","30227067","131.50","131.50","128.00","129.00","-1.5000","509"
"3149","正達","1978057","54044619","28.50","28.50","26.50","26.55","-1.5500","2303"
"3164","景岳","274287","6715284","24.30","24.90","23.90","23.95","0.0000","189"
"3167","大量","281654","16037284","57.80","57.90","56.50","56.60","-1.2000","445"
"3168","眾福科","946648","64732953","64.10","70.50","63.90","67.40","3.3000","717"
"3189","景碩","2710090","251722920","93.20","93.90","92.00","92.30","-0.6000","2820"
"3209","全科","1418453","51591437","36.10","36.65","36.05","36.25","0.2000","959"
"3229","晟鈦","941765","27075550","28.20","29.50","28.20","29.10","1.7500","712"
"3231","緯創","96592639","10650272165","107.50","112.00","107.50","111.00","4.0000","46099"
"3257","虹冠電","213156","12831047","60.50","60.70","60.00","60.00","-0.4000","222"
"3266","昇陽","1414903","35220210","25.25","25.60","24.55","25.00","-0.2500","695"
"3296","勝德","829022","22452317","27.70","27.80","26.65","27.05","-0.1000","573"
"3305","昇貿","2406344","180419154","75.60","76.10","73.30","74.30","-0.9000","1586"
"3308","聯德","3513509","110147338","32.60","32.60","30.00","30.80","-0.0500","2881"
"3311","閎暉","228589","8963239","39.50","39.60","39.00","39.20","-0.2000","193"
"3312","弘憶股","6899413","515147333","79.00","79.40","72.00","73.10","-4.7000","5171"
"3321","同泰","595793","11959836","20.30","20.60","19.90","20.00","-0.2000","500"
"3338","泰碩","2233589","186723590","84.60","84.90","82.90","83.00","-0.9000","1992"
"3346","麗清","835713","35445302","43.00","43.15","42.10","42.10","-0.8500","664"
"3356","奇偶","5607805","398014689","68.70","72.50","68.70","72.40","4.0000","4319"
"3376","新日興","20955962","4770993178","229.00","235.00","221.00","229.50","-2.5000","15511"
"3380","明泰","1635964","56829114","34.90","35.20","34.50","34.55","0.0500","1194"
"3406","玉晶光","4105406","2615592721","638.00","650.00","626.00","626.00","-4.0000","5023"
"3413","京鼎","1836757","575446103","310.00","316.00","309.00","313.50","6.5000","1967"
"3416","融程電","270626","41163090","152.50","153.50","151.00","151.00","-1.0000","271"
"3419","譁裕","1572000","28035869","18.15","18.30","17.55","17.70","-0.3500","640"
"3432","台端","732159","22224738","31.00","31.00","29.75","29.80","-1.5000","705"
"3437","榮創","3258674","93801820","28.50","29.75","28.05","28.05","-0.1000","1906"
"3443","創意","3749825","6134140625","1670.00","1670.00","1610.00","1615.00","-65.0000","10425"
"3447","展達","77055","2500413","33.25","33.25","32.00","32.05","-0.6500","58"
"3450","聯鈞","54529495","5877461543","108.00","111.00","104.50","109.00","5.0000","32123"
"3454","晶睿","179076","25223311","140.00","142.50","140.00","140.00","0.5000","194"
"3481","群創","74717347","1055022405","14.30","14.30","14.05","14.10","-0.1500","17832"
"3494","誠研","320537","2156399","6.60","6.80","6.60","6.80","0.0000","84"
"3501","維熹","841278","62884389","76.50","76.90","73.70","74.10","-2.2000","1133"
"3504","揚明光","462732","26930459","59.00","59.20","57.50","57.50","-0.9000","372"
"3515","華擎","1236335","286551644","233.00","233.50","228.50","232.00","0.0000","1777"
"3518","柏騰","446021","14033313","31.70","32.00","31.20","31.20","0.0000","268"
"3528","安馳","174403","8665717","49.30","50.10","49.30","49.35","0.1000","124"
"3530","晶相光","368303","38657932","108.00","108.50","103.50","103.50","-3.5000","668"
"3532","台勝科","1884402","333147029","176.00","179.00","174.00","175.50","1.0000","2034"
"3533","嘉澤","484718","843158510","1730.00","1750.00","1720.00","1735.00","10.0000","912"
"3535","晶彩科","5841659","198033309","34.50","34.90","33.30","33.90","-0.6000","3513"
"3543","州巧","284044","6646826","23.40","23.50","23.20","23.50","0.2000","140"
"3545","敦泰","2159458","194780756","89.90","90.80","89.60","90.00","0.6000","1907"
"3550","聯穎","63254","969287","15.45","15.45","15.25","15.25","0.0000","64"
"3557","嘉威","242895","17593619","72.30","73.00","71.80","72.70","0.6000","211"
"3563","牧德","551528","216523014","395.50","403.50","387.00","389.00","-6.0000","985"
"3576","聯合再生","4327725","50411676","11.80","11.85","11.55","11.55","-0.1000","2103"
"3583","辛耘","2349045","819180392","348.50","352.50","344.00","349.00","5.0000","2559"
"3588","通嘉","463966","40328231","86.80","87.90","86.30","86.40","0.4000","433"
"3591","艾笛森","1817594","56745796","31.80","31.80","30.80","31.20","-0.2000","1198"
"3592","瑞鼎","325403","138251447","430.50","430.50","422.00","422.00","-1.5000","554"
"3593","力銘","188195","2438306","13.00","13.35","12.80","12.90","-0.5000","174"
"3596","智易","1176974","193130593","164.00","165.50","163.50","164.00","0.0000","1014"
"3605","宏致","1460230","67108843","47.10","47.10","45.40","46.45","0.6500","1140"
"3607","谷崧","485171","8753734","18.20","18.35","17.90","17.90","-0.2500","352"
"3617","碩天","784683","221528313","284.00","286.50","280.00","282.50","-2.0000","1782"
"3622","洋華","12820087","1027513128","84.30","84.40","78.40","79.10","-3.9000","8794"
"3645","達邁","701116","29536490","42.10","42.60","41.60","42.15","0.3000","410"
"3652","精聯","525633","17741319","34.75","34.80","33.10","33.55","-0.8000","372"
"3653","健策","769100","784426535","1020.00","1035.00","1005.00","1010.00","-5.0000","1235"
"3661","世芯-KY","2699235","7479412130","2760.00","2830.00","2710.00","2790.00","55.0000","8291"
"3665","貿聯-KY","12652705","4391417194","345.00","357.00","338.00","341.00","7.5000","11367"
"3669","圓展","114015","5926294","52.30","52.90","51.50","51.70","-0.3000","121"
"3673","TPK-KY","23728766","951880524","39.80","40.50","39.30","40.15","0.7500","11155"
"3679","新至陞","236791","31653631","133.50","135.50","131.50","132.50","-1.0000","228"
"3686","達能","1032899","19229744","19.20","19.25","18.45","18.50","-0.6000","914"
"3694","海華","970556","49322769","51.40","52.00","50.30","50.30","-0.7000","847"
"3701","大眾控","372811","19141584","51.30","51.80","51.10","51.10","-0.5000","296"
"3702","大聯大","3975459","354539170","88.50","89.70","88.20","89.00","0.6000","3556"
"3702A","大聯大甲特","152897","7476374","48.90","49.00","48.85","49.00","0.0000","62"
"3703","欣陸","2794508","102816993","36.85","37.00","36.60","36.90","0.2500","1909"
"3704","合勤控","893923","35988255","40.25","40.70","40.10","40.15","-0.0500","638"
"3705","永信","522082","28281669","54.50","54.70","53.90","54.00","-0.5000","376"
"3706","神達","14386763","668028113","45.80","47.00","45.55","46.25","0.5500","8049"
"3708","上緯投控","1768944","239063803","136.50","137.50","133.50","135.50","-1.0000","1696"
"3711","日月光投控","18881244","3370951556","174.00","181.00","173.50","179.00","8.0000","21460"
"3712","永崴投控","3790990","188039398","50.80","51.20","48.85","49.90","-0.7000","4360"
"3714","富采","2418260","108619778","45.55","45.60","44.65","44.70","-0.8000","1748"
"3715","定穎投控","3159211","195627263","62.50","62.60","61.40","61.40","-1.0000","2362"
"4104","佳醫","148978","13455554","90.40","90.60","90.10","90.20","-0.4000","304"
"4106","雃博","158739","4446383","28.15","28.15","27.90","27.90","-0.0500","221"
"4108","懷特","304191","6092484","20.15","20.15","19.90","19.95","0.0000","399"
"4119","旭富","144100","13026410","90.80","90.80","90.20","90.20","-0.2000","173"
"4133","亞諾法","833391","28458286","35.00","35.00","33.75","33.85","0.4000","707"
"4137","麗豐-KY","235356","38766655","166.00","166.00","164.00","164.50","-1.0000","351"
"4142","國光生","3305040","95745822","28.95","29.25","28.80","28.90","0.3500","2056"
"4148","全宇生技-KY","55048","2770710","51.10","51.30","49.60","50.10","-0.9000","60"
"4155","訊映","267918","6901340","26.05","26.15","25.55","25.55","-0.4500","510"
"4164","承業醫","1831145","100502284","55.40","56.10","53.90","54.10","-0.5000","1453"
"4190","佐登-KY","137997","6970549","51.30","51.50","49.70","50.60","-0.7000","186"
"4306","炎洲","13098176","279920219","20.80","21.80","20.60","21.80","1.1000","5011"
"4414","如興","780834","2417709","3.11","3.13","3.07","3.09","-0.0200","124"
"4426","利勤","132330","2236734","17.05","17.05","16.80","16.85","-0.0500","147"
"4438","廣越","78449","8981968","114.00","115.00","113.50","114.50","-0.5000","80"
"4439","冠星-KY","44010","4798100","108.50","110.00","108.50","109.50","1.5000","43"
"4440","宜新實業","388914","10127406","25.50","26.50","25.45","26.30","0.8000","269"
"4526","東台","9713546","273871743","27.85","28.45","27.30","28.45","2.5500","3278"
"4532","瑞智","3052452","89837657","29.70","30.10","29.10","29.35","-0.2000","1752"
"4536","拓凱","98183","19916698","202.00","204.00","202.00","202.00","-1.0000","101"
"4540","全球傳動","469676","14984345","32.50","32.50","31.70","31.90","-0.3500","364"
"4545","銘鈺","8984105","547957087","58.20","62.70","58.00","62.70","5.7000","5089"
"4551","智伸科","80794","9158770","114.50","114.50","112.50","112.50","-2.0000","101"
"4552","力達-KY","215755","6050386","28.15","28.20","27.90","28.10","-0.1000","135"
"4555","氣立","242998","15624945","63.00","68.50","62.70","64.90","1.9000","303"
"4557","永新-KY","140463","16898764","121.50","122.00","119.00","120.00","-0.5000","138"
"4560","強信-KY","81613","3038044","37.30","37.40","37.15","37.40","0.0000","37"
"4562","穎漢","14742234","689566270","49.55","49.55","45.25","45.45","-4.5500","9486"
"4564","元翎","540525","12592546","23.60","23.65","23.20","23.20","-0.3000","672"
"4566","時碩工業","25003667","2156888791","89.50","89.50","82.30","88.00","-1.5000","15455"
"4569","六方科-KY","11295","1165434","103.50","104.00","103.00","103.50","0.0000","18"
"4571","鈞興-KY","1156798","148736204","135.00","137.00","123.00","124.00","0.0000","1131"
"4572","駐龍","92186","14074686","152.50","154.00","152.00","152.50","0.0000","173"
"4576","大銀微系統","293800","22018232","75.90","76.20","74.30","74.50","-1.2000","311"
"4581","光隆精密-KY","31162","1940110","62.30","62.40","62.20","62.30","0.1000","39"
"4583","台灣精銳","333419","98997671","300.00","305.00","292.00","295.00","-2.0000","1083"
"4588","玖鼎電力","1012090","115646471","116.50","119.00","111.00","116.00","-0.5000","1211"
"4720","德淵","669775","13585692","20.40","20.55","20.15","20.25","-0.1500","347"
"4722","國精化","385231","17531637","44.95","46.00","44.80","45.80","0.9500","360"
"4736","泰博","329138","56476720","173.50","173.50","170.00","170.00","-3.0000","3109"
"4737","華廣","31277","2156208","68.80","69.20","68.70","69.10","0.4000","96"
"4739","康普","272525","17920395","66.20","66.40","65.50","65.60","-0.6000","369"
"4746","台耀","736384","71598169","98.20","98.60","96.80","96.90","-1.1000","703"
"4755","三福化","155116","21490373","140.00","140.00","138.00","138.00","-0.5000","187"
"4763","材料-KY","1312432","1110531972","842.00","855.00","839.00","846.00","10.0000","2363"
"4764","雙鍵","52725","2248998","42.00","42.80","42.00","42.80","0.8500","48"
"4766","南寶","2155531","816700339","362.00","387.00","359.50","386.50","25.5000","2441"
"4770","上品","458413","176398233","385.00","389.50","382.00","385.50","1.0000","514"
"4771","望隼","271118","81472853","306.00","307.50","296.50","297.00","-9.0000","4409"
"4807","日成-KY","17005","292582","16.90","17.35","16.90","17.20","0.2000","21"
"4904","遠傳","4935830","413706199","84.00","84.40","83.40","84.00","0.0000","10643"
"4906","正文","6996927","265861751","38.00","38.40","37.70","37.90","0.0500","3362"
"4912","聯德控股-KY","1734294","221430079","132.50","136.00","122.00","122.50","-6.0000","1426"
"4915","致伸","6334042","715876899","112.50","115.50","110.00","110.00","-4.0000","4573"
"4916","事欣科","376680","11312562","30.20","30.30","29.90","29.90","-0.2500","252"
"4919","新唐","2044080","258484288","128.00","128.00","125.50","125.50","-2.5000","1892"
"4927","泰鼎-KY","1082781","41173620","38.20","38.60","37.75","37.85","-0.3500","691"
"4930","燦星網","58191","1970900","33.80","33.95","33.80","33.85","0.0500","85"
"4934","太極","885770","19323251","22.05","22.10","21.65","21.70","-0.3000","621"
"4935","茂林-KY","802548","53227917","64.30","67.40","64.30","66.60","3.0000","772"
"4938","和碩","12555050","1455663475","116.50","117.00","114.50","116.50","0.0000","6689"
"4942","嘉彰","112660","5232855","46.50","46.60","46.35","46.40","-0.2000","103"
"4943","康控-KY","38700","770625","19.65","20.10","19.60","20.10","-0.0500","37"
"4949","有成精密","143047","3975545","27.90","28.30","27.50","27.65","-0.1000","155"
"4952","凌通","1876416","124738889","67.10","67.80","65.70","65.70","-1.2000","1660"
"4956","光鋐","31463247","822384608","25.05","27.05","24.60","24.75","0.1500","13528"
"4958","臻鼎-KY","29990251","3999859090","132.00","136.00","129.00","132.50","2.5000","21021"
"4960","誠美材","1908653","26631306","14.05","14.10","13.85","13.85","-0.1500","922"
"4961","天鈺","2311286","647443145","280.50","284.50","276.00","280.50","0.0000","8106"
"4967","十銓","33124141","4786263835","152.00","153.00","138.50","140.50","-9.0000","26341"
"4968","立積","12446027","2890728586","238.50","245.00","221.00","222.50","-10.5000","25605"
"4976","佳凌","4863546","232980371","45.85","49.80","45.85","46.50","1.0000","3059"
"4977","眾達-KY","2420992","192154022","79.10","80.80","77.60","78.40","-0.1000","3030"
"4989","榮科","212520","5291807","24.75","25.15","24.75","25.00","0.2000","136"
"4994","傳奇","364409","47360504","130.50","132.00","128.50","128.50","-0.5000","298"
"4999","鑫禾","57644","2072689","36.15","36.15","35.80","35.85","0.0000","143"
"5007","三星","149197","8496559","56.80","57.10","56.80","56.90","0.1000","82"
"5203","訊連","410768","43473732","105.50","108.00","104.50","106.50","0.5000","429"
"5215","科嘉-KY","92338","4751967","52.00","52.40","51.10","51.30","0.1000","216"
"5222","全訊","317753","50999579","160.50","161.50","160.00","160.00","-0.5000","413"
"5225","東科-KY","574964","61619919","107.00","108.50","106.50","107.50","0.0000","478"
"5234","達興材料","719282","113465938","158.00","159.50","156.50","157.00","0.0000","628"
"5243","乙盛-KY","8099455","509891240","64.60","65.40","61.60","61.90","-3.1000","5557"
"5244","弘凱","131042","6106459","46.70","47.00","46.20","46.55","-0.1500","92"
"5258","虹堡","1259619","165567855","133.00","134.50","130.00","130.50","-3.0000","1579"
"5269","祥碩","1859133","4339615790","2270.00","2415.00","2235.00","2365.00","115.0000","3167"
"5283","禾聯碩","128420","13804732","108.00","108.00","107.00","108.00","0.0000","272"
"5284","jpp-KY","485259","61181885","128.00","128.00","125.00","126.00","-1.5000","493"
"5285","界霖","192915","13136821","69.40","69.40","67.60","67.80","-0.8000","177"
"5288","豐祥-KY","42215","8660188","204.50","207.00","204.50","205.00","0.0000","44"
"5292","華懋","158146","27540843","174.00","176.00","172.00","173.00","1.5000","193"
"5306","桂盟","111349","15822162","141.50","143.00","141.50","141.50","0.0000","522"
"5388","中磊","4483197","510988479","113.00","115.00","112.50","115.00","2.5000","3403"
"5434","崇越","875455","244145094","281.50","281.50","277.00","278.00","-2.0000","4333"
"5469","瀚宇博","3467045","192022495","55.50","56.10","55.10","55.10","-0.4000","2325"
"5471","松翰","434429","22629138","52.60","52.70","51.60","51.70","-0.6000","435"
"5484","慧友","1201365","74626776","63.40","64.30","60.80","61.50","-2.0000","891"
"5515","建國","2057796","50622384","24.40","24.90","24.20","24.70","0.5000","1134"
"5519","隆大","1990787","96712468","49.30","49.30","48.10","48.35","-0.8500","1479"
"5521","工信","4712579","61022922","12.95","13.15","12.75","12.80","0.2000","1541"
"5522","遠雄","2606977","225695544","85.30","87.50","85.00","86.70","1.5000","2092"
"5525","順天","153138","5586300","36.00","37.00","35.95","36.50","0.5000","163"
"5531","鄉林","2033817","22981428","11.30","11.40","11.20","11.35","0.1500","744"
"5533","皇鼎","349570","8389464","24.05","24.20","23.85","24.10","0.2000","206"
"5534","長虹","1369769","161844907","120.00","120.00","116.50","118.50","-1.0000","1243"
"5538","東明-KY","42791","1398609","32.65","33.40","32.20","32.60","0.4500","46"
"5546","永固-KY","44130","1391484","31.70","31.70","31.35","31.65","-0.3000","39"
"5607","遠雄港","644435","36740624","57.90","57.90","56.70","56.80","-0.6000","983"
"5608","四維航","5225312","111374793","21.45","21.75","21.05","21.05","-0.4000","2978"
"5706","鳳凰","642275","49849228","78.40","78.60","77.00","77.20","-0.7000","816"
"5871","中租-KY","9271053","1488570894","162.50","162.50","159.00","160.50","-1.0000","6973"
"5871A","中租-KY甲特","27795","2696049","97.00","97.00","97.00","97.00","0.1000","33"
"5876","上海商銀","4989869","229203090","45.90","46.10","45.60","46.00","0.2500","2406"
"5880","合庫金","14192360","370258652","26.15","26.20","26.00","26.05","-0.1000","6785"
"5906","台南-KY","5809","380073","65.30","66.70","65.30","66.00","0.0000","133"
"5907","大洋-KY","524350","4867575","9.15","9.58","8.99","9.51","0.6500","345"
"6005","群益證","14874504","367606369","24.50","24.95","24.30","24.80","0.3000","5048"
"6024","群益期","824448","47665488","57.40","58.20","57.30","57.80","0.7000","779"
"6108","競國","402480","8275175","20.50","20.70","20.45","20.45","-0.0500","222"
"6112","邁達特","10084846","681588675","66.60","68.80","66.60","67.20","2.4000","7539"
"6115","鎰勝","423870","24887169","58.50","59.50","58.30","58.40","0.0000","680"
"6116","彩晶","12321472","119991562","9.82","9.83","9.69","9.70","-0.1100","4521"
"6117","迎廣","2666314","345130403","135.50","135.50","126.00","126.00","-8.5000","2622"
"6120","達運","3132894","49937626","16.20","16.20","15.80","15.80","-0.4000","1371"
"6128","上福","192847","7376155","38.20","38.40","38.20","38.30","0.1500","145"
"6133","金橋","813637","12376101","15.35","15.50","15.05","15.20","-0.3500","397"
"6136","富爾特","173561","4042699","23.30","23.40","23.15","23.35","0.2000","166"
"6139","亞翔","5996461","1348260460","230.00","231.50","222.00","222.00","-5.5000","8080"
"6141","柏承","276290","4464849","16.50","16.50","16.05","16.10","-0.2000","182"
"6142","友勁","265887","2631832","9.90","9.93","9.87","9.87","-0.0300","168"
"6152","百一","7703822","106078577","14.00","14.30","13.30","13.75","0.0500","3138"
"6153","嘉聯益","2920980","60154716","21.00","21.00","20.40","20.45","-0.4500","1369"
"6155","鈞寶","391083","11439197","29.25","29.55","29.10","29.15","-0.0500","242"
"6164","華興","2518923","40407135","16.40","16.40","15.85","15.95","-0.3500","1077"
"6165","浪凡","207847","8277076","39.90","40.20","39.60","39.60","-0.2500","172"
"6166","凌華","2023474","160986220","80.30","80.60","78.80","78.80","-1.8000","1909"
"6168","宏齊","553224","13170610","24.00","24.05","23.70","23.70","-0.2000","407"
"6176","瑞儀","5100899","1110338679","218.00","224.50","213.50","213.50","-6.0000","27340"
"6177","達麗","2770922","164624767","59.60","60.30","58.70","60.20","0.9000","1950"
"6183","關貿","24375","1806357","73.70","74.50","73.70","74.30","0.5000","73"
"6184","大豐電","273863","15242833","55.50","55.90","55.50","55.60","0.1000","270"
"6189","豐藝","7723065","716587482","92.20","94.10","91.50","93.00","1.9000","5958"
"6191","精成科","1712321","118477500","69.20","69.90","68.80","68.80","-0.2000","1371"
"6192","巨路","408565","50816352","125.50","127.00","123.00","124.00","-2.0000","517"
"6196","帆宣","1942075","323341318","167.00","168.00","165.00","167.00","2.0000","3827"
"6197","佳必琪","8376559","1588729585","196.50","197.50","184.00","185.50","-8.5000","9305"
"6201","亞弘電","72411","4604841","63.30","64.00","63.30","63.50","0.3000","72"
"6202","盛群","1842445","112180097","60.70","62.00","59.50","59.60","-0.2000","1570"
"6205","詮欣","313187","23287815","74.60","75.00","74.00","74.20","-0.4000","197"
"6206","飛捷","560431","52527320","94.60","95.30","93.10","93.50","-0.8000","659"
"6209","今國光","2559119","79941268","31.80","31.95","30.85","30.95","-0.7500","1510"
"6213","聯茂","11183062","1232657309","113.50","113.50","108.50","109.00","-4.0000","7412"
"6214","精誠","3323905","454507897","130.50","139.00","130.50","139.00","9.0000","3089"
"6215","和椿","4926144","273991219","57.80","58.10","54.60","54.90","-2.6000","4013"
"6216","居易","8605983","428469350","47.60","51.70","46.30","51.70","4.6500","4838"
"6224","聚鼎","228991","12168921","53.70","53.70","52.70","52.90","-0.8000","236"
"6225","天瀚","322","5038","","","","","0.0000","3"
"6226","光鼎","381874","4139696","10.90","11.00","10.75","10.90","0.0000","222"
"6230","尼得科超眾","1261928","407916322","318.00","331.50","318.00","318.50","1.5000","1535"
"6235","華孚","1562573","135525686","87.80","88.40","86.10","86.20","-1.4000","1363"
"6239","力成","8655372","1707944976","193.00","200.00","192.50","197.50","7.0000","14738"
"6243","迅杰","331178","21038284","64.60","64.60","63.10","63.10","-0.7000","372"
"6257","矽格","3684549","298379594","80.30","81.90","80.20","80.30","-0.2000","2737"
"6269","台郡","5333746","464285488","87.00","87.70","86.50","87.40","0.5000","3200"
"6271","同欣電","1895749","289077284","154.00","154.50","151.00","151.00","-2.0000","1712"
"6277","宏正","138711","11472639","82.80","82.90","82.40","82.50","-0.3000","180"
"6278","台表科","2419594","296170368","122.00","123.00","121.00","123.00","0.5000","2008"
"6281","全國電","94428","7945283","84.00","84.50","84.00","84.10","-0.1000","120"
"6282","康舒","18355863","721599420","39.90","39.95","39.00","39.10","-0.6000","11577"
"6283","淳安","527356","15548449","29.85","29.85","29.10","29.25","-0.3500","313"
"6285","啟碁","3254299","521489998","161.00","161.50","159.00","159.00","-1.0000","3365"
"6288","聯嘉","1163331","35753564","30.95","31.20","30.20","30.50","-0.4500","715"
"6405","悅城","113120","2798887","24.50","24.90","24.45","24.90","0.4000","79"
"6409","旭隼","93225","168327950","1780.00","1820.00","1780.00","1810.00","50.0000","310"
"6412","群電","1520033","210118640","138.00","140.00","136.00","138.50","2.0000","1173"
"6414","樺漢","2243661","753409794","332.00","339.00","331.50","332.00","1.5000","2451"
"6415","矽力*-KY","1522979","777022670","517.00","524.00","505.00","505.00","-5.0000","1685"
"6416","瑞祺電通","1513719","198806149","128.50","134.00","128.00","131.00","3.5000","1204"
"6423","億而得-創","29320","2869860","98.00","98.30","97.30","98.00","0.5000","29"
"6426","統新","190150","12908394","68.60","69.60","66.80","66.90","-1.6000","253"
"6431","光麗-KY","270296","3546043","12.25","13.35","12.25","13.35","1.2000","140"
"6438","迅得","470951","53705259","115.50","115.50","113.50","114.00","-1.0000","488"
"6442","光聖","1162599","323556349","304.50","304.50","268.00","268.00","-29.5000","1139"
"6443","元晶","4065317","110306220","27.30","27.45","26.95","27.00","-0.0500","2845"
"6446","藥華藥","2212686","1081069088","496.00","496.50","482.00","486.00","-7.0000","8492"
"6449","鈺邦","7098880","998640311","150.00","150.50","133.50","136.50","-11.5000","5370"
"6451","訊芯-KY","17538415","4322376783","254.00","258.50","235.00","245.50","-4.0000","13948"
"6456","GIS-KY","1179010","80701628","68.50","68.90","68.20","68.20","-0.2000","1314"
"6464","台數科","81386","6909637","84.60","85.60","84.60","85.60","0.7000","85"
"6472","保瑞","1753972","1367678116","786.00","789.00","773.00","777.00","-4.0000","3284"
"6477","安集","383362","14230650","37.20","37.30","36.95","37.00","-0.1000","365"
"6491","晶碩","1114206","537783628","485.50","490.00","477.50","478.00","0.0000","1466"
"6504","南六","122634","9173899","74.40","75.20","74.40","74.60","0.2000","126"
"6505","台塑化","6562349","428154754","65.40","65.60","64.70","65.50","0.3000","4561"
"6515","穎崴","989392","1034956700","1035.00","1075.00","1020.00","1040.00","15.0000","1512"
"6525","捷敏-KY","249470","16630362","66.10","67.10","66.00","67.10","1.1000","209"
"6526","達發","1683992","1358963787","811.00","822.00","796.00","800.00","-10.0000","3345"
"6531","愛普*","9684075","3679604270","361.00","391.50","358.00","382.50","24.0000","10304"
"6533","晶心科","1240661","537218497","431.50","438.00","428.00","432.50","2.5000","1955"
"6534","正瀚-創","96895","8148785","85.00","85.00","83.60","83.60","-2.3000","80"
"6541","泰福-KY","57163","2262057","41.00","41.00","39.25","39.30","-0.4000","77"
"6550","北極星藥業-KY","880279","62069550","71.20","71.20","70.20","70.50","-0.2000","910"
"6552","易華電","2379257","148360900","64.70","64.80","61.00","62.00","-1.2000","2822"
"6558","興能高","431630","11393385","26.55","26.95","26.10","26.30","-0.2500","351"
"6573","虹揚-KY","62090","883177","14.35","14.35","14.10","14.20","-0.0500","45"
"6579","研揚","686405","124408639","183.00","183.50","179.00","183.00","1.5000","905"
"6581","鋼聯","315517","32817867","103.50","105.50","103.00","104.00","0.5000","88"
"6582","申豐","161551","8731107","53.60","55.00","53.50","53.80","-0.6000","250"
"6585","鼎基","1090856","215077801","192.00","202.00","191.00","198.50","6.5000","1118"
"6591","動力-KY","443603","27020304","61.20","61.50","60.60","60.90","-0.2000","393"
"6592","和潤企業","417034","47426386","114.00","114.00","113.50","113.50","-0.5000","596"
"6592A","和潤企業甲特","12115","1198168","98.90","98.90","98.90","98.90","0.0000","12"
"6592B","和潤企業乙特","18490","1767072","95.60","95.60","95.50","95.60","0.0000","28"
"6598","ABC-KY","1209791","33623870","27.80","27.80","27.45","27.80","2.5000","494"
"6605","帝寶","1714251","426014960","238.00","255.50","237.00","248.00","10.0000","4386"
"6606","建德工業","605509","17132228","27.90","29.00","27.80","28.25","0.4500","333"
"6625","必應","567535","56367310","99.40","101.50","97.80","97.90","0.1000","560"
"6641","基士德-KY","7316","301485","41.05","41.40","40.95","41.30","0.3000","15"
"6645","金萬林-創","35617","1337729","37.85","37.85","37.35","37.35","-0.5500","41"
"6655","科定","14234","1777131","124.50","125.50","124.50","125.00","0.5000","31"
"6657","華安","208990","11028879","51.90","54.40","51.70","53.40","1.4000","196"
"6658","聯策","637398","30917586","49.65","50.40","47.10","47.55","-2.1000","514"
"6666","羅麗芬-KY","21691","1361942","63.40","63.50","62.50","62.50","-0.3000","29"
"6668","中揚光","874189","53336980","61.70","62.00","60.50","61.10","-0.3000","739"
"6669","緯穎","3592016","10382300755","2830.00","2980.00","2770.00","2965.00","255.0000","7944"
"6670","復盛應用","260153","75270717","291.50","291.50","287.00","288.50","-0.5000","313"
"6671","三能-KY","29200","1329339","45.55","45.60","45.50","45.60","0.0500","21"
"6672","騰輝電子-KY","178249","14954120","84.10","84.10","83.60","83.80","-0.1000","177"
"6674","鋐寶科技","66000","1797100","27.25","27.45","27.15","27.30","-0.3000","53"
"6689","伊雲谷","773483","83184260","109.00","109.50","106.00","106.50","-0.5000","756"
"6691","洋基工程","419098","179385350","424.00","430.00","422.50","429.50","8.5000","598"
"6695","芯鼎","5231921","367379640","70.40","74.30","67.50","68.20","-3.1000","4641"
"6698","旭暉應材","296606","10945698","37.20","37.75","36.40","36.70","-0.4000","385"
"6706","惠特","17832912","2031382292","117.00","118.00","109.50","112.50","-2.0000","10646"
"6715","嘉基","405931","76609357","187.50","192.00","185.00","185.50","-0.5000","970"
"6719","力智","1741754","524179581","301.50","306.00","296.50","298.00","-0.5000","2322"
"6742","澤米","287759","20199094","70.80","70.80","69.80","69.90","-0.8000","244"
"6743","安普新","463449","27358537","59.10","59.70","58.40","58.70","0.1000","568"
"6753","龍德造船","5954713","780365223","129.50","136.50","126.00","126.00","-2.5000","4976"
"6754","匯僑設計","63982","4137343","64.50","64.90","64.40","64.70","0.3000","71"
"6756","威鋒電子","213758","44381787","209.50","210.50","206.00","206.00","-2.5000","1151"
"6757","台灣虎航-創","1003491","50710892","50.10","51.10","49.95","50.40","0.3000","488"
"6768","志強-KY","177220","16242744","91.80","92.00","91.30","91.30","-0.5000","175"
"6770","力積電","38477436","1038203520","27.60","27.70","26.65","26.70","-0.8500","20350"
"6771","平和環保-創","59071","3983192","68.00","68.00","67.10","67.10","-0.9000","34"
"6776","展碁國際","95744","6084652","63.50","63.70","63.40","63.40","0.0000","106"
"6781","AES-KY","599178","354318284","600.00","602.00","586.00","586.00","-14.0000","1314"
"6782","視陽","1342923","383641280","295.50","295.50","278.50","279.00","-8.0000","2471"
"6789","采鈺","3875992","1310940492","346.00","346.00","333.50","333.50","-11.0000","4639"
"6790","永豐實","509715","27619768","54.20","54.60","53.50","54.10","0.0000","608"
"6792","詠業","45487","3754708","82.90","83.00","82.10","82.10","0.1000","63"
"6794","向榮生技-創","26000","2077200","81.80","81.80","78.20","81.00","-0.4000","25"
"6796","晉弘","92290","7815886","84.10","85.50","84.00","84.00","-0.1000","115"
"6799","來頡","1048391","166104171","157.00","161.50","156.50","157.00","1.0000","989"
"6805","富世達","1145185","914209241","803.00","813.00","789.00","790.00","-6.0000","4289"
"6806","森崴能源","2771848","372535301","138.00","138.50","132.50","133.00","-4.5000","3189"
"6807","峰源-KY","95063","5574515","58.40","59.20","58.10","58.50","-0.2000","78"
"6830","汎銓","222638","30735093","138.50","140.00","137.00","137.50","-1.0000","227"
"6834","天二科技","9807338","467186083","50.60","51.20","43.75","43.75","-4.8500","5907"
"6835","圓裕","291730","15315114","53.60","53.90","51.90","52.00","-1.1000","241"
"6854","錼創科技-KY創","36132","2692634","73.30","75.00","73.30","74.50","1.3000","31"
"6861","睿生光電","57394","4334705","75.10","76.10","75.10","75.10","0.1000","82"
"6863","永道-KY","556586","132878901","243.00","243.00","236.00","237.00","-6.0000","698"
"6869","雲豹能源","3944491","553103859","141.00","144.00","136.50","139.00","-3.0000","2852"
"6873","泓德能源-創","298500","50247500","173.00","173.00","167.00","168.00","-4.0000","240"
"6890","來億-KY","3132178","755504285","249.50","251.00","229.00","241.00","-13.0000","3566"
"6901","鑽石投資","3323094","133990147","40.60","40.70","40.00","40.30","-0.3000","1410"
"6902","走著瞧-創","2000","336000","168.00","168.00","168.00","168.00","-1.0000","2"
"6906","現觀科","98267","14701721","151.50","152.00","147.00","148.00","-3.5000","257"
"6914","阜爾運通","281655","45320161","162.00","163.00","160.00","161.00","-1.0000","536"
"6916","華凌","145160","4074759","28.50","28.50","27.95","27.95","-0.4000","115"
"6928","攸泰科技","159561","12375394","78.80","78.80","77.00","77.20","-1.1000","475"
"6933","AMAX-KY","186342","62456619","334.50","338.00","332.50","336.50","3.5000","300"
"6937","天虹","78866","15374521","196.00","196.00","194.00","194.50","-0.5000","116"
"6949","沛爾生醫-創","101000","12813500","125.50","131.00","124.00","129.00","0.5000","46"
"6951","青新-創","362437","19942100","54.20","56.00","54.00","55.90","1.8000","206"
"6952","大武山","240308","12458289","51.60","52.40","51.00","51.80","-0.2000","241"
"8011","台通","11907205","294592039","24.10","25.50","23.90","24.30","0.2500","6605"
"8016","矽創","648379","182762577","283.00","284.00","280.50","280.50","-2.5000","13076"
"8021","尖點","3920717","123528424","31.85","32.15","30.95","31.70","-0.1500","1888"
"8028","昇陽半導體","30405492","2558517955","84.20","87.00","81.50","83.40","-1.5000","18933"
"8033","雷虎","1398701","94175806","68.00","68.00","67.00","67.00","-0.6000","1293"
"8039","台虹","6239954","365278569","58.50","59.10","57.90","58.30","0.6000","3802"
"8046","南電","4778746","952310903","197.50","201.50","197.50","198.50","2.0000","4640"
"8070","長華*","8281184","412737858","51.40","51.40","48.85","49.05","-2.0500","6038"
"8072","陞泰","230199","6909746","30.00","30.30","29.90","29.90","-0.1000","184"
"8081","致新","455185","140971242","307.50","311.00","307.00","308.50","0.5000","2310"
"8101","華冠","58439","210575","3.63","3.63","3.60","3.61","0.0100","41"
"8103","瀚荃","3609886","202129994","57.10","57.60","54.80","55.90","-1.3000","2983"
"8104","錸寶","228940","7980701","35.15","35.20","34.60","34.65","-0.3500","201"
"8105","凌巨","11716233","181170256","15.30","15.75","15.20","15.30","0.0000","3670"
"8110","華東","4862323","95734402","19.90","20.00","19.45","19.45","-0.4500","1856"
"8112","至上","11248605","960510048","86.40","86.50","84.50","84.50","-1.3000","9400"
"8112A","至上甲特","33757","1466483","43.50","43.50","43.30","43.50","0.0000","31"
"8114","振樺電","428444","65901859","156.50","157.50","152.50","153.50","-2.5000","486"
"8131","福懋科","407332","15869095","38.70","39.10","38.70","39.10","0.4000","287"
"8150","南茂","2355989","105696586","44.90","45.15","44.60","44.70","-0.0500","1662"
"8162","微矽電子-創","16000","617200","38.20","39.00","38.20","38.95","0.3500","14"
"8163","達方","1926385","134050785","69.60","69.90","69.10","69.50","0.3000","2137"
"8201","無敵","459422","8815963","19.35","19.40","18.85","18.95","-0.1500","252"
"8210","勤誠","3973201","1177159367","303.00","304.00","293.00","295.00","-6.0000","5709"
"8213","志超","1007654","39638903","39.15","39.60","39.00","39.45","0.3500","582"
"8215","明基材","415453","13624763","32.80","32.95","32.75","32.80","0.0000","353"
"8222","寶一","554585","24164705","44.05","44.10","43.30","43.30","-0.7500","443"
"8249","菱光","208593","6067326","29.05","29.45","28.95","28.95","-0.0500","196"
"8261","富鼎","552945","47131548","86.30","86.80","84.50","84.80","-0.5000","541"
"8271","宇瞻","1060490","72273371","69.30","69.30","67.70","67.70","-1.1000","933"
"8341","日友","191031","19224957","101.50","101.50","100.00","100.50","-1.0000","830"
"8367","建新國際","20679","1023421","49.25","49.60","49.25","49.55","0.3000","34"
"8374","羅昇","6738586","550299228","87.10","87.10","78.40","78.40","-8.7000","5166"
"8404","百和興業-KY","320996","6678819","21.05","21.05","20.70","20.70","-0.0500","178"
"8411","福貞-KY","51009","712613","14.00","14.00","13.90","14.00","0.0000","165"
"8422","可寧衛","341413","65316334","191.50","192.00","190.50","191.00","-0.5000","431"
"8429","金麗-KY","364213","3630631","10.05","10.05","9.93","9.98","-0.0200","443"
"8438","昶昕","1171077","47039940","41.60","41.60","39.50","39.60","-2.0000","992"
"8442","威宏-KY","99359","11888789","120.00","120.50","118.50","118.50","-1.5000","76"
"8443","阿瘦","70564","857241","12.15","12.20","12.10","12.10","0.0000","261"
"8454","富邦媒","1503884","654422610","444.00","445.00","432.00","432.00","-10.5000","4126"
"8462","柏文","42497","5049008","118.50","120.00","118.00","119.00","0.5000","111"
"8463","潤泰材","286005","8406273","29.30","29.65","29.15","29.25","0.1000","198"
"8464","億豐","353440","127587644","362.00","364.50","360.00","360.00","-4.0000","470"
"8466","美吉吉-KY","145075","9202036","64.50","64.50","62.50","62.50","-0.8000","108"
"8467","波力-KY","262596","47217477","184.00","184.00","178.00","179.00","-2.0000","391"
"8473","山林水","3453100","152460580","44.55","44.80","43.25","44.05","0.5000","2407"
"8476","台境","52741","3231396","61.50","61.80","61.00","61.00","-0.2000","72"
"8478","東哥遊艇","232124","87572169","379.00","380.00","375.00","375.00","-2.5000","395"
"8481","政伸","32585","1769058","54.30","54.80","54.00","54.30","0.0000","35"
"8482","商億-KY","12003","773895","64.40","64.50","64.30","64.50","0.2000","13"
"8487","愛爾達-創","10120","833988","82.40","82.50","82.00","82.50","1.0000","13"
"8488","吉源-KY","91000","1494600","16.25","16.80","16.25","16.25","0.0000","65"
"8499","鼎炫-KY","25768","3178406","123.00","124.00","123.00","123.50","0.0000","48"
"8926","台汽電","1785692","84407789","47.55","47.55","47.05","47.20","-0.2500","3518"
"8940","新天地","253668","6619971","26.30","26.40","25.95","26.05","-0.2500","175"
"8996","高力","3139475","1473872427","476.00","481.00","462.00","470.00","-4.5000","3748"
"9103","美德醫療-DR","2795621","21009441","7.89","7.89","7.40","7.49","-0.5500","774"
"910322","康師傅-DR","363454","7302418","19.65","20.20","19.65","19.80","0.3500","145"
"9105","泰金寶-DR","36347286","209498957","6.08","6.08","5.60","5.62","-0.3100","10165"
"910861","神州-DR","44041","313816","7.35","7.35","7.00","7.13","0.0500","27"
"9110","越南控-DR","21000","147550","7.06","7.06","7.00","7.00","-0.0600","14"
"911608","明輝-DR","1356831","5601981","4.31","4.31","4.05","4.05","-0.4500","449"
"911622","泰聚亨-DR","178000","910320","5.21","5.21","5.08","5.08","-0.1300","68"
"911868","同方友友-DR","7640147","12269529","1.67","1.69","1.52","1.62","-0.0100","1275"
"912000","晨訊科-DR","15313365","61743553","4.10","4.27","3.77","4.00","-0.0200","3184"
"9136","巨騰-DR","349201","2304924","6.65","6.65","6.52","6.59","0.0100","159"
"9802","鈺齊-KY","229085","28975462","127.00","128.00","125.50","125.50","-1.5000","272"
"9902","台火","700738","11950524","17.20","17.25","16.80","17.05","0.2000","408"
"9904","寶成","16249525","596486984","36.65","37.15","36.35","36.40","-0.0500","8252"
"9905","大華","122568","2996587","24.40","24.50","24.30","24.45","-0.0500","118"
"9906","欣巴巴","286469","25708454","90.00","90.90","88.80","89.60","0.9000","276"
"9907","統一實","1095003","16710317","15.30","15.30","15.20","15.25","-0.0500","618"
"9908","大台北","274405","8878823","32.30","32.50","32.25","32.40","0.1000","227"
"9910","豐泰","2074962","341593311","164.00","165.50","162.50","164.00","0.0000","1948"
"9911","櫻花","447109","38881832","85.80","87.60","85.80","87.30","1.5000","571"
"9912","偉聯","98726","1314022","13.30","13.50","13.20","13.25","-0.2000","115"
"9914","美利達","1232158","281485339","234.00","234.00","226.50","226.50","-6.0000","1582"
"9917","中保科","1354403","174892283","127.00","131.00","127.00","130.00","3.5000","1101"
"9918","欣天然","38640","1637777","42.60","42.60","42.10","42.45","0.3500","55"
"9919","康那香","7535723","182236136","24.10","24.60","23.75","23.75","-0.2500","2810"
"9921","巨大","1100843","233164327","214.00","215.00","209.50","209.50","-3.5000","1736"
"9924","福興","481614","25398246","52.80","53.10","52.60","52.70","0.0000","420"
"9925","新保","201035","8515350","42.25","42.50","42.20","42.50","0.2500","205"
"9926","新海","18306","1002046","54.70","54.90","54.30","54.90","0.6000","24"
"9927","泰銘","239681","18855093","78.50","79.00","78.50","78.50","0.2000","262"
"9928","中視","81112","1773200","21.95","22.00","21.80","22.00","0.0500","69"
"9929","秋雨","97344","1642140","16.25","17.20","16.25","16.75","0.4000","96"
"9930","中聯資源","156901","10295431","65.60","66.00","65.20","65.80","0.5000","146"
"9931","欣高","32133","1189726","36.90","37.30","36.85","36.90","-0.1000","41"
"9933","中鼎","11805128","617772974","51.40","53.00","50.70","52.40","1.5000","6930"
"9934","成霖","3625825","73674430","20.20","20.65","19.90","20.25","0.3000","1831"
"9935","慶豐富","409689","10302375","25.20","25.60","24.80","25.05","-0.3000","374"
"9937","全國","42717","2882357","66.90","67.90","66.90","67.70","0.7000","53"
"9938","百和","3027521","201606454","66.60","68.20","65.00","65.50","-1.1000","2211"
"9939","宏全","1377751","227622083","163.00","167.00","163.00","165.50","3.5000","1316"
"9940","信義","656848","20846876","31.65","31.90","31.50","31.75","0.1500","575"
"9941","裕融","3038164","493586815","163.00","163.50","160.00","163.50","1.0000","4170"
"9941A","裕融甲特","65702","3363427","51.20","51.20","51.10","51.10","-0.1000","15"
"9942","茂順","253921","32454077","128.00","128.50","127.50","127.50","-0.5000","245"
"9943","好樂迪","201107","18072562","89.90","90.30","89.60","89.90","0.0000","277"
"9944","新麗","274217","6173589","22.35","22.70","22.35","22.65","0.2500","122"
"9945","潤泰新","13299894","606226614","46.30","46.30","45.25","45.35","-0.6500","8562"
"9946","三發地產","1607772","67126548","41.40","42.30","41.00","41.90","0.4000","1063"
"9955","佳龍","379103","11996527","31.90","31.95","31.50","31.55","0.0500","336"
"9958","世紀鋼","11104842","3819494507","353.00","353.00","335.00","341.50","-13.0000","9826"
