證券代號,證券名稱,成交股數,成交金額,開盤價,最高價,最低價,收盤價,漲跌價差,成交筆數
"0050","元大台灣50","17999450","3538290906","191.90","198.50","191.85","197.85","6.0500","20267"
"0051","元大中型100","130379","11123973","85.65","85.65","84.55","85.25","-0.3000","421"
"0052","富邦科技","2303969","448060340","190.80","196.85","190.00","195.85","6.0500","2358"
"0053","元大電子","36995","3945180","104.50","107.75","104.50","107.70","3.2000","138"
"0055","元大MSCI金融","329255","9471517","28.74","28.89","28.65","28.84","0.1400","453"
"0056","元大高股息","37372136","1571400857","41.95","42.19","41.79","42.14","0.2000","23930"
"0057","富邦摩台","176142","25317112","141.80","145.05","141.80","144.85","3.8000","122"
"0061","元大寶滬深","113705","1898371","16.68","16.78","16.66","16.71","0.0500","171"
"006203","元大MSCI台灣","27297","2525288","91.40","93.20","91.40","93.20","2.7000","126"
"006204","永豐臺灣加權","8732","1034811","118.00","119.60","118.00","119.60","2.2000","135"
"006205","富邦上証","263867","7657942","28.96","29.15","28.95","29.01","0.0800","381"
"006206","元大上證50","110064","3045867","27.76","27.95","27.56","27.73","-0.0300","164"
"006207","復華滬深","122251","2644714","21.93","21.93","21.53","21.57","-0.0300","77"
"006208","富邦台50","14727861","1695103476","112.50","116.20","112.50","115.60","3.2000","15035"
"00625K","富邦上証+R","","","","","","","0.0000",""
"00631L","元大台灣50正2","4135195","1115174917","264.00","273.45","263.10","271.70","8.5000","6669"
"00632R","元大台灣50反1","291051941","952179950","3.31","3.32","3.25","3.26","-0.0500","10618"
"00633L","富邦上証正2","3881357","126663799","32.50","32.89","32.45","32.55","0.1800","760"
"00634R","富邦上証反1","192114","905616","4.71","4.73","4.70","4.73","-0.0100","21"
"00635U","期元大S&P黃金","1156955","32471356","28.04","28.11","28.00","28.05","0.2500","295"
"00636","國泰中國A50","697778","14101891","20.15","20.32","20.15","20.18","0.0300","357"
"00636K","國泰中國A50+U","200","1250","6.25","6.25","6.25","6.25","0.0300","2"
"00637L","元大滬深300正2","31983265","418923288","13.02","13.21","13.02","13.04","0.0600","3054"
"00638R","元大滬深300反1","257050","2537396","9.89","9.90","9.85","9.90","-0.0200","21"
"00639","富邦深100","941479","9337577","9.99","10.02","9.86","9.88","-0.0600","369"
"00640L","富邦日本正2","737728","46337001","62.65","63.45","62.45","62.75","-0.3500","308"
"00641R","富邦日本反1","771333","4735144","6.15","6.17","6.12","6.14","0.0100","94"
"00642U","期元大S&P石油","1697842","31773728","18.72","18.74","18.69","18.71","-0.1900","345"
"00643","群益深証中小","294231","3253336","11.10","11.10","11.00","11.00","-0.0200","140"
"00643K","群益深証中小+R","","","","","","","0.0000",""
"00645","富邦日本","1215927","48463237","39.85","39.95","39.72","39.74","-0.1100","715"
"00646","元大S&P500","3057941","172103327","56.20","56.35","56.15","56.25","0.0500","1856"
"00647L","元大S&P500正2","215669","19854846","92.00","92.15","91.95","92.00","0.5000","84"
"00648R","元大S&P500反1","485850","2649378","5.46","5.46","5.45","5.46","-0.0200","77"
"00650L","復華香港正2","36518316","362292784","10.01","10.08","9.82","9.84","-0.2600","2710"
"00651R","復華香港反1","1003789","8900035","8.84","8.94","8.81","8.89","0.0800","70"
"00652","富邦印度","402548","16056027","39.70","39.95","39.70","39.84","0.1700","475"
"00653L","富邦印度正2","140649","9111732","64.80","64.95","64.55","64.70","0.0000","91"
"00654R","富邦印度反1","161000","1023600","6.35","6.36","6.35","6.36","-0.0100","17"
"00655L","國泰中國A50正2","1960010","43595900","22.15","22.42","22.10","22.17","0.1200","274"
"00656R","國泰中國A50反1","236000","2090210","8.89","8.89","8.85","8.87","-0.0400","9"
"00657","國泰日經225","206102","9871146","47.83","48.04","47.75","47.76","-0.0700","229"
"00657K","國泰日經225+U","200","2966","14.83","14.83","14.83","14.83","0.1200","2"
"00660","元大歐洲50","12191","440132","36.14","36.18","36.10","36.10","-0.0500","114"
"00661","元大日經225","786161","41249331","52.20","52.65","52.20","52.35","0.1500","334"
"00662","富邦NASDAQ","5132583","436849661","84.95","85.20","84.95","85.05","0.6500","1824"
"00663L","國泰臺灣加權正2","3364","835916","246.50","249.75","246.50","249.00","7.7500","16"
"00664R","國泰臺灣加權反1","15757946","58559763","3.77","3.77","3.69","3.71","-0.0500","800"
"00665L","富邦恒生國企正2","56635018","382536177","6.81","6.88","6.69","6.70","-0.1500","3557"
"00666R","富邦恒生國企反1","38000","559100","14.70","14.74","14.69","14.71","0.0800","16"
"00668","國泰美國道瓊","158038","7323828","46.35","46.38","46.33","46.34","-0.0400","135"
"00668K","國泰美國道瓊+U","200","2860","14.30","14.30","14.30","14.30","0.0000","2"
"00669R","國泰美國道瓊反1","1348555","9645001","7.15","7.16","7.15","7.15","0.0000","73"
"00670L","富邦NASDAQ正2","906922","122499501","134.80","135.15","134.80","135.00","2.0500","618"
"00671R","富邦NASDAQ反1","6586329","23991740","3.65","3.65","3.64","3.65","-0.0300","309"
"00673R","期元大S&P原油反1","27394421","191445731","6.99","7.00","6.97","6.99","0.0600","1196"
"00674R","期元大S&P黃金反1","917168","9588573","10.47","10.48","10.43","10.47","-0.1000","173"
"00675L","富邦臺灣加權正2","3431549","370070868","105.70","109.30","105.30","108.65","3.3000","3206"
"00676R","富邦臺灣加權反1","13212830","27288564","2.09","2.10","2.05","2.06","-0.0300","491"
"00678","群益那斯達克生技","285223","8263090","28.98","29.01","28.94","28.94","0.1700","106"
"00680L","元大美債20正2","42106766","360596548","8.54","8.58","8.54","8.57","0.1100","3590"
"00681R","元大美債20反1","20000","408120","20.41","20.42","20.38","20.38","-0.1800","11"
"00682U","期元大美元指數","5010","106362","21.23","21.23","21.23","21.23","-0.0200","5"
"00683L","期元大美元指正2","41157","945363","22.99","22.99","22.96","22.98","-0.0300","19"
"00684R","期元大美元指反1","3000","45900","15.30","15.30","15.30","15.30","0.0000","1"
"00685L","群益臺灣加權正2","662995","63531840","93.95","97.20","93.75","96.70","2.9500","363"
"00686R","群益臺灣加權反1","3177948","7070107","2.24","2.24","2.21","2.21","-0.0300","77"
"00688L","國泰20年美債正2","25785682","219830920","8.50","8.55","8.50","8.54","0.1100","1750"
"00689R","國泰20年美債反1","3000","63450","21.15","21.15","21.15","21.15","-0.1400","1"
"00690","兆豐藍籌30","957466","35153015","36.31","37.16","36.20","37.08","0.7600","455"
"00692","富邦公司治理","7558491","349238082","45.34","46.61","45.32","46.48","1.1700","3618"
"00693U","期街口S&P黃豆","224911","5156553","22.99","22.99","22.90","22.91","-0.1500","116"
"00700","富邦恒生國企","560451","7125789","12.85","12.85","12.65","12.67","-0.1800","229"
"00701","國泰股利精選30","1554390","45549293","29.25","29.41","29.19","29.35","0.1000","553"
"00702","國泰標普低波高息","131030","3039249","23.25","23.25","23.18","23.18","-0.1000","80"
"00703","台新MSCI中國","53525","818068","15.32","15.32","15.21","15.21","-0.1400","23"
"00706L","期元大S&P日圓正2","4054321","23481439","5.80","5.81","5.78","5.79","0.0000","491"
"00707R","期元大S&P日圓反1","","","","","","","0.0000",""
"00708L","期元大S&P黃金正2","865446","30041925","34.70","34.86","34.58","34.69","0.5600","296"
"00709","富邦歐洲","47581","1434859","30.14","30.20","30.06","30.06","-0.1600","115"
"00710B","復華彭博非投等債","225470","4386797","19.49","19.49","19.42","19.43","-0.0100","113"
"00711B","復華彭博新興債","130476","2146681","16.47","16.48","16.43","16.44","0.0700","111"
"00712","復華富時不動產","26781780","254743019","9.53","9.53","9.50","9.51","-0.0200","6566"
"00713","元大台灣高息低波","20047887","1181199152","59.10","59.15","58.80","58.90","-0.3000","15415"
"00714","群益道瓊美國地產","199507","3909427","19.64","19.64","19.58","19.60","0.0100","137"
"00715L","期街口布蘭特正2","9660657","171181737","17.76","17.77","17.67","17.68","-0.3400","1106"
"00717","富邦美國特別股","121221","1945810","16.08","16.08","16.02","16.03","-0.0200","246"
"00728","第一金工業30","1344495","45569476","33.60","34.16","33.60","34.04","0.5200","505"
"00730","富邦臺灣優質高息","303683","7152606","23.51","23.60","23.48","23.56","0.0400","387"
"00731","復華富時高息低波","853209","68141810","79.20","80.15","79.15","80.10","0.9000","524"
"00733","富邦臺灣中小","3498013","213276965","61.25","61.30","60.75","60.95","-0.0500","2159"
"00735","國泰臺韓科技","6487331","266411872","40.50","41.70","40.22","41.59","-2.3600","2073"
"00736","國泰新興市場","124365","2889076","23.26","23.26","23.20","23.20","0.1300","107"
"00737","國泰AI+Robo","92312","2850991","30.80","30.96","30.80","30.88","0.2800","144"
"00738U","期元大道瓊白銀","1091132","31148011","28.50","28.69","28.38","28.46","0.5000","336"
"00739","元大MSCI A股","91554","1849271","20.11","20.31","20.11","20.20","0.0500","141"
"00752","中信中國50","3367990","62002943","18.53","18.53","18.32","18.32","-0.2000","760"
"00753L","中信中國50正2","15980632","122889581","7.76","7.79","7.61","7.62","-0.1500","1954"
"00757","統一FANG+","4489129","425727931","94.85","95.15","94.50","94.55","0.4500","4589"
"00762","元大全球AI","507139","32999353","64.55","65.20","64.55","65.20","0.6500","706"
"00763U","期街口道瓊銅","482672","13739942","28.51","28.56","28.35","28.35","0.2700","209"
"00770","國泰北美科技","543580","26541245","48.61","48.88","48.61","48.81","0.3500","554"
"00771","元大US高息特別股","61291","1076393","17.53","17.59","17.53","17.55","0.0200","100"
"00775B","新光投等債15+","868970","30039370","34.54","34.59","34.54","34.56","0.1100","120"
"00783","富邦中証500","124341","2081913","16.75","16.77","16.61","16.67","0.0000","117"
"00830","國泰費城半導體","12694912","654960019","51.60","51.70","51.35","51.40","-0.2500","4840"
"00850","元大臺灣ESG永續","1781839","84999745","47.02","48.04","46.95","48.00","1.0400","1945"
"00851","台新全球AI","154298","7559892","48.67","49.05","48.67","49.03","0.5900","110"
"00852L","國泰美國道瓊正2","318140","7649699","24.04","24.06","24.02","24.04","-0.0800","55"
"00861","元大全球未來通訊","1213963","54082804","44.95","44.95","44.49","44.51","-0.0500","389"
"00865B","國泰US短期公債","105648","4815874","45.75","45.75","45.58","45.59","-0.0900","66"
"00875","國泰網路資安","312917","10193739","32.68","32.68","32.51","32.51","-0.1700","357"
"00876","元大全球5G","1251872","53558314","42.46","42.84","42.09","42.84","0.3800","568"
"00878","國泰永續高股息","41860477","1015746152","24.20","24.35","24.10","24.35","0.1500","23235"
"00881","國泰台灣5G+","41434233","1105782772","26.10","26.97","26.08","26.90","0.8500","9405"
"00882","中信中國高股息","23507434","277743222","11.90","11.91","11.76","11.79","-0.1300","6378"
"00885","富邦越南","8638202","103611586","11.99","12.06","11.93","11.95","-0.0400","2953"
"00891","中信關鍵半導體","10159496","206588625","20.03","20.52","19.99","20.47","0.4400","3682"
"00892","富邦台灣半導體","7139388","130055891","18.07","18.41","18.07","18.34","0.2700","1851"
"00893","國泰智能電動車","3991855","93651195","23.40","23.50","23.40","23.42","0.0200","1358"
"00894","中信小資高價30","2271521","50952954","22.24","22.62","22.24","22.53","0.2900","438"
"00895","富邦未來車","4308994","127915699","29.66","29.74","29.50","29.70","0.0800","1960"
"00896","中信綠能及電動車","2110419","39944678","18.72","19.04","18.72","18.99","0.2700","902"
"00897","富邦基因免疫生技","993073","7844863","7.90","7.94","7.88","7.88","-0.0100","370"
"00898","國泰基因免疫革命","1641961","11491895","6.98","7.02","6.97","7.01","0.0300","290"
"00899","FT潔淨能源","808486","13658891","16.90","16.91","16.87","16.88","0.0900","346"
"00900","富邦特選高股息30","9843928","165689129","16.89","16.92","16.76","16.88","-0.0500","2591"
"00901","永豐智能車供應鏈","2114491","46794837","21.82","22.41","21.82","22.35","0.5300","427"
"00902","中信電池及儲能","2673958","25148056","9.42","9.46","9.36","9.36","-0.0500","869"
"00903","富邦元宇宙","3988587","59786449","14.95","15.00","14.95","14.98","0.2100","739"
"00904","新光臺灣半導體30","3567594","70786454","19.63","20.08","19.61","20.02","0.3900","753"
"00905","FT臺灣Smart","11299762","166341127","14.53","14.84","14.51","14.78","0.3000","2968"
"00907","永豐優息存股","4109141","67761798","16.49","16.56","16.41","16.51","-0.1000","1071"
"00908","富邦入息REITs+","354480","4443235","12.52","12.55","12.51","12.53","0.0100","171"
"00909","國泰數位支付服務","2415685","64934495","26.90","26.91","26.83","26.86","0.3300","774"
"00910","第一金太空衛星","173265","3244613","18.76","18.76","18.71","18.71","0.2200","30"
"00911","兆豐洲際半導體","890760","27874977","31.49","31.49","31.23","31.24","-0.0200","532"
"00912","中信臺灣智慧50","1570945","31910917","20.16","20.55","20.15","20.53","0.3600","280"
"00913","兆豐台灣晶圓製造","1036460","24317506","23.20","23.62","23.13","23.59","0.4000","142"
"00915","凱基優選高股息30","17755717","482773324","27.26","27.26","27.09","27.19","-0.0700","5544"
"00916","國泰全球品牌50","389325","9121489","23.20","23.52","23.20","23.41","0.2500","518"
"00917","中信特選金融","429368","8480024","19.79","19.80","19.73","19.74","-0.1400","235"
"00918","大華優利高填息30","22599855","573063498","25.33","25.47","25.24","25.38","0.0200","5781"
"00919","群益台灣精選高息","86021574","2235012845","26.03","26.11","25.86","26.03","-0.0100","32821"
"00920","富邦ESG綠色電力","407517","6105525","14.98","15.00","14.95","14.99","0.1200","173"
"00921","兆豐龍頭等權重","3384009","65333818","19.34","19.36","19.26","19.29","-0.0500","1146"
"00922","國泰台灣領袖50","6911045","157451438","22.44","22.98","22.42","22.94","0.5000","2285"
"00923","群益台ESG低碳50","7480111","177626648","23.44","23.95","23.36","23.89","0.4900","3333"
"00924","復華S&P500成長","2451394","57630589","23.50","23.55","23.46","23.46","0.0500","1022"
"00925","新光標普電動車","480756","8015877","16.72","16.72","16.62","16.62","-0.1300","31"
"00926","凱基全球菁英55","575027","13304333","23.20","23.20","23.11","23.14","0.1500","215"
"00927","群益半導體收益","22140990","481542006","21.56","21.94","21.48","21.85","0.3400","4890"
"00929","復華台灣科技優息","127589506","2658924500","20.89","20.90","20.78","20.87","-0.0400","38059"
"00930","永豐ESG低碳高息","2204198","46922367","21.25","21.37","21.19","21.34","0.1500","703"
"00932","兆豐永續高息等權","1662773","30333488","18.30","18.32","18.17","18.21","-0.0500","721"
"00934","中信成長高股息","106581846","2190626335","20.56","20.61","20.49","20.58","0.0600","16975"
"00935","野村臺灣新科技50","11205055","264495310","23.24","23.85","23.18","23.78","0.5500","3071"
"00936","台新永續高息中小","35692463","658769915","18.51","18.51","18.41","18.45","-0.0400","11970"
"00939","統一台灣高息動能","39612853","592855724","14.99","15.02","14.92","14.98","-0.0400","5610"
"00940","元大台灣價值高息","162017815","1656470880","10.24","10.26","10.18","10.23","-0.0100","22724"
"00941","中信上游半導體","13466946","214034306","15.88","15.92","15.86","15.89","0.0100","2881"
"00943","兆豐電子高息等權","1621958","25682420","15.88","15.91","15.79","15.82","-0.0400","223"
"00944","野村趨勢動能高息","11766363","182407682","15.61","15.61","15.44","15.51","-0.0900","2521"
"00945B","凱基美國非投等債","28197893","429922168","15.27","15.27","15.22","15.23","-0.0800","3146"
"00946","群益科技高息成長","36151414","391345815","10.85","10.87","10.77","10.84","-0.0100","5638"
"00947","台新臺灣IC設計","13609065","212593806","15.65","15.70","15.56","15.68","0.1000","3647"
"00949","復華日本龍頭","13954437","215455311","15.45","15.49","15.38","15.41","-0.0600","3484"
"01001T","土銀富邦R1","167031","2377250","14.30","14.30","14.20","14.20","-0.1000","13"
"01002T","土銀國泰R1","18010","302938","16.80","16.87","16.80","16.80","0.0000","8"
"01004T","土銀富邦R2","1803200","22591500","12.53","12.53","12.51","12.51","-0.0200","21"
"01007T","兆豐國泰R2","106020","1781154","16.80","16.80","16.80","16.80","0.0000","8"
"01009T","王道圓滿R1","39000","304070","7.81","7.81","7.78","7.79","-0.0200","9"
"01010T","京城樂富R1","132220","1324774","10.02","10.10","10.00","10.02","0.0000","20"
"020000","富邦特選蘋果N","10000","132270","13.23","13.23","13.22","13.22","0.0000","5"
"020011","統一微波高息20N","","","","","","","0.0000",""
"020012","富邦行動通訊N","1000","10430","10.43","10.43","10.43","10.43","0.0100","1"
"020015","統一MSCI美低波N","","","","","","","0.0000",""
"020016","統一MSCI美科技N","","","","","","","0.0000",""
"020018","統一價值成長30N","3000","76660","25.63","25.63","25.48","25.48","0.0000","3"
"020019","統一特選台灣5GN","1000","20690","20.69","20.69","20.69","20.69","0.3900","1"
"02001L","富邦蘋果正二N","228000","7563020","32.28","33.83","32.11","33.70","1.9000","73"
"02001R","富邦蘋果反一N","6000","8150","1.36","1.36","1.35","1.36","-0.0400","4"
"02001S","策元大加權策略N","205000","1564280","7.59","7.65","7.59","7.64","0.1100","4"
"020020","元大台股領航N","135000","1657360","12.09","12.47","12.08","12.41","0.3000","18"
"020028","元大特選電動車N","39000","387480","9.85","9.95","9.85","9.95","0.1000","17"
"020029","元大ESG高股息N","95000","882710","9.20","9.33","9.20","9.32","0.0400","19"
"020030","統一智慧電動車N","279000","1878250","6.65","6.77","6.65","6.77","0.1200","31"
"020031","統一IC設計臺灣N","51000","326040","6.41","6.41","6.38","6.40","0.0100","17"
"020032","元大綠能N","23000","153870","6.70","6.70","6.67","6.70","-0.0100","11"
"020034","元大IC設計N","186000","1588000","8.52","8.55","8.49","8.52","0.0000","18"
"020036","元大金融配息N","","","","","","","0.0000",""
"020037","元大金融高股息N","393000","2723340","6.88","6.93","6.88","6.93","0.0500","5"
"020038","元大ESG配息N","2615000","21024370","8.01","8.06","8.00","8.04","0.0300","38"
"020039","元大加權N","90000","648890","7.13","7.26","7.13","7.24","0.1100","25"
"1101","台泥","18504594","639511550","34.55","34.65","34.40","34.60","0.1500","10215"
"1101B","台泥乙特","1528","71828","47.10","47.10","47.10","47.10","0.0500","14"
"1102","亞泥","8078955","361881059","44.75","44.95","44.60","44.70","-0.0500","5231"
"1103","嘉泥","327448","6131316","18.75","18.80","18.65","18.70","-0.0500","285"
"1104","環泥","2063085","75548661","36.80","37.10","36.30","36.50","-0.2500","1077"
"1108","幸福","400704","6812656","17.10","17.10","16.95","17.00","0.0000","205"
"1109","信大","692282","13837722","20.00","20.10","19.90","20.00","0.1000","317"
"1110","東泥","355115","7563118","21.45","21.70","21.10","21.15","-0.3000","177"
"1201","味全","777053","14507775","18.75","18.75","18.60","18.65","-0.1000","805"
"1203","味王","11161","584570","52.20","52.50","52.20","52.40","0.0000","52"
"1210","大成","1400081","81003316","57.80","58.00","57.60","58.00","0.3000","1185"
"1213","大飲","46133","345612","7.47","7.82","7.36","7.47","0.0000","28"
"1215","卜蜂","1449824","148354219","104.00","104.00","101.00","103.50","-0.5000","1968"
"1216","統一","7216323","604391919","84.10","84.20","83.30","83.70","-0.5000","7199"
"1217","愛之味","2462400","32535191","13.25","13.40","13.10","13.15","-0.1000","1099"
"1218","泰山","665101","14547722","21.90","22.00","21.75","21.80","-0.0500","625"
"1219","福壽","344421","6367638","18.60","18.60","18.40","18.45","-0.1500","286"
"1220","台榮","915868","14663450","15.80","16.25","15.70","16.20","0.4500","394"
"1225","福懋油","103218","13045567","130.00","130.00","124.50","126.50","-1.0000","237"
"1227","佳格","1265746","53258284","42.20","42.35","41.80","42.35","0.1500","932"
"1229","聯華","1918221","136442657","70.50","71.60","70.30","71.60","1.2000","2168"
"1231","聯華食","217442","25278031","114.50","119.00","113.50","117.00","2.5000","458"
"1232","大統益","61350","9057885","148.00","148.50","147.00","147.50","0.0000","193"
"1233","天仁","77407","2667458","34.40","34.60","34.25","34.50","0.3500","72"
"1234","黑松","134985","5964424","44.10","44.45","43.90","43.95","-0.1500","203"
"1235","興泰","29279","2941159","100.50","101.50","100.00","100.50","0.6000","94"
"1236","宏亞","39898","1013358","25.60","25.60","25.15","25.20","-0.3500","115"
"1256","鮮活果汁-KY","96073","18762657","197.50","197.50","193.50","194.00","-3.5000","719"
"1301","台塑","9988096","579440264","57.40","58.40","57.30","58.00","0.7000","6106"
"1303","南亞","9139051","449073209","48.80","49.35","48.80","49.25","0.4500","3979"
"1304","台聚","3626098","58565892","16.15","16.25","16.05","16.15","0.1000","1953"
"1305","華夏","1968869","33698725","17.10","17.25","17.00","17.05","0.1500","832"
"1307","三芳","453459","14269385","31.60","31.70","31.30","31.35","-0.1500","424"
"1308","亞聚","1941423","35083288","18.05","18.25","17.95","17.95","-0.1000","1086"
"1309","台達化","3409924","61680227","18.15","18.40","17.85","17.90","0.0500","1594"
"1310","台苯","3180148","43973218","13.60","13.95","13.60","13.70","0.1000","1077"
"1312","國喬","2784222","40380564","14.50","14.70","14.40","14.40","-0.0500","1327"
"1312A","國喬特","24000","566700","23.70","23.70","23.55","23.55","-0.1000","13"
"1313","聯成","1361425","17092732","12.60","12.65","12.45","12.45","-0.0500","992"
"1314","中石化","46367013","514542435","11.00","11.30","10.95","11.00","0.0500","8506"
"1315","達新","26524","1909231","72.00","72.00","71.90","72.00","0.0000","32"
"1316","上曜","8922990","172067972","19.05","19.75","18.90","19.25","0.3500","3277"
"1319","東陽","3210507","342608798","109.00","109.50","106.00","106.00","-3.5000","3214"
"1321","大洋","304039","11304258","37.30","37.45","37.05","37.15","0.0000","136"
"1323","永裕","44766","1353171","30.60","30.60","30.15","30.20","-0.0500","77"
"1324","地球","221955","3250694","14.65","14.90","14.45","14.50","0.0000","178"
"1325","恆大","806170","27609426","35.10","35.10","33.85","33.85","-1.1000","607"
"1326","台化","8106949","399128353","49.00","49.55","48.95","49.15","-0.0500","4098"
"1337","再生-KY","3806361","30136744","7.59","8.18","7.59","7.80","0.2500","1622"
"1338","廣華-KY","165626","5321797","32.30","32.40","32.00","32.05","-0.4000","160"
"1339","昭輝","215778","14258024","66.80","67.20","65.60","65.60","-0.9000","250"
"1340","勝悅-KY","3360630","40204701","11.70","12.15","11.65","12.15","1.1000","1595"
"1341","富林-KY","20123","1330140","66.70","66.70","65.90","65.90","-0.6000","34"
"1342","八貫","558913","65177067","119.50","119.50","115.50","115.50","-3.5000","570"
"1402","遠東新","9892596","372396305","37.20","37.95","37.00","37.55","0.3000","6298"
"1409","新纖","28037178","509529792","18.10","18.60","17.80","17.95","0.2000","9537"
"1410","南染","42101","1539085","36.45","37.50","36.40","36.55","-0.0500","48"
"1413","宏洲","95451","993603","10.55","10.55","10.35","10.45","-0.0500","59"
"1414","東和","617710","14955497","24.55","24.60","24.00","24.35","0.0500","405"
"1416","廣豐","380687","4638958","12.25","12.30","12.10","12.15","-0.0500","286"
"1417","嘉裕","589946","6829208","11.65","11.75","11.50","11.65","0.1000","384"
"1418","東華","1890742","80895270","41.50","43.05","40.25","43.05","3.9000","1298"
"1419","新紡","17001","832599","49.15","49.20","48.75","48.90","-0.2500","16"
"1423","利華","252809","11491445","46.85","46.85","45.10","45.40","-0.1000","107"
"1432","大魯閣","378773","6973183","18.50","18.70","18.10","18.40","-0.0500","584"
"1434","福懋","974509","22087263","22.75","22.75","22.60","22.65","-0.1000","839"
"1435","中福","6177","293624","48.00","48.00","47.50","47.50","-0.5000","68"
"1436","華友聯","3709935","704959117","180.00","194.50","180.00","193.00","16.0000","3338"
"1437","勤益控","228766","8589905","37.55","37.80","37.45","37.50","-0.1500","228"
"1438","三地開發","46158","2851777","62.80","62.80","61.40","61.60","-0.8000","108"
"1439","雋揚","42613","1237106","29.50","29.50","29.00","29.00","0.0000","17"
"1440","南紡","2074347","36869497","17.80","17.90","17.65","17.75","0.0500","864"
"1441","大東","690810","11647260","17.30","17.30","16.10","16.85","0.8500","654"
"1442","名軒","646016","39933088","61.50","62.70","61.50","61.60","-0.4000","580"
"1443","立益物流","50672","1587097","31.50","31.55","31.15","31.50","-0.0500","39"
"1444","力麗","3067770","31396911","10.20","10.30","10.15","10.15","-0.0500","1349"
"1445","大宇","286488","5381810","19.05","19.10","18.65","18.65","-0.3500","208"
"1446","宏和","818923","39312351","49.10","49.70","47.10","47.90","-1.2000","633"
"1447","力鵬","6016658","65446141","10.90","11.20","10.70","10.70","-0.0500","1962"
"1449","佳和","1418268","28198859","20.30","20.30","19.65","19.70","-0.1000","948"
"1451","年興","97845","1966687","19.95","20.20","19.95","20.05","0.0000","161"
"1452","宏益","138840","2350487","17.00","17.05","16.90","16.90","-0.1000","75"
"1453","大將","445664","11214441","25.35","25.85","24.80","24.80","-0.5500","429"
"1454","台富","3235961","68044600","20.50","21.70","20.10","20.60","0.8500","1277"
"1455","集盛","2663722","38009682","14.20","14.45","14.10","14.15","0.0000","999"
"1456","怡華","86490","1740062","20.50","20.50","19.80","20.35","-0.1500","75"
"1457","宜進","337690","7347002","21.80","21.95","21.65","21.75","0.0000","234"
"1459","聯發","351143","3906731","11.05","11.25","11.00","11.10","0.1000","190"
"1460","宏遠","4244626","36117604","8.21","8.67","8.21","8.52","0.3700","1339"
"1463","強盛","118315","2648763","22.60","22.65","22.30","22.30","-0.1000","104"
"1464","得力","847526","12046281","14.20","14.30","14.10","14.20","0.0500","410"
"1465","偉全","160967","2477207","15.50","15.55","15.25","15.35","-0.1000","191"
"1466","聚隆","156098","1982722","12.60","12.80","12.60","12.75","0.1500","82"
"1467","南緯","1367222","16571649","12.00","12.30","11.95","12.15","0.2500","676"
"1468","昶和","45001","682015","15.20","15.25","15.05","15.25","0.0000","41"
"1470","大統新創","2504","52513","21.00","21.00","20.90","20.90","-0.4000","34"
"1471","首利","2413010","39102337","16.10","16.35","16.00","16.30","0.2500","966"
"1472","三洋實業","41263","2851915","69.70","69.70","68.80","69.30","-0.1000","46"
"1473","台南","1187802","50493562","43.20","43.30","42.10","42.30","-0.9000","998"
"1474","弘裕","726002","10541553","14.45","14.75","14.35","14.35","-0.1000","297"
"1475","業旺","1249617","81279877","64.50","67.20","63.80","65.20","3.6000","909"
"1476","儒鴻","1525457","831873691","534.00","550.00","527.00","544.00","8.0000","1843"
"1477","聚陽","1582427","661524606","423.00","425.50","415.00","418.50","-5.5000","1893"
"1503","士電","6091610","1777819339","292.50","297.50","290.00","290.00","-4.5000","6639"
"1504","東元","7608508","400817647","53.40","53.40","52.30","52.60","-0.8000","5659"
"1506","正道","801219","13900045","17.25","17.50","17.10","17.45","0.2000","371"
"1512","瑞利","75569","632873","8.27","8.58","8.24","8.58","0.1900","58"
"1513","中興電","29490183","6043989322","205.00","209.50","201.00","202.50","-0.5000","30001"
"1514","亞力","14131221","2112670347","152.00","154.00","147.50","147.50","-5.0000","15110"
"1515","力山","2577000","123706807","47.00","48.70","47.00","48.25","1.3500","1680"
"1516","川飛","386364","9359618","24.45","24.65","24.05","24.10","-0.3000","292"
"1517","利奇","1180091","20875120","17.80","17.80","17.40","17.75","0.1500","578"
"1519","華城","5461204","5044879008","940.00","953.00","905.00","905.00","-31.0000","12193"
"1521","大億","108062","4185757","39.95","39.95","38.25","38.75","-1.1500","157"
"1522","堤維西","7712140","533882131","71.50","71.80","68.10","68.10","-3.3000","5450"
"1522A","堤維西甲特","3030","139581","46.05","46.05","46.05","46.05","0.0500","4"
"1524","耿鼎","1660533","57875569","35.30","35.45","34.65","34.70","-0.6000","1280"
"1525","江申","26761","2007907","75.10","75.40","74.90","74.90","-0.6000","62"
"1526","日馳","60164","1937882","32.45","32.45","32.05","32.05","-0.2000","72"
"1527","鑽全","493233","22362402","45.40","46.00","44.80","44.85","-0.4500","733"
"1528","恩德","9924286","161189008","16.20","16.30","16.00","16.30","1.4500","2945"
"1529","樂事綠能","1301326","44959023","35.50","35.50","34.30","34.45","-0.7000","1316"
"1530","亞崴","163353","5325587","32.75","32.75","32.40","32.60","0.2000","288"
"1531","高林股","494304","7491852","15.00","15.30","15.00","15.25","0.3000","299"
"1532","勤美","3157511","144684824","46.60","47.00","45.30","45.40","-1.2500","2549"
"1533","車王電","160092","7562530","47.70","47.75","47.00","47.00","-0.7000","147"
"1535","中宇","342560","24590048","72.80","72.80","71.30","71.90","-1.0000","357"
"1536","和大","42818352","2924287278","67.30","69.80","65.70","69.80","6.3000","25091"
"1537","廣隆","275695","39947611","145.50","146.00","144.00","144.50","0.0000","295"
"1538","正峰","82318","1598286","19.30","20.15","18.95","20.00","0.5000","60"
"1539","巨庭","156933","3824098","24.50","24.55","24.20","24.35","0.0500","98"
"1540","喬福","3320906","81966724","24.75","25.25","24.25","24.40","0.0500","1934"
"1541","錩泰","165478","5486623","32.00","34.50","32.00","32.50","0.5000","137"
"1558","伸興","91374","9212845","101.00","101.00","100.50","101.00","0.0000","151"
"1560","中砂","3636428","1288745248","372.00","373.00","345.00","345.00","-11.5000","4597"
"1563","巧新","1913707","140051024","74.40","74.40","72.70","72.90","-1.2000","1392"
"1568","倉佑","3446251","111142228","32.85","32.90","31.70","31.80","0.3500","2212"
"1582","信錦","2587131","287028305","114.50","115.50","109.00","109.50","-4.5000","3015"
"1583","程泰","34353","2442089","71.50","71.70","70.20","70.60","-0.4000","36"
"1587","吉茂","1364447","80538398","61.50","61.80","57.80","58.00","-3.4000","1240"
"1589","永冠-KY","819521","37405147","47.05","47.05","45.00","45.00","-1.6500","1301"
"1590","亞德客-KY","437968","444674345","1010.00","1020.00","1000.00","1020.00","10.0000","553"
"1597","直得","8923258","841941550","95.00","97.50","90.20","90.60","1.9000","8541"
"1598","岱宇","414828","13282476","32.00","32.25","31.65","32.15","0.3500","339"
"1603","華電","1412594","63364047","45.70","45.85","44.60","44.60","-1.0000","1087"
"1604","聲寶","603199","17364604","28.90","29.00","28.65","28.80","-0.3500","853"
"1605","華新","9776508","352168492","35.95","36.30","35.80","35.90","0.2500","4910"
"1608","華榮","6646906","258365969","39.85","39.90","38.60","38.65","-0.7000","3871"
"1609","大亞","11662851","634280074","55.20","55.50","54.10","54.10","-0.9000","7384"
"1611","中電","3068548","58762764","19.65","19.65","18.95","19.00","-0.3500","1639"
"1612","宏泰","3370961","126838212","38.05","38.40","37.10","37.10","-0.4000","2032"
"1614","三洋電","407750","18426458","45.75","45.75","45.00","45.20","-0.6000","257"
"1615","大山","253952","18052352","72.00","72.10","70.60","70.70","-1.2000","514"
"1616","億泰","1428319","34476373","24.50","24.65","23.95","24.00","-0.3500","867"
"1617","榮星","1165292","28422552","25.10","25.10","24.20","24.20","-0.6000","759"
"1618","合機","3953393","231910123","59.80","59.80","57.80","57.90","-1.2000","2997"
"1626","艾美特-KY","158148","2526383","16.15","16.15","15.90","15.95","-0.0500","540"
"1701","中化","764712","17492161","22.80","23.00","22.75","22.75","-0.0500","505"
"1702","南僑","801301","46517633","58.50","58.90","57.70","57.70","-0.8000","878"
"1707","葡萄王","250294","38089856","152.50","153.00","151.50","152.00","-0.5000","556"
"1708","東鹼","1919271","66889555","35.10","35.20","34.40","34.55","-0.4500","1278"
"1709","和益","3293968","79498814","24.45","24.60","23.85","23.90","-0.1500","1719"
"1710","東聯","1156411","20359429","17.70","17.75","17.50","17.50","-0.1500","1108"
"1711","永光","8673511","181285530","20.80","21.40","20.60","20.65","0.3000","3822"
"1712","興農","910395","41055205","45.65","45.65","44.60","44.80","-0.8500","1721"
"1713","國化","1473787","88802586","59.50","61.10","58.20","59.90","1.2000","420"
"1714","和桐","4588309","48309063","10.60","10.70","10.40","10.45","-0.1000","1486"
"1717","長興","5834799","188201001","32.00","32.45","32.00","32.20","0.4000","2970"
"1718","中纖","29704390","269456644","9.00","9.28","8.89","8.92","0.0900","8159"
"1720","生達","453564","33283866","73.50","74.20","72.80","72.80","-0.6000","545"
"1721","三晃","1193759","18003018","15.30","15.30","14.90","14.95","-0.1500","751"
"1722","台肥","1654643","106805302","64.90","65.00","64.20","64.50","-0.3000","974"
"1723","中碳","511370","57175887","109.50","110.00","109.00","109.00","-0.5000","404"
"1725","元禎","2877151","146859035","53.60","54.00","48.90","49.25","-3.7500","2230"
"1726","永記","14579","1208980","82.50","82.50","82.10","82.10","-0.4000","33"
"1727","中華化","3721227","121341602","33.55","33.60","32.00","32.75","-0.3000","2517"
"1730","花仙子","30037","1690713","56.20","56.30","56.20","56.30","0.1000","44"
"1731","美吾華","257626","6502245","25.10","25.35","25.10","25.30","0.2000","159"
"1732","毛寶","407259","12170193","30.45","30.75","29.65","29.75","-0.6000","340"
"1733","五鼎","328759","11519382","35.55","35.55","34.80","34.95","-0.1500","208"
"1734","杏輝","641780","24547910","38.25","38.35","38.15","38.20","-0.0500","369"
"1735","日勝化","16526","300040","18.15","18.20","18.10","18.15","0.0500","31"
"1736","喬山","1982913","186266530","90.00","97.00","90.00","94.00","5.1000","2140"
"1737","臺鹽","173316","5899422","34.20","34.20","34.00","34.05","-0.1000","206"
"1752","南光","418309","21683263","52.30","52.80","51.30","51.50","-0.7000","488"
"1760","寶齡富錦","235345","23568346","100.50","101.00","99.50","100.00","0.0000","309"
"1762","中化生","278159","14398898","52.00","52.10","51.40","52.10","0.5000","310"
"1773","勝一","366310","58217861","160.50","160.50","156.50","159.00","-0.5000","437"
"1776","展宇","129701","2332376","18.30","18.30","17.85","18.05","0.0500","102"
"1783","和康生","787751","37426477","48.55","48.55","47.00","47.00","-2.4000","867"
"1786","科妍","552264","70621335","129.00","131.00","126.50","128.00","-1.0000","721"
"1789","神隆","1010515","29524822","29.00","29.60","29.00","29.05","0.1500","806"
"1795","美時","3930975","1222496800","309.50","315.00","307.50","309.00","2.5000","5182"
"1802","台玻","15564551","298121732","19.65","19.65","18.90","18.95","-0.4000","5063"
"1805","寶徠","304432","6001976","19.60","20.00","19.55","19.60","-0.4500","295"
"1806","冠軍","2445493","30676870","12.85","12.90","12.35","12.35","-0.4000","1066"
"1808","潤隆","1200670","136243118","114.50","115.00","113.00","113.00","-1.0000","1275"
"1809","中釉","5874180","156905346","26.95","27.45","26.05","26.35","-0.1500","3469"
"1810","和成","1045393","19659392","18.90","19.05","18.65","18.80","-0.0500","543"
"1817","凱撒衛","186810","7205457","38.60","38.80","38.45","38.65","0.0000","135"
"1903","士紙","409493","24328009","60.20","60.40","58.90","59.30","-0.9000","324"
"1904","正隆","754474","21754743","28.85","28.90","28.80","28.80","-0.0500","684"
"1905","華紙","2294371","50395898","22.10","22.25","21.85","21.85","-0.2500","1342"
"1906","寶隆","130005","2077648","15.90","16.00","15.90","15.95","0.0500","275"
"1907","永豐餘","1925341","61174415","31.55","31.95","31.45","31.95","0.3500","1119"
"1909","榮成","1360006","19060770","14.05","14.10","13.95","14.00","-0.0500","640"
"2002","中鋼","17707252","414898471","23.55","23.55","23.35","23.50","-0.0500","7356"
"2002A","中鋼特","5012","218274","43.55","43.55","43.55","43.55","-0.1000","8"
"2006","東和鋼鐵","1713205","122234149","71.90","71.90","71.00","71.40","-0.6000","2075"
"2007","燁興","1015743","12178828","11.80","12.15","11.80","11.95","0.1000","390"
"2008","高興昌","142251","3675137","25.80","26.10","25.60","25.70","-0.1000","140"
"2009","第一銅","5620271","293349218","52.80","53.50","51.20","51.20","-0.7000","4792"
"2010","春源","988205","19133485","19.40","19.50","19.20","19.25","-0.2500","588"
"2012","春雨","84958","2126459","25.05","25.15","24.95","25.00","-0.0500","85"
"2013","中鋼構","92427","5307824","58.00","58.00","57.10","57.20","0.0000","131"
"2014","中鴻","2702637","59034557","21.95","21.95","21.75","21.80","-0.1500","1516"
"2015","豐興","299505","23365848","77.80","78.50","77.20","78.50","0.8000","320"
"2017","官田鋼","882755","12878365","14.65","14.70","14.50","14.55","-0.1000","419"
"2020","美亞","1598968","56880464","35.90","35.90","35.25","35.30","-0.6000","1203"
"2022","聚亨","605658","6882619","11.45","11.50","11.25","11.35","-0.0500","364"
"2023","燁輝","1336513","20971230","15.85","15.85","15.60","15.65","-0.0500","742"
"2024","志聯","67994","1528111","21.35","22.90","21.35","22.60","0.8500","83"
"2025","千興","2376239","28451613","12.20","12.25","11.85","11.95","0.0000","717"
"2027","大成鋼","5905119","217549328","37.05","37.15","36.65","37.00","-0.0500","3159"
"2028","威致","213156","5538837","26.10","26.20","25.90","25.90","-0.4000","145"
"2029","盛餘","438554","12231208","27.90","27.95","27.80","27.85","-0.0500","206"
"2030","彰源","390291","6778722","17.40","17.50","17.30","17.35","-0.1500","300"
"2031","新光鋼","1839941","111840318","61.40","61.50","60.50","60.70","-0.7000","1304"
"2032","新鋼","179006","3011268","16.85","17.00","16.75","16.75","-0.1000","119"
"2033","佳大","141190","2234729","16.05","16.05","15.70","15.75","-0.3000","73"
"2034","允強","466492","11904174","25.50","25.60","25.40","25.60","0.1500","331"
"2038","海光","336756","6629021","19.80","20.00","19.60","19.60","-0.2000","241"
"2049","上銀","2413707","524890185","220.50","221.00","215.00","215.00","-2.0000","3014"
"2059","川湖","1318111","1818921540","1370.00","1410.00","1340.00","1375.00","0.0000","2339"
"2062","橋椿","613196","17334174","28.60","28.95","27.90","27.95","-0.8000","376"
"2069","運錩","209541","3350378","16.10","16.10","15.90","16.00","-0.0500","117"
"2101","南港","11398906","589828351","52.80","53.10","51.10","51.20","-2.3000","6330"
"2102","泰豐","1061250","22290693","20.55","21.25","20.55","21.25","0.7000","512"
"2103","台橡","1641654","38718717","23.70","23.75","23.50","23.55","0.0500","1023"
"2104","國際中橡","2185654","38841131","17.80","17.90","17.65","17.65","-0.0500","1241"
"2105","正新","7086851","334171939","47.80","47.85","47.00","47.00","-0.8000","4438"
"2106","建大","510849","17372965","34.15","34.20","33.90","33.90","-0.3000","385"
"2107","厚生","346350","8832047","25.50","25.65","25.40","25.50","0.0000","381"
"2108","南帝","15600639","704710745","43.55","46.00","43.30","45.95","4.1000","10994"
"2109","華豐","757873","14726746","19.45","19.65","19.30","19.35","-0.1000","458"
"2114","鑫永銓","37600","3848511","102.50","102.50","102.00","102.00","-0.5000","67"
"2115","六暉-KY","155711","5255684","33.75","34.30","33.45","33.65","0.3500","164"
"2201","裕隆","4773292","312437479","66.60","66.70","65.00","65.20","-1.1000","4088"
"2204","中華","3066970","397039638","128.00","130.50","127.00","129.00","1.5000","2473"
"2206","三陽工業","4149426","331755494","79.60","80.50","78.80","80.10","0.6000","3091"
"2207","和泰車","156128","96288029","621.00","621.00","614.00","617.00","-3.0000","423"
"2208","台船","2749782","49060519","18.00","18.00","17.70","17.70","-0.1000","1534"
"2211","長榮鋼","961574","129853056","136.50","137.50","134.00","134.50","-1.5000","1085"
"2227","裕日車","24871","3370364","136.50","136.50","135.00","136.00","2.0000","123"
"2228","劍麟","352552","40915087","116.00","118.50","115.00","115.00","0.0000","325"
"2231","為升","330180","39235879","120.00","120.50","118.00","119.00","-0.5000","315"
"2233","宇隆","170641","24379929","143.00","144.50","142.00","142.50","-0.5000","220"
"2236","百達-KY","3535116","352643105","100.50","104.50","93.80","98.20","0.5000","2664"
"2239","英利-KY","75054","3923817","52.40","52.70","51.90","52.00","-0.8000","81"
"2241","艾姆勒","1777776","71035940","40.70","41.15","39.55","39.65","-1.0500","1172"
"2243","宏旭-KY","335898","6264569","18.75","19.00","18.20","18.45","0.0500","232"
"2247","汎德永業","186492","55358695","299.50","299.50","295.50","295.50","-3.5000","679"
"2250","IKKA-KY","464268","51665298","113.50","115.00","108.50","108.50","-3.0000","422"
"2254","巨鎧精密-創","38000","3154700","83.70","83.70","81.70","81.70","-1.2000","14"
"2258","鴻華先進-創","600200","27840489","47.00","47.00","46.10","46.60","-0.2000","244"
"2301","光寶科","21372305","2285075282","107.00","108.50","105.50","107.50","0.5000","12174"
"2302","麗正","723974","13820724","19.00","19.35","18.80","19.10","0.1500","482"
"2303","聯電","120702690","6598349533","54.00","55.50","53.60","55.30","1.8000","36876"
"2305","全友","599787","14273188","23.75","24.30","23.60","23.65","0.1000","571"
"2308","台達電","20071115","7983033161","385.50","404.00","385.00","402.00","15.0000","17740"
"2312","金寶","11122345","264711699","23.80","23.80","23.80","23.80","2.1500","2866"
"2313","華通","89548435","7695398667","82.00","89.50","80.50","86.30","4.4000","44451"
"2314","台揚","2615377","88605935","33.55","34.75","33.05","33.75","0.3500","1831"
"2316","楠梓電","9883941","558462047","55.50","57.90","54.40","56.30","0.0000","6293"
"2317","鴻海","116266597","25999507999","217.00","226.50","216.50","226.50","12.0000","81632"
"2321","東訊","13926","219426","15.50","16.00","15.50","15.95","-0.0500","29"
"2323","中環","35546929","497550232","14.35","14.40","13.80","13.80","-0.3500","8192"
"2324","仁寶","17616141","610011761","35.00","35.05","34.45","34.60","-0.2000","7546"
"2327","國巨","1560362","1173347636","755.00","757.00","745.00","755.00","1.0000","2812"
"2328","廣宇","9400313","384129852","41.10","41.50","40.30","40.55","0.0000","5367"
"2329","華泰","7245763","412456754","58.20","58.40","56.50","56.60","-1.3000","4593"
"2330","台積電","45678332","47210175550","1005.00","1050.00","1000.00","1035.00","30.0000","74909"
"2331","精英","6636115","228813311","35.20","35.20","34.10","34.30","-0.6500","4852"
"2332","友訊","3455720","66151590","19.35","19.35","18.95","19.10","-0.1500","1433"
"2337","旺宏","31352893","880847461","28.00","28.40","27.55","28.20","0.3500","14826"
"2338","光罩","3897158","312828030","81.80","81.80","79.00","79.90","-1.1000","3949"
"2340","台亞","3539143","154372915","44.25","44.30","42.85","43.50","-0.7000","2386"
"2342","茂矽","280877","9373425","33.60","33.75","33.20","33.35","-0.1000","355"
"2344","華邦電","37759932","980835518","26.10","26.25","25.75","25.95","0.0000","11061"
"2345","智邦","2772627","1549920034","557.00","565.00","547.00","563.00","6.0000","2516"
"2347","聯強","3361375","242823014","71.90","72.50","71.60","72.50","0.5000","2117"
"2348","海悅","1384365","348864716","250.00","258.00","248.00","248.00","-2.0000","4409"
"2348A","海悅甲特","6000","202650","33.75","33.80","33.75","33.80","0.0500","5"
"2349","錸德","10080498","201105616","19.95","19.95","19.95","19.95","1.8000","4819"
"2351","順德","3823930","482227117","130.50","130.50","125.00","125.00","-4.5000","3235"
"2352","佳世達","24723770","963369470","39.30","39.60","38.50","38.75","-0.4000","11933"
"2353","宏碁","20548474","967077337","47.45","47.45","46.85","47.15","-0.1500","10485"
"2354","鴻準","47119368","3420919856","72.30","74.00","71.50","71.60","0.1000","31670"
"2355","敬鵬","9721669","492631548","50.80","51.60","49.90","50.40","0.1000","6560"
"2356","英業達","25867602","1457989631","56.50","56.90","55.70","56.30","-0.1000","12786"
"2357","華碩","1866185","904282288","484.00","488.00","480.00","486.00","3.0000","2923"
"2359","所羅門","13049988","2244176428","178.00","180.00","165.00","165.00","-10.5000","12232"
"2360","致茂","1627189","515544894","313.50","320.00","313.50","317.50","-1.5000","1823"
"2362","藍天","2346608","126319795","54.60","55.10","53.30","53.50","-0.9000","1788"
"2363","矽統","97634805","6239677801","65.90","66.80","62.10","62.30","-1.6000","55904"
"2364","倫飛","97657","8271234","86.30","86.30","83.70","83.80","-1.8000","777"
"2365","昆盈","140866372","7927497125","57.00","59.50","53.20","55.10","1.0000","73190"
"2367","燿華","128056578","5228920079","39.40","42.50","39.00","42.50","3.8500","55857"
"2368","金像電","10952850","2494857679","230.00","231.00","223.00","227.50","-1.5000","10864"
"2369","菱生","4398818","106179849","24.60","24.70","23.90","24.00","-0.4500","2381"
"2371","大同","20062732","1128941037","57.50","57.60","55.80","55.80","-1.6000","10877"
"2373","震旦行","275148","19777408","72.50","72.80","71.50","71.60","-0.9000","417"
"2374","佳能","56577329","3354914578","58.50","61.50","57.10","59.60","2.1000","36687"
"2375","凱美","754427","54874321","73.80","73.80","72.10","72.30","-1.0000","723"
"2376","技嘉","15398582","4804302181","307.00","317.50","306.50","310.00","8.5000","14823"
"2377","微星","3850812","706912771","182.50","185.00","181.00","184.00","2.0000","2994"
"2379","瑞昱","4258174","2341272922","554.00","557.00","543.00","553.00","-1.0000","4131"
"2380","虹光","363002","2589357","7.14","7.16","7.10","7.12","-0.0200","402"
"2382","廣達","28788552","9201493109","312.00","326.50","309.50","319.50","7.5000","29115"
"2383","台光電","4203054","2115449542","510.00","511.00","498.50","501.00","-7.0000","7005"
"2385","群光","2089206","350875582","167.50","169.00","166.00","168.50","2.0000","1857"
"2387","精元","2155186","129418116","60.70","60.70","59.70","59.70","-0.8000","1339"
"2388","威盛","5067847","607716930","123.00","123.00","118.50","119.00","-3.0000","2913"
"2390","云辰","1558258","22699387","14.55","14.70","14.40","14.55","0.1500","801"
"2392","正崴","53736635","4391744499","80.20","86.50","78.70","81.00","2.0000","31116"
"2393","億光","4104211","317304356","78.10","79.50","76.50","76.50","-1.5000","3295"
"2395","研華","648993","242536637","373.50","375.00","369.00","375.00","1.0000","957"
"2397","友通","10709020","1002650392","94.50","95.70","90.40","91.00","4.0000","5183"
"2399","映泰","2170597","49252735","22.55","23.25","22.25","23.05","0.4500","1053"
"2401","凌陽","20402332","770840708","38.70","39.00","36.95","37.70","-0.6500","12980"
"2402","毅嘉","9333102","347704643","38.30","38.35","36.65","36.90","-1.1000","6110"
"2404","漢唐","2600283","992865991","388.00","388.00","377.00","382.00","-4.0000","3386"
"2405","輔信","12430070","346798722","27.90","27.90","27.85","27.90","2.5000","3553"
"2406","國碩","14908094","401221390","27.70","27.70","26.50","26.50","-1.2000","7618"
"2408","南亞科","11547572","853869852","74.30","74.50","72.90","74.50","0.6000","9792"
"2409","友達","39409810","722527370","18.45","18.45","18.10","18.40","-0.0500","7966"
"2412","中華電","21968788","2613203815","120.00","120.00","118.50","119.00","-1.0000","12534"
"2413","環科","334533","8320136","25.00","25.40","24.60","24.80","-0.1500","279"
"2414","精技","528972","22059093","42.20","42.50","41.30","41.45","-0.6500","652"
"2415","錩新","131805","3655223","28.40","28.50","27.40","27.50","-0.2500","134"
"2417","圓剛","32130760","1817190792","60.00","61.20","52.50","53.00","-5.3000","18450"
"2419","仲琦","1697172","55266179","32.65","33.20","32.20","32.25","-0.3000","1025"
"2420","新巨","594168","40467080","69.60","69.70","67.00","68.00","-1.4000","736"
"2421","建準","4828116","521880249","111.00","111.00","107.00","108.50","-3.0000","3717"
"2423","固緯","325515","13561732","41.85","41.95","41.45","41.50","-0.3500","297"
"2424","隴華","39152","1179783","30.05","30.50","30.05","30.10","0.1000","37"
"2425","承啟","877791","33165773","38.20","38.60","37.30","38.00","0.0000","587"
"2426","鼎元","1141370","22728526","20.30","20.30","19.70","19.70","-0.2000","748"
"2427","三商電","29114672","1030299895","38.00","38.80","33.00","33.15","-2.2000","15854"
"2428","興勤","1695544","314095886","186.00","189.00","182.50","182.50","2.0000","2239"
"2429","銘旺科","886535","32371061","38.85","38.85","35.95","36.15","-3.7000","739"
"2430","燦坤","133774","4772083","35.70","35.80","35.50","35.70","0.0000","216"
"2431","聯昌","970478","13208847","13.85","13.85","13.35","13.55","0.0500","386"
"2432","倚天酷碁-創","15019","573323","38.25","38.25","38.10","38.10","-0.1500","10"
"2433","互盛電","48720","2493405","51.50","51.50","51.00","51.20","-0.1000","52"
"2434","統懋","23652","805012","33.95","34.15","33.95","33.95","0.1000","24"
"2436","偉詮電","930728","58773458","64.00","64.10","62.50","62.90","-0.8000","1196"
"2438","翔耀","779074","51690335","64.00","69.50","64.00","69.00","4.0000","575"
"2439","美律","3710079","537571162","146.50","147.00","142.50","144.50","-0.5000","2775"
"2440","太空梭","1359091","25791261","19.45","19.50","18.60","18.75","-0.3000","924"
"2441","超豐","1136730","71753421","62.70","63.30","62.60","63.30","0.6000","786"
"2442","新美齊","1633725","50709959","31.35","31.65","30.80","31.30","-0.2000","944"
"2444","兆勁","2474251","37830367","15.40","15.70","15.00","15.10","-0.4500","1019"
"2449","京元電子","44623539","5728768561","121.50","133.00","119.00","133.00","12.0000","24744"
"2450","神腦","112354","4270382","38.15","38.15","37.95","37.95","-0.2000","160"
"2451","創見","3710749","410871625","113.00","113.50","109.50","110.50","0.0000","2985"
"2453","凌群","10173001","718639785","70.40","72.00","69.40","69.60","1.4000","7679"
"2454","聯發科","8013255","11168752895","1340.00","1420.00","1335.00","1420.00","70.0000","14494"
"2455","全新","7014045","1298941320","186.00","190.50","176.50","187.00","-1.0000","21980"
"2457","飛宏","4266201","219573896","51.50","52.30","50.70","51.50","0.2000","3742"
"2458","義隆","2219945","340003782","155.50","156.00","152.00","153.00","-2.5000","2303"
"2459","敦吉","278483","21778479","78.10","78.50","77.80","77.80","-0.3000","167"
"2460","建通","694058","23002399","33.55","34.00","32.80","32.95","-0.5000","552"
"2461","光群雷","723417","18042555","25.05","25.10","24.75","24.85","-0.0500","402"
"2462","良得電","756404","27454612","36.70","36.95","36.10","36.20","-0.2000","554"
"2464","盟立","89745913","8174837374","93.20","98.50","85.00","86.90","-3.8000","56918"
"2465","麗臺","925144","112382513","123.00","124.00","120.50","120.50","-2.0000","934"
"2466","冠西電","20120","747190","37.45","37.45","37.00","37.05","0.0500","18"
"2467","志聖","3488239","697059218","208.50","208.50","195.50","196.00","-16.0000","3852"
"2468","華經","504346","13943157","27.60","28.25","27.40","27.45","-0.1500","318"
"2471","資通","310554","18351098","59.90","59.90","58.50","58.70","-0.6000","325"
"2472","立隆電","2010403","169386409","85.30","85.60","83.50","84.00","-1.8000","2072"
"2474","可成","1626381","370631652","228.00","229.50","226.50","227.50","-2.5000","2181"
"2476","鉅祥","5647213","640457601","118.00","118.00","111.00","111.00","-6.0000","4869"
"2477","美隆電","142665","3176882","22.30","22.45","22.05","22.45","0.2000","179"
"2478","大毅","570693","30435840","53.40","53.90","53.00","53.00","-0.2000","537"
"2480","敦陽科","341750","40011824","118.00","118.00","116.50","116.50","-1.5000","566"
"2481","強茂","7096703","442704621","63.80","64.20","61.30","62.50","-1.5000","7247"
"2482","連宇","2669808","113215653","43.45","43.80","41.30","41.45","-1.9000","2106"
"2483","百容","413079","11173508","27.60","27.60","26.80","26.80","-0.5000","422"
"2484","希華","1751063","57932136","32.70","33.70","32.70","32.80","0.2000","1049"
"2485","兆赫","2957555","66201972","22.50","22.90","22.10","22.15","-0.0500","1750"
"2486","一詮","26261499","3733481905","141.00","146.00","137.50","141.00","-2.5000","13713"
"2488","漢平","320289","15226378","47.40","47.75","47.35","47.60","0.5000","239"
"2489","瑞軒","17557814","366375509","21.40","21.50","20.50","20.60","-0.3000","8742"
"2491","吉祥全","379394","6123660","16.30","16.50","15.90","16.10","0.3000","213"
"2492","華新科","3264714","391479564","122.50","122.50","118.50","119.50","-2.0000","2345"
"2493","揚博","1081024","105969285","99.00","99.50","97.10","97.10","-1.4000","997"
"2495","普安","16239828","593925158","38.00","38.00","35.10","35.10","-3.1500","9136"
"2496","卓越","127436","9627603","74.10","76.30","74.10","75.70","1.6000","154"
"2497","怡利電","1135357","70753626","62.60","63.50","61.30","61.40","-0.3000","1073"
"2498","宏達電","7285466","349612747","48.85","48.85","47.35","47.50","-0.5000","5540"
"2501","國建","4981516","152218453","30.90","31.30","30.35","30.40","-0.5000","2254"
"2504","國產","3891967","174281976","45.40","45.40","44.40","44.90","-0.4500","2313"
"2505","國揚","757673","21098988","27.95","28.15","27.55","27.70","-0.1500","434"
"2506","太設","1304261","15446225","11.95","12.10","11.75","11.75","-0.1000","516"
"2509","全坤建","575038","13221687","23.25","23.50","22.85","22.95","-0.2500","518"
"2511","太子","2262802","27449807","12.15","12.30","12.05","12.05","-0.1000","727"
"2514","龍邦","1157543","29534669","25.95","26.20","25.20","25.50","-0.2500","905"
"2515","中工","15953739","238523135","15.10","15.25","14.75","14.85","-0.2000","4612"
"2516","新建","1281777","16509067","13.00","13.30","12.70","12.75","-0.1000","467"
"2520","冠德","3328631","190146849","57.70","58.20","56.70","56.70","-1.0000","2719"
"2524","京城","690369","38216370","55.00","56.90","54.30","54.30","0.1000","462"
"2527","宏璟","1000787","45198145","45.80","46.50","44.65","44.80","-1.0000","939"
"2528","皇普","491941","22622408","45.90","46.35","45.85","45.90","0.0000","315"
"2530","華建","3558374","180679133","49.60","51.30","49.40","51.10","1.8500","1997"
"2534","宏盛","3868599","99551176","26.00","26.15","25.50","25.90","0.0000","946"
"2535","達欣工","445076","25458429","57.30","57.90","56.70","56.90","-0.1000","1152"
"2536","宏普","535327","18232256","34.30","34.50","33.80","33.95","-0.1000","231"
"2537","聯上發","4417552","90570022","20.90","21.35","20.20","20.20","-0.6500","2076"
"2538","基泰","7785807","137822628","18.40","18.60","17.30","17.30","-1.1000","1859"
"2539","櫻花建","990056","76454614","76.70","77.80","76.40","77.00","0.3000","702"
"2540","愛山林","1927001","378114856","200.50","203.50","191.50","191.50","-12.0000","2642"
"2542","興富發","11029623","618063629","55.30","57.40","55.20","55.50","0.2000","12449"
"2543","皇昌","18468799","1111406152","62.50","62.90","58.20","60.40","-1.6000","12147"
"2545","皇翔","960056","55948107","58.40","59.30","57.50","58.50","0.1000","670"
"2546","根基","134293","12622344","94.60","94.90","93.40","93.60","-1.0000","485"
"2547","日勝生","2075406","22292045","10.85","10.90","10.65","10.65","-0.1000","776"
"2548","華固","1752315","246527892","139.50","143.50","139.00","140.00","1.5000","1555"
"2597","潤弘","329355","56614784","172.50","175.00","170.50","171.00","-0.5000","621"
"2601","益航","2813445","23119286","8.30","8.32","8.13","8.13","-0.1700","1239"
"2603","長榮","58656319","10223842240","177.00","178.00","170.50","175.50","-8.5000","45188"
"2605","新興","17032257","493408435","30.30","30.35","28.20","28.40","-2.4000","9022"
"2606","裕民","14792881","812493745","56.30","56.30","54.20","54.80","-2.2000","7919"
"2607","榮運","4175326","132277637","31.90","31.90","31.50","31.60","-0.3500","1991"
"2608","嘉里大榮","390124","15782359","40.85","40.85","40.25","40.30","-0.5500","394"
"2609","陽明","100848530","6816532025","68.90","69.20","66.00","67.50","-4.8000","56655"
"2610","華航","46949303","1136304152","24.25","24.55","23.80","24.30","0.0500","13846"
"2611","志信","6813920","187631169","28.35","28.40","27.00","27.25","-1.5000","3561"
"2612","中航","1606924","74053085","47.50","47.50","45.60","45.60","-2.3500","1017"
"2613","中櫃","2067492","79180527","39.15","39.25","37.55","38.45","-1.3500","1497"
"2614","東森","3312970","72000542","21.45","22.15","21.40","21.50","0.1500","2258"
"2615","萬海","60419176","4679444338","77.60","79.20","75.50","78.00","-5.7000","34275"
"2616","山隆","177141","4332349","24.45","24.50","24.40","24.40","-0.0500","325"
"2617","台航","2682710","100076249","38.00","38.00","37.05","37.10","-0.9000","1658"
"2618","長榮航","130290741","4646377927","35.55","36.20","35.35","35.40","0.0000","49315"
"2630","亞航","1372788","52432158","38.40","38.80","37.90","37.95","-0.3000","927"
"2633","台灣高鐵","3546351","108747356","30.70","30.80","30.55","30.75","0.0500","1423"
"2634","漢翔","7566003","406618894","54.20","54.50","53.30","53.60","-0.4000","4316"
"2636","台驊投控","1652639","154218254","95.50","95.50","92.00","93.10","-3.3000","2442"
"2637","慧洋-KY","7348174","497852496","69.60","69.60","66.60","67.90","-2.7000","5147"
"2642","宅配通","222279","8336118","37.20","38.00","37.05","37.85","0.6000","945"
"2645","長榮航太","1152784","129776328","113.50","114.00","112.00","112.00","-1.0000","1434"
"2701","萬企","183861","2446610","13.40","13.40","13.25","13.30","-0.1000","96"
"2702","華園","72992","1454625","19.85","20.25","19.85","19.90","0.0500","272"
"2704","國賓","377363","26804938","72.70","72.70","70.50","70.70","-2.0000","311"
"2705","六福","514182","10365601","20.25","20.40","20.05","20.10","-0.1500","390"
"2706","第一店","158857","2500338","15.90","15.90","15.65","15.70","-0.1000","185"
"2707","晶華","232439","48482535","210.00","211.50","208.00","208.00","-1.5000","452"
"2712","遠雄來","15317","459135","30.00","30.30","29.90","29.90","-0.0500","19"
"2722","夏都","295371","16378885","56.00","56.00","55.00","55.50","-0.4000","249"
"2723","美食-KY","518415","44579683","87.00","87.00","85.60","85.60","-0.9000","549"
"2727","王品","739252","161758579","221.00","221.50","217.50","219.00","-2.0000","1809"
"2731","雄獅","895811","134879534","152.50","153.00","149.00","150.00","-1.5000","995"
"2739","寒舍","949393","58187546","61.50","63.10","60.00","62.90","1.4000","819"
"2748","雲品","357328","24047224","67.90","68.00","67.10","67.10","-0.7000","487"
"2753","八方雲集","71452","11622064","163.00","163.00","162.50","162.50","-0.5000","159"
"2762","世界健身-KY","210201","18793219","89.90","90.00","89.10","89.10","-0.9000","464"
"2801","彰銀","20197769","380237673","18.80","18.90","18.75","18.80","0.0000","4185"
"2809","京城銀","2674282","166811651","62.60","63.00","61.90","62.30","-0.1000","1731"
"2812","台中銀","11155469","210355998","18.65","19.00","18.60","19.00","0.4000","3610"
"2816","旺旺保","574203","20431647","35.40","35.80","35.25","35.75","0.4500","354"
"2820","華票","2154776","32746759","15.15","15.30","15.10","15.30","0.2000","715"
"2832","台產","157898","4334854","27.55","27.55","27.35","27.50","-0.0500","141"
"2834","臺企銀","29266200","561949432","19.00","19.30","19.00","19.20","0.2000","7376"
"2836","高雄銀","7416086","95325646","12.80","12.95","12.75","12.85","0.1000","1499"
"2836A","高雄銀甲特","19100","411655","21.50","21.60","21.50","21.60","0.1000","17"
"2838","聯邦銀","2696867","44740511","16.45","16.70","16.45","16.70","0.3000","734"
"2838A","聯邦銀甲特","256636","13214876","51.50","51.50","51.40","51.50","0.0000","85"
"2845","遠東銀","5574629","96480369","17.20","17.45","17.10","17.40","0.2000","2740"
"2849","安泰銀","159855","2454048","15.55","15.55","15.25","15.35","-0.2000","130"
"2850","新產","684326","62600921","92.00","92.20","90.70","91.70","-0.4000","831"
"2851","中再保","2398047","61657405","25.85","25.85","25.65","25.65","-0.1500","787"
"2852","第一保","397124","9738721","24.75","24.75","24.40","24.45","-0.2000","258"
"2855","統一證","6826029","206455614","30.15","30.65","29.90","30.20","0.5000","2456"
"2867","三商壽","18017090","135549923","7.60","7.63","7.47","7.49","-0.1100","3952"
"2880","華南金","17599707","482028175","27.10","27.50","27.00","27.50","0.4500","6383"
"2881","富邦金","23444301","2008934294","85.10","86.10","84.50","86.00","1.1000","11997"
"2881A","富邦特","72468","4597838","63.40","63.50","63.40","63.40","0.0000","55"
"2881B","富邦金乙特","112052","6651792","59.40","59.60","59.30","59.40","-0.1000","81"
"2881C","富邦金丙特","103082","5498336","53.50","53.60","53.20","53.40","-0.1000","125"
"2882","國泰金","41516180","2570559110","61.50","62.40","61.00","62.30","1.0000","14774"
"2882A","國泰特","284133","17132480","60.30","60.30","60.20","60.30","0.1000","30"
"2882B","國泰金乙特","78866","4539591","57.70","57.80","57.50","57.80","0.0000","30"
"2883","開發金","48723892","784234675","16.05","16.25","15.90","16.10","0.1000","11279"
"2883B","開發金乙特","1568023","11501684","7.35","7.35","7.32","7.35","0.0000","292"
"2884","玉山金","20612933","602054644","29.20","29.30","29.00","29.25","0.0000","8565"
"2885","元大金","15836333","524804629","33.00","33.35","32.80","33.20","0.2000","6443"
"2886","兆豐金","15947072","671239539","42.10","42.40","41.90","42.10","0.0000","10880"
"2887","台新金","23423015","454861357","19.25","19.50","19.25","19.50","0.2500","6591"
"2887E","台新戊特","81465","4152819","51.00","51.00","50.90","50.90","-0.1000","45"
"2887F","台新戊特二","67170","3072709","45.75","45.75","45.70","45.70","-0.0500","32"
"2887Z1","台新己特","102283","1645011","16.10","16.10","16.05","16.10","0.0000","37"
"2888","新光金","129404424","1313776875","10.10","10.25","10.00","10.20","0.0500","15135"
"2888A","新光金甲特","611145","18733652","30.40","30.80","30.40","30.70","0.3500","75"
"2888B","新光金乙特","141281","4362114","30.70","30.95","30.70","30.90","0.2000","68"
"2889","國票金","20934117","358110783","16.95","17.20","16.90","17.15","0.2000","4567"
"2890","永豐金","13939877","369740680","26.40","26.70","26.15","26.70","0.3000","4965"
"2891","中信金","77825323","3119700115","40.05","40.25","39.85","40.10","0.0500","15701"
"2891B","中信金乙特","29462","1789325","60.70","60.90","60.70","60.90","0.2000","59"
"2891C","中信金丙特","5637","330216","58.60","58.70","58.40","58.70","0.0000","37"
"2892","第一金","9349322","267796682","28.60","28.70","28.55","28.65","0.0500","4031"
"2897","王道銀行","10140871","109905126","10.75","10.90","10.70","10.90","0.2000","1540"
"2897A","王道銀甲特","779869","8324652","10.60","10.70","10.60","10.70","0.1000","98"
"2901","欣欣","10746","296840","27.75","27.75","27.45","27.55","-0.2000","47"
"2903","遠百","2379245","82920565","34.80","35.10","34.70","34.70","0.0000","1710"
"2904","匯僑","94498","1806128","19.25","19.25","19.05","19.15","-0.0500","80"
"2905","三商","1238356","20979469","17.15","17.30","16.75","16.80","-0.3000","774"
"2906","高林","2832214","65118601","23.70","23.85","21.70","22.30","-1.0500","1439"
"2908","特力","242283","5026854","20.90","20.90","20.70","20.70","-0.0500","65"
"2910","統領","21152","575064","27.20","27.45","27.10","27.15","-0.3000","18"
"2911","麗嬰房","1733804","14458216","8.70","8.70","8.06","8.23","-0.2400","1457"
"2912","統一超","1053222","294290755","277.50","280.00","277.50","280.00","1.0000","1653"
"2913","農林","4921835","113155878","23.30","23.45","22.70","22.90","-0.2000","2198"
"2915","潤泰全","3210319","228364451","71.50","71.80","70.80","71.00","0.1000","2825"
"2923","鼎固-KY","19552","618797","32.20","32.20","31.40","31.40","-0.5000","28"
"2929","淘帝-KY","2993930","31130954","9.71","10.60","9.71","10.60","0.9600","1263"
"2939","凱羿-KY","57006","1382908","24.15","24.50","24.00","24.45","0.3500","54"
"2945","三商家購","48105","2120562","44.40","44.60","43.85","44.20","0.3500","38"
"3002","歐格","538750","9029300","17.10","17.35","16.40","16.55","-0.4500","376"
"3003","健和興","756811","58286570","77.00","77.80","76.40","77.10","1.0000","1273"
"3004","豐達科","251430","25665102","103.00","103.50","101.50","101.50","-1.0000","277"
"3005","神基","8361731","962403389","117.00","117.50","114.00","114.00","-3.0000","5561"
"3006","晶豪科","7798850","801529043","102.50","106.00","99.40","103.50","2.5000","5732"
"3008","大立光","2680295","8170917750","2965.00","3110.00","2935.00","3030.00","135.0000","10443"
"3010","華立","4286807","614514074","147.50","147.50","141.50","142.50","-5.5000","3570"
"3011","今皓","821071","23414076","28.95","28.95","28.20","28.30","-0.6500","439"
"3013","晟銘電","6420759","574519669","90.50","91.50","88.10","88.20","-1.8000","4716"
"3014","聯陽","1534295","271999385","180.00","180.00","175.50","176.50","-3.0000","1503"
"3015","全漢","393903","24129973","62.40","62.40","61.00","61.20","-1.0000","537"
"3016","嘉晶","3240294","224432420","71.80","71.80","68.10","68.30","-3.4000","4253"
"3017","奇鋐","10919573","8181488137","773.00","776.00","735.00","745.00","-19.0000","16928"
"3018","隆銘綠能","194923","4798961","24.10","24.80","24.10","24.80","0.8000","242"
"3019","亞光","21130299","1673392140","80.90","82.70","76.70","79.00","3.0000","12871"
"3021","鴻名","335945","8981339","27.20","27.25","26.50","26.50","-0.4000","488"
"3022","威強電","771265","64990487","84.60","85.10","83.70","83.90","-0.6000","926"
"3023","信邦","1050285","312979258","291.00","300.50","291.00","300.00","9.5000","1403"
"3024","憶聲","3260085","73459861","22.40","23.20","22.20","22.25","-0.1500","1360"
"3025","星通","3655463","262783267","74.90","74.90","70.40","71.40","-2.6000","3019"
"3026","禾伸堂","364018","34022260","93.60","93.90","93.00","93.90","0.0000","373"
"3027","盛達","1074998","44475680","42.20","42.40","41.05","41.10","-1.0000","724"
"3028","增你強","616015","22106553","36.00","36.05","35.75","35.80","-0.1000","417"
"3029","零壹","1930281","202843037","106.00","107.50","103.00","105.50","-0.5000","2248"
"3030","德律","4280107","712664600","175.50","176.50","162.50","164.00","-8.0000","3914"
"3031","佰鴻","688889","16074208","23.60","23.65","23.10","23.15","-0.1000","443"
"3032","偉訓","514899","37499562","73.70","73.80","72.50","72.50","-1.1000","457"
"3033","威健","34773011","1411610595","41.15","42.15","39.25","39.70","1.1500","17125"
"3034","聯詠","4431437","2717192901","616.00","620.00","610.00","612.00","-6.0000","6343"
"3035","智原","9601639","3306568305","354.50","355.00","337.50","343.50","-7.5000","10154"
"3036","文曄","3055981","361758651","119.50","120.00","117.50","119.00","-0.5000","2648"
"3036A","文曄甲特","75003","3542341","47.30","47.30","47.20","47.25","0.0000","39"
"3037","欣興","8232071","1484946967","179.50","181.50","178.00","181.00","2.5000","6534"
"3038","全台","660735","20182583","30.90","31.00","30.40","30.50","-0.4000","671"
"3040","遠見","152950","5111874","33.65","33.70","33.20","33.20","-0.4500","384"
"3041","揚智","1425363","32989850","23.70","23.90","22.90","22.90","-0.6500","1003"
"3042","晶技","3904142","446834755","117.00","117.50","113.00","113.00","-3.0000","3213"
"3043","科風","372129","13786239","38.00","38.00","36.60","36.80","-0.5500","414"
"3044","健鼎","5727761","1243339584","225.50","225.50","215.00","215.00","-10.0000","5092"
"3045","台灣大","33784196","3498704368","105.00","106.50","102.00","102.50","0.0000","15485"
"3046","建碁","220117","13823272","63.90","64.00","62.30","62.60","-1.2000","348"
"3047","訊舟","32509177","1391979885","42.85","43.10","41.60","43.10","3.9000","9946"
"3048","益登","31101105","1561053387","53.20","53.90","47.55","49.85","-2.6500","18813"
"3049","精金","7055418","67049065","9.50","9.63","9.32","9.53","0.1200","2235"
"3050","鈺德","26404692","719838049","25.90","27.55","25.25","27.55","2.5000","6584"
"3051","力特","916593","29288436","32.30","32.55","31.75","31.75","-0.5000","673"
"3052","夆典","1036327","13823974","13.35","13.40","13.25","13.25","-0.1000","266"
"3054","立萬利","4012","82496","20.55","20.60","20.55","20.60","0.0000","5"
"3055","蔚華科","4845452","451795488","98.00","98.00","91.00","91.00","-5.9000","4585"
"3056","富華新","3446946","123650100","35.30","36.70","35.15","35.20","-0.1000","4943"
"3057","喬鼎","2260641","37349217","17.50","17.50","16.10","16.15","-1.2500","1503"
"3058","立德","2064150","41356726","20.30","20.40","19.95","19.95","-0.4000","1475"
"3059","華晶科","20581994","904449187","42.95","45.50","42.65","43.05","1.1500","12609"
"3060","銘異","5650012","186258263","34.80","34.80","32.00","32.55","-1.8000","3331"
"3062","建漢","66593681","2224787251","31.55","34.45","31.30","33.60","2.2500","27684"
"3090","日電貿","900345","57748693","65.10","65.60","63.60","63.70","-1.4000","1143"
"3092","鴻碩","342322","11218678","33.10","33.50","32.45","32.60","-0.7500","431"
"3094","聯傑","13745519","512665650","34.80","38.55","34.20","38.55","3.5000","7336"
"3130","一零四","135348","32742110","238.00","244.50","238.00","243.00","5.5000","343"
"3138","耀登","262481","33680405","130.00","131.00","127.00","127.00","-1.5000","317"
"3149","正達","3420940","108295416","32.00","32.75","31.00","31.75","-0.2500","2487"
"3150","鈺寶-創","115399","4945067","41.95","43.50","41.95","43.15","1.2000","57"
"3164","景岳","102956","2473892","24.15","24.20","23.95","24.05","0.1500","226"
"3167","大量","3149932","229289867","75.70","77.70","69.70","69.70","-4.4000","2476"
"3168","眾福科","129772","7628312","59.30","59.40","58.50","59.00","-0.5000","166"
"3189","景碩","9163444","864975872","93.10","95.80","92.90","94.40","1.7000","6435"
"3209","全科","1915036","72581778","38.00","38.40","37.50","37.90","0.2500","1505"
"3229","晟鈦","2700675","93636983","34.20","35.35","33.00","35.35","3.2000","1604"
"3231","緯創","38200500","4235612151","109.50","112.00","109.00","111.00","2.0000","21279"
"3257","虹冠電","525325","31141078","60.30","60.50","58.60","58.90","-2.3000","608"
"3266","昇陽","515991","13185071","25.60","26.35","25.15","25.25","-0.4500","380"
"3296","勝德","2850105","86776925","32.05","32.05","29.60","29.60","-2.4500","2079"
"3305","昇貿","2020553","160021785","79.70","80.80","78.10","78.50","-0.6000","1822"
"3308","聯德","270540","7853303","29.40","29.40","28.85","28.95","-0.4000","394"
"3311","閎暉","211502","8576353","40.20","40.90","40.20","40.55","0.4500","213"
"3312","弘憶股","20189601","1848705348","93.10","95.90","88.00","90.00","-3.1000","15502"
"3321","同泰","1837002","43532660","24.70","24.70","23.10","23.55","-0.7500","1294"
"3338","泰碩","6473516","569058909","90.50","91.20","86.20","87.40","-2.9000","8550"
"3346","麗清","918094","39569871","43.40","43.60","42.85","43.00","-0.4000","911"
"3356","奇偶","4690583","351241847","75.00","76.40","73.70","73.70","0.6000","4081"
"3376","新日興","5645492","1201354258","219.00","220.00","210.00","214.00","-4.5000","5359"
"3380","明泰","2007291","72233018","36.40","36.45","35.75","35.80","-0.5000","1148"
"3406","玉晶光","2668366","1637080579","615.00","620.00","604.00","615.00","4.0000","3650"
"3413","京鼎","3202887","1248238322","398.50","399.00","376.00","396.50","-1.0000","3668"
"3416","融程電","445652","66309220","151.00","151.00","147.00","149.50","-2.5000","491"
"3419","譁裕","2240779","45544449","20.20","20.75","20.05","20.05","0.1000","1233"
"3432","台端","414335","11855512","28.85","29.05","28.30","28.30","-0.7000","424"
"3437","榮創","1245399","35575014","29.40","29.40","28.15","28.45","-0.3500","940"
"3443","創意","2876461","4491262140","1595.00","1600.00","1540.00","1550.00","-50.0000","9289"
"3447","展達","141926","4975748","35.30","35.55","34.80","34.95","0.3000","124"
"3450","聯鈞","31628512","4258515960","143.50","144.00","129.50","134.00","-9.5000","19702"
"3454","晶睿","256916","35437736","141.50","141.50","137.00","137.00","-3.0000","647"
"3481","群創","183653433","2788367186","15.10","15.40","14.85","15.10","0.0000","32219"
"3494","誠研","325671","2284628","7.03","7.03","7.00","7.03","0.0000","81"
"3501","維熹","660955","51039159","78.50","78.60","76.70","76.70","-1.9000","744"
"3504","揚明光","543517","34255009","63.50","64.00","62.30","63.00","-0.4000","628"
"3515","華擎","395843","91770083","230.00","234.00","230.00","231.50","2.5000","502"
"3518","柏騰","386623","11796400","31.35","31.35","30.25","30.45","-0.7500","293"
"3528","安馳","84578","4307678","51.00","51.30","50.50","51.00","0.1000","91"
"3530","晶相光","489439","49756810","104.50","104.50","100.00","100.50","-4.0000","528"
"3532","台勝科","1438941","265115664","184.00","188.50","182.00","182.00","-3.0000","2134"
"3533","嘉澤","472882","738817675","1580.00","1590.00","1545.00","1560.00","-20.0000","2714"
"3535","晶彩科","38596152","2392644852","65.30","65.30","59.00","59.80","0.4000","20971"
"3543","州巧","139351","3173241","22.90","22.90","22.65","22.70","-0.2000","103"
"3545","敦泰","2075633","182484525","88.50","88.70","87.30","87.30","-0.2000","2319"
"3550","聯穎","246506","3986536","16.35","16.45","16.00","16.05","-0.1500","146"
"3557","嘉威","270181","20683212","76.00","77.50","75.80","76.90","1.0000","422"
"3563","牧德","1384056","538846773","403.50","403.50","384.00","384.00","-19.5000","2386"
"3576","聯合再生","25289874","371786205","15.00","15.00","14.50","14.70","-0.1500","9405"
"3583","辛耘","12389962","5527059434","460.50","472.00","422.00","443.00","-8.5000","13317"
"3588","通嘉","937220","86268998","94.10","94.10","90.70","91.60","-1.9000","1139"
"3591","艾笛森","2561984","79885644","31.85","31.85","30.80","31.10","-0.7500","1642"
"3592","瑞鼎","449260","179785047","404.00","405.50","398.50","398.50","-5.0000","844"
"3593","力銘","583820","9545427","16.35","16.35","16.35","16.35","1.4500","298"
"3596","智易","2377304","395191776","164.00","167.00","164.00","166.00","1.5000","2333"
"3605","宏致","1723880","82899489","50.00","50.00","47.30","48.00","-1.9000","1354"
"3607","谷崧","3255257","66581780","20.30","20.90","19.90","20.15","0.3000","1520"
"3617","碩天","744466","215522858","293.00","294.00","286.50","287.50","-5.0000","3982"
"3622","洋華","3298610","251954340","78.00","78.50","75.10","75.60","-1.9000","2455"
"3645","達邁","1966126","90592072","46.00","47.00","45.00","45.00","-0.6500","1710"
"3652","精聯","1017891","48066830","49.80","49.80","46.00","46.00","-3.2000","763"
"3653","健策","744258","967810895","1320.00","1325.00","1270.00","1320.00","0.0000","1346"
"3661","世芯-KY","2359122","5820451740","2515.00","2520.00","2430.00","2490.00","-35.0000","12882"
"3665","貿聯-KY","3696901","1410124189","380.50","387.00","373.00","383.50","-1.5000","3441"
"3669","圓展","3712083","213124746","60.20","60.60","55.00","55.10","-5.4000","2739"
"3673","TPK-KY","23958142","1162512691","46.25","49.05","46.00","49.05","4.4500","9355"
"3679","新至陞","166957","21480484","130.50","131.00","127.50","128.00","-2.5000","272"
"3686","達能","1535712","45625386","30.85","30.85","29.10","29.35","-0.7000","1255"
"3694","海華","2096336","109140648","52.60","53.60","50.80","51.40","-0.8000","1797"
"3701","大眾控","372046","19388795","53.00","53.10","51.60","51.70","-0.7000","356"
"3702","大聯大","4217491","384723619","92.30","92.60","90.30","91.20","-1.4000","6243"
"3702A","大聯大甲特","190539","9317611","48.90","48.95","48.85","48.85","-0.0500","67"
"3703","欣陸","8002033","274585557","35.50","35.75","33.50","33.50","-2.2500","5913"
"3704","合勤控","1114477","44522569","40.00","40.25","39.75","40.15","0.0000","831"
"3705","永信","383394","20058266","52.30","52.70","52.00","52.00","-0.3000","279"
"3706","神達","6446362","293767219","46.00","46.15","45.25","45.40","-0.5000","4808"
"3708","上緯投控","4834275","706007250","151.00","151.50","142.50","142.50","-10.5000","7087"
"3711","日月光投控","10165520","1746442988","168.50","173.00","167.50","172.50","4.0000","7742"
"3712","永崴投控","3547416","199656838","57.30","57.70","55.50","56.10","-0.9000","2648"
"3714","富采","2562402","117744879","46.40","46.40","45.65","46.20","-0.1000","2528"
"3715","定穎投控","4397742","281800950","65.40","65.50","63.50","63.60","-1.3000","3732"
"4104","佳醫","121066","10894024","90.00","90.20","89.80","90.00","0.0000","283"
"4106","雃博","222968","6445768","29.00","29.10","28.70","29.10","0.0000","343"
"4108","懷特","656793","13458318","20.30","20.75","20.30","20.70","0.4500","503"
"4119","旭富","157444","14345511","91.20","91.50","91.00","91.30","0.0000","194"
"4133","亞諾法","296806","10033429","34.00","34.05","33.60","33.90","-0.1500","341"
"4137","麗豐-KY","152681","23818410","156.50","157.00","155.50","155.50","-2.0000","220"
"4142","國光生","2149726","62489735","28.90","29.25","28.60","29.05","0.6000","1050"
"4148","全宇生技-KY","51250","2550093","50.00","50.60","49.40","49.40","-1.1000","72"
"4155","訊映","387686","9986519","25.60","26.00","25.60","25.70","0.1500","531"
"4164","承業醫","393668","20624462","52.30","52.60","52.20","52.60","0.3000","316"
"4190","佐登-KY","56425","2915601","52.30","52.30","51.20","51.70","-0.6000","99"
"4306","炎洲","8045883","176981526","21.85","22.25","21.75","21.80","0.1500","3013"
"4414","如興","2655644","7680670","2.94","2.94","2.86","2.91","-0.0200","289"
"4426","利勤","133185","2182070","16.50","16.55","16.30","16.35","-0.2000","116"
"4438","廣越","107560","12278000","114.50","115.00","113.50","114.00","-0.5000","98"
"4439","冠星-KY","33900","3740349","110.50","111.50","110.00","110.00","-0.5000","24"
"4440","宜新實業","144627","3924581","27.45","27.45","26.90","26.90","-0.3500","99"
"4526","東台","8399078","292983351","36.90","36.90","33.05","34.00","-1.6500","5334"
"4532","瑞智","4415285","132821689","30.90","30.90","29.60","29.70","-0.9500","2571"
"4536","拓凱","515521","100980736","200.00","200.00","194.00","194.00","-5.5000","9575"
"4540","全球傳動","2563596","95035402","37.30","38.50","36.10","36.45","-0.6500","2739"
"4545","銘鈺","3714284","236787619","69.20","70.00","60.10","61.60","-4.8000","2655"
"4551","智伸科","233213","24864687","110.00","110.00","105.50","105.50","-4.5000","289"
"4552","力達-KY","288036","8259106","28.60","28.80","28.55","28.80","0.3000","199"
"4555","氣立","180219","10915764","61.80","61.80","59.70","60.10","-1.9000","187"
"4557","永新-KY","91679","10320341","114.00","114.00","112.00","112.00","-2.5000","118"
"4560","強信-KY","46850","1739825","37.20","37.20","37.05","37.20","0.0000","20"
"4562","穎漢","40574807","3049875317","77.10","80.10","70.00","72.10","-0.8000","24140"
"4564","元翎","2181619","54493675","24.40","25.20","24.40","25.00","0.6000","1256"
"4566","時碩工業","6718210","598025534","90.70","90.90","87.50","88.90","-2.1000","4698"
"4569","六方科-KY","48500","4899500","101.00","102.50","100.00","100.50","0.0000","42"
"4571","鈞興-KY","1196697","163632960","133.50","140.00","132.00","137.50","4.5000","1126"
"4572","駐龍","240274","39325548","165.00","165.50","161.50","161.50","-1.5000","299"
"4576","大銀微系統","834443","67274472","80.80","82.60","79.00","79.90","-0.5000","722"
"4581","光隆精密-KY","23032","1458641","63.70","64.30","63.00","63.00","-0.2000","23"
"4583","台灣精銳","96205","27731469","293.00","295.00","285.00","288.00","-3.5000","1534"
"4588","玖鼎電力","667316","78825655","121.50","122.00","116.00","118.50","-3.0000","700"
"4720","德淵","2951488","68610031","24.10","24.10","23.00","23.05","-1.3500","1478"
"4722","國精化","482820","24945037","51.20","52.50","51.00","51.80","-0.7000","474"
"4736","泰博","138013","23214727","169.50","169.50","167.00","169.00","1.0000","204"
"4737","華廣","37262","2585681","69.90","69.90","69.30","69.40","0.1000","34"
"4739","康普","1137420","83892350","73.80","75.10","72.90","73.00","0.1000","1199"
"4746","台耀","1588393","165700257","106.00","106.00","103.00","103.00","-1.5000","1286"
"4755","三福化","1513141","230551457","150.00","158.00","146.50","153.00","6.5000","1432"
"4763","材料-KY","1854847","1660035865","910.00","913.00","888.00","889.00","-18.0000","4525"
"4764","雙鍵","10604","471448","44.25","44.70","44.20","44.30","0.0500","20"
"4766","南寶","478061","164632055","349.00","352.00","341.50","342.50","-6.0000","610"
"4770","上品","338445","139541643","414.00","418.00","410.00","412.00","-2.0000","525"
"4771","望隼","219982","61280214","279.00","282.50","276.50","279.50","0.5000","304"
"4807","日成-KY","8046","141065","17.75","17.75","17.40","17.55","0.0500","15"
"4904","遠傳","25927145","2310682139","89.00","91.90","86.10","90.50","-0.5000","45171"
"4906","正文","28587208","1171619291","40.30","41.95","40.00","41.00","1.2000","14491"
"4912","聯德控股-KY","300776","37062180","124.00","125.00","121.50","122.00","-1.0000","242"
"4915","致伸","2056891","182561394","90.00","90.00","88.00","88.70","-1.3000","2453"
"4916","事欣科","4893409","163181383","31.60","34.30","31.60","33.00","1.5500","2906"
"4919","新唐","5108894","636361625","127.50","127.50","124.00","124.00","-4.5000","3925"
"4927","泰鼎-KY","719298","28392307","39.05","39.75","39.00","39.75","0.7000","458"
"4930","燦星網","100726","3390387","33.80","33.90","33.55","33.55","-0.2000","140"
"4934","太極","1885162","46100567","25.30","25.35","24.15","24.15","-1.1500","1205"
"4935","茂林-KY","191047","12221826","64.60","64.70","63.50","63.60","-1.5000","218"
"4938","和碩","9285060","982054830","103.50","107.00","103.50","106.00","2.5000","5296"
"4942","嘉彰","363993","17379618","47.85","48.05","47.35","47.45","-0.3500","293"
"4943","康控-KY","38952","802736","20.80","20.80","20.55","20.65","-0.0500","41"
"4949","有成精密","333608","10276704","30.90","31.30","30.45","31.00","0.0500","317"
"4952","凌通","958784","63325157","67.60","67.60","65.00","66.00","-1.2000","1334"
"4956","光鋐","3352622","89529775","27.05","27.35","26.40","26.40","-0.7500","1744"
"4958","臻鼎-KY","29124268","4146435916","143.00","146.00","138.50","140.50","-0.5000","12943"
"4960","誠美材","38228641","643535631","16.45","17.45","15.65","17.45","1.5500","10649"
"4961","天鈺","3172516","828534491","269.50","269.50","258.00","258.00","-9.0000","3709"
"4967","十銓","10480701","1563427523","152.50","152.50","146.50","147.50","-3.0000","11628"
"4968","立積","9335063","2183650599","245.00","245.00","229.00","230.50","-12.5000","9536"
"4976","佳凌","15298388","891461096","59.30","60.20","55.60","60.00","2.1000","9361"
"4977","眾達-KY","1065704","86542999","82.00","82.50","80.40","80.90","-1.3000","1559"
"4989","榮科","344250","8828817","25.60","25.80","25.40","25.60","0.3000","734"
"4994","傳奇","888023","96354797","111.00","112.00","107.00","107.50","-7.5000","777"
"4999","鑫禾","34370","1232035","36.05","36.05","35.70","35.75","0.0500","166"
"5007","三星","45641","2598207","57.00","57.00","56.70","56.80","-0.2000","30"
"5203","訊連","681666","75215181","111.50","113.00","107.00","107.50","-2.5000","1369"
"5215","科嘉-KY","331717","17994018","53.80","54.90","53.20","54.90","1.4000","283"
"5222","全訊","1120045","183804691","164.50","166.00","163.00","163.00","2.5000","1052"
"5225","東科-KY","5844074","734844199","118.00","129.50","118.00","129.50","11.5000","3936"
"5234","達興材料","2007822","301142214","154.00","154.50","147.00","149.50","-1.5000","1749"
"5243","乙盛-KY","5378872","363087061","69.60","69.60","65.50","67.40","-2.1000","3673"
"5244","弘凱","263646","12742651","49.20","49.50","47.60","48.00","-1.9000","278"
"5258","虹堡","1005947","133992612","135.50","136.00","132.00","132.50","-1.5000","722"
"5269","祥碩","1715740","3294182280","1975.00","2020.00","1880.00","1895.00","-80.0000","6054"
"5283","禾聯碩","540632","56348039","106.00","106.00","103.00","103.50","-2.0000","753"
"5284","jpp-KY","556386","72323802","132.50","134.00","128.00","129.50","-2.5000","517"
"5285","界霖","327765","22801535","69.70","70.50","69.10","69.30","-0.3000","236"
"5288","豐祥-KY","29127","5977537","204.00","206.00","204.00","205.00","0.0000","43"
"5292","華懋","401391","73899286","182.50","188.00","182.00","182.00","0.0000","532"
"5306","桂盟","123946","17100729","138.50","138.50","137.50","137.50","-2.0000","239"
"5388","中磊","4719971","559443551","119.50","122.00","116.00","118.50","-0.5000","3500"
"5434","崇越","887924","243776675","272.00","277.50","270.00","277.50","6.5000","1283"
"5469","瀚宇博","10183391","562303083","56.10","56.40","54.50","54.60","-1.5000","5386"
"5471","松翰","4366877","242548945","54.00","57.50","53.70","54.80","1.6000","2776"
"5484","慧友","738971","79069897","107.00","107.00","107.00","107.00","-11.5000","831"
"5515","建國","980775","22781045","23.45","23.65","23.05","23.15","-0.3000","549"
"5519","隆大","1870628","90680872","48.60","49.80","47.60","47.75","-0.5000","1616"
"5521","工信","4302100","53763931","12.60","12.75","12.30","12.45","-0.0500","1314"
"5522","遠雄","1497133","126452556","85.10","86.40","83.50","84.10","-0.8000","1624"
"5525","順天","87938","3285705","37.50","37.50","37.20","37.45","-0.1500","161"
"5531","鄉林","2278764","24906835","11.00","11.15","10.80","10.80","-0.1500","738"
"5533","皇鼎","2019703","46746635","23.30","23.60","22.85","22.85","0.0000","665"
"5534","長虹","1288666","146937451","116.00","116.50","112.00","115.00","-1.5000","998"
"5538","東明-KY","23733","725260","30.40","30.70","30.40","30.50","0.0000","29"
"5546","永固-KY","92232","2839865","30.90","31.05","30.60","30.60","-0.1500","64"
"5607","遠雄港","3130309","190960233","60.60","61.70","60.00","61.20","1.7000","2181"
"5608","四維航","6907057","142209702","21.10","21.15","20.30","20.55","-0.8000","3371"
"5706","鳳凰","1033363","71692053","70.90","71.00","68.80","69.00","-1.6000","1066"
"5871","中租-KY","4781633","753426286","157.00","158.50","156.00","158.50","1.5000","4024"
"5871A","中租-KY甲特","88912","8678938","97.70","97.70","97.60","97.60","0.0000","37"
"5876","上海商銀","8634836","397162306","46.05","46.10","45.80","46.00","-0.1500","4104"
"5880","合庫金","13123987","349111357","26.50","26.65","26.45","26.65","0.1000","6140"
"5906","台南-KY","6","368","","","","","0.0000","2"
"5907","大洋-KY","310531","3111935","9.84","10.20","9.84","9.96","0.1100","181"
"6005","群益證","7378588","185668158","25.15","25.40","24.95","25.25","0.1500","3009"
"6024","群益期","382329","22114378","58.00","58.30","57.50","57.50","-0.3000","385"
"6108","競國","902236","18783152","20.65","21.00","20.60","20.85","0.2500","418"
"6112","邁達特","997945","67839545","69.20","69.20","67.30","68.10","-0.5000","2061"
"6115","鎰勝","411533","22676013","55.50","55.60","54.80","55.10","-0.4000","414"
"6116","彩晶","7378184","74195298","10.15","10.15","10.00","10.05","-0.0500","2113"
"6117","迎廣","3439438","404380062","119.50","120.50","115.00","116.00","-2.5000","2810"
"6120","達運","3792056","61922904","16.60","16.60","16.20","16.20","-0.2000","1431"
"6128","上福","155378","5954553","38.55","38.55","38.15","38.15","-0.4000","171"
"6133","金橋","9254267","194316662","21.00","21.85","20.00","20.90","0.8000","4535"
"6136","富爾特","1020430","23642870","23.15","23.40","23.00","23.10","0.0000","434"
"6139","亞翔","7212853","1856184040","264.50","267.50","253.00","256.00","-7.0000","8036"
"6141","柏承","335789","6037944","18.30","18.35","17.60","18.05","0.1500","262"
"6142","友勁","2808263","34190541","12.15","12.45","11.90","12.10","-0.0500","1210"
"6152","百一","14158622","265528533","19.55","19.60","17.45","17.70","-0.1500","6897"
"6153","嘉聯益","47044583","1191653249","24.80","26.20","24.50","25.55","1.6000","21582"
"6155","鈞寶","824087","24197611","30.30","30.35","29.00","29.05","-1.0500","506"
"6164","華興","2745129","47769717","17.55","17.70","17.20","17.30","0.0000","1368"
"6165","浪凡","631913","24799319","39.55","40.60","38.50","38.75","-0.4500","411"
"6166","凌華","2633455","215560758","85.40","85.40","79.10","79.60","-4.7000","3222"
"6168","宏齊","2193527","54109774","24.70","24.95","24.30","24.55","-0.1000","734"
"6176","瑞儀","2476720","457526039","187.00","187.00","182.50","185.00","-1.5000","2043"
"6177","達麗","4052793","244320658","61.40","62.40","59.50","59.60","-1.8000","3138"
"6183","關貿","29289","2186609","74.90","75.20","74.40","74.40","-0.4000","81"
"6184","大豐電","51658","2754913","53.50","53.50","53.20","53.40","-0.1000","84"
"6189","豐藝","16803327","1625956253","101.50","102.00","93.80","94.60","-8.4000","13382"
"6191","精成科","5580795","409758152","75.10","75.10","72.10","72.10","-2.7000","2984"
"6192","巨路","170457","21814022","129.50","129.50","127.00","127.50","-1.5000","215"
"6196","帆宣","1467836","257857823","179.00","179.50","173.00","175.00","-2.0000","3648"
"6197","佳必琪","8534084","1489270950","185.00","185.00","169.50","170.00","-16.0000","8305"
"6201","亞弘電","107108","6964806","64.20","65.40","64.20","65.20","1.0000","121"
"6202","盛群","4908103","314939867","64.40","65.00","63.70","63.90","0.1000","4812"
"6205","詮欣","612568","47599986","78.50","78.60","77.10","77.60","-1.3000","447"
"6206","飛捷","586682","58631462","102.00","102.00","99.10","99.10","-2.4000","767"
"6209","今國光","3868402","124467894","32.70","33.10","31.65","32.00","-0.5000","2394"
"6213","聯茂","23769564","2945753464","128.00","128.50","121.50","121.50","-13.5000","17613"
"6214","精誠","757177","92218329","123.00","123.00","121.00","121.50","-1.0000","812"
"6215","和椿","12426437","830675628","67.70","70.00","64.00","64.60","-1.6000","8384"
"6216","居易","2358711","118914014","52.20","52.20","49.30","50.00","-1.0000","1880"
"6224","聚鼎","308714","16866585","55.10","55.20","54.10","54.40","-0.3000","329"
"6225","天瀚","12309","197571","16.15","16.15","16.05","16.05","0.0000","9"
"6226","光鼎","1902558","22773234","11.80","12.30","11.70","12.00","0.3000","761"
"6230","尼得科超眾","430829","137768466","324.00","324.00","317.00","317.00","-7.0000","582"
"6235","華孚","1710432","157627160","92.70","93.90","91.30","91.40","-1.1000","1537"
"6239","力成","6132009","1213859469","194.50","201.00","192.00","198.00","2.5000","11602"
"6243","迅杰","263521","15560922","60.60","60.60","58.40","58.90","-1.7000","518"
"6257","矽格","6075544","481565248","78.70","80.40","77.60","79.40","1.0000","4056"
"6269","台郡","7447963","673148935","92.50","92.60","89.50","89.50","-2.5000","5290"
"6271","同欣電","1780901","272481411","156.00","156.50","152.00","152.00","-3.0000","2250"
"6277","宏正","155953","12804775","82.40","82.50","81.90","82.00","-0.5000","170"
"6278","台表科","14076650","1960536023","137.00","144.00","134.50","138.00","2.0000","9030"
"6281","全國電","72635","6109682","84.10","84.50","84.00","84.50","0.4000","116"
"6282","康舒","9723199","391056592","40.70","40.70","39.80","40.10","-0.1500","6510"
"6283","淳安","794763","24640573","31.60","32.00","30.15","30.45","-0.3500","483"
"6285","啟碁","3734768","551571685","148.00","149.50","146.00","147.00","-0.5000","3145"
"6288","聯嘉","1929490","60120518","31.80","31.80","30.90","30.95","-0.6000","980"
"6405","悅城","907074","25464346","27.90","28.90","27.55","28.05","-0.3500","609"
"6409","旭隼","93224","167660315","1810.00","1835.00","1765.00","1800.00","-10.0000","259"
"6412","群電","781899","109842488","143.00","143.00","138.50","140.00","-2.5000","1053"
"6414","樺漢","2051996","702977859","346.00","347.50","338.50","340.00","-2.0000","2315"
"6415","矽力*-KY","4046453","1712503306","434.00","435.00","418.00","425.50","-4.0000","4221"
"6416","瑞祺電通","1008708","145931547","146.50","147.50","141.50","145.00","-1.5000","1178"
"6423","億而得-創","33274","3386311","102.50","103.00","100.50","102.00","-2.5000","32"
"6426","統新","1912765","139402594","67.70","74.40","67.20","73.80","6.1000","1440"
"6431","光麗-KY","179171","2966858","16.85","16.85","16.50","16.50","-0.3500","106"
"6438","迅得","4336935","552963581","128.00","129.00","126.00","128.50","-0.5000","2691"
"6442","光聖","5113665","2042886217","395.50","409.50","395.00","395.00","-43.5000","4285"
"6443","元晶","28055470","899974680","32.75","33.10","31.60","31.65","-0.9500","15905"
"6446","藥華藥","6523388","3828350593","597.00","605.00","572.00","577.00","10.0000","11119"
"6449","鈺邦","4038860","651928218","160.50","165.00","154.50","160.00","2.0000","3192"
"6451","訊芯-KY","8403069","2210036892","258.50","274.00","250.50","254.00","-0.5000","7154"
"6456","GIS-KY","4955297","356343975","71.50","72.80","70.80","71.50","2.2000","5011"
"6464","台數科","72781","6143665","84.70","84.70","84.20","84.60","0.0000","61"
"6472","保瑞","2855177","2551801437","883.00","912.00","872.00","897.00","21.0000","4550"
"6477","安集","4113709","187087463","46.95","46.95","44.60","44.60","-1.8500","3166"
"6491","晶碩","606040","260008274","431.50","433.00","426.50","427.00","-4.0000","1325"
"6504","南六","63465","4680547","73.40","74.30","73.40","73.60","-0.2000","101"
"6505","台塑化","4603252","302291483","65.50","66.00","65.10","65.70","0.3000","2832"
"6515","穎崴","624684","659679100","1090.00","1100.00","1030.00","1055.00","-40.0000","1092"
"6525","捷敏-KY","864533","61585950","69.80","72.20","69.80","70.80","1.9000","769"
"6526","達發","741513","547922785","737.00","746.00","733.00","738.00","0.0000","1639"
"6531","愛普*","3827732","1475345006","397.00","397.00","380.00","380.00","-14.5000","5150"
"6533","晶心科","514479","220203277","435.50","435.50","425.00","430.00","-1.5000","995"
"6534","正瀚-創","199350","16319225","82.30","82.80","80.90","80.90","-3.2000","146"
"6541","泰福-KY","781735","52681450","69.60","69.60","66.20","67.90","0.3000","724"
"6550","北極星藥業-KY","1472414","107103398","73.20","74.10","72.20","72.70","-0.5000","1254"
"6552","易華電","570985","31567281","55.90","56.00","54.60","55.10","-0.7000","542"
"6558","興能高","226583","6029109","26.65","26.80","26.35","26.60","0.0000","142"
"6573","虹揚-KY","672508","10428542","14.60","15.95","14.55","15.95","1.4500","363"
"6579","研揚","454454","83802352","190.00","190.00","182.50","182.50","-6.0000","6157"
"6581","鋼聯","189337","21011112","110.00","114.00","109.00","114.00","5.0000","463"
"6582","申豐","2021581","148602478","72.00","76.50","71.30","73.30","2.0000","1928"
"6585","鼎基","916574","161393458","181.00","182.00","173.00","176.00","-6.5000","1132"
"6591","動力-KY","635854","36687147","59.50","59.50","57.10","57.30","-1.7000","509"
"6592","和潤企業","676972","79323890","117.50","118.00","116.50","117.50","0.0000","686"
"6592A","和潤企業甲特","23184","2304076","99.40","99.50","99.30","99.50","0.1000","24"
"6592B","和潤企業乙特","20143","1933227","95.90","96.00","95.90","96.00","0.2000","19"
"6598","ABC-KY","797672","24527353","29.10","31.60","29.10","31.00","1.0000","607"
"6605","帝寶","362668","90872897","251.00","254.00","246.50","249.00","-2.0000","563"
"6606","建德工業","125408","3450809","27.50","27.80","27.25","27.30","-0.1500","85"
"6625","必應","391422","40072179","102.50","103.50","100.50","102.50","1.0000","951"
"6641","基士德-KY","24072","1002386","41.65","41.90","41.50","41.70","0.4000","23"
"6645","金萬林-創","66341","2456367","37.10","37.10","36.95","37.00","0.0000","48"
"6655","科定","41344","5277100","128.00","129.50","127.00","127.50","-2.0000","45"
"6657","華安","86334","4879399","57.20","57.20","56.00","56.20","-0.6000","204"
"6658","聯策","1382875","103194857","77.90","78.10","73.20","73.50","-6.5000","1131"
"6666","羅麗芬-KY","18418","1151242","62.60","62.80","62.40","62.40","-0.1000","28"
"6668","中揚光","4842005","316274929","64.60","67.00","63.10","63.30","1.3000","4689"
"6669","緯穎","1214167","3353650940","2745.00","2795.00","2735.00","2770.00","45.0000","2611"
"6670","復盛應用","705415","199457276","276.00","286.00","275.00","282.50","10.0000","823"
"6671","三能-KY","24051","1113843","46.95","47.00","46.05","46.05","-0.1000","20"
"6672","騰輝電子-KY","809689","63679092","80.50","80.50","78.00","78.10","-2.1000","949"
"6674","鋐寶科技","75080","2022423","27.70","27.70","26.45","26.75","-0.4500","64"
"6689","伊雲谷","380326","38656810","104.00","104.00","100.50","101.00","-2.5000","496"
"6691","洋基工程","447711","201546847","450.00","455.00","445.50","455.00","8.0000","768"
"6695","芯鼎","2478101","174904807","73.30","73.60","69.10","69.60","-3.4000","2072"
"6698","旭暉應材","3119797","158639235","54.00","54.00","49.30","50.80","-3.2000","2203"
"6706","惠特","13881443","1781162281","133.00","137.50","120.50","124.50","-4.0000","11805"
"6715","嘉基","317871","62306948","199.50","200.00","194.00","196.00","-4.0000","1303"
"6719","力智","560943","159271507","285.50","286.00","281.50","285.50","0.5000","680"
"6742","澤米","522955","38973267","75.00","75.80","73.50","73.50","-0.6000","646"
"6743","安普新","376137","24084190","64.30","64.90","63.00","64.40","0.4000","293"
"6753","龍德造船","5946827","834902768","138.50","144.50","135.50","143.00","4.5000","4787"
"6754","匯僑設計","125487","8069071","64.10","64.70","64.00","64.30","-0.2000","110"
"6756","威鋒電子","276520","54832468","203.50","203.50","196.50","197.50","-5.5000","950"
"6757","台灣虎航-創","5981803","435598607","71.20","73.20","71.20","71.80","5.2000","1850"
"6768","志強-KY","191272","16018460","84.50","84.50","83.20","83.30","-0.7000","376"
"6770","力積電","16564624","444989537","26.90","27.30","26.55","26.75","-0.0500","7165"
"6771","平和環保-創","90200","6161000","68.60","69.00","68.00","68.40","0.4000","63"
"6776","展碁國際","149750","9226725","62.00","62.00","61.20","61.20","-0.7000","142"
"6781","AES-KY","135898","82842153","615.00","621.00","606.00","607.00","-8.0000","428"
"6782","視陽","1248674","364570329","292.50","295.00","285.50","294.50","4.0000","2190"
"6789","采鈺","6750994","2512196599","370.00","383.00","355.00","373.00","7.0000","7307"
"6790","永豐實","512097","28219670","55.80","55.90","54.80","54.90","-0.9000","444"
"6792","詠業","59313","4644044","78.40","79.00","78.00","78.40","0.0000","69"
"6794","向榮生技-創","13000","1055400","81.10","82.20","80.10","82.00","0.3000","13"
"6796","晉弘","270678","26329242","95.20","98.60","95.20","97.00","2.1000","290"
"6799","來頡","399546","61327032","155.50","156.00","151.50","154.00","-1.5000","398"
"6805","富世達","1348398","1051886310","795.00","795.00","764.00","784.00","0.0000","5444"
"6806","森崴能源","5528886","851610593","157.50","159.00","152.00","152.50","-6.0000","5703"
"6807","峰源-KY","194902","11348941","57.10","59.30","57.00","59.00","0.0000","171"
"6830","汎銓","307046","45410003","150.00","150.50","146.00","147.00","-1.0000","250"
"6834","天二科技","4962360","242746842","47.05","50.70","45.20","49.20","2.5000","3255"
"6835","圓裕","236432","11897611","50.50","51.00","49.80","50.80","0.0000","223"
"6854","錼創科技-KY創","62170","4637963","74.00","75.80","73.90","73.90","0.0000","51"
"6861","睿生光電","84421","6944705","82.70","83.50","81.60","81.70","-0.3000","114"
"6863","永道-KY","1045972","251174355","253.00","253.00","231.50","237.00","-16.0000","1893"
"6869","雲豹能源","1905055","470640104","253.00","253.00","242.00","244.00","-12.5000","2372"
"6873","泓德能源-創","911231","204747359","227.00","229.50","220.00","224.50","3.5000","659"
"6890","來億-KY","1884625","593135767","304.00","325.00","304.00","315.50","13.0000","2290"
"6901","鑽石投資","6644484","305038937","46.20","46.85","45.00","45.00","0.1500","3847"
"6902","走著瞧-創","20054","2937357","155.50","155.50","143.00","145.00","-10.5000","21"
"6906","現觀科","87280","13379362","156.00","157.00","151.00","152.00","-3.5000","790"
"6914","阜爾運通","230253","37126054","166.00","166.00","159.50","160.50","-2.5000","458"
"6916","華凌","163298","4622693","28.65","28.80","27.90","28.05","-0.5500","129"
"6928","攸泰科技","432761","36768881","88.40","88.60","82.60","84.00","-3.8000","473"
"6933","AMAX-KY","338470","113092631","342.00","342.00","330.00","330.50","-11.5000","616"
"6937","天虹","1847080","480337353","265.50","277.00","250.50","254.50","-18.0000","2121"
"6949","沛爾生醫-創","24000","3124000","130.00","131.50","129.00","131.50","1.5000","21"
"6951","青新-創","128115","6886925","54.30","54.30","53.20","53.30","-1.0000","86"
"6952","大武山","117214","5899338","50.60","50.60","50.20","50.40","-0.5000","165"
"6957","裕慶-KY","875966","209275067","239.00","243.50","228.50","240.00","1.5000","1859"
"8011","台通","8506104","221196702","26.10","26.65","25.35","25.60","-0.3500","4643"
"8016","矽創","975308","244323270","256.00","256.00","249.00","250.00","-5.5000","1418"
"8021","尖點","7180426","249380747","35.00","36.10","33.20","34.75","1.5500","3947"
"8028","昇陽半導體","37783166","4420284296","122.50","123.50","110.00","116.50","-5.0000","23460"
"8033","雷虎","4503601","316463765","69.90","72.20","68.60","68.60","0.0000","3290"
"8039","台虹","7267026","468319987","67.10","67.20","62.90","63.10","0.6000","5688"
"8046","南電","1853499","340461274","183.50","185.50","181.50","184.00","0.5000","2078"
"8070","長華*","2571922","115955228","45.50","45.80","44.80","45.10","-0.2500","1538"
"8072","陞泰","337359","10744047","33.00","33.00","31.30","31.50","-1.0500","329"
"8081","致新","761297","214042501","284.50","284.50","278.50","281.00","-4.5000","1617"
"8101","華冠","42906","148641","3.41","3.49","3.41","3.46","0.0100","49"
"8103","瀚荃","2008109","122714933","61.70","62.20","60.50","61.00","-0.3000","1433"
"8104","錸寶","4123125","230707560","58.70","59.00","54.10","54.80","-3.1000","2853"
"8105","凌巨","9068011","154824820","17.40","17.40","16.65","17.25","0.1500","3398"
"8110","華東","7800835","167960065","22.20","22.25","21.15","21.25","-0.8500","3901"
"8112","至上","5453787","443832954","82.80","82.80","80.50","81.40","-1.0000","5153"
"8112A","至上甲特","9854","411933","41.80","41.80","41.80","41.80","0.0000","22"
"8114","振樺電","1117433","203966625","186.00","186.00","176.00","182.50","-5.5000","854"
"8131","福懋科","527640","20565531","38.80","39.20","38.70","39.15","-0.0500","449"
"8150","南茂","3934477","171509299","43.60","43.95","43.30","43.65","0.3500","2002"
"8162","微矽電子-創","27000","1038150","38.55","38.60","38.25","38.60","0.2000","17"
"8163","達方","1439846","86870851","60.40","60.60","60.10","60.60","0.5000","1199"
"8201","無敵","327264","6193770","18.85","19.10","18.65","19.00","0.1500","199"
"8210","勤誠","2127379","642819358","304.00","305.50","299.00","300.00","-2.0000","2502"
"8213","志超","647075","25201027","39.10","39.15","38.80","38.85","-0.1500","414"
"8215","明基材","1940808","67450724","34.95","35.05","34.60","34.60","-0.1500","1384"
"8222","寶一","857798","38143813","44.75","45.70","43.60","43.60","-0.9500","610"
"8249","菱光","1644451","50296183","30.40","31.70","29.90","30.10","0.5500","848"
"8261","富鼎","553496","48820585","88.90","88.90","87.60","88.00","-0.9000","813"
"8271","宇瞻","2275375","148157911","65.50","66.30","63.80","64.00","-0.8000","1521"
"8341","日友","181618","17770833","98.20","98.50","97.40","98.50","0.3000","361"
"8367","建新國際","120767","6134481","50.90","51.40","50.30","51.00","0.0000","127"
"8374","羅昇","13698561","1850074050","144.00","144.00","119.50","120.50","-10.5000","10330"
"8404","百和興業-KY","693530","14407041","20.55","21.05","20.55","20.55","0.0000","319"
"8411","福貞-KY","168536","2485737","14.65","14.85","14.65","14.75","0.0000","220"
"8422","可寧衛","149561","27376741","183.00","184.00","182.50","184.00","0.0000","332"
"8429","金麗-KY","1098990","11728493","10.80","10.80","10.50","10.65","0.0500","790"
"8438","昶昕","930718","39031639","42.70","43.65","40.90","41.05","-1.3500","738"
"8442","威宏-KY","79789","8751869","110.50","110.50","109.00","110.00","1.0000","77"
"8443","阿瘦","149636","1839831","12.30","12.50","12.15","12.20","0.0000","241"
"8454","富邦媒","513867","210785139","413.00","414.50","408.50","409.50","-2.5000","2100"
"8462","柏文","57039","6627065","117.00","117.00","115.50","116.00","-1.0000","170"
"8463","潤泰材","261996","7659924","29.50","29.55","29.05","29.10","-0.3500","165"
"8464","億豐","604259","240310546","396.00","405.00","389.00","405.00","14.0000","590"
"8466","美吉吉-KY","244080","14626560","60.90","60.90","58.30","60.40","0.5000","165"
"8467","波力-KY","280137","52244612","186.50","190.00","183.00","185.50","-1.0000","1424"
"8473","山林水","6513330","323935185","50.00","50.80","49.00","49.10","0.3000","4512"
"8476","台境","193721","12470956","65.00","65.10","64.00","64.40","0.1000","604"
"8478","東哥遊艇","578366","230270690","403.00","404.50","392.50","403.00","4.5000","1027"
"8481","政伸","21482","1108803","51.80","51.90","51.50","51.60","-0.4000","30"
"8482","商億-KY","1000","64900","64.90","64.90","64.90","64.90","0.0000","1"
"8487","愛爾達-創","24050","2036710","85.70","85.70","84.10","84.90","0.9000","19"
"8488","吉源-KY","82100","1338531","16.25","16.35","16.25","16.30","0.0500","52"
"8499","鼎炫-KY","39675","4801060","121.00","121.50","120.50","121.50","0.5000","44"
"8926","台汽電","1844447","84484742","46.10","46.30","45.55","45.85","-0.2000","1499"
"8940","新天地","256908","6852127","27.10","27.20","26.40","26.45","-0.2000","197"
"8996","高力","2986849","1438633003","492.00","496.50","473.50","475.00","-15.0000","3931"
"9103","美德醫療-DR","6466145","53911488","8.13","8.57","8.13","8.14","0.1200","2456"
"910322","康師傅-DR","96418","2019500","21.15","21.15","20.60","21.05","-0.1000","95"
"9105","泰金寶-DR","45750681","329820875","7.02","7.26","7.01","7.26","0.6600","7026"
"910861","神州-DR","89999","600203","6.61","6.73","6.61","6.73","0.1100","45"
"9110","越南控-DR","64000","466290","7.39","7.39","7.24","7.33","0.0000","29"
"911608","明輝-DR","1353438","6805963","4.70","5.15","4.70","5.15","0.4600","391"
"911622","泰聚亨-DR","879000","5288700","5.86","6.33","5.86","6.15","0.3800","234"
"911868","同方友友-DR","3565735","7308636","1.96","2.08","1.96","2.06","0.1600","905"
"912000","晨訊科-DR","12953653","57234205","4.34","4.55","4.33","4.33","0.1000","2557"
"9136","巨騰-DR","2702143","22354431","7.99","8.40","7.99","8.38","0.4100","774"
"9802","鈺齊-KY","283020","33248286","117.50","118.50","116.50","118.00","0.5000","277"
"9902","台火","579573","9666040","16.70","16.90","16.20","16.70","0.0000","305"
"9904","寶成","11639953","403625017","35.20","35.20","34.50","34.50","-0.7000","5050"
"9905","大華","265936","6535727","24.55","24.60","24.50","24.55","-0.0500","124"
"9906","欣巴巴","1986366","218788985","110.00","115.50","103.00","107.50","0.5000","1720"
"9907","統一實","1564455","24303546","15.60","15.65","15.45","15.50","-0.0500","730"
"9908","大台北","71299","2320445","32.55","32.60","32.50","32.50","-0.0500","68"
"9910","豐泰","1067823","151443303","142.00","144.00","140.00","142.50","0.5000","1407"
"9911","櫻花","176901","15721301","89.50","89.50","88.50","88.80","-0.5000","886"
"9912","偉聯","393233","5575404","14.10","14.50","14.00","14.20","0.0000","331"
"9914","美利達","1081197","231016792","217.50","218.00","211.50","212.50","-5.0000","1327"
"9917","中保科","526518","70124866","130.50","134.00","130.50","134.00","2.5000","590"
"9918","欣天然","21365","885506","41.65","41.80","41.25","41.30","-0.4500","74"
"9919","康那香","1008501","23025628","23.15","23.15","22.65","22.80","-0.2000","679"
"9921","巨大","1922964","397443383","212.00","212.00","205.00","205.50","-6.5000","2494"
"9924","福興","370214","19484484","53.00","53.10","52.40","52.60","-0.4000","328"
"9925","新保","107378","4560003","42.50","42.55","42.40","42.50","0.1000","114"
"9926","新海","3001","163954","54.60","54.70","54.60","54.70","0.1000","4"
"9927","泰銘","242627","18809010","78.20","78.20","77.30","77.30","-0.7000","282"
"9928","中視","1131872","27797719","25.80","26.00","23.55","23.60","-1.7000","929"
"9929","秋雨","7983","127748","16.05","16.05","16.00","16.00","0.0000","13"
"9930","中聯資源","326161","21846498","66.60","67.40","66.40","67.00","1.0000","343"
"9931","欣高","16307","587450","35.95","36.35","35.90","36.05","0.1500","27"
"9933","中鼎","4530479","247973989","55.10","55.60","54.20","54.50","-0.1000","9161"
"9934","成霖","846395","15479972","18.25","18.40","18.20","18.30","0.0000","617"
"9935","慶豐富","419419","11129857","26.60","26.80","26.25","26.30","-0.3000","277"
"9937","全國","17114","1143755","67.00","67.00","66.50","66.80","-0.6000","37"
"9938","百和","1138337","70503325","62.50","62.90","61.60","61.70","-0.8000","992"
"9939","宏全","1487762","246186981","166.00","167.00","164.00","166.50","1.0000","1738"
"9940","信義","961159","31899647","32.80","33.45","32.70","33.05","0.2000","616"
"9941","裕融","850521","125738948","149.00","149.50","147.50","147.50","-1.5000","1494"
"9941A","裕融甲特","152286","7796627","51.20","51.20","51.10","51.20","0.0000","19"
"9942","茂順","112453","14583372","131.50","131.50","129.00","129.00","-2.0000","180"
"9943","好樂迪","234805","20025699","85.90","85.90","85.10","85.30","-0.3000","380"
"9944","新麗","396972","9024591","22.50","23.05","22.45","22.90","0.2500","235"
"9945","潤泰新","6205593","275277263","44.70","44.95","44.15","44.20","-0.4500","3601"
"9946","三發地產","1754756","74157179","42.75","43.60","41.45","42.40","0.2500","1054"
"9955","佳龍","5839839","216150383","36.15","38.50","35.80","35.80","0.5000","4383"
"9958","世紀鋼","15550886","4350549598","294.00","294.00","272.00","275.50","-19.5000","17075"
