證券代號,證券名稱,成交股數,成交金額,開盤價,最高價,最低價,收盤價,漲跌價差,成交筆數
"0050","元大台灣50","9883064","1816503951","183.90","184.60","183.35","183.60","-0.3500","12966"
"0051","元大中型100","88648","7228036","81.90","81.90","81.10","81.60","0.0000","320"
"0052","富邦科技","293988","52665511","178.70","179.60","178.50","179.05","1.9500","772"
"0053","元大電子","15142","1488907","98.65","98.80","98.10","98.70","1.1000","100"
"0055","元大MSCI金融","103673","3030900","29.37","29.37","29.14","29.25","-0.1000","311"
"0056","元大高股息","67272403","2593070876","38.70","38.77","38.43","38.57","-0.0900","43632"
"0057","富邦摩台","13003","1769977","136.40","136.40","136.15","136.25","1.7500","104"
"0061","元大寶滬深","6870446","145268928","21.23","21.47","20.80","21.17","-1.6300","2532"
"006203","元大MSCI台灣","3753","325726","86.90","87.20","86.90","87.20","0.8500","109"
"006204","永豐臺灣加權","6226","701021","112.35","112.95","112.35","112.90","0.0000","102"
"006205","富邦上証","1666136","56219183","34.10","34.11","33.58","33.60","-0.0900","776"
"006206","元大上證50","931422","30576143","33.17","33.17","32.61","32.68","-0.3100","530"
"006207","復華滬深","600369","15569659","26.02","26.11","25.78","25.85","-0.0300","241"
"006208","富邦台50","7747141","832629510","107.55","107.90","107.10","107.50","0.0000","12928"
"00625K","富邦上証+R","5000","38100","7.62","7.62","7.62","7.62","0.0000","1"
"00631L","元大台灣50正2","4769678","1097940597","230.25","231.35","228.85","230.00","1.0500","4819"
"00632R","元大台灣50反1","113452429","384966326","3.40","3.41","3.38","3.40","0.0000","3588"
"00633L","富邦上証正2","14321149","615168847","42.83","43.41","42.57","42.70","-0.3300","2955"
"00634R","富邦上証反1","1726420","6866569","3.98","4.00","3.96","4.00","0.0200","108"
"00635U","期元大S&P黃金","641011","19547051","30.51","30.59","30.44","30.58","-0.1100","437"
"00636","國泰中國A50","5119417","123308434","24.29","24.29","23.96","24.07","-0.0100","1607"
"00636K","國泰中國A50+U","200","1540","7.70","7.70","7.70","7.70","0.0800","2"
"00637L","元大滬深300正2","121567999","2089573042","17.35","17.38","17.03","17.11","-0.2000","14849"
"00638R","元大滬深300反1","2207972","18307442","8.33","8.39","8.27","8.32","0.0000","327"
"00639","富邦深100","4766356","58710868","12.46","12.46","12.25","12.28","-0.1300","1195"
"00640L","富邦日本正2","2041793","105437796","51.40","51.95","51.20","51.75","1.5500","552"
"00641R","富邦日本反1","1241871","7726393","6.23","6.25","6.20","6.23","-0.0800","165"
"00642U","期元大S&P石油","1947286","30933896","15.89","15.91","15.87","15.89","-0.0500","646"
"00643","群益深証中小","3586760","47120630","13.32","13.32","13.04","13.16","-0.0300","448"
"00643K","群益深証中小+R","","","","","","","0.0000",""
"00645","富邦日本","1200064","44277551","36.83","37.02","36.79","36.92","0.5400","494"
"00646","元大S&P500","1862881","106893943","56.80","57.50","56.80","57.30","0.6500","1193"
"00647L","元大S&P500正2","32204","3048664","94.45","94.85","94.45","94.60","1.1500","50"
"00648R","元大S&P500反1","1279432","6742797","5.27","5.28","5.26","5.27","-0.0200","122"
"00650L","復華香港正2","34313744","462711458","13.60","13.74","13.22","13.38","-0.8000","4586"
"00651R","復華香港反1","1920989","14211014","7.35","7.44","7.35","7.38","0.1400","279"
"00652","富邦印度","319956","13104654","40.96","41.11","40.90","40.91","-0.1300","333"
"00653L","富邦印度正2","375873","26335472","70.35","70.60","69.70","69.90","-0.7500","210"
"00654R","富邦印度反1","406110","2447858","6.03","6.06","6.01","6.05","0.0500","63"
"00655L","國泰中國A50正2","6516612","190572268","29.47","29.55","28.98","29.06","-0.3300","1328"
"00656R","國泰中國A50反1","1102150","8196314","7.44","7.49","7.40","7.46","0.0500","87"
"00657","國泰日經225","864938","39390089","45.48","45.74","45.40","45.62","0.9300","315"
"00657K","國泰日經225+U","200","2850","14.25","14.25","14.25","14.25","0.0500","2"
"00660","元大歐洲50","1877","68317","36.59","36.59","36.59","36.59","-0.3400","94"
"00661","元大日經225","1140680","56525038","49.51","49.75","49.37","49.64","1.0100","417"
"00662","富邦NASDAQ","1294277","106659044","81.75","82.55","81.75","82.30","1.0000","990"
"00663L","國泰臺灣加權正2","3852","810550","210.50","211.00","209.60","209.60","-1.0500","19"
"00664R","國泰臺灣加權反1","4694864","17923207","3.81","3.83","3.81","3.83","0.0100","311"
"00665L","富邦恒生國企正2","74077025","660204426","8.93","9.10","8.78","8.83","-0.5200","7802"
"00666R","富邦恒生國企反1","796013","9775049","12.26","12.39","12.26","12.39","0.4600","90"
"00668","國泰美國道瓊","150911","7396076","48.86","49.04","48.86","49.03","0.4000","100"
"00668K","國泰美國道瓊+U","200","3070","15.35","15.35","15.35","15.35","-0.0200","2"
"00669R","國泰美國道瓊反1","3090417","20476201","6.63","6.65","6.61","6.65","0.0300","158"
"00670L","富邦NASDAQ正2","417136","52272160","124.80","125.85","124.80","125.05","1.0500","378"
"00671R","富邦NASDAQ反1","7968010","29362537","3.68","3.70","3.67","3.69","-0.0100","216"
"00673R","期元大S&P原油反1","8189204","64468463","7.89","7.89","7.85","7.88","0.0500","354"
"00674R","期元大S&P黃金反1","618912","5903972","9.53","9.55","9.53","9.54","0.0600","112"
"00675L","富邦臺灣加權正2","3215975","296161064","92.20","92.60","91.55","92.05","0.3500","2762"
"00676R","富邦臺灣加權反1","6751600","14372771","2.12","2.14","2.12","2.13","0.0000","219"
"00678","群益那斯達克生技","496900","14983976","30.00","30.18","30.00","30.17","0.4100","87"
"00680L","元大美債20正2","59326930","561770794","9.47","9.49","9.45","9.46","-0.0400","4863"
"00681R","元大美債20反1","132000","2526490","19.14","19.15","19.14","19.15","0.0200","5"
"00682U","期元大美元指數","5000","102030","20.40","20.41","20.40","20.41","0.0400","4"
"00683L","期元大美元指正2","55020","1171156","21.27","21.33","21.27","21.30","0.1900","22"
"00684R","期元大美元指反1","14000","221490","15.82","15.83","15.82","15.82","-0.0600","5"
"00685L","群益臺灣加權正2","723587","59408210","82.25","82.55","81.70","82.00","0.2500","482"
"00686R","群益臺灣加權反1","3175561","7336295","2.31","2.32","2.30","2.31","0.0000","64"
"00688L","國泰20年美債正2","30609681","288415321","9.44","9.45","9.40","9.42","-0.0400","2922"
"00689R","國泰20年美債反1","34000","676100","19.87","19.89","19.87","19.89","0.0600","5"
"00690","兆豐藍籌30","1226736","41898096","34.00","34.23","34.00","34.10","0.2500","297"
"00692","富邦公司治理","1230809","53131360","43.05","43.28","43.03","43.20","0.1600","1394"
"00693U","期街口S&P黃豆","256006","5473297","21.40","21.42","21.36","21.40","-0.0500","76"
"00700","富邦恒生國企","3194120","48895835","15.96","15.96","15.14","15.20","-0.3500","895"
"00701","國泰股利精選30","475261","13956333","29.47","29.48","29.24","29.47","-0.0800","427"
"00702","國泰標普低波高息","21336","533178","24.96","25.04","24.88","25.04","0.0800","110"
"00703","台新MSCI中國","241459","4362978","18.30","18.30","17.91","18.00","-0.2500","111"
"00706L","期元大S&P日圓正2","21836220","151688722","6.95","6.99","6.92","6.93","-0.1900","2301"
"00707R","期元大S&P日圓反1","","","","","","","0.0000",""
"00708L","期元大S&P黃金正2","1585308","64707297","40.77","40.99","40.69","40.97","-0.3300","383"
"00709","富邦歐洲","3894","119606","30.82","30.83","30.82","30.83","-0.1000","105"
"00710B","復華彭博非投等債","208059","4051996","19.33","19.51","19.33","19.49","0.1600","63"
"00711B","復華彭博新興債","124937","2127977","16.90","17.05","16.90","17.05","0.1500","68"
"00712","復華富時不動產","8481259","84125284","9.89","9.93","9.89","9.93","0.0400","2229"
"00713","元大台灣高息低波","15632254","892107033","57.40","57.45","56.95","57.05","-0.3500","20359"
"00714","群益道瓊美國地產","344971","7715299","22.24","22.39","22.24","22.38","0.2800","123"
"00715L","期街口布蘭特正2","13181471","164744805","12.48","12.54","12.45","12.51","0.0000","1639"
"00717","富邦美國特別股","82283","1346018","16.35","16.41","16.33","16.40","0.0000","99"
"00728","第一金工業30","52027","1673734","32.10","32.24","32.07","32.09","0.0600","96"
"00730","富邦臺灣優質高息","341135","7981382","23.33","23.50","23.33","23.34","0.0100","376"
"00731","復華富時高息低波","781344","57095277","73.35","73.35","72.95","73.00","0.0000","535"
"00733","富邦臺灣中小","801543","44083704","55.20","55.55","54.75","54.95","-0.1500","2060"
"00735","國泰臺韓科技","176248","5754769","32.68","32.81","32.59","32.63","-0.1800","275"
"00736","國泰新興市場","106832","2619562","24.61","24.61","24.38","24.38","-0.2500","92"
"00737","國泰AI+Robo","219024","6741535","30.70","30.84","30.70","30.76","0.0600","101"
"00738U","期元大道瓊白銀","680785","19095701","28.01","28.14","28.01","28.11","-0.2000","288"
"00739","元大MSCI A股","273113","6513977","23.93","23.93","23.74","23.78","-0.1200","188"
"00752","中信中國50","10572889","231218934","22.30","22.30","21.70","21.82","-0.4900","3042"
"00753L","中信中國50正2","104651258","1107475325","10.80","10.85","10.40","10.44","-0.7600","13622"
"00757","統一FANG+","3545200","310273601","87.05","87.75","87.00","87.40","1.2000","2052"
"00762","元大全球AI","152044","9408483","61.50","62.00","61.50","61.85","0.5500","263"
"00763U","期街口道瓊銅","279053","7660009","27.37","27.55","27.35","27.51","-0.4600","130"
"00770","國泰北美科技","207320","9741045","46.76","47.10","46.76","46.97","0.4700","296"
"00771","元大US高息特別股","127004","2299719","18.09","18.19","18.09","18.15","0.0500","112"
"00775B","新光投等債15+","4934","176268","35.75","35.81","35.75","35.80","0.2500","104"
"00783","富邦中証500","759140","15459865","20.39","20.49","20.08","20.15","0.1200","199"
"00830","國泰費城半導體","3330447","154617462","46.19","46.49","46.19","46.44","0.2500","1403"
"00850","元大臺灣ESG永續","836702","37203422","44.56","44.58","44.35","44.50","0.0900","974"
"00851","台新全球AI","62000","2878381","46.44","46.47","46.32","46.32","0.1300","119"
"00852L","國泰美國道瓊正2","356999","9582934","26.77","26.86","26.77","26.81","0.0400","56"
"00861","元大全球未來通訊","365816","15477609","42.18","42.38","42.18","42.31","0.1300","120"
"00865B","國泰US短期公債","119440","5421115","45.18","45.44","45.11","45.44","0.4000","88"
"00875","國泰網路資安","50077","1676689","33.40","33.53","33.40","33.49","0.3300","114"
"00876","元大全球5G","72113","2767657","38.25","38.49","38.25","38.39","0.1400","141"
"00878","國泰永續高股息","43074966","977314300","22.71","22.75","22.64","22.70","-0.0500","31403"
"00881","國泰台灣5G+","7753633","179547197","23.16","23.25","23.08","23.14","0.0400","3479"
"00882","中信中國高股息","52732304","671900774","12.84","12.85","12.65","12.72","-0.1000","9041"
"00885","富邦越南","19413772","238408885","12.11","12.38","12.11","12.38","0.2600","3650"
"00891","中信關鍵半導體","3734189","66785900","17.82","17.96","17.79","17.84","0.0200","1386"
"00892","富邦台灣半導體","1081501","18138597","16.73","16.84","16.70","16.71","0.0100","544"
"00893","國泰智能電動車","3433757","79996957","23.17","23.35","23.17","23.29","0.1200","887"
"00894","中信小資高價30","863527","17507425","20.16","20.34","20.16","20.30","0.1900","248"
"00895","富邦未來車","1629853","46915127","28.63","28.85","28.63","28.76","0.1700","477"
"00896","中信綠能及電動車","307242","5415412","17.67","17.68","17.56","17.63","-0.0400","391"
"00897","富邦基因免疫生技","476958","3944632","8.22","8.29","8.21","8.26","0.0400","160"
"00898","國泰基因免疫革命","582574","4357231","7.46","7.49","7.46","7.48","0.0500","134"
"00899","FT潔淨能源","48006","805316","16.80","16.81","16.76","16.78","-0.0200","122"
"00900","富邦特選高股息30","3123657","46826750","15.04","15.04","14.95","15.02","-0.0200","2070"
"00901","永豐智能車供應鏈","642280","13086826","20.26","20.43","20.26","20.30","0.1000","304"
"00902","中信電池及儲能","6960506","71430181","10.24","10.30","10.22","10.27","0.0600","1393"
"00903","富邦元宇宙","621651","8706538","13.91","14.03","13.91","14.02","0.1300","151"
"00904","新光臺灣半導體30","615361","10856867","17.60","17.71","17.59","17.60","0.0300","258"
"00905","FT臺灣Smart","3192056","43140430","13.52","13.55","13.47","13.51","0.0200","1246"
"00907","永豐優息存股","2197983","35511866","16.19","16.23","16.11","16.19","0.0100","1179"
"00908","富邦入息REITs+","415338","5824081","14.00","14.05","13.97","14.05","0.0200","96"
"00909","國泰數位支付服務","622782","16802555","26.90","27.03","26.90","26.97","-0.0400","445"
"00910","第一金太空衛星","289055","6787989","23.45","23.52","23.45","23.46","-0.1300","40"
"00911","兆豐洲際半導體","83819","2225237","26.50","26.60","26.50","26.56","0.0400","103"
"00912","中信臺灣智慧50","235786","4522520","19.17","19.24","19.15","19.18","0.0100","147"
"00913","兆豐台灣晶圓製造","155560","3207576","20.59","20.67","20.59","20.61","0.0800","40"
"00915","凱基優選高股息30","16873585","450478951","26.78","26.82","26.65","26.67","-0.0900","12258"
"00916","國泰全球品牌50","307209","7108284","22.99","23.18","22.99","23.13","0.1800","222"
"00917","中信特選金融","819524","17345935","21.11","21.20","21.11","21.17","0.1800","133"
"00918","大華優利高填息30","10122003","241569308","23.88","23.95","23.81","23.87","-0.0100","5549"
"00919","群益台灣精選高息","47803908","1132700622","23.69","23.76","23.66","23.67","-0.0100","29782"
"00920","富邦ESG綠色電力","148017","2277055","15.46","15.46","15.37","15.37","-0.0900","86"
"00921","兆豐龍頭等權重","686270","12733313","18.57","18.62","18.51","18.55","-0.0200","545"
"00922","國泰台灣領袖50","22079937","478079924","21.80","21.80","21.58","21.66","-0.0100","8595"
"00923","群益台ESG低碳50","3670191","76882959","20.94","21.02","20.90","20.92","-0.0100","2184"
"00924","復華S&P500成長","1755928","40337431","22.88","23.03","22.88","22.96","0.2800","489"
"00925","新光標普電動車","201059","3405827","16.94","16.94","16.85","16.85","-0.1600","5"
"00926","凱基全球菁英55","68642","1546370","22.55","22.58","22.45","22.54","0.2900","161"
"00927","群益半導體收益","7850654","147219686","18.77","18.81","18.71","18.73","-0.0400","4042"
"00929","復華台灣科技優息","114191570","2156020876","18.91","18.94","18.84","18.85","-0.0900","51561"
"00930","永豐ESG低碳高息","1778424","33691265","18.98","18.98","18.92","18.97","-0.0200","1058"
"00932","兆豐永續高息等權","2027688","33965260","16.78","16.80","16.71","16.77","-0.0100","737"
"00934","中信成長高股息","5486608","105917117","19.35","19.37","19.26","19.30","0.0000","1857"
"00935","野村臺灣新科技50","2903946","61692655","21.24","21.33","21.20","21.22","0.0600","1245"
"00936","台新永續高息中小","3782831","62167097","16.42","16.47","16.41","16.42","0.0000","1877"
"00939","統一台灣高息動能","6699734","98919024","14.78","14.79","14.73","14.77","-0.0100","2168"
"00940","元大台灣價值高息","32990922","319608855","9.69","9.72","9.65","9.69","0.0100","10070"
"00941","中信上游半導體","4548811","67185936","14.72","14.80","14.72","14.77","0.0200","1238"
"00943","兆豐電子高息等權","4206819","61885665","14.71","14.78","14.66","14.73","0.0900","880"
"00944","野村趨勢動能高息","848369","12725181","15.00","15.05","14.97","15.01","0.0100","414"
"00945B","凱基美國非投等債","6386680","96423488","15.04","15.13","15.04","15.11","0.0900","878"
"00946","群益科技高息成長","9977202","96527270","9.68","9.70","9.65","9.69","0.0100","3686"
"00947","台新臺灣IC設計","1658457","23017116","13.95","13.98","13.80","13.90","0.0700","693"
"00949","復華日本龍頭","7333999","114302165","15.46","15.67","15.46","15.61","0.2300","1468"
"00951","台新日本半導體","3233841","28508783","8.75","8.85","8.75","8.82","0.1200","759"
"00952","凱基台灣AI50","8266161","81414539","9.91","9.93","9.80","9.87","0.0200","1387"
"00953B","群益優選非投等債","13185998","132174092","9.98","10.04","9.98","10.03","0.0600","777"
"00954","中信日本半導體","3039642","28205412","9.22","9.32","9.22","9.29","0.1400","339"
"00956","中信日經高股息","1321075","13264032","10.02","10.06","10.02","10.03","0.0500","199"
"00960","野村全球航運龍頭","14228057","226093551","15.87","15.97","15.85","15.87","0.1800","4302"
"01001T","土銀富邦R1","68000","938900","13.81","13.81","13.72","13.81","0.0400","17"
"01002T","土銀國泰R1","958000","15366320","16.04","16.04","16.04","16.04","0.0000","12"
"01004T","土銀富邦R2","46220","561350","12.00","12.30","12.00","12.20","0.0000","21"
"01007T","兆豐國泰R2","59000","958650","16.20","16.25","16.20","16.25","0.0500","6"
"01009T","王道圓滿R1","5000","37000","7.40","7.40","7.40","7.40","-0.0500","2"
"01010T","京城樂富R1","39248","392330","10.00","10.00","9.99","10.00","0.0000","11"
"020000","富邦特選蘋果N","34000","403430","11.89","11.89","11.85","11.85","0.0000","5"
"020011","統一微波高息20N","","","","","","","0.0000",""
"020012","富邦行動通訊N","","","","","","","0.0000",""
"020015","統一MSCI美低波N","2000","36540","18.27","18.27","18.27","18.27","0.0000","1"
"020016","統一MSCI美科技N","","","","","","","0.0000",""
"020018","統一價值成長30N","1000","25200","25.20","25.20","25.20","25.20","0.0000","1"
"020019","統一特選台灣5GN","","","","","","","0.0000",""
"02001L","富邦蘋果正二N","51000","1320010","25.86","25.94","25.65","25.70","0.3500","14"
"02001R","富邦蘋果反一N","1000","1460","1.46","1.46","1.46","1.46","0.0100","1"
"02001S","策元大加權策略N","","","","","","","0.0000",""
"020020","元大台股領航N","14000","162270","11.57","11.63","11.57","11.60","0.0300","5"
"020028","元大特選電動車N","29000","269310","9.28","9.31","9.27","9.31","-0.0600","7"
"020029","元大ESG高股息N","41000","369350","8.98","9.04","8.98","9.01","0.0700","10"
"020030","統一智慧電動車N","6000","36780","6.13","6.13","6.13","6.13","0.0000","2"
"020031","統一IC設計臺灣N","14000","77580","5.57","5.57","5.52","5.52","-0.0100","6"
"020032","元大綠能N","81000","504930","6.23","6.27","6.22","6.27","-0.0100","6"
"020034","元大IC設計N","47000","352510","7.30","7.57","7.30","7.50","0.0000","15"
"020036","元大金融配息N","","","","","","","0.0000",""
"020037","元大金融高股息N","50000","346570","6.95","6.95","6.92","6.95","-0.0400","6"
"020038","元大ESG配息N","69000","537170","7.77","7.79","7.77","7.79","0.0700","9"
"020039","元大加權N","64000","437510","6.84","6.84","6.82","6.84","0.0000","15"
"1101","台泥","15831917","532617470","33.90","33.90","33.45","33.70","-0.1000","6956"
"1101B","台泥乙特","100","4704","","","","","0.0000","2"
"1102","亞泥","5741897","272538969","47.50","47.80","47.10","47.45","-0.3000","4430"
"1103","嘉泥","89334","1620039","18.30","18.30","18.05","18.15","-0.0500","210"
"1104","環泥","458749","14068533","30.85","31.00","30.55","30.60","-0.3000","532"
"1108","幸福","292189","4427899","15.25","15.25","15.05","15.20","0.0500","173"
"1109","信大","93469","1755317","18.85","18.90","18.70","18.80","-0.0500","94"
"1110","東泥","207838","4532248","22.00","22.05","21.65","21.80","-0.2500","175"
"1201","味全","274296","4999356","18.30","18.30","18.15","18.20","-0.1000","373"
"1203","味王","18444","908880","48.55","50.00","48.35","49.65","-0.4500","125"
"1210","大成","522025","26981799","52.00","52.00","51.50","51.70","0.2000","529"
"1213","大飲","34078","404124","12.00","12.00","11.60","12.00","0.0000","16"
"1215","卜蜂","486034","47340671","97.70","98.10","96.90","97.30","-0.4000","990"
"1216","統一","7541588","663964243","87.40","89.00","85.90","89.00","1.8000","6317"
"1217","愛之味","1108081","13881341","12.60","12.60","12.45","12.50","-0.0500","370"
"1218","泰山","269122","5524978","20.75","20.75","20.45","20.55","-0.1000","345"
"1219","福壽","151107","2612171","17.35","17.35","17.25","17.30","-0.0500","142"
"1220","台榮","206109","3382934","16.40","16.50","16.35","16.50","0.1500","130"
"1225","福懋油","109076","14417156","137.00","137.00","130.00","133.00","-5.0000","376"
"1227","佳格","359605","14105427","39.45","39.45","39.10","39.25","-0.2000","448"
"1229","聯華","576482","35528921","61.60","61.90","61.50","61.70","0.0000","1161"
"1231","聯華食","61985","6702176","108.00","109.00","107.50","109.00","1.0000","287"
"1232","大統益","92938","13811925","148.50","149.00","147.50","149.00","0.0000","189"
"1233","天仁","13058","433149","33.20","33.20","33.00","33.20","0.0000","17"
"1234","黑松","31944","1354116","42.50","42.50","42.20","42.50","0.0000","138"
"1235","興泰","10833","1660944","151.00","155.00","150.50","154.00","1.5000","63"
"1236","宏亞","16882","403769","23.55","24.25","23.55","23.95","0.2000","72"
"1256","鮮活果汁-KY","730199","130901258","172.00","184.50","171.50","177.50","9.5000","1982"
"1301","台塑","13555032","719719916","53.50","53.70","52.70","53.00","-0.5000","8744"
"1303","南亞","7050266","323643158","46.00","46.15","45.50","46.10","0.1000","4693"
"1304","台聚","2526639","40361324","16.15","16.25","15.65","16.25","0.1000","1655"
"1305","華夏","1581829","27606693","17.80","17.80","17.15","17.60","-0.2000","1000"
"1307","三芳","3161622","125262428","38.55","40.20","38.25","39.95","1.5000","2136"
"1308","亞聚","882277","16415117","18.85","18.85","18.45","18.75","-0.2500","1048"
"1309","台達化","6455330","137440780","21.50","21.70","20.90","21.70","0.0000","3568"
"1310","台苯","673368","8639639","13.00","13.00","12.75","12.90","-0.1000","625"
"1312","國喬","1667975","22371340","13.50","13.55","13.30","13.45","-0.0500","844"
"1312A","國喬特","","","","","","","0.0000",""
"1313","聯成","1823818","22368118","12.35","12.50","12.15","12.40","0.0500","904"
"1314","中石化","12432933","116807039","9.50","9.50","9.32","9.41","-0.0600","3156"
"1315","達新","27511","1955856","71.10","71.20","71.00","71.10","0.1000","31"
"1316","上曜","3124811","52544926","17.00","17.00","16.70","16.95","0.1000","1269"
"1319","東陽","5678925","588074438","106.50","108.00","102.50","103.50","-3.0000","4066"
"1321","大洋","467436","17468884","37.75","37.80","37.05","37.05","-0.5000","185"
"1323","永裕","35180","956505","27.20","27.25","27.15","27.25","0.0000","22"
"1324","地球","87701","1179233","13.40","13.55","13.30","13.40","0.0000","74"
"1325","恆大","107387","3000727","28.15","28.20","27.75","28.10","0.1000","95"
"1326","台化","6473258","279228536","43.45","43.50","42.70","43.35","-0.1000","3845"
"1337","再生-KY","3553022","27900072","7.98","8.15","7.55","7.63","0.1700","1818"
"1338","廣華-KY","210081","6956474","33.70","33.70","32.60","33.20","0.2500","205"
"1339","昭輝","96538","5663346","58.60","59.10","58.20","58.70","0.4000","100"
"1340","勝悅-KY","959323","10512098","10.65","11.40","10.55","10.75","0.2000","703"
"1341","富林-KY","13421","929549","67.20","70.00","67.20","69.40","1.0000","22"
"1342","八貫","110555","10558473","95.50","96.00","95.00","95.70","-0.8000","466"
"1402","遠東新","12495189","485744213","38.45","39.15","38.25","39.00","0.6000","5291"
"1409","新纖","1777146","28684228","16.20","16.35","16.05","16.20","-0.0500","771"
"1410","南染","33009","1215134","36.75","37.10","36.70","36.85","-0.1000","29"
"1413","宏洲","57300","568776","10.00","10.00","9.80","9.98","-0.0100","27"
"1414","東和","261725","5958505","22.95","23.00","22.40","22.90","0.1000","226"
"1416","廣豐","908501","12111442","13.25","13.50","13.20","13.35","0.1000","393"
"1417","嘉裕","1134695","11707833","10.20","10.40","10.15","10.35","0.2000","1970"
"1418","東華","21162","707478","33.50","34.00","32.60","33.25","0.5500","30"
"1419","新紡","11340","549444","48.15","48.60","48.15","48.60","-0.0500","31"
"1423","利華","73223","3308086","45.40","45.40","44.95","45.00","-0.3000","118"
"1432","大魯閣","440694","8279377","18.75","18.90","18.65","18.85","0.2000","466"
"1434","福懋","1116192","22994094","20.90","20.90","20.45","20.70","-0.2500","967"
"1435","中福","1336","60474","45.20","45.20","45.20","45.20","-3.3000","15"
"1436","華友聯","564266","77019356","139.50","141.00","134.00","136.00","-4.0000","623"
"1437","勤益控","162213","5873370","36.65","36.65","35.85","35.95","-0.3000","165"
"1438","三地開發","221739","13571023","61.70","62.00","60.70","61.40","-0.3000","185"
"1439","雋揚","57092","1759158","30.85","31.05","30.75","30.85","-0.4000","38"
"1440","南紡","888000","14471387","16.20","16.40","16.15","16.40","0.2000","473"
"1441","大東","31215","508303","16.50","16.50","16.15","16.15","-0.4000","150"
"1442","名軒","4676270","313859023","67.80","69.50","65.30","67.20","-0.4000","3315"
"1443","立益物流","15273","505309","32.60","33.30","32.60","33.30","0.0500","17"
"1444","力麗","542656","5106293","9.50","9.50","9.36","9.44","-0.0400","416"
"1445","大宇","110669","2136992","19.05","19.45","19.05","19.30","-0.0500","120"
"1446","宏和","747650","34103957","45.85","46.30","45.10","45.45","-0.1500","534"
"1447","力鵬","1728355","14650490","8.59","8.60","8.44","8.47","-0.1200","830"
"1449","佳和","252934","4637420","18.40","18.50","18.20","18.30","-0.1000","262"
"1451","年興","80774","1630145","20.20","20.30","20.10","20.25","-0.0500","142"
"1452","宏益","146113","2501673","17.20","17.20","17.00","17.15","0.0500","77"
"1453","大將","198168","3597360","18.40","18.40","17.90","18.30","-0.2000","183"
"1454","台富","49104","891587","18.20","18.35","18.05","18.15","-0.0500","37"
"1455","集盛","321991","3590131","11.25","11.25","11.10","11.20","0.0500","248"
"1456","怡華","20244","372248","18.30","18.60","18.25","18.25","-0.0500","25"
"1457","宜進","186408","3737406","20.15","20.15","20.00","20.05","-0.1500","106"
"1459","聯發","57314","581413","10.15","10.15","10.10","10.15","0.0000","49"
"1460","宏遠","357670","2618579","7.30","7.37","7.26","7.33","0.0300","130"
"1463","強盛新","208544","4924892","23.15","24.15","23.00","23.70","0.5500","124"
"1464","得力","443619","6366392","14.40","14.45","14.25","14.30","-0.1000","310"
"1465","偉全","434247","6791040","16.50","16.50","15.35","15.40","0.0500","321"
"1466","聚隆","385293","5149188","13.30","13.50","13.20","13.45","0.3000","180"
"1467","南緯","108100","1127918","10.50","10.50","10.40","10.40","-0.0500","142"
"1468","昶和","44000","629450","14.25","14.40","14.10","14.35","0.0000","41"
"1470","大統新創","7002","153142","21.70","21.95","21.65","21.95","-0.1500","8"
"1471","首利","164509","2206523","13.65","13.65","13.35","13.40","-0.1500","138"
"1472","三洋實業","15679","932418","59.80","60.00","59.20","60.00","0.2000","17"
"1473","台南","200047","7372182","37.00","37.00","36.65","37.00","0.1000","137"
"1474","弘裕","113550","1444565","12.70","12.80","12.65","12.80","0.0500","93"
"1475","業旺","103586","6330828","61.40","61.80","60.60","61.00","-0.8000","181"
"1476","儒鴻","368476","199875125","541.00","545.00","538.00","544.00","-1.0000","1149"
"1477","聚陽","3017149","1081380927","350.50","362.50","350.50","361.00","12.0000","2507"
"1503","士電","1583589","352059794","223.00","224.50","219.00","224.50","3.5000","2785"
"1504","東元","4913554","236124212","49.15","49.15","47.70","47.75","-1.0500","4031"
"1506","正道","64636","987161","15.35","15.35","15.20","15.20","-0.1500","33"
"1512","瑞利","15494","111013","7.43","7.43","7.14","7.20","0.0200","22"
"1513","中興電","8527648","1450578531","173.00","173.50","168.50","169.50","-3.0000","7444"
"1514","亞力","3029339","373404843","123.00","124.50","121.50","124.00","2.0000","2468"
"1515","力山","240387","8945601","37.30","37.55","37.10","37.10","-0.2000","246"
"1516","川飛","69066","1304607","19.10","19.15","18.70","19.15","0.0000","66"
"1517","利奇","173684","2764257","16.10","16.10","15.80","15.95","-0.1000","331"
"1519","華城","5145132","3284925804","635.00","651.00","622.00","649.00","20.0000","6716"
"1521","大億","27651","1082638","39.15","39.25","39.00","39.25","-0.2000","31"
"1522","堤維西","1813016","114574025","63.40","63.90","62.80","63.00","-0.1000","1388"
"1522A","堤維西甲特","1070","49434","46.20","46.20","46.20","46.20","0.0000","4"
"1524","耿鼎","2012250","71297019","35.90","35.90","35.25","35.30","-0.2500","1538"
"1525","江申","2010","138690","68.50","69.50","68.50","69.50","0.4000","3"
"1526","日馳","28214","810771","28.65","29.15","28.55","29.15","0.4500","53"
"1527","鑽全","414825","19365164","47.05","47.25","46.45","47.00","0.0000","403"
"1528","恩德","432980","5992843","14.00","14.05","13.70","13.75","-0.2000","329"
"1529","樂事綠能","376655","11255896","30.20","30.20","29.65","29.90","0.3000","506"
"1530","亞崴","81701","2675075","33.20","33.20","32.50","32.85","-0.1500","115"
"1531","高林股","116653","1709769","14.90","14.90","14.50","14.65","-0.1500","163"
"1532","勤美","1422957","54865875","39.20","39.20","38.40","38.50","-0.6500","1081"
"1533","車王電","425701","18154722","42.00","43.55","41.80","43.55","1.8500","444"
"1535","中宇","42551","2609355","61.80","61.80","61.10","61.70","-0.1000","104"
"1536","和大","1319697","75259144","57.50","57.90","56.60","57.00","-0.4000","1216"
"1537","廣隆","141366","21267309","150.50","152.00","149.00","151.50","1.5000","199"
"1538","正峰","5369","97317","18.65","18.65","17.25","18.30","0.1000","7"
"1539","巨庭","1083434","33476974","30.90","31.55","30.30","31.25","0.3500","738"
"1540","喬福","8396155","388455827","46.30","47.15","45.80","46.00","0.1000","5188"
"1541","錩泰","61398","2058715","33.65","33.75","33.40","33.75","-0.2000","83"
"1558","伸興","104609","12077566","115.00","116.50","115.00","116.50","1.0000","122"
"1560","中砂","1394601","432071921","310.00","313.50","304.50","311.00","1.0000","1822"
"1563","巧新","252503","15429337","62.20","62.20","60.80","61.40","-0.5000","224"
"1568","倉佑","171284","4918741","28.90","28.90","28.65","28.75","-0.0500","146"
"1582","信錦","1712159","177023594","104.50","105.00","102.50","103.50","-0.5000","1393"
"1583","程泰","67353","4180984","62.50","62.50","61.80","62.10","-0.2000","112"
"1587","吉茂","287283","12580746","44.20","44.60","43.25","43.95","-0.2500","293"
"1589","永冠-KY","172837","7620717","44.65","44.65","43.85","44.00","0.0000","356"
"1590","亞德客-KY","1417676","1319616213","919.00","966.00","913.00","915.00","2.0000","1812"
"1597","直得","2023013","197321741","97.80","99.70","96.20","96.60","-0.9000","2835"
"1598","岱宇","270593","7946053","28.90","29.60","28.90","29.30","0.3500","310"
"1603","華電","354420","13491021","38.05","38.40","37.95","37.95","-0.2500","239"
"1604","聲寶","211409","6003026","28.45","28.55","28.10","28.55","0.2000","195"
"1605","華新","9147047","317397002","35.15","35.25","34.40","35.00","0.0000","7240"
"1608","華榮","1174790","38724524","33.15","33.55","32.70","33.10","-0.1000","864"
"1609","大亞","4913645","247769164","51.20","51.20","50.00","50.70","0.0000","3629"
"1611","中電","760678","12992885","17.40","17.40","17.00","17.10","-0.2500","553"
"1612","宏泰","434074","14895584","34.35","34.55","34.15","34.45","0.0000","308"
"1614","三洋電","36910","1495653","40.50","40.70","40.50","40.55","-0.2000","29"
"1615","大山","193738","12166716","63.30","63.40","62.10","63.00","0.1000","362"
"1616","億泰","2369276","53636671","22.15","23.80","22.10","22.75","0.7500","1498"
"1617","榮星","409251","8959459","21.65","22.25","21.45","22.10","0.5500","285"
"1618","合機","1008846","47088082","48.00","48.00","46.20","46.60","-0.9000","913"
"1626","艾美特-KY","244170","4173417","17.50","17.50","16.85","16.85","-0.4500","523"
"1702","南僑","894425","49860380","56.20","56.50","55.40","55.90","0.2000","804"
"1707","葡萄王","206104","29764197","144.50","145.50","143.50","145.50","2.0000","272"
"1708","東鹼","1942396","79354126","41.55","41.55","40.50","40.90","-0.4500","1584"
"1709","和益","1236975","30315803","24.60","24.80","24.40","24.60","-0.0500","624"
"1710","東聯","992168","18570639","18.80","18.85","18.50","18.85","0.0500","603"
"1711","永光","14423619","377439195","26.80","26.80","25.75","26.40","-0.1000","7302"
"1712","興農","302180","12961171","42.80","43.05","42.80","43.05","0.1000","277"
"1713","國化","48466","2602903","54.30","54.30","53.50","53.80","-0.4000","55"
"1714","和桐","1299675","11670409","9.04","9.04","8.96","8.96","-0.0400","438"
"1717","長興","5282527","178895537","34.45","34.55","33.45","33.90","-0.2500","2719"
"1718","中纖","3321781","28134487","8.56","8.57","8.43","8.45","-0.0800","1287"
"1720","生達","172711","11142051","64.80","64.90","64.30","64.40","-0.1000","205"
"1721","三晃","4903714","125913727","25.80","26.20","25.00","25.60","0.3000","2932"
"1722","台肥","2616533","149158406","57.90","57.90","56.50","56.80","-1.2000","1821"
"1723","中碳","292456","29903244","102.00","103.00","101.50","103.00","1.5000","325"
"1725","元禎","115509","4701735","41.45","41.45","40.35","40.85","-0.3500","115"
"1726","永記","7107","565632","79.90","79.90","79.30","79.90","0.5000","35"
"1727","中華化","6721608","277595197","41.75","42.25","40.75","40.85","-0.9500","4143"
"1730","花仙子","30643","1649965","53.70","54.30","53.70","54.30","0.6000","97"
"1731","美吾華","113203","2722834","24.20","24.20","24.00","24.05","0.0500","84"
"1732","毛寶","558312","16284570","29.00","29.80","28.70","29.50","0.6000","352"
"1733","五鼎","58059","1727031","29.90","30.00","29.50","29.80","0.0000","104"
"1734","杏輝","309790","10128780","32.75","32.85","32.60","32.70","-0.0500","243"
"1735","日勝化","377497","9071417","24.30","24.95","23.70","23.90","-0.4000","393"
"1736","喬山","1706240","261237147","159.00","159.50","148.00","151.50","-6.0000","2074"
"1737","臺鹽","130798","4566912","35.10","35.10","34.85","34.90","-0.0500","366"
"1752","南光","40239","1793953","44.60","44.75","44.45","44.50","0.0000","45"
"1760","寶齡富錦","104426","9463955","91.90","92.00","89.80","90.40","-1.1000","376"
"1762","中化生","53641","2305458","43.10","43.10","42.75","42.90","-0.2000","250"
"1773","勝一","849047","147895009","177.50","179.00","171.50","174.50","-3.5000","6556"
"1776","展宇","906654","20619416","23.25","23.55","22.35","22.85","-0.5000","632"
"1783","和康生","56169","2385370","42.90","42.90","42.20","42.55","-0.1500","105"
"1786","科妍","903568","119460818","135.50","136.50","129.50","131.50","-0.5000","809"
"1789","神隆","249168","6352429","25.60","25.70","25.40","25.50","-0.2000","300"
"1795","美時","2110744","548342983","264.00","264.50","258.00","261.00","-2.0000","2911"
"1802","台玻","30585908","571188649","18.45","19.00","18.05","18.75","0.0500","10833"
"1805","寶徠","298631","5945342","20.15","20.15","19.75","20.00","-0.1500","181"
"1806","冠軍","867144","10491249","12.15","12.25","12.00","12.10","0.0000","434"
"1808","潤隆","2723899","144193625","53.30","53.60","52.50","52.80","-0.5000","2577"
"1809","中釉","5611459","130535262","22.40","23.70","22.00","23.15","0.8500","2789"
"1810","和成","874687","16876345","19.50","19.50","19.15","19.35","-0.0500","603"
"1817","凱撒衛","130146","5490193","42.00","42.40","41.95","42.30","0.1000","81"
"1903","士紙","165584","9263899","56.60","56.60","55.40","55.70","-1.3000","162"
"1904","正隆","2600911","63125600","24.70","24.70","24.05","24.45","-0.2000","1444"
"1905","華紙","3202357","68006941","21.70","21.70","21.05","21.10","-0.6000","2280"
"1906","寶隆","109821","1720973","15.65","15.90","15.60","15.90","0.0000","127"
"1907","永豐餘","1969765","65033596","33.20","33.25","32.60","33.25","0.1500","1224"
"1909","榮成","2827696","40977495","14.60","14.65","14.35","14.55","-0.1000","1100"
"2002","中鋼","28730641","668025978","23.50","23.50","23.05","23.35","0.2000","10538"
"2002A","中鋼特","4093","173979","42.50","42.50","42.50","42.50","-0.1000","7"
"2006","東和鋼鐵","1631826","129201567","79.20","79.50","78.90","79.40","0.2000","1548"
"2007","燁興","2879084","32739744","11.45","11.60","11.15","11.30","-0.2000","1406"
"2008","高興昌","132793","4293690","33.30","33.30","31.65","31.90","-0.8500","119"
"2009","第一銅","6267148","286286773","46.70","47.00","45.05","45.15","-1.4500","5185"
"2010","春源","457274","8415279","18.45","18.55","18.35","18.45","0.0500","298"
"2012","春雨","89113","2364519","26.60","26.65","26.40","26.50","-0.0500","87"
"2013","中鋼構","47969","2618794","55.70","55.70","54.00","55.10","0.5000","71"
"2014","中鴻","44154691","999515129","22.55","22.95","22.10","22.95","0.4000","17521"
"2015","豐興","447481","37529388","85.60","85.60","82.80","83.30","-1.7000","2050"
"2017","官田鋼","904798","11764585","13.15","13.15","12.90","13.10","0.0000","525"
"2020","美亞","442609","13133667","30.05","30.05","29.55","29.70","-0.3000","350"
"2022","聚亨","2060228","21499339","10.70","10.70","10.35","10.35","-0.2500","905"
"2023","燁輝","2230215","35501726","16.00","16.10","15.70","16.05","0.2000","1076"
"2024","志聯","36556","802578","22.30","22.30","21.30","21.75","-0.4500","68"
"2025","千興","503103","5828116","11.70","11.80","11.50","11.65","0.0000","586"
"2027","大成鋼","3845732","134436923","34.55","35.30","34.50","35.30","0.6500","2403"
"2028","威致","1233055","32798553","27.45","27.50","26.20","26.40","-1.1000","859"
"2029","盛餘","480476","12786555","26.60","26.85","26.30","26.80","0.3000","297"
"2030","彰源","1871143","35582325","19.30","19.40","18.75","19.15","-0.1000","1038"
"2031","新光鋼","867010","52307945","60.60","61.00","60.00","60.10","-0.3000","1495"
"2032","新鋼","620468","10521927","17.15","17.40","16.75","17.05","-0.0500","350"
"2033","佳大","303360","6980538","23.00","23.20","22.85","23.10","0.1000","211"
"2034","允強","1221783","30326420","24.75","24.95","24.55","24.80","0.4000","722"
"2038","海光","2527207","48741530","19.65","19.70","18.95","19.20","-0.2000","1348"
"2049","上銀","2133871","455216604","213.00","218.00","210.00","214.50","0.5000","2326"
"2059","川湖","1361357","1479699705","1110.00","1120.00","1065.00","1090.00","-10.0000","3215"
"2062","橋椿","3730855","152949145","41.05","41.40","40.35","41.35","0.6000","2622"
"2069","運錩","589335","11744175","20.00","20.20","19.75","20.00","0.0000","356"
"2101","南港","1343490","65337063","49.50","49.50","48.35","48.60","-0.6000","999"
"2102","泰豐","556095","12175669","22.10","22.10","21.75","21.90","-0.2000","195"
"2103","台橡","1726046","41004030","23.90","23.90","23.65","23.75","-0.0500","773"
"2104","國際中橡","1397322","23018896","16.45","16.70","16.25","16.60","0.1000","690"
"2105","正新","6480634","334008412","51.80","51.90","51.00","51.50","-0.3000","3894"
"2106","建大","1461648","44851226","31.30","31.30","30.45","30.75","-0.3500","1061"
"2107","厚生","111800","2876800","25.80","25.85","25.50","25.75","-0.0500","173"
"2108","南帝","544363","20159013","37.65","37.65","36.60","37.20","-0.4000","934"
"2109","華豐","338305","6346005","18.65","18.90","18.65","18.75","-0.1500","183"
"2114","鑫永銓","41136","3905501","94.10","96.00","93.70","96.00","2.0000","59"
"2115","六暉-KY","46545","1451957","31.25","31.30","31.15","31.30","0.0000","232"
"2201","裕隆","2861890","171166598","60.40","60.40","59.40","59.80","-0.2000","2501"
"2204","中華","2025164","147985751","73.80","73.80","72.40","72.70","-1.1000","1532"
"2206","三陽工業","1226272","89299080","73.10","73.50","72.50","72.80","-0.2000","1203"
"2207","和泰車","195493","135340836","709.00","709.00","685.00","695.00","-14.0000","716"
"2208","台船","2473605","44068427","17.70","18.10","17.55","17.90","0.2500","956"
"2211","長榮鋼","385192","45608293","118.50","119.50","117.00","119.00","0.5000","468"
"2227","裕日車","56653","7045273","125.50","125.50","122.00","124.50","0.0000","84"
"2228","劍麟","846569","96990827","116.00","117.00","113.50","114.50","-1.5000","831"
"2231","為升","2219186","229211171","100.50","105.50","100.00","104.00","4.5000","2314"
"2233","宇隆","1428353","232782784","166.50","168.50","161.00","162.50","-4.0000","1467"
"2236","百達-KY","207782","22123072","106.00","107.50","106.00","106.00","-1.0000","164"
"2239","英利-KY","182848","8576054","48.00","48.00","46.15","46.40","-0.7500","178"
"2241","艾姆勒","1079137","36038537","33.80","34.00","33.00","33.55","0.4500","733"
"2243","宏旭-KY","9459743","267724748","29.20","29.80","27.15","28.45","0.0000","5923"
"2247","汎德永業","76483","22158534","291.00","291.00","289.00","289.00","-1.5000","171"
"2250","IKKA-KY","609116","60543727","102.50","103.00","98.40","98.60","-3.4000","543"
"2254","巨鎧精密-創","211000","16575900","85.00","85.00","77.00","78.10","-7.4000","132"
"2258","鴻華先進-創","463500","21220950","46.20","46.30","45.20","45.35","-0.8500","242"
"2301","光寶科","5761377","582580234","100.00","102.00","100.00","101.50","2.0000","3020"
"2302","麗正","145640","2617411","18.15","18.20","17.85","17.95","-0.2000","112"
"2303","聯電","24979119","1343617543","53.60","54.20","53.60","53.70","-0.1000","6872"
"2305","全友","281607","5789102","20.80","20.80","20.30","20.55","-0.1500","192"
"2308","台達電","5948958","2280488032","379.50","388.00","379.50","384.50","4.0000","5756"
"2312","金寶","7669524","165451089","21.80","22.00","21.35","21.50","-0.2000","3586"
"2313","華通","8329554","568200835","68.50","68.90","67.70","68.40","0.1000","5573"
"2314","台揚","449220","13306897","29.95","29.95","29.50","29.55","-0.4000","481"
"2316","楠梓電","7978898","400665427","51.30","52.10","49.15","49.50","-1.1000","7001"
"2317","鴻海","34179680","6404439357","189.00","190.00","185.50","187.00","-0.5000","33122"
"2321","東訊","1065","15691","14.75","14.75","14.75","14.75","0.5000","5"
"2323","中環","2665264","32518882","12.25","12.30","12.15","12.25","0.0500","1189"
"2324","仁寶","25766403","881877330","33.60","34.50","33.50","34.50","1.2000","8856"
"2327","國巨","1658092","1028729225","623.00","629.00","616.00","620.00","-3.0000","3235"
"2328","廣宇","906355","31816239","35.30","35.45","34.65","35.45","0.2000","993"
"2329","華泰","1824329","73748613","40.65","40.85","40.10","40.40","0.1500","1250"
"2330","台積電","27545267","26771449381","967.00","977.00","967.00","972.00","15.0000","37854"
"2331","精英","1363892","34056747","25.15","25.25","24.65","24.95","-0.1000","759"
"2332","友訊","1343399","25715647","19.35","19.35","19.00","19.25","-0.1000","853"
"2337","旺宏","5239196","139970954","26.95","27.10","26.50","26.60","-0.2000","2858"
"2338","光罩","608091","35622375","58.70","59.10","58.00","59.10","0.8000","479"
"2340","台亞","1569134","59033497","37.40","37.90","37.15","37.80","0.6500","1138"
"2342","茂矽","421776","14159196","34.30","34.30","33.30","33.30","-0.7000","929"
"2344","華邦電","20264517","426642897","21.35","21.45","20.90","21.00","-0.3500","8003"
"2345","智邦","2313696","1213298065","532.00","536.00","517.00","524.00","-8.0000","2533"
"2347","聯強","7574786","538990691","72.50","73.00","70.60","70.60","-1.9000","6603"
"2348","海悅","1369983","234533669","174.00","176.00","169.00","172.00","-3.5000","1801"
"2348A","海悅甲特","9500","331549","35.00","35.00","34.70","34.70","-0.3000","9"
"2349","錸德","7179559","115002257","16.10","16.20","15.90","15.95","-0.1000","2437"
"2351","順德","5138758","743564413","148.50","150.00","141.50","142.00","-4.5000","3456"
"2352","佳世達","3150138","117311122","37.50","37.60","37.00","37.50","0.0000","1680"
"2353","宏碁","28119551","1181595979","41.25","42.60","41.05","42.25","1.4500","11467"
"2354","鴻準","4033657","266467140","66.70","66.90","65.50","65.90","-0.5000","3285"
"2355","敬鵬","1368091","56111373","41.30","41.30","40.85","41.00","-0.1000","872"
"2356","英業達","15410700","680832705","43.50","44.80","43.50","44.40","1.3000","8145"
"2357","華碩","3374205","1908465345","555.00","577.00","553.00","572.00","19.0000","3922"
"2359","所羅門","4098877","607378681","150.00","151.50","146.50","147.00","-3.0000","3641"
"2360","致茂","1499150","565621208","375.00","383.00","371.00","378.00","4.5000","1527"
"2362","藍天","9488850","581778814","60.30","62.70","60.30","61.00","0.2000","7205"
"2363","矽統","24354478","1735334451","71.50","73.50","69.70","70.40","-0.6000","17298"
"2364","倫飛","1887231","194202334","101.00","107.50","100.00","101.00","1.5000","1607"
"2365","昆盈","5199454","277932596","53.50","54.40","52.90","53.90","-0.1000","4485"
"2367","燿華","8204101","279894170","34.55","34.70","33.85","33.85","-0.6500","4396"
"2368","金像電","3374185","666809563","200.50","201.50","196.50","197.00","-1.0000","3124"
"2369","菱生","622826","11776326","18.95","19.15","18.80","19.00","0.0000","463"
"2371","大同","14198848","682294963","49.20","49.25","47.65","48.10","-1.0500","7531"
"2373","震旦行","24781","1704722","68.70","69.00","68.70","69.00","-0.1000","154"
"2374","佳能","4195921","199271393","47.50","48.30","46.25","47.50","0.5000","2889"
"2375","凱美","157903","10499229","66.80","67.00","66.10","67.00","0.0000","158"
"2376","技嘉","4119105","1073851597","260.00","264.50","258.00","258.00","-0.5000","5006"
"2377","微星","2686315","467261783","174.50","175.50","172.00","175.00","1.0000","2063"
"2379","瑞昱","2119158","1005312911","471.50","479.00","471.00","473.50","2.5000","2687"
"2380","虹光","76597","492343","6.49","6.49","6.33","6.46","0.0000","168"
"2382","廣達","13637619","3658603508","268.50","271.50","266.00","268.00","4.0000","13618"
"2383","台光電","7315793","3237158223","451.50","456.50","437.50","442.00","-5.0000","9181"
"2385","群光","5901185","948701838","165.00","166.50","158.50","158.50","-5.5000","5226"
"2387","精元","191125","10753690","56.10","56.50","56.10","56.30","0.4000","173"
"2388","威盛","11761982","1549602235","131.00","134.00","129.50","134.00","3.0000","7650"
"2390","云辰","242221","3260087","13.45","13.55","13.40","13.55","-0.0500","304"
"2392","正崴","1815456","116249001","64.20","65.00","63.60","64.00","-0.3000","1315"
"2393","億光","2702624","202194932","75.10","76.00","74.00","75.40","-0.6000","2251"
"2395","研華","1265367","404357694","320.00","323.00","318.00","319.00","-2.5000","2419"
"2397","友通","141612","10815164","77.00","77.00","75.60","76.30","-0.6000","213"
"2399","映泰","59372069","1894458223","30.45","32.90","30.30","32.00","1.9000","30106"
"2401","凌陽","1861337","58874023","32.15","32.15","31.45","31.45","-0.2000","1329"
"2402","毅嘉","7170478","304190455","41.30","43.25","41.20","42.95","1.7000","5132"
"2404","漢唐","1338638","421792524","324.00","324.00","312.00","312.00","-7.0000","2525"
"2405","輔信","2035393","40597418","20.05","20.15","19.80","20.10","0.2000","1051"
"2406","國碩","10263520","212320874","20.30","21.00","20.10","20.80","0.7000","4594"
"2408","南亞科","9547143","444852467","47.35","47.60","46.20","46.25","-1.1000","6178"
"2409","友達","14519872","245844225","17.10","17.15","16.80","17.00","-0.0500","4352"
"2412","中華電","5728884","720027724","125.50","126.00","125.00","126.00","0.5000","2605"
"2413","環科","67024","1409396","21.15","21.40","20.90","21.10","0.0500","71"
"2414","精技","99847","3544964","35.70","35.70","35.40","35.40","-0.3500","89"
"2415","錩新","907321","26781891","30.05","30.20","29.20","29.20","-0.9000","947"
"2417","圓剛","924628","40988746","44.80","44.90","43.80","44.60","0.1000","712"
"2419","仲琦","492541","15301857","30.85","31.40","30.80","31.05","0.2000","458"
"2420","新巨","2413118","187002950","77.00","78.30","76.40","77.90","2.1000","2434"
"2421","建準","1222745","114207754","93.20","94.20","92.70","93.60","1.2000","1045"
"2423","固緯","262522","10338024","39.25","39.70","39.00","39.70","0.5000","209"
"2424","隴華","182377","11820426","59.90","65.70","59.90","65.70","5.9000","116"
"2425","承啟","4771592","210057818","43.80","45.05","42.60","43.75","0.5500","3343"
"2426","鼎元","3653075","81725759","22.70","22.90","22.10","22.25","-0.6000","1957"
"2427","三商電","350054","9108082","26.20","26.20","25.95","25.95","-0.2000","265"
"2428","興勤","160632","27875194","175.50","176.00","172.00","174.50","0.5000","1372"
"2429","銘旺科","289740","8367629","29.40","29.45","28.65","28.95","-0.3500","255"
"2430","燦坤","40370","1369599","33.80","34.15","33.80","33.90","0.1000","66"
"2431","聯昌","246341","3247062","13.30","13.30","13.00","13.20","-0.1000","165"
"2432","倚天酷碁-創","","","","","","","0.0000",""
"2433","互盛電","35508","1799604","50.70","51.00","50.40","51.00","0.2000","37"
"2434","統懋","53354","1731538","32.30","33.10","32.30","32.75","0.4000","16"
"2436","偉詮電","6023918","389177522","64.40","65.50","63.60","64.50","1.2000","4434"
"2438","翔耀","231006","10681932","46.60","47.75","45.00","47.00","-0.1000","210"
"2439","美律","1283659","166277240","130.50","131.50","128.50","129.00","-1.0000","1259"
"2440","太空梭","231497","3363359","14.70","14.75","14.30","14.75","0.1000","162"
"2441","超豐","554945","32256596","58.80","58.80","57.90","58.10","-0.4000","525"
"2442","新美齊","754055","20614931","27.60","27.60","27.20","27.45","0.0000","571"
"2444","兆勁","336232","4887674","14.80","14.80","14.45","14.55","-0.1500","146"
"2449","京元電子","13668960","1535762479","114.00","115.50","110.00","112.00","-0.5000","8665"
"2450","神腦","105373","3762972","35.85","36.20","35.45","35.70","-0.1500","107"
"2451","創見","1429130","144831093","103.50","104.00","100.00","100.50","-2.5000","1396"
"2453","凌群","159553","8602421","54.60","54.60","53.70","54.00","0.0000","132"
"2454","聯發科","6135719","7420510900","1195.00","1230.00","1190.00","1210.00","35.0000","8264"
"2455","全新","29053213","4950092182","172.00","179.50","160.50","164.00","-2.0000","21961"
"2457","飛宏","2267052","95069157","41.40","42.60","41.00","42.30","1.4500","2238"
"2458","義隆","1019507","145905646","143.00","144.50","142.00","143.50","1.0000","997"
"2459","敦吉","26569","1886186","71.00","71.30","70.90","71.10","-0.3000","167"
"2460","建通","153916","4504057","29.60","29.75","29.00","29.40","-0.3000","236"
"2461","光群雷","313713","6959321","22.45","22.45","22.10","22.10","-0.3500","213"
"2462","良得電","111646","3527078","31.75","31.80","31.30","31.70","-0.0500","112"
"2464","盟立","3782245","305813882","81.20","81.70","80.40","80.70","-0.1000","3604"
"2465","麗臺","803155","73504535","88.90","94.40","88.00","92.00","2.8000","902"
"2466","冠西電","15236","549138","36.65","36.65","35.40","36.40","0.3500","15"
"2467","志聖","1086660","232776378","213.00","216.50","211.50","216.00","4.0000","1303"
"2468","華經","71001","1636173","23.15","23.15","23.00","23.05","-0.2500","50"
"2471","資通","34289","1683138","49.35","49.35","48.95","49.20","-0.1500","64"
"2472","立隆電","448483","33531682","75.40","75.60","74.50","74.90","-0.3000","542"
"2474","可成","1482348","352980884","238.00","239.50","235.50","239.50","3.0000","2200"
"2476","鉅祥","1086940","98978166","91.70","92.50","90.10","90.90","-0.1000","984"
"2477","美隆電","1359931","40631865","30.25","30.50","29.35","30.50","0.5000","1060"
"2478","大毅","108610","5673329","53.20","53.20","52.00","52.20","-0.7000","118"
"2480","敦陽科","93930","11603800","124.50","124.50","123.00","123.00","-1.5000","219"
"2481","強茂","1843289","107835801","58.10","59.10","57.90","58.60","0.5000","1962"
"2482","連宇","212737","6472863","31.00","31.00","30.15","30.60","-0.2500","283"
"2483","百容","27754","658891","23.85","23.90","23.60","23.85","0.0000","36"
"2484","希華","118095","3499257","29.65","29.80","29.50","29.80","0.1000","160"
"2485","兆赫","320151","5691788","17.85","17.95","17.65","17.95","0.1000","378"
"2486","一詮","11318016","1145769093","101.00","103.00","100.00","101.00","1.0000","6366"
"2488","漢平","587636","28272234","47.90","48.30","47.90","48.15","-0.3000","283"
"2489","瑞軒","7159147","155025080","22.20","22.25","21.45","21.70","-0.3000","9445"
"2491","吉祥全","33118","454265","13.65","13.80","13.65","13.80","0.0000","33"
"2492","華新科","658092","70513902","108.00","109.00","106.50","107.00","-1.0000","660"
"2493","揚博","142688","12444378","87.50","88.00","86.80","86.80","-0.7000","211"
"2495","普安","2911123","99364655","34.05","34.90","33.80","34.35","0.1000","1975"
"2496","卓越","11676","879965","75.30","75.60","75.20","75.40","0.1000","70"
"2497","怡利電","7457796","643519810","88.20","88.80","84.70","85.40","-2.2000","8419"
"2498","宏達電","54843804","2750667088","48.85","52.00","47.80","52.00","4.6500","28460"
"2501","國建","833083","21029139","25.45","25.50","25.10","25.35","-0.1000","741"
"2504","國產","6450130","328410823","51.70","52.20","50.50","50.80","-1.5000","3931"
"2505","國揚","372548","8485797","23.25","23.40","22.50","22.55","-0.7000","329"
"2506","太設","140390","1565337","11.25","11.25","11.10","11.10","-0.1500","102"
"2509","全坤建","241238","4750928","19.95","19.95","19.60","19.70","-0.3000","218"
"2511","太子","1106085","11827647","10.80","10.85","10.65","10.65","-0.2000","436"
"2514","龍邦","300566","6036470","20.25","20.25","19.95","20.15","0.0500","205"
"2515","中工","5550107","67406195","12.20","12.25","12.10","12.20","0.0000","1710"
"2516","新建","226245","2684612","11.95","11.95","11.85","11.90","-0.0500","73"
"2520","冠德","3717807","178970599","49.15","49.15","47.70","48.15","-0.4500","2073"
"2524","京城","1637357","156323705","97.40","98.50","94.40","94.40","-2.8000","1420"
"2527","宏璟","187124","6305598","34.20","34.20","33.50","33.50","-0.7000","223"
"2528","皇普","439257","17304763","40.05","40.05","39.00","39.60","-0.4000","314"
"2530","華建","493569","19494526","39.10","39.80","39.10","39.60","0.2000","382"
"2534","宏盛","459238","11689874","25.55","25.60","25.35","25.50","-0.2000","262"
"2535","達欣工","294306","14754281","50.30","50.30","50.00","50.10","-0.2000","336"
"2536","宏普","451488","14010106","31.05","31.30","30.75","31.05","-0.1000","99"
"2537","聯上發","1548797","26200961","17.05","17.15","16.80","17.00","0.0000","729"
"2538","基泰","331937","5716193","17.25","17.30","17.15","17.25","0.0500","182"
"2539","櫻花建","1178053","58272059","49.80","50.00","49.25","49.80","0.0000","965"
"2540","愛山林","1592056","168457703","108.50","109.00","104.50","105.00","-3.0000","1534"
"2542","興富發","4769009","213388974","45.20","45.45","44.50","44.60","-0.5000","4234"
"2543","皇昌","24982468","2165212194","84.40","90.70","82.60","90.00","7.5000","21264"
"2545","皇翔","615035","36142939","59.60","59.60","58.40","58.60","-0.8000","718"
"2546","根基","102197","7536614","74.00","74.00","73.20","73.80","-0.5000","241"
"2547","日勝生","1003318","10296482","10.30","10.40","10.20","10.30","-0.0500","357"
"2548","華固","761209","102314743","133.50","135.50","132.00","135.50","2.5000","801"
"2597","潤弘","592196","84011854","145.00","145.00","140.00","141.00","-5.5000","1060"
"2601","益航","5084432","41264940","8.10","8.18","8.03","8.11","0.0500","1779"
"2603","長榮","16057226","3288551612","204.00","207.00","203.00","204.50","3.5000","10274"
"2605","新興","22681056","676719108","29.70","30.45","29.50","29.60","-0.3000","10214"
"2606","裕民","9206233","517376063","56.10","56.90","55.00","56.60","0.8000","5446"
"2607","榮運","512981","15941749","31.15","31.15","30.90","31.15","0.1000","291"
"2608","嘉里大榮","71298","2831493","39.75","39.90","39.60","39.75","0.0000","169"
"2609","陽明","60124019","4243108277","70.10","71.70","69.70","70.50","1.5000","34967"
"2610","華航","15976653","346637652","21.50","21.90","21.45","21.90","0.4000","5858"
"2611","志信","650778","15837458","24.25","24.55","24.20","24.25","0.1500","477"
"2612","中航","1435124","69202489","47.80","48.70","47.30","48.70","0.1500","1295"
"2613","中櫃","20661144","815918230","36.70","40.30","36.70","38.55","1.9000","10605"
"2614","東森","293810","5675770","19.40","19.40","19.25","19.35","-0.0500","356"
"2615","萬海","69390810","6970075767","100.00","103.50","97.90","99.20","1.2000","36756"
"2616","山隆","176707","3739846","21.50","21.50","21.00","21.15","-0.3500","347"
"2617","台航","593020","19405685","32.60","33.00","32.60","32.75","0.1500","432"
"2618","長榮航","28107650","1054428881","37.50","37.80","37.10","37.80","0.3000","12200"
"2630","亞航","400134","13642003","34.50","34.65","33.95","34.00","-0.4000","417"
"2633","台灣高鐵","1901163","56172908","29.60","29.70","29.45","29.65","0.0500","1021"
"2634","漢翔","1859738","89444045","48.50","48.55","47.90","48.00","-0.2000","1195"
"2636","台驊控股","851115","76765389","88.60","90.90","88.60","90.10","1.2000","745"
"2637","慧洋-KY","14816602","1159138337","77.70","79.50","77.00","79.00","2.7000","10674"
"2642","宅配通","22718","791656","34.80","34.90","34.75","34.90","-0.0500","138"
"2645","長榮航太","318772","30984824","97.90","97.90","97.00","97.20","-0.5000","387"
"2701","萬企","43252","549106","12.65","12.75","12.65","12.75","0.0000","74"
"2702","華園","59041","1048823","17.80","17.80","17.65","17.80","-0.0500","269"
"2704","國賓","75515","4718276","62.90","62.90","62.00","62.90","0.6000","80"
"2705","六福","461523","8180240","17.85","17.85","17.65","17.80","0.0000","450"
"2706","第一店","78333","1177920","15.10","15.15","14.95","15.00","-0.0500","225"
"2707","晶華","104562","21238727","203.00","204.50","202.00","204.00","1.0000","1439"
"2712","遠雄來","2000","53000","26.50","26.50","26.50","26.50","-0.0500","2"
"2722","夏都","79047","3370556","42.55","43.20","42.30","43.05","0.5500","87"
"2723","美食-KY","945966","85879858","90.60","91.40","89.50","91.20","0.6000","1299"
"2727","王品","350943","78201660","221.00","224.00","221.00","223.50","2.5000","839"
"2731","雄獅","455062","59237088","131.00","131.50","129.50","131.00","0.5000","489"
"2739","寒舍","208344","11713050","57.10","57.10","55.90","56.00","-0.6000","467"
"2748","雲品","228427","13918574","61.90","62.00","60.40","61.00","-0.6000","594"
"2753","八方雲集","116399","17408378","149.50","150.00","148.50","150.00","0.0000","213"
"2762","世界健身-KY","127537","11634031","91.70","92.50","90.50","90.50","-1.3000","694"
"2801","彰銀","15917701","282229906","17.90","17.90","17.65","17.70","-0.2000","4237"
"2809","京城銀","2960489","167798250","56.90","57.30","55.80","56.30","0.3000","1799"
"2812","台中銀","3025750","55379409","18.45","18.50","18.20","18.30","-0.1000","1805"
"2816","旺旺保","134571","4413184","33.00","33.00","32.70","32.75","-0.2000","103"
"2820","華票","312098","4681081","15.00","15.05","14.95","15.05","0.0500","244"
"2832","台產","153290","4318997","28.15","28.30","28.15","28.15","-0.2500","134"
"2834","臺企銀","12385295","195866183","15.95","15.95","15.70","15.85","-0.1000","4221"
"2836","高雄銀","1048869","12475661","11.95","11.95","11.85","11.85","-0.1000","802"
"2836A","高雄銀甲特","8000","170400","21.30","21.35","21.25","21.35","0.0000","6"
"2838","聯邦銀","672723","10361014","15.50","15.50","15.35","15.45","-0.0500","417"
"2838A","聯邦銀甲特","14054","735828","52.40","52.40","52.30","52.40","0.0000","12"
"2845","遠東銀","5148030","71012922","13.95","13.95","13.75","13.75","-0.1500","1895"
"2849","安泰銀","107736","1640480","15.25","15.30","15.15","15.30","0.0000","57"
"2850","新產","163730","15272544","94.60","94.60","92.90","93.70","-0.2000","378"
"2851","中再保","1132561","29429158","26.05","26.10","25.85","26.05","0.0500","542"
"2852","第一保","385457","8677011","22.65","22.70","22.40","22.55","-0.1500","281"
"2855","統一證","2055389","54634947","27.00","27.00","26.30","26.70","-0.3000","1719"
"2867","三商壽","12525584","93813563","7.58","7.58","7.46","7.47","-0.1000","3080"
"2880","華南金","7369845","188376458","25.75","25.80","25.40","25.60","-0.1000","3877"
"2881","富邦金","16336381","1474777939","90.80","91.10","89.70","90.70","0.3000","7657"
"2881A","富邦特","60104","3720736","61.90","62.00","61.90","62.00","0.1000","24"
"2881B","富邦金乙特","2631","157516","59.90","60.00","59.90","60.00","0.0000","19"
"2881C","富邦金丙特","57212","2996635","52.30","52.40","52.30","52.40","0.1000","46"
"2882","國泰金","12079416","803632125","66.90","67.10","66.20","66.70","0.2000","10520"
"2882A","國泰特","53080","3211240","60.40","60.50","60.40","60.50","0.0000","8"
"2882B","國泰金乙特","127394","7333776","57.60","57.70","57.50","57.50","-0.2000","45"
"2883","開發金","26108694","428117664","16.55","16.60","16.30","16.45","-0.0500","4988"
"2883B","開發金乙特","754930","5653437","7.49","7.50","7.48","7.50","0.0000","154"
"2884","玉山金","20163936","572222161","28.10","28.65","27.90","28.65","0.6000","10893"
"2885","元大金","12340591","390284948","31.70","31.90","31.50","31.50","-0.2000","4227"
"2886","兆豐金","7076403","278743135","39.40","39.55","39.20","39.45","0.1500","3872"
"2887","台新金","35472148","649350605","18.30","18.40","18.25","18.40","0.0000","8909"
"2887E","台新戊特","58004","2964304","51.10","51.20","51.00","51.10","-0.1000","55"
"2887F","台新戊特二","6150","283555","46.10","46.20","46.05","46.20","0.0500","7"
"2887Z1","台新己特","7693","123864","16.10","16.10","16.10","16.10","0.0000","22"
"2888","新光金","213046685","2548649464","12.00","12.05","11.90","11.90","-0.1500","11455"
"2888A","新光金甲特","53751","1938352","36.10","36.15","36.00","36.15","0.0500","26"
"2888B","新光金乙特","80391","2900663","36.15","36.15","36.05","36.05","-0.0500","34"
"2889","國票金","7260660","109492983","15.15","15.15","14.95","15.15","0.0000","2750"
"2890","永豐金","12062484","290363727","24.25","24.35","23.95","23.95","-0.3000","5807"
"2891","中信金","31599882","1091598290","34.45","34.70","34.40","34.70","0.3000","9730"
"2891B","中信金乙特","3023","182889","60.50","60.50","60.50","60.50","0.0000","3"
"2891C","中信金丙特","1178","67109","57.00","57.00","57.00","57.00","0.3000","3"
"2892","第一金","10854350","296057730","27.40","27.50","27.20","27.25","-0.1500","4956"
"2897","王道銀行","2874111","28922512","10.10","10.10","10.05","10.10","0.0500","612"
"2897A","王道銀甲特","71993","737927","10.25","10.25","10.25","10.25","0.0000","32"
"2897B","王道銀乙特","1221198","14135223","11.60","11.60","11.55","11.55","-0.0500","335"
"2901","欣欣","16123","450019","27.55","28.40","27.50","28.10","0.1500","82"
"2903","遠百","1210992","32909619","27.20","27.35","26.90","27.35","0.2000","707"
"2904","匯僑","16976","315227","18.55","18.60","18.40","18.60","0.0000","34"
"2905","三商","795468","14343442","18.05","18.15","17.95","18.10","0.0500","763"
"2906","高林","246401","4646794","19.10","19.10","18.75","18.80","-0.2500","149"
"2908","特力","338348","6947527","20.65","20.65","20.45","20.60","-0.0500","101"
"2910","統領","57000","1562550","27.45","27.55","27.35","27.35","-0.2500","27"
"2911","麗嬰房","961424","9643762","9.51","10.05","9.18","10.05","0.9100","548"
"2912","統一超","1126541","332633272","296.50","297.00","290.50","297.00","2.0000","5476"
"2913","農林","4979118","109417246","22.65","22.65","21.65","21.80","-0.8000","2147"
"2915","潤泰全","1938535","150987606","78.40","78.60","77.40","78.10","0.1000","1653"
"2923","鼎固-KY","110993","4174090","39.75","40.20","36.15","36.70","-3.0500","303"
"2929","淘帝-KY","12547551","142920783","11.40","12.10","10.75","11.30","0.2500","4905"
"2939","永邑-KY","62250","2007048","34.35","34.35","31.75","31.95","-0.7000","64"
"2945","三商家購","8111","336833","41.75","41.75","41.15","41.25","-0.1000","20"
"3002","歐格","128777","2021356","15.75","15.90","15.50","15.90","0.3000","69"
"3003","健和興","1011766","88101631","87.20","88.70","86.50","87.00","-1.0000","1009"
"3004","豐達科","41584","3877340","92.80","93.70","92.80","93.20","0.3000","52"
"3005","神基","1843648","205514880","112.00","113.00","110.50","112.00","0.5000","1349"
"3006","晶豪科","1344076","97120971","73.40","73.60","71.60","72.20","-0.5000","1929"
"3008","大立光","772709","2016977515","2565.00","2625.00","2565.00","2625.00","85.0000","2656"
"3010","華立","712504","90858862","128.50","129.00","126.50","128.00","-0.5000","711"
"3011","今皓","293634","8174209","28.20","28.30","27.65","27.80","-0.1500","226"
"3013","晟銘電","20392761","2705346182","135.50","137.50","129.50","130.50","-4.5000","13257"
"3014","聯陽","653306","92099821","142.50","142.50","140.00","142.00","1.0000","549"
"3015","全漢","274965","16368691","59.80","60.80","58.80","59.20","-0.6000","641"
"3016","嘉晶","194826","11655826","59.90","60.50","59.40","59.90","-0.5000","291"
"3017","奇鋐","8197085","4863960856","598.00","606.00","582.00","585.00","-5.0000","10081"
"3018","隆銘綠能","145896","4343757","29.80","30.30","29.00","29.00","-0.7000","77"
"3019","亞光","9726771","1110242493","114.50","117.50","112.00","114.00","0.0000","6976"
"3021","鴻名","860217","25804708","30.40","30.65","29.70","29.75","-0.6500","615"
"3022","威強電","1065285","82752072","76.20","79.00","76.00","77.90","1.7000","777"
"3023","信邦","333799","99036219","301.00","303.50","295.00","295.50","-5.0000","11021"
"3024","憶聲","743992","14230050","19.10","19.35","18.95","19.35","0.3000","358"
"3025","星通","7889831","551055604","64.80","71.10","64.80","71.10","6.4000","5047"
"3026","禾伸堂","126875","11580223","91.30","91.50","90.60","91.50","0.2000","698"
"3027","盛達","4903756","188713453","35.70","39.05","35.70","38.50","3.0000","2471"
"3028","增你強","266516","8310291","31.20","31.50","31.05","31.45","0.2000","280"
"3029","零壹","594978","52933393","89.00","89.50","88.70","89.20","0.2000","881"
"3030","德律","840353","119001503","142.00","143.00","140.00","142.00","0.5000","712"
"3031","佰鴻","328634","6872161","21.35","21.35","20.80","20.90","-0.2000","255"
"3032","偉訓","399827","27147205","68.10","68.50","67.30","67.90","0.0000","322"
"3033","威健","1696817","58387049","34.80","34.80","34.10","34.55","0.0000","1262"
"3034","聯詠","2411724","1252495477","518.00","523.00","517.00","517.00","-1.0000","1981"
"3035","智原","3808283","1005320825","269.50","270.00","260.00","262.00","-4.0000","4786"
"3036","文曄","1284313","136013306","107.00","107.00","105.00","105.50","0.0000","1165"
"3036A","文曄甲特","106300","5140194","48.35","48.45","48.35","48.40","0.0500","34"
"3037","欣興","9207091","1330052954","145.00","146.00","143.00","144.50","0.5000","6621"
"3038","全台","151834","3974302","26.30","26.30","26.15","26.20","-0.1000","129"
"3040","遠見","543894","25763186","47.60","48.05","46.45","48.05","0.4500","462"
"3041","揚智","1912823","43754639","23.65","23.65","22.50","22.85","-0.2500","1196"
"3042","晶技","746037","81729643","110.00","110.00","108.50","110.00","1.0000","564"
"3043","科風","212422","6791148","32.50","32.50","31.45","32.10","-0.5500","306"
"3044","健鼎","2790515","544081817","198.00","200.00","193.00","193.00","-3.5000","2135"
"3045","台灣大","9610225","1103185687","115.00","115.50","113.50","115.50","0.5000","3797"
"3046","建碁","69419","4169191","60.10","60.30","59.80","60.10","0.1000","212"
"3047","訊舟","4097851","153038897","37.20","37.85","37.15","37.20","-0.2000","2476"
"3048","益登","1071860","40266112","37.40","38.00","37.15","37.80","0.4500","899"
"3049","精金","5883774","62842714","10.70","10.85","10.50","10.70","0.0000","1969"
"3050","鈺德","782193","15539581","19.85","20.20","19.50","20.15","0.4500","450"
"3051","力特","251534","7414101","29.65","29.75","29.30","29.65","0.1500","313"
"3052","夆典","301525","3683382","12.30","12.30","12.15","12.25","-0.0500","152"
"3054","立萬利","9085","208609","22.95","23.00","22.90","23.00","-0.2000","10"
"3055","蔚華科","413597","27802411","66.60","69.00","65.50","67.20","1.6000","567"
"3056","富華新","892394","28932511","32.80","32.80","32.25","32.30","-0.4500","621"
"3057","喬鼎","184330","2304847","12.40","12.75","12.30","12.65","0.2500","233"
"3058","立德","945637","18154300","19.30","19.50","19.00","19.00","-0.3000","777"
"3059","華晶科","899412","31529533","35.30","35.40","34.80","35.15","-0.1500","756"
"3060","銘異","533106","13777553","26.40","26.40","25.60","25.80","-0.3000","572"
"3062","建漢","9121582","297576910","32.70","33.00","32.10","32.65","0.0500","4257"
"3090","日電貿","407388","25033825","62.00","62.00","61.20","61.60","-0.4000","435"
"3092","鴻碩","192263","6153487","32.40","32.90","31.80","32.10","-0.3000","234"
"3094","聯傑","623472","20690230","33.70","33.75","32.85","32.95","-0.4500","730"
"3130","一零四","25926","5875509","226.00","227.50","226.00","227.50","0.5000","138"
"3138","耀登","101561","12203209","121.00","121.00","119.50","120.00","-1.5000","1296"
"3149","正達","14842124","524684572","34.85","36.75","34.00","36.60","1.6000","9117"
"3150","鈺寶-創","20019","757569","37.90","38.00","37.50","37.95","0.0000","20"
"3164","景岳","38696","892652","23.10","23.10","22.95","23.00","-0.1000","99"
"3167","大量","2995925","442139818","149.00","152.00","142.00","150.00","6.0000","2651"
"3168","眾福科","45000","2490400","55.40","56.50","55.20","55.30","0.2000","33"
"3189","景碩","6973530","768548665","111.00","112.50","108.00","110.00","0.0000","4881"
"3209","全科","721111","26680031","36.85","37.55","36.60","37.55","0.6500","667"
"3229","晟鈦","60057","1386607","23.35","23.45","22.85","23.45","0.4000","54"
"3231","緯創","7399452","750941233","101.50","102.50","101.00","101.50","0.5000","7093"
"3257","虹冠電","328453","18580097","57.20","57.30","55.90","56.80","-0.4000","284"
"3266","昇陽","62120","1237752","20.15","20.15","19.80","20.05","-0.1000","62"
"3296","勝德","1028200","28794139","28.05","28.45","27.55","28.40","0.4000","695"
"3305","昇貿","1710699","123393150","72.00","73.30","71.20","72.40","1.1000","2199"
"3308","聯德","46585","1121536","24.45","24.45","23.75","24.10","-0.2000","212"
"3311","閎暉","10461","397001","38.00","38.00","37.90","38.00","-0.1000","87"
"3312","弘憶股","1456110","104608772","73.40","73.50","71.40","71.40","-0.9000","1416"
"3321","同泰","154610","2840688","18.25","18.60","18.05","18.55","0.2500","125"
"3338","泰碩","337328","23428106","69.80","70.20","69.00","69.60","0.3000","382"
"3346","麗清","191120","7226423","38.30","38.30","37.60","37.95","0.1500","152"
"3356","奇偶","515362","31051850","60.70","60.80","60.00","60.40","0.0000","476"
"3376","新日興","3536185","697610081","201.00","201.50","194.50","201.00","3.0000","4397"
"3380","明泰","645170","21967925","34.15","34.30","33.85","34.10","-0.1500","495"
"3406","玉晶光","1244426","605814809","489.50","494.00","483.00","485.00","-1.0000","1772"
"3413","京鼎","920858","325389914","356.50","361.00","350.50","351.50","-5.0000","1479"
"3416","融程電","256013","36404054","144.00","145.00","141.00","141.50","-3.0000","365"
"3419","譁裕","406589","6670398","16.65","16.75","16.25","16.40","-0.3000","175"
"3432","台端","45578","1028941","22.90","22.90","22.10","22.50","-0.5500","47"
"3437","榮創","667365","17290681","26.10","26.25","25.75","25.95","-0.1500","454"
"3443","創意","1488596","1611755805","1110.00","1120.00","1060.00","1060.00","-40.0000","4044"
"3447","展達","84501","3411239","40.50","40.90","40.00","40.60","0.2500","67"
"3450","聯鈞","25891514","4882643732","187.00","193.00","183.00","191.50","6.0000","33651"
"3454","晶睿","156571","19344881","124.50","126.50","122.50","122.50","-2.5000","206"
"3481","群創","47586472","762403849","16.15","16.20","15.90","16.00","-0.1500","11137"
"3494","誠研","109253","847857","7.89","7.89","7.70","7.79","-0.0500","57"
"3501","維熹","330404","22567753","69.00","69.10","68.00","68.10","-0.9000","369"
"3504","揚明光","465666","26315478","55.10","57.40","54.40","57.20","2.6000","468"
"3515","華擎","157168","32406588","208.00","208.00","204.50","208.00","1.5000","330"
"3518","柏騰","414488","13028467","31.65","31.65","31.10","31.55","0.3000","324"
"3528","安馳","49226","2577767","52.90","52.90","52.00","52.60","0.1000","49"
"3530","晶相光","135274","13204763","98.30","99.40","96.90","97.00","-1.3000","335"
"3532","台勝科","424604","57173370","138.50","138.50","134.00","134.00","-3.5000","462"
"3533","嘉澤","579402","828620940","1400.00","1450.00","1400.00","1435.00","50.0000","792"
"3535","晶彩科","1802473","109720603","61.80","62.30","60.30","60.40","-0.8000","1688"
"3543","州巧","170095","4034866","23.80","23.85","23.60","23.85","0.0000","113"
"3545","敦泰","6404228","556742842","86.20","87.50","85.30","86.90","1.7000","7316"
"3550","聯穎","6920663","178883400","26.10","26.55","25.40","25.80","-0.3000","3696"
"3557","嘉威","85640","6298356","73.90","74.20","73.30","73.40","-0.2000","76"
"3563","牧德","314110","112372555","351.00","363.00","347.00","363.00","15.0000","469"
"3576","聯合再生","16064435","207769559","12.95","13.15","12.80","12.85","0.2500","5201"
"3583","辛耘","2770338","1194315817","427.50","436.50","423.50","435.50","11.0000","3280"
"3588","通嘉","4506322","409071252","91.90","92.70","89.10","90.80","0.7000","5600"
"3591","艾笛森","1738192","43826191","24.55","25.90","24.45","24.65","0.1500","1106"
"3592","瑞鼎","141004","48194719","341.00","344.50","339.50","344.00","5.5000","336"
"3593","力銘","419859","6238548","15.30","15.30","14.70","14.85","-0.4500","235"
"3596","智易","554597","80422744","143.50","146.50","142.50","146.50","4.5000","528"
"3605","宏致","4490288","240390449","54.00","54.60","52.80","53.50","-0.3000","2993"
"3607","谷崧","787889","16253096","21.15","21.15","20.40","20.60","-0.2500","514"
"3617","碩天","795154","258991256","322.50","329.50","319.00","328.50","9.5000","1163"
"3622","洋華","4151023","301274004","75.00","75.00","71.20","71.20","-2.8000","3178"
"3645","達邁","1138436","53119795","47.00","47.30","46.10","46.60","-0.4500","867"
"3652","精聯","477096","18783506","40.00","40.00","39.10","39.25","-0.6500","340"
"3653","健策","1282714","1737664445","1300.00","1380.00","1300.00","1350.00","55.0000","1517"
"3661","世芯-KY","2314295","4529357700","1995.00","2000.00","1925.00","1925.00","-50.0000","16207"
"3665","貿聯-KY","4105007","1918910177","467.50","479.00","451.50","479.00","18.0000","4814"
"3669","圓展","153356","7474002","50.10","50.10","48.50","48.70","-0.5000","139"
"3673","TPK-KY","4312735","191844172","44.45","45.45","43.70","44.90","0.8000","2763"
"3679","新至陞","30877","4053036","132.00","132.00","131.00","131.00","-0.5000","56"
"3686","達能","384224","9132912","24.00","24.15","23.60","23.75","-0.2500","389"
"3694","海華","454296","19687229","44.00","44.00","43.10","43.15","-0.5500","390"
"3701","大眾控","182605","7306733","40.05","40.35","39.60","40.15","0.1000","152"
"3702","大聯大","8272106","612780217","75.10","75.80","73.60","73.60","-1.4000","4484"
"3702A","大聯大甲特","103002","5198301","50.50","50.50","50.40","50.50","0.0000","44"
"3703","欣陸","901353","27820087","30.85","31.00","30.65","30.95","0.1500","608"
"3704","合勤控","370813","13780697","37.25","37.50","36.85","37.50","0.2500","329"
"3705","永信","505220","30766024","61.90","61.90","60.40","60.40","-1.0000","656"
"3706","神達","3449944","154875599","45.10","45.40","44.45","45.30","0.3000","2157"
"3708","上緯投控","7057906","871322461","117.50","126.00","117.00","125.50","10.5000","5301"
"3711","日月光投控","10581957","1613154820","150.50","154.50","150.50","151.50","0.5000","5955"
"3712","永崴投控","1064218","57031343","54.10","54.30","53.00","54.10","0.1000","870"
"3714","富采","2848933","128781813","45.55","45.90","44.50","45.90","0.5000","2080"
"3715","定穎投控","19996902","1501010967","76.80","77.40","73.50","74.40","-2.5000","15107"
"3716","中化控股","341735","13703668","39.70","40.60","39.55","40.35","0.8500","415"
"4104","佳醫","35085","3082644","87.90","88.00","87.50","88.00","0.2000","117"
"4106","雃博","117176","3036115","26.35","26.35","25.75","25.75","-0.3500","291"
"4108","懷特","102041","1845145","18.20","18.20","18.00","18.15","-0.0500","243"
"4119","旭富","248996","22467033","89.80","91.00","89.20","91.00","1.2000","403"
"4133","亞諾法","58024","1770360","30.60","30.70","30.35","30.55","-0.0500","182"
"4137","麗豐-KY","530370","79084857","151.50","152.00","146.50","151.00","-2.0000","1117"
"4142","國光生","274887","7480493","27.20","27.40","27.10","27.35","0.1500","240"
"4148","全宇生技-KY","72010","3311880","46.10","46.80","45.50","45.90","-0.5500","47"
"4155","訊映","409924","10032216","24.55","24.65","24.15","24.55","0.1000","331"
"4164","承業醫","125022","5458654","43.65","43.95","43.35","43.65","0.0000","190"
"4190","佐登-KY","91009","4520990","50.50","50.80","49.25","49.30","-0.8000","494"
"4306","炎洲","1992665","38039485","19.25","19.25","19.05","19.05","-0.2000","1038"
"4414","如興","327701","1027167","3.15","3.17","3.10","3.14","0.0200","82"
"4426","利勤","100096","1391585","14.10","14.10","13.80","13.85","-0.1500","82"
"4438","廣越","79839","8504531","108.50","108.50","106.00","106.50","-1.5000","91"
"4439","冠星-KY","33081","3211559","99.90","99.90","93.80","93.90","-1.2000","58"
"4440","宜新實業","66319","1738992","26.30","26.30","26.00","26.15","-0.0500","51"
"4526","東台","5959187","205534161","34.70","35.30","33.90","34.90","0.1500","3542"
"4532","瑞智","1097625","28544769","26.00","26.25","25.65","26.20","0.4000","737"
"4536","拓凱","196150","42409823","217.50","218.00","215.00","218.00","0.5000","1089"
"4540","全球傳動","1836250","80106557","44.05","44.70","42.90","43.05","-0.6000","1291"
"4545","銘鈺","365165","19688525","54.90","55.00","53.30","53.90","-0.6000","388"
"4551","智伸科","419854","53274410","131.00","131.00","125.00","125.50","-5.5000","442"
"4552","力達-KY","381263","10674810","28.20","28.20","27.90","27.95","-0.1000","344"
"4555","氣立","356464","14948746","42.20","42.45","41.65","41.85","-0.5000","306"
"4557","永新-KY","671340","88367722","127.00","134.00","126.00","132.00","4.0000","591"
"4560","強信-KY","62019","1986559","32.00","32.10","31.95","32.10","-0.1000","28"
"4562","穎漢","4531990","306293389","66.30","68.80","66.30","67.10","0.6000","3615"
"4564","元翎","577157","14031222","24.45","24.60","24.05","24.30","-0.1500","575"
"4566","時碩工業","1922664","173666547","91.70","91.70","89.60","90.10","-0.2000","1582"
"4569","六方科-KY","2842981","655123424","229.00","261.50","214.50","255.00","17.0000","2629"
"4571","鈞興-KY","2790467","507057697","180.00","188.00","176.00","188.00","13.0000","3104"
"4572","駐龍","73604","11558430","158.00","158.00","156.50","156.50","-2.0000","100"
"4576","大銀微系統","1727281","175400460","100.50","103.50","100.00","100.50","1.2000","1661"
"4581","光隆精密-KY","13047","740175","56.80","56.80","56.50","56.70","-0.3000","18"
"4583","台灣精銳","1223568","851625850","716.00","717.00","679.00","694.00","-15.0000","1899"
"4588","玖鼎電力","63375","5699350","89.10","90.70","89.10","90.10","0.1000","63"
"4720","德淵","454178","9529885","21.05","21.15","20.85","21.00","-0.0500","265"
"4722","國精化","261671","12230117","47.65","47.65","46.35","47.20","0.2500","258"
"4736","泰博","199605","31043121","155.00","156.00","155.00","156.00","1.0000","453"
"4737","華廣","18031","1233646","68.10","69.00","68.00","69.00","-0.1000","20"
"4739","康普","93908","5656143","60.40","61.00","59.60","60.90","0.5000","187"
"4746","台耀","398070","39569229","99.60","100.00","98.80","99.00","0.0000","427"
"4755","三福化","326647","44408321","139.00","139.00","134.00","136.50","-0.5000","280"
"4763","材料-KY","1558665","1371104043","893.00","894.00","874.00","874.00","-13.0000","4018"
"4764","雙鍵","88913","4102064","45.80","47.00","45.60","45.85","1.0000","67"
"4766","南寶","252542","77042324","303.50","307.00","303.00","307.00","3.5000","299"
"4770","上品","321093","106279811","335.00","335.00","327.50","335.00","2.5000","547"
"4771","望隼","548428","129082551","234.00","239.00","231.50","233.50","-0.5000","1335"
"4807","日成-KY","347411","7975800","22.90","23.50","22.50","22.60","-0.1500","257"
"4904","遠傳","9526927","865351955","90.70","91.20","90.10","91.00","0.3000","7327"
"4906","正文","2173262","83686814","38.50","38.80","38.15","38.60","0.2500","1489"
"4912","聯德控股-KY","64219","6548605","102.00","103.50","101.00","101.50","0.5000","67"
"4915","致伸","8473210","807643510","91.00","98.40","90.90","98.40","7.8000","7257"
"4916","事欣科","344110","9859820","28.90","29.00","28.45","28.70","0.0500","310"
"4919","新唐","3020799","256396329","86.90","86.90","84.00","85.20","-0.5000","2552"
"4927","泰鼎-KY","704906","40844155","57.30","58.90","57.20","58.00","0.7000","529"
"4930","燦星網","142245","4864898","34.65","34.65","34.00","34.10","0.4000","406"
"4934","太極","211047","3946685","18.85","18.85","18.60","18.70","-0.1500","194"
"4935","茂林-KY","292567","20886295","71.90","72.80","70.40","71.30","0.2000","347"
"4938","和碩","4516540","468994091","103.50","104.50","102.50","104.50","1.5000","2035"
"4942","嘉彰","96133","4274476","44.40","44.60","44.40","44.50","-0.0500","47"
"4943","康控-KY","15089","258220","17.15","17.15","17.10","17.10","-0.4000","14"
"4949","有成精密","30267","710954","23.50","23.60","23.40","23.60","0.0000","18"
"4952","凌通","1906074","113130273","59.20","60.40","58.50","59.00","1.3000","1632"
"4956","光鋐","1322950","35628180","27.05","27.20","26.75","27.05","0.0500","689"
"4958","臻鼎-KY","8296991","932875274","114.00","114.50","111.50","113.00","-0.5000","5374"
"4960","誠美材","1228966","16506793","13.40","13.55","13.35","13.40","-0.0500","473"
"4961","天鈺","482584","128365524","268.00","268.00","264.50","266.50","0.0000","1804"
"4967","十銓","1200970","127762962","107.00","108.50","105.50","106.00","-1.0000","1385"
"4968","立積","3186265","605272522","195.50","198.00","186.50","189.00","-4.5000","3740"
"4976","佳凌","207468","8926269","43.05","43.25","42.80","43.10","0.1000","179"
"4977","眾達-KY","8863141","938108164","106.50","108.50","103.00","105.50","0.0000","6228"
"4989","榮科","370027","8634517","23.80","23.95","23.20","23.20","-0.6000","295"
"4994","傳奇","17110","1975260","116.50","116.50","115.00","115.00","-1.0000","24"
"4999","鑫禾","35583","1242510","34.80","34.95","34.80","34.95","-0.0500","127"
"5007","三星","56017","3189478","56.60","57.20","56.60","57.20","0.1000","42"
"5203","訊連","56026","5344159","95.00","95.70","95.00","95.70","0.6000","303"
"5215","科嘉-KY","40300","1982583","48.90","49.45","48.80","49.10","0.2000","41"
"5222","全訊","159484","22811253","143.00","144.00","142.00","143.00","0.0000","274"
"5225","東科-KY","2086795","270419934","130.00","131.50","127.00","131.50","0.5000","1475"
"5234","達興材料","906129","218448119","244.50","245.50","237.00","241.00","0.5000","929"
"5243","乙盛-KY","1141395","73697394","64.50","65.10","63.80","65.00","0.5000","851"
"5244","弘凱","45001","1978245","44.00","44.05","43.85","43.85","-0.1000","28"
"5258","虹堡","432309","52941544","122.00","124.00","121.00","124.00","2.5000","371"
"5269","祥碩","705645","1123907155","1620.00","1650.00","1560.00","1580.00","-35.0000","3679"
"5283","禾聯碩","47826","4883415","102.00","102.50","102.00","102.50","0.5000","103"
"5284","jpp-KY","513209","64696941","126.00","128.00","124.50","126.50","0.0000","454"
"5285","界霖","93883","6382509","69.10","69.10","67.50","68.40","-0.1000","113"
"5288","豐祥-KY","414432","86708912","199.00","210.50","199.00","210.50","19.0000","340"
"5292","華懋","131485","22435536","171.00","172.00","168.50","171.50","3.0000","401"
"5306","桂盟","162384","24303344","150.00","151.00","148.00","150.00","-1.0000","243"
"5388","中磊","1797981","198478722","111.00","112.00","109.50","110.50","-1.0000","1600"
"5434","崇越","386396","109238870","283.00","283.50","281.00","283.00","1.0000","1223"
"5469","瀚宇博","1218421","64236889","53.00","53.10","52.40","53.00","0.2000","1084"
"5471","松翰","278781","12876873","45.95","46.70","45.60","46.45","0.3000","445"
"5484","慧友","558884","36985731","67.40","67.40","65.80","66.00","-1.3000","605"
"5515","建國","218332","4932586","22.85","22.85","22.45","22.65","0.0500","213"
"5519","隆大","625077","24007639","38.95","38.95","38.20","38.30","-0.6500","636"
"5521","工信","904623","11024727","12.30","12.35","12.00","12.15","-0.1500","424"
"5522","遠雄","1013226","73220158","70.80","72.80","70.80","72.70","0.9000","862"
"5525","順天","127711","4275427","33.65","34.10","33.10","33.25","-0.6500","113"
"5531","鄉林","2883850","30550364","10.40","10.90","10.35","10.60","0.2500","919"
"5533","皇鼎","133505","2875035","21.40","21.65","21.40","21.60","0.1500","96"
"5534","長虹","366838","36321172","99.50","99.80","98.60","99.20","0.2000","389"
"5538","東明-KY","111365","4444665","39.80","40.70","39.15","39.35","-0.1000","133"
"5546","永固-KY","31000","905500","29.00","29.80","29.00","29.40","0.4000","22"
"5607","遠雄港","186494","8821588","47.90","47.90","47.10","47.40","-0.2500","304"
"5608","四維航","2606035","49974449","19.00","19.40","18.80","19.15","0.1500","1513"
"5706","鳳凰","132298","7938201","60.40","60.40","59.80","60.20","0.1000","174"
"5871","中租-KY","15369855","2455551765","163.50","163.50","158.50","158.50","-5.0000","10609"
"5871A","中租-KY甲特","20678","1970260","95.30","95.30","95.20","95.30","-0.1000","33"
"5876","上海商銀","12109960","465519851","38.90","39.00","38.30","38.35","-0.2500","5775"
"5880","合庫金","4652141","120334505","25.90","25.95","25.75","25.95","0.0500","2528"
"5906","台南-KY","1030","60065","58.40","58.40","58.40","58.40","0.0000","2"
"5907","大洋-KY","14786390","171050404","11.00","11.70","10.75","11.70","1.0500","3832"
"6005","群益證","3065681","66573395","21.70","21.80","21.50","21.80","0.1500","1382"
"6024","群益期","132104","7459601","56.70","56.80","56.20","56.80","0.1000","192"
"6108","競國","181919","3120544","17.40","17.40","17.05","17.15","-0.1000","150"
"6112","邁達特","156463","7366556","47.00","47.35","46.70","47.30","0.3000","149"
"6115","鎰勝","73723","3895832","53.00","53.10","52.70","53.10","0.1000","83"
"6116","彩晶","5061102","47041985","9.42","9.45","9.23","9.29","-0.1100","1893"
"6117","迎廣","804718","79723599","99.10","101.50","98.00","98.50","-0.5000","809"
"6120","達運","876435","12863982","14.75","14.85","14.55","14.80","0.0500","389"
"6128","上福","50546","1832437","36.30","36.35","36.20","36.30","0.0000","98"
"6133","金橋","1053691","22922871","22.00","22.05","21.60","21.80","-0.1000","592"
"6136","富爾特","256749","5940289","23.25","23.40","23.00","23.10","-0.1000","173"
"6139","亞翔","5706487","1258700801","209.00","227.50","208.00","227.00","18.5000","6961"
"6141","柏承","62429","867675","13.95","14.00","13.85","13.95","0.1000","54"
"6142","友勁","332248","3620022","10.90","11.00","10.80","10.90","0.0000","156"
"6152","百一","2089206","34094643","16.55","16.60","16.10","16.40","-0.2000","1028"
"6153","嘉聯益","981007","20699123","21.00","21.35","20.85","21.35","0.4000","649"
"6155","鈞寶","62180","1658978","27.10","27.10","26.55","26.60","-0.1000","106"
"6164","華興","368729","5062087","13.85","13.85","13.60","13.70","-0.2000","491"
"6165","浪凡","41099","1570885","37.95","38.65","37.95","38.10","-0.1500","60"
"6166","凌華","119279","8194673","70.10","70.10","68.10","68.50","-1.1000","166"
"6168","宏齊","315221","7132879","22.70","22.90","22.45","22.55","-0.1500","178"
"6176","瑞儀","2681371","530334943","195.50","199.50","194.50","199.50","5.0000","2215"
"6177","達麗","2879293","139738777","49.50","49.75","48.10","48.35","-1.0500","2242"
"6183","關貿","7940","609957","77.00","77.00","76.50","76.90","-0.1000","41"
"6184","大豐電","4593","241857","52.60","52.70","52.60","52.70","0.0000","17"
"6189","豐藝","682485","55309824","81.00","82.00","80.30","82.00","1.3000","602"
"6191","精成科","1354207","82889654","60.80","61.60","60.60","61.60","1.2000","749"
"6192","巨路","52301","6122684","118.00","118.00","116.50","117.50","-1.0000","67"
"6196","帆宣","193523","28997441","150.50","151.50","149.00","149.50","-1.0000","309"
"6197","佳必琪","1220290","198382962","164.50","164.50","160.00","163.00","1.0000","2765"
"6201","亞弘電","7378","424981","57.80","57.80","57.30","57.80","0.6000","23"
"6202","盛群","1003328","53449149","53.70","53.80","52.50","53.80","-0.1000","1035"
"6205","詮欣","83741","5922125","70.30","71.20","70.00","71.20","0.7000","62"
"6206","飛捷","72322","6122291","84.50","84.80","84.50","84.70","-0.3000","120"
"6209","今國光","335629","8776856","26.45","26.45","25.90","26.30","0.1000","193"
"6213","聯茂","2883193","216455785","75.60","76.30","74.50","75.30","-0.2000","2382"
"6214","精誠","430385","54062383","127.50","127.50","125.00","125.50","-1.5000","556"
"6215","和椿","2088291","136228709","65.60","66.30","64.50","64.70","-0.3000","1511"
"6216","居易","555706","26308931","47.30","47.75","46.95","46.95","-0.3000","526"
"6224","聚鼎","983776","67555357","72.50","72.50","67.30","69.20","-1.0000","1151"
"6225","天瀚","1157","19014","","","","","0.0000","5"
"6226","光鼎","244340","2349420","9.31","9.90","9.31","9.69","-0.1100","162"
"6230","尼得科超眾","63926","14257359","225.00","226.50","221.00","222.00","-3.0000","527"
"6235","華孚","526397","38884701","73.50","74.50","72.70","74.50","1.4000","631"
"6239","力成","5436930","733140888","138.50","138.50","133.00","133.00","-4.0000","4501"
"6243","迅杰","702725","38811402","56.30","56.60","54.70","54.70","-1.8000","668"
"6257","矽格","2306239","174088341","76.00","76.40","75.00","75.50","-0.2000","1802"
"6269","台郡","1122556","88575051","79.30","79.50","78.20","79.50","0.9000","842"
"6271","同欣電","289171","40740329","140.50","141.50","140.50","141.00","1.0000","484"
"6277","宏正","31854","2494357","78.60","78.60","78.10","78.30","-0.3000","47"
"6278","台表科","1032004","112762505","110.00","110.50","108.50","109.50","-0.5000","676"
"6281","全國電","29123","2438943","83.90","83.90","83.60","83.80","-0.1000","42"
"6282","康舒","1276596","43396867","34.10","34.30","33.55","34.30","0.3000","1012"
"6283","淳安","109066","3056204","28.25","28.25","27.90","28.00","-0.2000","72"
"6285","啟碁","2964531","338774356","116.50","117.00","113.00","114.00","-2.0000","2306"
"6288","聯嘉","748237","20869925","28.10","28.25","27.70","27.90","-0.1000","564"
"6405","悅城","5896926","238773212","40.25","42.45","38.40","40.90","1.2000","4379"
"6409","旭隼","259370","560970155","2045.00","2205.00","2045.00","2175.00","150.0000","605"
"6412","群電","290507","39325554","135.50","136.50","134.00","135.50","0.0000","352"
"6414","樺漢","335229","96374590","289.00","290.50","286.50","287.50","-1.5000","445"
"6415","矽力*-KY","3796327","1796230820","467.50","483.00","460.00","480.00","12.0000","3858"
"6416","瑞祺電通","596060","95929787","160.00","163.00","158.50","161.50","2.5000","729"
"6423","億而得-創","19160","1778080","92.40","94.80","91.70","93.00","0.0000","20"
"6426","統新","186450","12637532","66.30","69.30","66.10","68.00","1.6000","194"
"6431","光麗-KY","192770","4043727","21.30","21.35","20.80","21.00","-0.3000","139"
"6438","迅得","9758162","1574210500","151.00","164.00","150.50","164.00","14.5000","8923"
"6442","光聖","2752526","1023843525","372.00","379.50","367.00","369.00","-5.0000","3409"
"6443","元晶","5795290","142330033","24.85","24.90","24.25","24.50","-0.1500","2702"
"6446","藥華藥","820077","526384645","638.00","646.00","637.00","643.00","7.0000","2455"
"6449","鈺邦","1686392","265074569","163.00","164.50","154.00","155.50","-5.0000","1654"
"6451","訊芯-KY","2893671","618452307","211.00","217.00","210.00","217.00","10.0000","3181"
"6456","GIS-KY","364743","21305158","58.40","58.80","58.10","58.80","0.4000","263"
"6464","台數科","19585","1576835","80.60","80.60","80.30","80.60","-0.2000","26"
"6472","保瑞","449770","336338706","752.00","754.00","745.00","746.00","-4.0000","1253"
"6477","安集","450155","16346909","36.30","36.90","36.00","36.40","0.5000","436"
"6491","晶碩","665040","296781833","454.00","455.00","437.50","439.00","-10.0000","2355"
"6504","南六","4869","345112","70.80","71.10","70.50","71.10","-0.1000","24"
"6505","台塑化","4282422","222950482","52.70","52.70","51.70","52.30","-0.4000","2839"
"6515","穎崴","194413","237829495","1225.00","1240.00","1205.00","1225.00","0.0000","517"
"6525","捷敏-KY","65966","4254468","64.30","64.80","64.30","64.50","-0.2000","252"
"6526","達發","729760","462844558","642.00","643.00","625.00","625.00","-7.0000","3528"
"6531","愛普*","1389366","418029149","307.00","307.00","298.00","299.50","-4.0000","2679"
"6533","晶心科","395777","145838413","373.50","374.50","364.50","367.50","-5.5000","641"
"6534","正瀚-創","8000","603000","75.00","76.00","75.00","76.00","0.0000","6"
"6541","泰福-KY","45242","3112284","69.00","69.40","68.50","68.80","-0.6000","69"
"6550","北極星藥業-KY","402813","22098764","55.50","55.50","54.70","54.90","-0.3000","628"
"6552","易華電","186609","9063107","48.70","49.20","48.00","48.65","-0.4500","173"
"6558","興能高","73015","1725099","23.40","23.85","23.40","23.80","0.4000","57"
"6573","虹揚-KY","438652","7234842","16.55","16.80","16.15","16.50","0.1000","268"
"6579","研揚","91998","13856008","151.00","151.50","149.00","150.50","0.5000","127"
"6581","鋼聯","167452","17714960","107.00","107.50","105.00","105.00","-2.0000","226"
"6582","申豐","325068","22173934","68.90","69.20","67.30","68.20","0.6000","468"
"6585","鼎基","133110","21758883","164.00","165.00","162.50","163.00","-0.5000","159"
"6591","動力-KY","406084","20418092","49.55","51.20","49.50","49.70","0.6000","380"
"6592","和潤企業","207603","20402587","99.00","99.00","97.70","98.50","-0.3000","368"
"6592A","和潤企業甲特","5030","477350","94.90","94.90","94.90","94.90","-0.1000","6"
"6592B","和潤企業乙特","25000","2384000","95.40","95.40","95.30","95.40","0.0000","9"
"6598","ABC-KY","695943","15568060","22.70","23.05","21.95","22.85","0.0000","482"
"6605","帝寶","459008","120947644","265.00","267.50","260.50","264.50","0.0000","1801"
"6606","建德工業","235584","6941423","29.35","29.90","29.15","29.65","0.3000","199"
"6625","必應","98331","8588290","87.80","88.00","86.80","87.90","0.1000","161"
"6641","基士德-KY","17030","704941","41.40","41.45","41.00","41.00","-0.4500","13"
"6645","金萬林-創","23727","697589","29.50","29.70","29.00","29.40","0.4500","25"
"6655","科定","11529","1549815","134.00","136.00","134.00","134.00","-0.5000","20"
"6657","華安","120505","6552795","54.50","55.80","54.00","55.10","-0.7000","124"
"6658","聯策","1758773","131202465","69.00","75.70","68.50","75.70","6.8000","1086"
"6666","羅麗芬-KY","812960","54083750","67.30","68.70","65.10","66.50","0.5000","680"
"6668","中揚光","198324","9608213","48.70","48.90","48.25","48.45","-0.2500","194"
"6669","緯穎","1071563","1881906860","1730.00","1780.00","1725.00","1755.00","40.0000","2217"
"6670","復盛應用","199199","58053565","288.50","294.00","288.50","291.00","1.0000","265"
"6671","三能-KY","67019","2884329","43.00","43.75","42.95","43.75","0.7500","19"
"6672","騰輝電子-KY","151047","10548187","70.00","70.30","69.50","70.10","0.1000","169"
"6674","鋐寶科技","14193","358659","25.90","25.90","24.90","25.25","-0.7000","32"
"6689","伊雲谷","113564","11271593","98.70","99.90","98.70","99.60","0.5000","178"
"6691","洋基工程","194094","59916113","308.50","310.50","307.00","310.00","1.5000","401"
"6695","芯鼎","627121","36345067","58.60","59.10","57.40","57.70","-0.8000","578"
"6698","旭暉應材","766263","35171514","45.80","46.40","45.20","46.20","0.7000","712"
"6706","惠特","2311432","397482607","172.00","175.00","168.50","175.00","5.0000","2200"
"6715","嘉基","379422","67143869","171.00","182.00","168.50","177.00","5.0000","942"
"6719","力智","268536","67183846","249.50","253.00","248.00","251.00","3.0000","1914"
"6742","澤米","3925440","259409717","66.70","67.00","64.70","66.30","1.9000","3563"
"6743","安普新","576869","36755463","64.10","64.70","63.40","63.60","-0.2000","481"
"6753","龍德造船","476862","59283991","124.00","125.50","123.50","124.00","1.0000","593"
"6754","匯僑設計","74895","5560856","75.20","75.30","73.70","73.70","-1.1000","88"
"6756","威鋒電子","491447","92723798","188.00","195.00","185.00","185.00","-2.5000","864"
"6757","台灣虎航-創","1395743","81444116","59.30","59.30","57.70","57.90","-1.4000","742"
"6768","志強-KY","487942","51517664","106.50","107.00","104.00","106.00","0.5000","390"
"6770","力積電","16240731","341656994","21.50","21.50","20.85","20.90","-0.7000","8802"
"6771","平和環保-創","24000","1556600","64.90","64.90","64.70","64.80","0.0000","17"
"6776","展碁國際","33316","1896436","57.10","57.10","56.60","57.10","-0.1000","46"
"6781","AES-KY","46559","23039276","505.00","505.00","493.00","493.00","-6.5000","135"
"6782","視陽","1582793","404370902","253.50","260.00","248.00","255.00","5.5000","4471"
"6789","采鈺","508156","146531897","293.00","293.00","286.50","288.00","-2.0000","1368"
"6790","永豐實","71406","3453926","48.20","48.65","48.10","48.65","-0.0500","99"
"6792","詠業","27034","1861984","70.10","70.20","67.90","68.60","-0.8000","31"
"6794","向榮生技-創","16010","1230976","76.20","77.90","76.00","77.70","0.0000","17"
"6796","晉弘","17043","1387563","81.00","83.20","81.00","81.80","0.8000","19"
"6799","來頡","277895","32737828","120.00","120.50","116.50","117.50","-2.5000","322"
"6805","富世達","2631060","2204227721","843.00","845.00","824.00","844.00","19.0000","3521"
"6806","森崴能源","1470057","199037784","136.00","137.00","134.00","134.50","-1.5000","1751"
"6807","峰源-KY","61111","4428434","72.70","73.00","72.10","72.20","-0.5000","83"
"6830","汎銓","1608538","283091282","179.50","180.50","173.50","174.00","-3.0000","3230"
"6834","天二科技","1212706","49719035","41.25","41.95","40.25","41.25","1.5000","964"
"6835","圓裕","691051","35530239","50.70","52.30","50.40","52.00","1.2000","421"
"6838","台新藥","3571370","179399237","51.20","51.50","48.90","49.25","1.0000","2434"
"6854","錼創科技-KY創","290129","28765986","98.30","100.50","97.50","100.50","3.7000","198"
"6861","睿生光電","208393","13864610","66.70","67.40","66.10","66.50","-1.2000","435"
"6863","永道-KY","1199241","353899145","294.00","302.00","286.00","298.50","10.5000","2573"
"6869","雲豹能源","4106382","977172914","239.50","242.00","233.00","233.00","-7.0000","15111"
"6873","泓德能源","2697396","722097878","263.50","274.00","259.00","264.50","1.5000","2409"
"6890","來億-KY","1764091","641599720","346.50","377.50","341.50","355.00","5.5000","1961"
"6901","鑽石投資","401851","16239666","40.40","40.95","40.00","40.95","0.5500","333"
"6902","走著瞧-創","11119","1732445","155.00","156.00","155.00","156.00","3.5000","14"
"6906","現觀科","433209","76961885","179.00","180.50","174.50","177.00","2.0000","1005"
"6914","阜爾運通","14918","2149029","146.00","148.00","143.00","144.00","0.0000","60"
"6916","華凌","30120","771260","25.90","25.90","25.45","25.90","0.1500","18"
"6923","中台","332558","30163353","90.60","91.50","90.20","90.30","-0.5000","308"
"6928","攸泰科技","650674","43516614","66.60","68.70","66.10","67.20","-5.0000","567"
"6933","AMAX-KY","46274","10514063","229.00","232.00","225.00","227.00","-1.0000","118"
"6937","天虹","773356","217306092","284.00","289.00","276.50","277.50","-6.0000","1128"
"6949","沛爾生醫-創","10000","809200","80.00","82.00","80.00","82.00","1.2000","7"
"6951","青新-創","14139","830927","58.50","59.00","58.50","58.80","0.0000","15"
"6952","大武山","22186","1108500","50.00","50.10","49.70","50.00","0.0000","53"
"6957","裕慶-KY","91102","21275745","233.50","235.50","231.00","233.00","-1.5000","131"
"6958","日盛台駿","412495","13191356","32.00","32.20","31.70","31.95","-0.0500","342"
"6969","成信實業*-創","367002","23454229","66.00","66.00","62.00","64.40","2.2000","261"
"8011","台通","1585778","41153821","26.00","26.20","25.65","26.05","0.3500","933"
"8016","矽創","374242","85867189","228.50","231.00","227.50","230.00","1.5000","362"
"8021","尖點","983315","34402072","35.20","35.55","34.65","35.00","-0.1500","772"
"8028","昇陽半導體","4313927","542289114","126.00","127.50","124.50","125.00","-0.5000","3153"
"8033","雷虎","836603","49662656","60.40","60.40","59.00","59.30","-0.7000","750"
"8039","台虹","5667452","343074855","60.10","61.80","59.20","61.00","1.1000","3753"
"8046","南電","1280499","181456338","144.50","144.50","140.00","141.00","-1.5000","1423"
"8070","長華*","6088918","370991359","62.00","62.40","60.00","60.50","-0.6000","4173"
"8072","陞泰","69677","1899183","27.35","27.50","27.10","27.30","-0.3500","213"
"8081","致新","583973","133960383","225.50","231.50","225.50","231.50","7.0000","632"
"8103","瀚荃","1735430","102773925","60.40","60.80","58.30","59.60","-0.8000","1309"
"8104","錸寶","5016123","227909578","44.45","46.90","44.10","44.95","0.6500","3703"
"8105","凌巨","1558074","26355208","17.15","17.20","16.75","16.95","-0.0500","774"
"8110","華東","1503999","25919718","17.35","17.55","17.15","17.20","-0.2500","701"
"8112","至上","2525569","167858212","66.10","67.20","65.50","67.20","1.3000","1469"
"8112A","至上甲特","3335","142438","42.70","42.70","42.70","42.70","0.0000","5"
"8114","振樺電","859298","181665233","213.50","216.50","207.50","211.00","1.5000","2794"
"8131","福懋科","286901","10423734","36.30","36.60","36.00","36.60","0.2000","187"
"8150","南茂","1697899","63789732","37.80","37.85","37.45","37.60","0.1000","1147"
"8162","微矽電子-創","24100","829870","35.00","35.00","34.35","34.60","-0.4000","16"
"8163","達方","400436","19946426","49.90","50.10","49.50","50.10","0.4500","321"
"8201","無敵","969044","18845547","19.45","19.45","19.15","19.45","1.7500","373"
"8210","勤誠","2092434","554081104","269.00","269.00","260.00","264.00","-1.5000","2356"
"8213","志超","352696","13608699","38.55","38.75","38.30","38.75","0.1500","340"
"8215","明基材","399466","12252383","30.95","31.00","30.45","30.85","-0.1000","503"
"8222","寶一","151114","5793778","39.00","39.00","38.20","38.25","-0.2500","154"
"8249","菱光","5668206","323531758","62.40","62.40","55.20","56.40","-4.6000","3803"
"8261","富鼎","332675","27428377","83.00","83.20","81.70","82.30","-0.3000","291"
"8271","宇瞻","237918","12332864","52.40","52.40","51.60","52.00","-0.3000","344"
"8341","日友","149026","13600923","92.10","92.20","90.50","91.70","-0.6000","294"
"8367","建新國際","73305","3838820","53.10","53.10","51.90","52.10","-1.0000","133"
"8374","羅昇","2675517","370161312","139.50","140.50","136.00","140.50","1.0000","2272"
"8404","百和興業-KY","3232391","81779458","25.30","25.30","25.30","25.30","2.3000","940"
"8411","福貞-KY","150333","2158906","14.40","14.40","14.20","14.40","0.0500","192"
"8422","可寧衛","143402","26506655","185.00","186.00","184.00","185.00","0.0000","836"
"8429","金麗-KY","12169114","141087688","11.10","12.25","11.00","11.35","0.1500","5258"
"8438","昶昕","293730","12052702","41.95","41.95","40.75","40.90","-0.5500","238"
"8442","威宏-KY","106047","12048779","111.50","115.00","111.50","115.00","3.5000","121"
"8443","阿瘦","25905","308849","11.85","11.95","11.85","11.95","0.1000","72"
"8454","富邦媒","452746","176426735","398.50","398.50","386.50","390.00","-4.0000","1680"
"8462","柏文","164785","21282612","125.50","131.50","125.50","130.50","3.5000","211"
"8463","潤泰材","62564","1804032","29.00","29.00","28.75","28.95","-0.0500","41"
"8464","億豐","472694","241069422","517.00","518.00","504.00","510.00","0.0000","574"
"8466","美吉吉-KY","447243","26486773","58.20","60.30","58.20","58.20","-0.4000","179"
"8467","波力-KY","590739","154549548","276.50","276.50","255.00","258.50","-16.0000","2203"
"8473","山林水","1104019","50677229","47.15","47.15","45.30","45.40","-0.9500","831"
"8476","台境","373366","20446781","55.10","55.70","54.70","54.70","0.0000","89"
"8478","東哥遊艇","92587","27030472","293.00","294.00","289.50","294.00","2.0000","263"
"8481","政伸","30065","1550067","51.40","51.70","51.30","51.60","0.5000","24"
"8482","商億-KY","4030","269770","66.30","67.70","66.00","67.70","-0.7000","5"
"8487","愛爾達-創","11000","820300","74.80","75.00","73.40","73.40","0.3000","11"
"8488","吉源-KY","186278","3019997","16.15","16.50","16.05","16.20","0.1500","29"
"8499","鼎炫-KY","14150","1647474","117.00","117.00","116.00","117.00","0.5000","90"
"8926","台汽電","752760","33945384","45.30","45.40","44.80","45.10","-0.2000","1173"
"8940","新天地","101541","2292231","22.60","22.65","22.50","22.60","0.1500","97"
"8996","高力","653736","266436313","412.50","413.00","404.50","405.00","-6.5000","903"
"9103","美德醫療-DR","381455","2591296","6.90","6.90","6.76","6.82","0.0100","153"
"910322","康師傅-DR","1255","28274","","","","","0.0000","15"
"9105","泰金寶-DR","7237383","37005590","5.14","5.15","5.08","5.11","0.0100","1599"
"910861","神州-DR","142000","883030","6.21","6.28","6.12","6.25","0.0300","27"
"9110","越南控-DR","","","","","","","0.0000",""
"911608","明輝-DR","8000","27710","3.53","3.53","3.30","3.41","0.1300","8"
"911622","泰聚亨-DR","262000","1407860","5.23","5.60","5.23","5.55","0.0300","105"
"911868","同方友友-DR","359140","541486","1.51","1.52","1.49","1.49","-0.0200","74"
"912000","晨訊科-DR","803931","2515992","3.13","3.16","3.09","3.15","0.0200","182"
"9136","巨騰-DR","259100","1671245","6.52","6.52","6.40","6.47","-0.0300","100"
"9802","鈺齊-KY","439759","53338342","124.00","124.00","120.00","121.00","-3.0000","393"
"9902","台火","303972","5803366","19.20","19.25","19.00","19.05","-0.1000","173"
"9904","寶成","11858550","432480726","36.15","36.90","35.70","36.80","0.6500","6045"
"9905","大華","81387","1879077","23.20","23.20","23.00","23.15","-0.0500","60"
"9906","欣巴巴","489471","71858140","148.50","150.50","145.00","148.00","-1.0000","542"
"9907","統一實","2651460","44607306","16.80","16.95","16.65","16.90","0.1500","1435"
"9908","大台北","148671","4524754","30.45","30.50","30.40","30.45","-0.0500","189"
"9910","豐泰","926111","140862431","157.00","157.00","150.50","152.50","-3.5000","2448"
"9911","櫻花","528384","45634640","87.60","87.60","86.00","86.50","-1.2000","1106"
"9912","偉聯","67790","852226","12.75","12.80","12.40","12.75","0.1000","84"
"9914","美利達","2321088","514921517","229.00","229.00","218.00","221.50","-8.5000","3222"
"9917","中保科","544372","74201501","139.00","139.00","135.50","135.50","-2.5000","732"
"9918","欣天然","22069","901055","40.95","41.20","40.75","41.20","-0.0500","15"
"9919","康那香","402222","8005326","19.95","20.00","19.85","19.95","0.0500","200"
"9921","巨大","3609652","777068280","225.00","225.00","212.00","214.50","-9.5000","4276"
"9924","福興","125038","7070374","56.70","56.80","56.20","56.70","-0.3000","151"
"9925","新保","54380","2267348","41.70","41.80","41.60","41.80","0.0000","103"
"9926","新海","2048","111124","53.90","54.60","53.90","54.60","-0.1000","6"
"9927","泰銘","625611","42943332","69.20","69.20","68.20","68.40","-0.7000","696"
"9928","中視","27861","555553","19.85","20.10","19.85","19.95","0.0000","27"
"9929","秋雨","5350","85949","16.10","16.10","16.05","16.10","-0.0500","10"
"9930","中聯資源","39720","2620532","66.20","66.20","65.80","65.80","-0.4000","117"
"9931","欣高","5158","177567","34.50","34.50","34.35","34.40","-0.1000","8"
"9933","中鼎","894119","42194804","47.50","47.55","47.05","47.15","-0.1500","848"
"9934","成霖","356176","6315105","17.75","17.85","17.70","17.80","0.0500","243"
"9935","慶豐富","4438907","153465822","33.15","35.30","32.95","35.20","2.2500","2419"
"9937","全國","48002","3163030","65.90","65.90","65.80","65.90","-0.3000","27"
"9938","百和","6735570","504200139","73.60","76.60","72.40","75.80","2.8000","5030"
"9939","宏全","1232077","196516831","163.00","163.50","157.50","161.00","-2.0000","4126"
"9940","信義","423230","12846890","30.65","30.70","30.20","30.30","-0.3500","364"
"9941","裕融","551458","82431847","152.00","152.00","148.50","150.00","-1.0000","1127"
"9941A","裕融甲特","16060","822140","51.10","51.40","51.10","51.40","0.3000","15"
"9942","茂順","35887","4108225","114.50","115.00","114.00","114.00","-0.5000","78"
"9943","好樂迪","55552","4607787","83.30","83.30","82.60","83.30","0.0000","90"
"9944","新麗","111246","2272947","20.40","20.50","20.35","20.50","0.1000","110"
"9945","潤泰新","5884985","285662016","48.60","48.90","48.10","48.25","-0.7000","5197"
"9946","三發地產","229836","6543065","28.75","28.80","28.35","28.35","-0.4000","214"
"9955","佳龍","769469","27895918","36.35","36.50","36.05","36.20","-0.2000","834"
"9958","世紀鋼","7802683","1765108722","223.50","231.50","219.50","229.50","7.5000","5986"
