證券代號,證券名稱,成交股數,成交金額,開盤價,最高價,最低價,收盤價,漲跌價差,成交筆數
"0050","元大台灣50","34040370","5856531211","171.00","173.80","170.00","171.25","-8.8000","76198"
"0051","元大中型100","176079","13859436","80.20","80.20","77.00","78.35","-3.0500","657"
"0052","富邦科技","2183180","367345676","168.10","169.85","165.95","168.05","-8.7000","3788"
"0053","元大電子","63021","5838610","92.05","93.35","92.05","92.40","-4.7000","128"
"0055","元大MSCI金融","1359374","38340764","28.22","28.33","27.90","28.16","-0.6500","446"
"0056","元大高股息","77205397","2905794433","37.67","38.00","36.97","37.59","-1.3900","68321"
"0057","富邦摩台","19905","2545142","128.00","128.05","127.50","127.50","-5.7000","144"
"0061","元大寶滬深","402357","6569433","16.43","16.43","16.29","16.31","-0.1700","178"
"006203","元大MSCI台灣","21967","1800079","81.35","82.05","81.35","81.50","-3.8000","161"
"006204","永豐臺灣加權","10908","1165473","106.85","107.25","106.40","106.40","-5.1000","100"
"006205","富邦上証","307409","8748112","28.41","28.54","28.34","28.35","-0.1900","160"
"006206","元大上證50","312053","8511550","27.32","27.41","27.19","27.19","-0.2200","120"
"006207","復華滬深","48049","1012820","21.08","21.11","21.05","21.05","-0.0100","10"
"006208","富邦台50","35429754","3567705973","100.65","101.65","99.60","100.30","-5.0500","78152"
"00625K","富邦上証+R","","","","","","","0.0000",""
"00631L","元大台灣50正2","19917048","4095884270","203.30","210.55","199.95","203.55","-21.7000","25934"
"00632R","元大台灣50反1","504639692","1823844559","3.62","3.66","3.57","3.62","0.1500","17976"
"00633L","富邦上証正2","6041607","183770383","30.56","30.73","30.20","30.26","-0.4700","1082"
"00634R","富邦上証反1","759813","3661876","4.83","4.84","4.79","4.82","0.0200","40"
"00635U","期元大S&P黃金","378779","10964167","28.97","29.00","28.92","28.97","-0.0300","202"
"00636","國泰中國A50","781301","15600882","19.97","20.06","19.89","19.92","-0.1100","311"
"00636K","國泰中國A50+U","200","1242","6.21","6.21","6.21","6.21","-0.0400","2"
"00637L","元大滬深300正2","46597145","569427832","12.28","12.34","12.13","12.13","-0.1800","4729"
"00638R","元大滬深300反1","143385","1446632","10.09","10.13","10.05","10.13","0.0800","40"
"00639","富邦深100","624359","5994800","9.58","9.64","9.56","9.57","-0.0500","101"
"00640L","富邦日本正2","2349555","116661433","49.52","50.25","48.80","49.19","-3.5100","758"
"00641R","富邦日本反1","4183043","26760599","6.40","6.44","6.36","6.42","0.1800","477"
"00642U","期元大S&P石油","21957512","355284795","16.20","16.21","16.16","16.20","-0.8200","5064"
"00643","群益深証中小","589493","6413414","10.88","10.93","10.84","10.87","-0.0400","91"
"00643K","群益深証中小+R","","","","","","","0.0000",""
"00645","富邦日本","1013107","36674180","36.22","36.36","35.90","36.00","-1.2800","506"
"00646","元大S&P500","1490015","82406890","55.40","55.45","55.05","55.25","-1.3500","1637"
"00647L","元大S&P500正2","259068","22797576","87.75","88.25","87.60","87.75","-4.5500","200"
"00648R","元大S&P500反1","4306910","23764833","5.51","5.53","5.50","5.52","0.1300","229"
"00650L","復華香港正2","24446795","234728278","9.60","9.73","9.51","9.59","-0.2000","2500"
"00651R","復華香港反1","344360","3049267","8.90","8.91","8.75","8.87","0.0900","65"
"00652","富邦印度","653019","26224381","40.20","40.23","39.96","40.19","-0.2300","283"
"00653L","富邦印度正2","232489","15586934","67.40","67.40","66.70","67.25","-0.8500","141"
"00654R","富邦印度反1","1238025","7726614","6.23","6.26","6.22","6.23","0.0500","140"
"00655L","國泰中國A50正2","2734826","56658255","20.83","20.92","20.53","20.60","-0.3300","518"
"00656R","國泰中國A50反1","422999","3827080","9.03","9.09","9.03","9.09","0.0800","22"
"00657","國泰日經225","251967","11028922","43.64","43.98","43.40","43.48","-1.8700","143"
"00657K","國泰日經225+U","200","2726","13.63","13.63","13.63","13.63","-0.4800","2"
"00660","元大歐洲50","22837","810495","35.54","35.54","35.45","35.45","-0.9200","99"
"00661","元大日經225","803981","38274914","47.52","47.90","47.20","47.36","-1.9800","384"
"00662","富邦NASDAQ","2513753","196167100","78.05","78.25","77.80","77.95","-2.7000","2415"
"00663L","國泰臺灣加權正2","223092","42181018","186.05","192.00","183.85","186.65","-19.9500","115"
"00664R","國泰臺灣加權反1","45483089","184705561","4.06","4.11","4.02","4.08","0.1900","1855"
"00665L","富邦恒生國企正2","53190180","333244149","6.30","6.35","6.18","6.25","-0.1100","3712"
"00666R","富邦恒生國企反1","28600","426842","14.96","15.09","14.90","14.98","0.1100","8"
"00668","國泰美國道瓊","113061","5390037","47.66","47.74","47.62","47.69","-0.7100","98"
"00668K","國泰美國道瓊+U","200","2968","14.84","14.84","14.84","14.84","-0.2400","2"
"00669R","國泰美國道瓊反1","4718650","32465568","6.88","6.89","6.87","6.89","0.1200","430"
"00670L","富邦NASDAQ正2","2291321","255585791","111.35","112.35","111.05","111.60","-8.5500","1830"
"00671R","富邦NASDAQ反1","17992758","70502817","3.92","3.93","3.90","3.92","0.1400","680"
"00673R","期元大S&P原油反1","52187734","408783440","7.82","7.85","7.82","7.83","0.3800","2871"
"00674R","期元大S&P黃金反1","782000","7871490","10.08","10.08","10.05","10.07","0.0000","78"
"00675L","富邦臺灣加權正2","15962930","1316313787","81.45","84.40","80.00","81.75","-8.4500","15803"
"00676R","富邦臺灣加權反1","27843945","62995724","2.26","2.29","2.23","2.27","0.1000","946"
"00678","群益那斯達克生技","485511","14756713","30.42","30.43","30.36","30.43","-0.4300","106"
"00680L","元大美債20正2","121142396","1150422869","9.51","9.52","9.47","9.52","0.2500","7954"
"00681R","元大美債20反1","95000","1823860","19.15","19.23","19.15","19.20","-0.2400","16"
"00682U","期元大美元指數","","","","","","","0.0000",""
"00683L","期元大美元指正2","78000","1688430","21.66","21.66","21.62","21.62","-0.0600","16"
"00684R","期元大美元指反1","82000","1288370","15.71","15.73","15.70","15.73","0.0100","13"
"00685L","群益臺灣加權正2","2993841","219901411","72.60","75.20","71.40","72.90","-7.5000","2175"
"00686R","群益臺灣加權反1","4048260","9977822","2.46","2.49","2.43","2.47","0.1100","182"
"00688L","國泰20年美債正2","67826364","641134905","9.48","9.48","9.42","9.47","0.2500","3985"
"00689R","國泰20年美債反1","206000","4099360","19.90","19.91","19.89","19.89","-0.2900","4"
"00690","兆豐藍籌30","2542856","82890672","32.72","32.89","32.17","32.52","-1.5000","1925"
"00692","富邦公司治理","8482984","343544755","40.99","40.99","40.00","40.47","-1.8200","9027"
"00693U","期街口S&P黃豆","327053","6763925","20.66","20.73","20.63","20.63","0.1700","139"
"00700","富邦恒生國企","213371","2635332","12.43","12.43","12.28","12.34","-0.1000","130"
"00701","國泰股利精選30","1149735","32311965","28.19","28.20","27.52","28.18","-0.6000","514"
"00702","國泰標普低波高息","108131","2709409","24.90","25.07","24.90","25.04","-0.0600","72"
"00703","台新MSCI中國","69921","1014087","14.63","14.65","14.48","14.65","-0.0600","75"
"00706L","期元大S&P日圓正2","18676829","128515631","6.89","6.90","6.86","6.90","0.1000","1019"
"00707R","期元大S&P日圓反1","","","","","","","0.0000",""
"00708L","期元大S&P黃金正2","926093","34128545","36.79","36.97","36.77","36.90","0.0000","182"
"00709","富邦歐洲","34322","1042689","30.41","30.41","30.28","30.28","-0.7000","11"
"00710B","復華彭博非投等債","206274","4060596","19.71","19.71","19.67","19.68","-0.0300","58"
"00711B","復華彭博新興債","152577","2606555","17.10","17.10","17.08","17.09","-0.0100","74"
"00712","復華富時不動產","20267545","201989385","10.00","10.00","9.93","9.95","-0.1400","6047"
"00713","元大台灣高息低波","37369459","2146625501","57.15","57.90","56.80","57.45","-1.1500","33534"
"00714","群益道瓊美國地產","769249","16774002","21.89","21.89","21.76","21.80","-0.0900","147"
"00715L","期街口布蘭特正2","129296461","1709894961","13.25","13.29","13.10","13.29","-1.1700","17303"
"00717","富邦美國特別股","426923","6851712","16.03","16.06","16.03","16.04","0.0000","183"
"00728","第一金工業30","165998","5133863","30.71","31.16","30.54","30.75","-1.4600","273"
"00730","富邦臺灣優質高息","487004","10877046","22.75","22.75","21.91","22.37","-0.6100","481"
"00731","復華富時高息低波","2533752","178577655","70.05","71.10","69.30","70.65","-2.1500","2862"
"00733","富邦臺灣中小","4295618","228476765","53.50","54.10","51.65","53.20","-2.4000","4863"
"00735","國泰臺韓科技","775549","24998441","32.80","32.80","31.74","32.01","-1.5200","1024"
"00736","國泰新興市場","114587","2604566","22.70","22.74","22.66","22.70","-0.3600","101"
"00737","國泰AI+Robo","426964","12561188","29.30","29.46","29.29","29.39","-1.0300","106"
"00738U","期元大道瓊白銀","615340","15518258","25.23","25.32","25.16","25.28","-0.3300","218"
"00739","元大MSCI A股","5526","108261","19.57","19.67","19.57","19.67","-0.0100","56"
"00752","中信中國50","2425618","42873780","17.61","17.78","17.61","17.69","-0.1100","920"
"00753L","中信中國50正2","15331357","106863024","7.01","7.04","6.91","6.96","-0.1000","1809"
"00757","統一FANG+","3438968","281982501","81.80","82.35","81.60","81.85","-3.3500","8946"
"00762","元大全球AI","327462","18501204","56.75","56.75","56.00","56.40","-2.5000","630"
"00763U","期街口道瓊銅","111909","2773532","24.79","24.86","24.73","24.78","-0.4300","82"
"00770","國泰北美科技","1187150","52441322","44.40","44.40","44.00","44.02","-1.9300","1212"
"00771","元大US高息特別股","13559","239035","17.66","17.66","17.61","17.61","-0.0600","98"
"00775B","新光投等債15+","840024","29741013","35.40","35.42","35.40","35.42","0.2300","105"
"00783","富邦中証500","125075","2012300","16.03","16.11","16.03","16.10","0.0800","11"
"00830","國泰費城半導體","22505356","967687626","42.86","43.22","42.69","42.92","-3.3900","15133"
"00850","元大臺灣ESG永續","3071950","129370453","42.56","42.56","41.50","42.00","-1.8800","3990"
"00851","台新全球AI","22492","998959","44.48","44.52","44.39","44.48","-1.6600","72"
"00852L","國泰美國道瓊正2","300713","7619222","25.28","25.42","25.28","25.34","-0.8500","85"
"00861","元大全球未來通訊","703574","28678190","41.19","41.19","40.61","40.61","-1.4100","180"
"00865B","國泰US短期公債","313972","14295420","45.45","45.55","45.45","45.51","0.0400","132"
"00875","國泰網路資安","133893","4343181","32.40","32.45","32.30","32.30","-0.8700","106"
"00876","元大全球5G","163558","5989948","37.15","37.15","36.30","36.46","-1.9900","311"
"00878","國泰永續高股息","176675402","3907216252","21.96","22.36","21.74","22.09","-0.7100","120137"
"00881","國泰台灣5G+","36465288","807422050","22.29","22.40","21.76","22.09","-1.1000","21066"
"00882","中信中國高股息","13153432","142732325","10.88","10.92","10.81","10.86","-0.0800","4457"
"00885","富邦越南","9803425","116795771","11.93","11.99","11.85","11.95","-0.0500","1484"
"00891","中信關鍵半導體","15039779","262022295","17.60","17.63","17.17","17.39","-0.8500","7268"
"00892","富邦台灣半導體","6502606","104004780","15.89","16.27","15.65","16.02","-0.8200","1679"
"00893","國泰智能電動車","4673632","95300096","20.33","20.50","20.23","20.40","-1.1300","1960"
"00894","中信小資高價30","3984200","76880288","19.11","19.48","18.88","19.13","-1.0900","1131"
"00895","富邦未來車","3381571","89182151","26.40","26.51","26.20","26.30","-1.5100","2215"
"00896","中信綠能及電動車","1652888","27894432","17.03","17.04","16.67","16.84","-0.7500","1146"
"00897","富邦基因免疫生技","1258508","10408022","8.30","8.30","8.25","8.25","-0.1900","186"
"00898","國泰基因免疫革命","774376","5785240","7.50","7.50","7.44","7.46","-0.1700","153"
"00899","FT潔淨能源","366455","5922421","16.10","16.21","16.10","16.15","-0.3200","144"
"00900","富邦特選高股息30","16691329","244716411","14.68","14.79","14.48","14.65","-0.3700","7447"
"00901","永豐智能車供應鏈","1497739","28997238","19.18","19.50","19.07","19.23","-1.0700","432"
"00902","中信電池及儲能","2265311","20092382","8.88","8.93","8.82","8.83","-0.3000","758"
"00903","富邦元宇宙","598061","7991596","13.36","13.41","13.30","13.34","-0.5800","267"
"00904","新光臺灣半導體30","2281947","38875133","16.89","17.20","16.76","16.99","-0.9500","1019"
"00905","FT臺灣Smart","9984539","128217353","12.90","12.98","12.65","12.79","-0.5300","5670"
"00907","永豐優息存股","7839312","120344237","15.30","15.47","15.15","15.36","-0.4100","4023"
"00908","富邦入息REITs+","348289","4632635","13.30","13.32","13.28","13.30","-0.0900","84"
"00909","國泰數位支付服務","2209221","55602755","25.12","25.34","25.03","25.08","-1.3400","1606"
"00910","第一金太空衛星","230725","5087940","22.35","22.35","21.80","21.99","-0.4900","65"
"00911","兆豐洲際半導體","1522831","37792799","24.76","25.01","24.65","24.75","-1.8800","1316"
"00912","中信臺灣智慧50","267336","4872087","17.61","18.41","17.61","18.19","-0.8400","352"
"00913","兆豐台灣晶圓製造","554053","11100382","20.02","20.22","19.83","19.98","-0.9900","187"
"00915","凱基優選高股息30","62310382","1669009090","26.78","27.02","26.07","26.82","-0.6000","25273"
"00916","國泰全球品牌50","527402","11743511","22.31","22.32","22.20","22.26","-0.3700","457"
"00917","中信特選金融","262679","5464989","20.70","20.83","20.70","20.76","-0.3500","149"
"00918","大華優利高填息30","105286866","2521352198","24.00","24.18","23.52","23.96","-0.7100","37371"
"00919","群益台灣精選高息","260063987","6292938960","24.04","24.45","23.70","24.23","-0.6300","122226"
"00920","富邦ESG綠色電力","475248","7008435","14.81","14.81","14.69","14.69","-0.4400","121"
"00921","兆豐龍頭等權重","6223249","114978742","18.76","18.76","18.16","18.39","-0.5900","3067"
"00922","國泰台灣領袖50","10937424","223472659","20.55","20.64","20.16","20.36","-0.9500","6431"
"00923","群益台ESG低碳50","20751302","414475767","19.90","20.17","19.60","19.97","-0.8900","15058"
"00924","復華S&P500成長","1908388","41565584","21.79","21.85","21.70","21.77","-0.7300","1159"
"00925","新光標普電動車","211011","3348763","15.87","15.89","15.87","15.87","-0.4400","7"
"00926","凱基全球菁英55","478268","10610676","22.17","22.23","22.10","22.16","-0.5900","300"
"00927","群益半導體收益","14124023","259813710","18.48","18.61","18.03","18.33","-0.8400","8004"
"00929","復華台灣科技優息","275202615","5235653899","18.84","19.27","18.65","19.06","-0.5400","106394"
"00930","永豐ESG低碳高息","12620768","239696236","19.03","19.15","18.68","18.96","-0.6200","5151"
"00932","兆豐永續高息等權","9848048","162444828","16.50","16.65","16.13","16.45","-0.5700","3829"
"00934","中信成長高股息","30766077","590135796","18.91","19.41","18.74","19.20","-0.5100","8077"
"00935","野村臺灣新科技50","14731434","307106932","20.90","21.08","20.50","20.76","-1.1300","8355"
"00936","台新永續高息中小","45524984","743548990","16.25","16.48","16.00","16.30","-0.4500","11394"
"00939","統一台灣高息動能","22753744","324062338","14.20","14.36","14.03","14.22","-0.3500","6632"
"00940","元大台灣價值高息","205566849","1948997339","9.55","9.59","9.33","9.49","-0.2600","57343"
"00941","中信上游半導體","11403348","161339467","14.16","14.21","14.09","14.11","-0.6500","5633"
"00943","兆豐電子高息等權","8985045","130173581","14.70","14.70","14.18","14.41","-0.5000","2347"
"00944","野村趨勢動能高息","4347940","64238581","14.68","14.92","14.41","14.76","-0.3800","1698"
"00945B","凱基美國非投等債","16396283","249157024","15.23","15.23","15.16","15.20","-0.0400","2493"
"00946","群益科技高息成長","38586838","380757264","9.82","10.00","9.66","9.90","-0.2600","11505"
"00947","台新臺灣IC設計","14573518","196967269","13.42","13.93","13.25","13.50","-0.7300","3838"
"00949","復華日本龍頭","9528660","143497025","14.95","15.18","14.95","15.02","-0.4400","2040"
"00951","台新日本半導體","23328989","199527829","8.50","8.65","8.48","8.56","-0.5100","5230"
"00953B","群益優選非投等債","15231267","152304331","10.00","10.01","9.99","10.00","-0.0100","1578"
"00954","中信日本半導體","7291957","65432180","9.12","9.12","8.88","8.91","-0.6500","2278"
"00956","中信日經高股息","3026030","30230894","10.01","10.04","9.95","9.97","-0.1800","484"
"01001T","土銀富邦R1","1000","13850","13.85","13.85","13.85","13.85","0.0000","1"
"01002T","土銀國泰R1","208000","3455190","16.65","16.67","16.50","16.51","-0.1400","16"
"01004T","土銀富邦R2","3152000","38611910","12.24","12.25","12.24","12.24","-0.0100","15"
"01007T","兆豐國泰R2","1","17","","","","","0.0000","1"
"01009T","王道圓滿R1","6000","46160","7.71","7.71","7.69","7.69","0.0000","2"
"01010T","京城樂富R1","78000","787850","10.10","10.15","10.07","10.15","0.0000","23"
"020000","富邦特選蘋果N","31000","356650","11.51","11.53","11.46","11.46","-0.7000","4"
"020011","統一微波高息20N","","","","","","","0.0000",""
"020012","富邦行動通訊N","11000","105770","9.62","9.62","9.57","9.57","-0.4500","2"
"020015","統一MSCI美低波N","","","","","","","0.0000",""
"020016","統一MSCI美科技N","","","","","","","0.0000",""
"020018","統一價值成長30N","","","","","","","0.0000",""
"020019","統一特選台灣5GN","1000","19000","19.00","19.00","19.00","19.00","0.0000","1"
"02001L","富邦蘋果正二N","131000","3162930","23.69","24.74","23.58","24.12","-2.8300","73"
"02001R","富邦蘋果反一N","136000","205520","1.53","1.53","1.50","1.50","0.0600","9"
"02001S","策元大加權策略N","","","","","","","0.0000",""
"020020","元大台股領航N","90000","985510","10.85","11.04","10.85","10.90","-0.5800","49"
"020028","元大特選電動車N","38000","340180","8.95","8.99","8.90","8.90","-0.3700","15"
"020029","元大ESG高股息N","78000","670660","8.66","8.66","8.57","8.57","-0.3600","20"
"020030","統一智慧電動車N","","","","","","","0.0000",""
"020031","統一IC設計臺灣N","252000","1390620","5.42","5.57","5.42","5.50","-0.3400","22"
"020032","元大綠能N","61000","363150","6.18","6.18","5.93","5.93","-0.2700","19"
"020034","元大IC設計N","101000","738200","7.21","7.39","7.21","7.34","-0.3900","26"
"020036","元大金融配息N","1000","6500","6.50","6.50","6.50","6.50","0.0000","1"
"020037","元大金融高股息N","1000","6590","6.59","6.59","6.59","6.59","0.0000","1"
"020038","元大ESG配息N","56000","415900","7.42","7.44","7.39","7.39","-0.3200","18"
"020039","元大加權N","275000","1778800","6.41","6.52","6.41","6.44","-0.3100","69"
"1101","台泥","25818848","817361810","31.55","31.85","31.40","31.75","-0.4000","13403"
"1101B","台泥乙特","4244","198393","46.70","46.90","46.70","46.90","-0.1000","7"
"1102","亞泥","10588425","469761389","43.30","44.90","43.30","44.30","-0.8000","5351"
"1103","嘉泥","820365","14467512","17.55","18.30","17.50","17.50","-0.8000","874"
"1104","環泥","1511324","44505239","29.75","29.75","29.10","29.30","-0.9000","1426"
"1108","幸福","647201","9492500","14.90","14.90","14.45","14.55","-0.5500","431"
"1109","信大","413102","7488246","18.15","18.20","18.00","18.05","-0.3000","295"
"1110","東泥","646133","14051920","21.80","22.05","21.50","21.65","-0.9000","444"
"1201","味全","1033275","18621656","18.20","18.20","17.90","17.95","-0.3500","712"
"1203","味王","98377","5039329","51.00","51.90","50.80","50.80","0.0000","270"
"1210","大成","1979496","101619958","51.20","51.80","50.90","51.30","-1.2000","2192"
"1213","大飲","27085","321039","12.00","12.05","11.80","12.00","0.0000","14"
"1215","卜蜂","670631","65082553","96.20","98.00","95.20","96.20","-1.8000","1130"
"1216","統一","14414832","1180214993","81.10","82.90","80.60","81.70","-1.4000","6985"
"1217","愛之味","2369909","28328003","12.00","12.05","11.85","11.90","-0.4000","903"
"1218","泰山","1648455","32962366","20.10","20.15","19.70","19.95","-0.6500","1424"
"1219","福壽","865076","14844740","17.25","17.30","17.05","17.15","-0.2000","435"
"1220","台榮","623581","10185185","16.20","16.55","16.20","16.30","-0.4500","353"
"1225","福懋油","176171","27269354","151.50","157.50","150.50","154.00","-7.0000","267"
"1227","佳格","1112976","42259529","38.00","38.30","37.80","37.80","-1.0500","1032"
"1229","聯華","2993434","181190724","60.00","61.00","59.90","60.30","-1.7000","4256"
"1231","聯華食","281925","29475463","101.50","105.50","101.50","104.00","-3.0000","773"
"1232","大統益","146747","21281385","145.00","146.00","144.00","144.00","-3.0000","445"
"1233","天仁","40026","1283450","32.00","32.20","31.75","32.05","-0.4000","43"
"1234","黑松","224661","9338053","41.00","42.20","41.00","41.55","-0.7000","333"
"1235","興泰","81506","10149116","124.00","130.00","119.00","125.00","-6.0000","119"
"1236","宏亞","97142","2277575","23.75","23.75","23.15","23.30","-0.5500","456"
"1256","鮮活果汁-KY","32304","4938889","154.00","154.50","152.00","152.00","-4.5000","204"
"1301","台塑","28988163","1376151386","48.35","48.35","47.00","47.00","-2.8000","24356"
"1303","南亞","30206895","1236235636","42.00","42.20","40.30","40.50","-2.9000","20080"
"1304","台聚","3561625","49128319","14.10","14.10","13.45","13.70","-0.8500","2654"
"1305","華夏","2972643","47406736","16.25","16.25","15.70","15.90","-0.7500","1457"
"1307","三芳","1199358","39292258","32.30","33.50","31.80","32.40","-1.1000","1285"
"1308","亞聚","2024280","33530744","16.90","16.90","16.35","16.40","-0.8000","1693"
"1309","台達化","1854839","30728487","16.60","16.85","16.30","16.35","-1.0500","1447"
"1310","台苯","1685213","21073807","12.70","12.70","12.30","12.35","-0.7000","1596"
"1312","國喬","8043862","100300870","12.65","12.65","12.25","12.40","-0.5500","4454"
"1312A","國喬特","21000","488650","23.25","23.30","23.15","23.15","0.0000","20"
"1313","聯成","4200829","46431839","11.40","11.40","10.90","10.95","-0.7000","2511"
"1314","中石化","42357652","382879451","9.15","9.15","8.83","9.05","-0.3100","11283"
"1315","達新","77920","5462909","70.00","70.50","70.00","70.00","-0.8000","125"
"1316","上曜","9601322","182008586","19.00","19.45","18.35","18.80","-1.0000","4788"
"1319","東陽","3836442","363859483","92.90","96.40","91.30","95.00","-1.7000","3178"
"1321","大洋","1082720","41181950","38.40","38.50","37.10","38.30","-0.8500","669"
"1323","永裕","66030","1957694","29.70","29.70","29.60","29.60","-0.1000","33"
"1324","地球","255968","3226340","12.90","12.90","12.25","12.75","-0.3000","376"
"1325","恆大","471805","13031731","27.60","28.10","27.20","27.30","-1.1500","364"
"1326","台化","24298606","966814156","40.55","40.70","39.30","39.40","-2.5000","14162"
"1337","再生-KY","602711","4104188","6.87","6.89","6.69","6.83","-0.2400","643"
"1338","廣華-KY","315199","9957653","32.35","32.35","31.30","31.35","-1.0500","104"
"1339","昭輝","235997","13273870","57.50","57.50","55.20","56.00","-1.9000","225"
"1340","勝悅-KY","126722","1229515","9.71","9.74","9.62","9.71","-0.0700","296"
"1341","富林-KY","29993","2029488","65.60","70.00","65.50","66.50","-1.9000","42"
"1342","八貫","178290","16586983","93.80","94.10","92.10","92.30","-3.7000","408"
"1402","遠東新","15689826","550802937","34.15","35.65","34.15","35.00","-0.8000","7463"
"1409","新纖","4775348","73937719","15.50","15.65","15.20","15.40","-0.6500","2562"
"1410","南染","89001","3296740","37.20","37.85","36.60","36.60","-1.2500","79"
"1413","宏洲","73001","702049","9.70","9.81","9.41","9.56","-0.2600","44"
"1414","東和","514235","11300367","22.05","22.50","21.20","21.80","-0.6500","381"
"1416","廣豐","995892","12211970","12.50","12.50","12.10","12.15","-0.6500","597"
"1417","嘉裕","285615","3040005","10.75","10.75","10.55","10.55","-0.4000","381"
"1418","東華","54627","1786459","32.20","33.20","32.20","32.35","-0.9500","71"
"1419","新紡","228939","10685588","46.40","48.15","46.10","46.10","-2.1500","335"
"1423","利華","76012","3346481","44.80","44.90","42.90","43.95","-1.1000","65"
"1432","大魯閣","229669","4113091","18.05","18.10","17.60","17.95","-0.3000","288"
"1434","福懋","4940477","98306709","20.00","20.20","19.70","19.70","-0.7500","5262"
"1435","中福","14116","631494","46.90","46.90","44.00","45.40","-1.6000","31"
"1436","華友聯","1221939","194254635","155.50","162.50","153.50","158.00","-4.5000","975"
"1437","勤益控","335191","11729490","35.15","35.40","34.40","34.85","-0.9500","253"
"1438","三地開發","462648","35957609","77.10","79.50","74.60","78.70","-0.1000","395"
"1439","雋揚","100286","3300427","33.00","33.60","32.00","32.90","-0.7500","86"
"1440","南紡","2760346","42770047","15.60","15.65","15.25","15.50","-0.5500","1674"
"1441","大東","111806","1779756","15.75","16.20","15.50","15.75","-0.6500","206"
"1442","名軒","1482610","90127372","59.80","62.00","59.00","61.40","-2.0000","1086"
"1443","立益物流","116499","3695986","31.50","32.35","31.40","31.65","-1.3000","98"
"1444","力麗","3218909","28822007","9.08","9.08","8.85","8.91","-0.3600","1988"
"1445","大宇","460349","8687380","18.95","19.20","18.35","18.85","-0.4000","245"
"1446","宏和","842415","38949891","46.45","46.80","44.85","46.75","-1.1000","597"
"1447","力鵬","2848557","23961620","8.65","8.65","8.28","8.35","-0.4200","2051"
"1449","佳和","1296193","23957643","18.20","18.95","17.85","18.55","-0.7500","894"
"1451","年興","869144","17278596","19.70","20.30","19.70","19.80","-0.3000","258"
"1452","宏益","180139","3032591","16.90","16.95","16.65","16.70","-0.3500","140"
"1453","大將","567165","10927503","19.80","19.80","18.95","19.05","-1.2000","466"
"1454","台富","567833","10438842","18.55","18.75","17.75","18.35","-0.4500","243"
"1455","集盛","1802725","19400468","11.00","11.00","10.55","10.65","-0.6000","1484"
"1456","怡華","285259","5626395","19.85","20.20","19.20","19.55","-1.1000","263"
"1457","宜進","450486","9085111","20.35","20.45","19.70","20.10","-0.5500","342"
"1459","聯發","200188","2021390","10.20","10.20","10.00","10.05","-0.4000","161"
"1460","宏遠","642398","4540700","7.05","7.11","7.02","7.06","-0.1800","443"
"1463","強盛","484378","11794762","24.85","24.85","24.05","24.10","-1.0000","366"
"1464","得力","476500","6145225","13.00","13.00","12.70","12.75","-0.5500","563"
"1465","偉全","147327","2243875","15.30","15.30","15.15","15.15","-0.4000","136"
"1466","聚隆","87950","1058957","12.30","12.30","11.95","11.95","-0.4000","108"
"1467","南緯","262764","2663660","10.20","10.25","9.95","10.10","-0.4000","480"
"1468","昶和","63320","846566","13.45","13.70","13.15","13.40","-0.8500","75"
"1470","大統新創","56096","1200361","21.35","21.75","21.25","21.25","-0.5000","42"
"1471","首利","711637","9467158","13.50","13.50","13.10","13.35","-0.5500","409"
"1472","三洋實業","41012","2448315","57.50","61.00","57.50","59.30","-1.7000","39"
"1473","台南","688063","25319909","36.65","37.65","35.40","37.25","-0.3500","529"
"1474","弘裕","394960","4732994","12.20","12.20","11.85","12.00","-0.3000","335"
"1475","業旺","255635","14714674","57.30","58.90","55.00","57.30","-2.6000","246"
"1476","儒鴻","805733","419517351","516.00","531.00","510.00","518.00","-16.0000","899"
"1477","聚陽","3544591","1367850703","384.00","390.50","378.50","385.00","1.0000","3311"
"1503","士電","3793744","791446714","207.00","213.50","201.50","207.00","-12.5000","4749"
"1504","東元","5399531","249380470","46.00","46.80","45.30","46.05","-2.3500","3628"
"1506","正道","325308","4990085","15.60","15.60","15.10","15.15","-0.8000","176"
"1512","瑞利","26425","197413","7.51","7.55","7.30","7.55","-0.1200","20"
"1513","中興電","11638717","1863414166","158.00","164.00","154.00","160.50","-7.5000","12195"
"1514","亞力","7359441","917152064","124.50","127.00","121.00","123.50","-9.5000","8309"
"1515","力山","925582","33312060","36.85","36.85","35.55","35.80","-1.8000","713"
"1516","川飛","339372","6725191","20.00","20.00","19.70","19.70","-0.7000","216"
"1517","利奇","509772","8095451","15.90","16.05","15.65","15.80","-0.5000","484"
"1519","華城","4994206","3005284593","595.00","617.00","585.00","600.00","-31.0000","8993"
"1521","大億","108203","4140645","38.50","38.80","37.80","37.80","-1.9500","248"
"1522","堤維西","3196020","205697519","64.20","65.80","62.30","63.70","-3.2000","2800"
"1522A","堤維西甲特","","","","","","","0.0000",""
"1524","耿鼎","1065867","31469958","29.85","29.90","28.90","29.25","-1.3500","895"
"1525","江申","53578","3512363","64.40","66.00","64.40","65.90","-2.5000","66"
"1526","日馳","96870","2781101","29.00","29.20","27.80","27.80","-2.1000","118"
"1527","鑽全","1549322","72741585","46.70","47.70","45.70","46.70","-1.4000","1289"
"1528","恩德","2030730","27517794","13.80","13.95","12.90","13.45","-0.8500","1219"
"1529","樂事綠能","1228162","35693125","29.00","29.50","28.30","29.00","-1.1000","963"
"1530","亞崴","983358","32600780","33.00","34.15","31.90","33.15","-1.7000","956"
"1531","高林股","278928","3841988","13.95","13.95","13.60","13.60","-0.7000","290"
"1532","勤美","2203061","81059123","37.25","37.25","35.60","36.80","-1.6000","1719"
"1533","車王電","90263","3498491","38.50","39.05","38.10","38.55","-1.5500","238"
"1535","中宇","178945","10635462","59.60","60.50","58.10","59.00","-1.7000","235"
"1536","和大","6997367","432273032","62.50","63.10","60.50","60.90","-5.1000","5692"
"1537","廣隆","283416","40325101","142.00","143.00","141.00","143.00","-1.0000","311"
"1538","正峰","7469","132939","17.65","18.05","17.55","18.05","0.4000","11"
"1539","巨庭","11476198","365173944","28.30","33.05","28.15","33.05","3.0000","6345"
"1540","喬福","81247938","3655421753","44.50","46.65","42.65","46.50","1.6000","44185"
"1541","錩泰","329490","10559573","32.40","32.95","30.60","31.95","-1.9000","274"
"1558","伸興","199737","21818593","109.00","111.00","107.50","108.00","-4.5000","330"
"1560","中砂","3117162","963787091","310.00","318.50","300.50","303.00","-24.0000","4762"
"1563","巧新","764003","46381751","60.60","61.20","60.30","60.30","-2.4000","655"
"1568","倉佑","508255","13962376","28.00","28.00","26.90","27.30","-0.9000","1372"
"1582","信錦","1796196","188281600","104.50","107.00","101.50","104.50","-5.5000","1691"
"1583","程泰","136495","8507485","62.50","63.30","61.90","62.10","-1.9000","126"
"1587","吉茂","742232","34128110","46.30","46.75","44.70","45.70","-2.5000","567"
"1589","永冠-KY","437554","17654718","40.80","41.20","39.55","40.15","-2.0500","792"
"1590","亞德客-KY","747291","612490208","832.00","835.00","808.00","808.00","-56.0000","1593"
"1597","直得","4002618","391832303","97.10","100.50","93.00","97.70","-4.8000","3596"
"1598","岱宇","203581","5645295","27.80","28.00","27.15","27.60","-1.1000","264"
"1603","華電","944344","35749924","38.35","38.65","36.95","37.65","-2.2000","780"
"1604","聲寶","895317","24791299","27.85","27.90","27.50","27.60","-0.5000","719"
"1605","華新","11001087","365026380","33.20","33.55","32.65","33.15","-1.6500","9136"
"1608","華榮","3389576","105644777","30.90","31.70","30.15","31.25","-1.5500","2129"
"1609","大亞","11353905","562244038","49.20","50.30","48.30","49.35","-2.2500","8828"
"1611","中電","1503841","25298106","16.70","17.20","16.30","16.80","-0.7000","1075"
"1612","宏泰","1400801","48705032","35.30","35.50","33.90","34.85","-1.2500","1082"
"1614","三洋電","333464","13708309","41.00","41.70","40.80","40.80","-1.0500","287"
"1615","大山","389162","24183618","61.10","62.90","61.10","61.90","-2.4000","420"
"1616","億泰","810085","15753796","19.80","19.80","19.00","19.30","-1.0000","558"
"1617","榮星","804013","17952323","22.30","22.80","21.30","22.50","-1.1000","586"
"1618","合機","2542978","117944818","46.95","47.40","44.60","46.15","-3.3500","2143"
"1626","艾美特-KY","197023","3078323","15.45","15.70","15.15","15.55","-0.5000","203"
"1702","南僑","1349809","71708457","53.80","53.80","52.70","53.00","-1.4000","1245"
"1707","葡萄王","308837","43778091","142.00","143.00","140.50","141.00","-4.0000","484"
"1708","東鹼","3389171","129408874","38.10","38.80","37.65","38.00","-1.4500","2558"
"1709","和益","1760287","39522442","22.80","22.80","21.95","22.35","-0.9000","1001"
"1710","東聯","1682394","29569501","17.45","17.90","17.30","17.45","-0.4500","1101"
"1711","永光","20308634","501308791","24.75","25.25","23.10","24.60","-1.0500","9540"
"1712","興農","1473336","61577920","41.60","42.30","40.50","41.90","-0.8000","1220"
"1713","國化","196687","10778733","55.50","55.50","54.20","54.80","-1.3000","176"
"1714","和桐","3744048","32294790","8.76","8.76","8.51","8.53","-0.3500","1964"
"1717","長興","3745728","110866203","29.60","29.90","29.10","29.35","-1.2500","2248"
"1718","中纖","5062597","39272861","7.85","7.86","7.60","7.77","-0.2400","2438"
"1720","生達","672713","43461908","65.20","65.20","63.60","64.30","-2.1000","805"
"1721","三晃","3892992","61926797","15.60","16.25","15.40","15.85","-0.7000","2025"
"1722","台肥","3810074","215263661","57.20","57.30","56.00","56.50","-1.7000","2733"
"1723","中碳","2010410","193845850","98.20","98.20","95.30","95.60","-3.6000","2029"
"1725","元禎","316862","12430965","39.45","40.00","38.10","39.00","-2.7000","293"
"1726","永記","79088","6116643","77.50","78.20","76.80","77.10","-1.4000","85"
"1727","中華化","2809788","93766628","33.00","34.35","31.60","32.90","-2.1000","2101"
"1730","花仙子","86497","4618926","53.60","53.80","53.20","53.20","-0.6000","145"
"1731","美吾華","291073","6573991","22.50","22.85","22.30","22.50","-0.5500","238"
"1732","毛寶","185524","5250590","28.30","28.70","27.60","28.30","-0.9000","189"
"1733","五鼎","309672","8770809","28.95","28.95","28.00","28.10","-1.2000","489"
"1734","杏輝","1558057","50514493","32.50","32.65","31.55","32.50","0.0000","1184"
"1735","日勝化","10064559","282212204","26.85","28.85","25.95","28.15","1.9000","6532"
"1736","喬山","1018571","121048133","120.00","122.00","117.00","117.00","-8.0000","823"
"1737","臺鹽","623653","21926601","35.00","35.30","35.00","35.10","-0.3500","738"
"1752","南光","154426","6838806","45.40","45.40","43.80","44.00","-1.5000","194"
"1760","寶齡富錦","274004","24191896","89.00","89.30","87.00","87.50","-4.7000","430"
"1762","中化生","658456","27603307","43.15","43.15","41.20","41.20","-2.6500","1601"
"1773","勝一","555681","85188663","154.50","155.50","150.50","152.50","-9.0000","714"
"1776","展宇","933268","19718640","21.55","22.00","20.10","21.10","-1.0500","618"
"1783","和康生","327379","14689864","44.65","45.60","43.25","45.00","-1.1000","294"
"1786","科妍","1515054","201551209","130.50","136.50","127.50","132.00","-3.5000","1223"
"1789","神隆","1160600","28395617","24.85","24.90","24.25","24.25","-1.0500","872"
"1795","美時","2905121","795054715","274.00","279.00","266.50","274.00","-11.5000","7496"
"1802","台玻","7009780","108202444","15.65","16.15","15.15","15.25","-0.9000","3403"
"1805","寶徠","357723","7267442","20.45","20.75","19.60","20.40","-0.7000","236"
"1806","冠軍","1449845","17080544","11.80","12.00","11.40","11.75","-0.4000","810"
"1808","潤隆","3426081","422018501","121.00","125.00","120.00","123.00","-2.5000","2988"
"1809","中釉","1212250","24196212","20.35","20.35","19.60","19.80","-1.3000","858"
"1810","和成","640855","11333162","17.75","18.00","17.20","17.55","-0.9000","516"
"1817","凱撒衛","389655","15642671","40.10","40.50","39.30","40.35","-0.4000","244"
"1903","士紙","615124","34628074","58.00","58.00","55.30","56.30","-2.6000","503"
"1904","正隆","4425393","108088204","25.05","25.20","23.95","24.10","-1.6000","3428"
"1905","華紙","3154907","59082059","19.15","19.15","18.30","18.65","-0.9000","2706"
"1906","寶隆","206675","3033485","14.80","14.80","14.60","14.60","-0.4000","400"
"1907","永豐餘","2243639","65702069","29.45","29.55","29.05","29.10","-1.4000","2351"
"1909","榮成","2483158","32793514","13.40","13.40","13.05","13.10","-0.6000","1188"
"2002","中鋼","44537477","942679107","21.40","21.50","21.00","21.20","-0.7000","24644"
"2002A","中鋼特","41274","1765163","42.85","42.85","42.70","42.70","-0.1500","34"
"2006","東和鋼鐵","1939533","151660679","77.00","79.00","76.60","77.90","-1.3000","2081"
"2007","燁興","1147570","11051201","9.94","9.94","9.46","9.61","-0.3900","654"
"2008","高興昌","622041","20608338","32.20","34.35","32.10","32.65","-1.4000","579"
"2009","第一銅","1796938","70886858","39.90","39.90","38.05","39.50","-2.0000","1440"
"2010","春源","1498280","25947069","17.45","17.45","17.10","17.25","-0.7000","906"
"2012","春雨","347623","8619699","25.10","25.10","24.30","24.30","-1.6500","372"
"2013","中鋼構","153062","8058747","52.10","54.50","52.00","52.00","-2.2000","235"
"2014","中鴻","5038807","90443535","18.25","18.25","17.50","18.00","-0.8500","2659"
"2015","豐興","743694","60161873","78.80","82.50","78.70","79.90","-3.1000","925"
"2017","官田鋼","1210280","14714815","12.40","12.40","11.95","12.05","-0.6000","1003"
"2020","美亞","736324","20585041","28.30","28.35","27.50","27.80","-0.9000","630"
"2022","聚亨","1004299","9507622","9.71","9.71","9.39","9.40","-0.4600","590"
"2023","燁輝","3172763","45838308","14.70","14.70","14.15","14.50","-0.4500","1610"
"2024","志聯","77213","1671625","21.95","22.00","21.25","21.70","-0.3500","64"
"2025","千興","1729355","19856024","11.55","11.75","11.20","11.30","-0.4500","585"
"2027","大成鋼","5685824","194166037","34.15","34.50","33.50","34.00","-1.1500","3692"
"2028","威致","270248","6096667","23.00","23.05","22.30","22.35","-1.3500","285"
"2029","盛餘","409899","10236926","25.10","25.15","24.85","24.85","-0.6500","308"
"2030","彰源","713245","12062942","17.30","17.30","16.70","16.75","-0.8000","376"
"2031","新光鋼","2185213","122101795","56.20","56.40","54.90","56.10","-2.5000","1532"
"2032","新鋼","202049","2869096","14.55","14.55","14.10","14.15","-0.7000","160"
"2033","佳大","82231","1312021","15.70","16.20","15.70","15.80","-0.8000","157"
"2034","允強","828145","18938812","23.20","23.20","22.50","22.75","-0.6000","510"
"2038","海光","520351","8551380","16.85","16.85","16.05","16.25","-0.9500","415"
"2049","上銀","2730199","549713912","205.00","205.00","199.00","199.50","-11.0000","3959"
"2059","川湖","1101965","1267853600","1145.00","1175.00","1115.00","1150.00","-75.0000","2554"
"2062","橋椿","4019648","149849236","37.20","38.40","36.00","36.75","-1.9000","2732"
"2069","運錩","548921","9431093","17.35","17.45","17.00","17.00","-0.9000","322"
"2101","南港","6006942","302519370","50.00","51.20","49.30","50.60","-1.8000","2889"
"2102","泰豐","1035909","22059546","21.30","21.75","20.70","21.40","-0.2500","741"
"2103","台橡","3270477","72525633","22.65","22.65","21.95","21.95","-1.1000","2021"
"2104","國際中橡","2536640","39250759","15.65","15.70","15.30","15.40","-0.6000","1521"
"2105","正新","6356696","310351833","48.30","49.55","48.30","48.45","-1.4000","4220"
"2106","建大","4447751","132919148","30.20","30.40","29.30","29.65","-1.4000","2172"
"2107","厚生","1055966","27147679","26.00","26.15","25.20","25.75","-0.7500","990"
"2108","南帝","1481338","54309052","37.10","37.40","36.00","36.20","-2.4000","1201"
"2109","華豐","882339","16957206","19.20","19.40","18.90","19.25","-0.3500","432"
"2114","鑫永銓","36548","3565082","97.60","97.60","97.50","97.50","-1.0000","60"
"2115","六暉-KY","104433","3191096","30.75","30.80","30.30","30.30","-1.2000","123"
"2201","裕隆","4458677","227279203","51.10","51.60","50.30","50.60","-2.6000","3413"
"2204","中華","4992747","357693032","72.00","72.60","70.80","70.80","-5.1000","4803"
"2206","三陽工業","2109470","157801367","73.90","75.70","73.10","74.80","-1.2000","2827"
"2207","和泰車","780918","481834115","625.00","628.00","610.00","610.00","-41.0000","4957"
"2208","台船","6678091","116954115","17.80","17.85","17.15","17.35","-0.8000","3161"
"2211","長榮鋼","1996683","245854245","121.50","125.00","119.00","122.00","-2.5000","1346"
"2227","裕日車","251863","28163807","113.50","114.00","111.00","111.00","-7.0000","620"
"2228","劍麟","1525985","169856882","110.00","113.50","108.50","109.50","-4.0000","2163"
"2231","為升","822495","80345360","99.30","99.30","96.70","97.40","-4.1000","819"
"2233","宇隆","3060142","513580496","167.00","173.50","163.00","163.00","-13.5000","9090"
"2236","百達-KY","1327708","149206285","109.50","115.50","108.50","110.00","-3.5000","968"
"2239","英利-KY","121236","5218262","43.30","43.75","42.25","42.80","-2.7500","106"
"2241","艾姆勒","3168282","103780873","32.50","33.40","31.60","32.65","-1.7500","2069"
"2243","宏旭-KY","1699837","39117056","22.90","23.45","22.00","23.20","-0.8000","1181"
"2247","汎德永業","121195","35404193","295.00","295.00","290.50","290.50","-6.5000","320"
"2250","IKKA-KY","278517","25778841","95.80","95.80","90.80","91.30","0.0000","403"
"2254","巨鎧精密-創","450050","41560035","92.80","95.90","86.50","88.70","-7.3000","136"
"2258","鴻華先進-創","1084215","43546534","39.45","41.75","39.45","39.55","-2.1500","608"
"2301","光寶科","11546853","1170235828","100.50","103.50","99.20","100.50","-4.5000","7236"
"2302","麗正","1155863","18550357","15.85","16.55","15.85","16.00","-1.0500","556"
"2303","聯電","85748502","4574666003","53.00","54.10","52.30","53.30","-1.8000","31144"
"2305","全友","964376","18753084","19.75","19.75","18.95","19.20","-1.6500","691"
"2308","台達電","13226059","4932389359","372.50","379.00","364.00","372.00","-20.5000","19108"
"2312","金寶","19994439","428319223","21.30","22.00","20.60","21.45","-1.3500","8518"
"2313","華通","26617044","1969993161","73.10","76.30","71.10","73.10","-4.6000","18166"
"2314","台揚","1015387","29371928","28.00","29.80","28.00","29.00","-1.2000","744"
"2316","楠梓電","6773333","313581786","45.90","47.50","45.55","46.15","-4.4500","4357"
"2317","鴻海","126923199","22545752187","175.00","181.00","172.00","179.50","-5.5000","88719"
"2321","東訊","1000","15750","15.75","15.75","15.75","15.75","0.1500","1"
"2323","中環","18578224","220619179","11.85","12.15","11.45","11.80","0.0000","4680"
"2324","仁寶","21735254","693655849","31.60","32.35","31.00","31.95","-0.9500","8820"
"2327","國巨","3950685","2407767088","610.00","619.00","594.00","608.00","-34.0000","8124"
"2328","廣宇","2250349","76833256","33.65","34.70","32.85","34.25","-1.2500","1483"
"2329","華泰","5246179","201611552","38.75","39.00","37.40","38.05","-2.6000","3697"
"2330","台積電","93169835","83424133824","894.00","905.00","888.00","889.00","-51.0000","393210"
"2331","精英","4339166","104457000","24.75","24.75","23.55","23.75","-1.8500","2666"
"2332","友訊","3546436","64725859","17.90","18.70","17.60","18.20","-0.2000","1958"
"2337","旺宏","15432475","403595479","26.15","26.55","25.65","26.15","-0.9500","7568"
"2338","光罩","2794701","163934389","58.30","59.50","57.30","58.70","-4.0000","2300"
"2340","台亞","3637315","129756120","36.35","36.60","35.05","35.05","-2.7000","2616"
"2342","茂矽","380743","11715784","30.90","31.35","30.00","30.50","-1.2500","440"
"2344","華邦電","39559631","872326167","22.05","22.25","21.60","22.10","-1.1000","13892"
"2345","智邦","2870811","1450839601","504.00","517.00","498.00","502.00","-25.0000","3233"
"2347","聯強","6020069","428395725","70.00","72.00","69.90","71.00","-1.5000","3397"
"2348","海悅","4196822","928815198","224.00","230.50","212.50","215.00","-18.0000","14878"
"2348A","海悅甲特","11000","370700","33.70","33.70","33.70","33.70","-0.2000","1"
"2349","錸德","18947602","298717873","15.40","16.15","15.20","15.80","-0.6500","7258"
"2351","順德","2329808","288516350","121.00","126.50","120.00","123.00","-9.5000","2063"
"2352","佳世達","9745591","351169609","35.80","36.40","35.10","36.05","-0.8000","5867"
"2353","宏碁","22483604","929318734","41.50","42.10","40.00","41.50","-2.0500","11474"
"2354","鴻準","9812213","623428446","63.70","64.60","61.70","63.60","-3.4000","7306"
"2355","敬鵬","2965649","120737134","41.20","41.35","39.70","40.65","-1.6500","2213"
"2356","英業達","28457809","1205251613","42.60","42.90","41.25","42.25","-2.3500","16533"
"2357","華碩","4466195","2359653716","522.00","537.00","512.00","528.00","-22.0000","20425"
"2359","所羅門","13390991","2023283015","150.50","154.00","145.00","152.00","-6.0000","12063"
"2360","致茂","2052022","639163782","310.00","319.00","303.50","311.00","-15.5000","7854"
"2362","藍天","4566000","245266614","53.60","54.90","52.40","53.10","-4.1000","3723"
"2363","矽統","9870521","622683127","63.10","64.50","61.50","62.40","-4.5000","6972"
"2364","倫飛","2481377","236266100","88.20","98.50","88.20","95.70","0.7000","2197"
"2365","昆盈","23582871","1348242034","56.40","58.60","54.60","58.20","-1.2000","13643"
"2367","燿華","22789130","801732785","34.60","36.30","34.05","34.90","-2.3000","13055"
"2368","金像電","11210098","2379617219","210.00","218.00","203.50","210.50","-9.5000","9430"
"2369","菱生","2157949","40098488","19.10","19.15","18.05","18.50","-1.1500","1491"
"2371","大同","21376525","931903580","44.25","44.60","42.00","43.45","-2.3500","10049"
"2373","震旦行","146647","9927885","68.10","68.50","67.10","67.10","-1.4000","214"
"2374","佳能","5122151","237762863","47.00","47.10","44.55","46.15","-2.7500","4193"
"2375","凱美","632923","41579146","66.10","66.60","64.50","65.40","-3.8000","563"
"2376","技嘉","9866948","2427451363","244.00","251.00","238.00","244.50","-16.0000","12700"
"2377","微星","6478436","1128743945","172.50","178.00","170.00","172.50","-8.5000","10097"
"2379","瑞昱","2443903","1253734117","510.00","522.00","498.50","510.00","-23.0000","3522"
"2380","虹光","136079","872536","6.32","6.57","6.31","6.40","-0.1300","264"
"2382","廣達","44435920","11174784808","255.00","255.00","248.00","250.00","-22.0000","64792"
"2383","台光電","13119731","6269230319","475.00","492.50","465.00","468.00","-32.0000","24899"
"2385","群光","4182313","666711695","160.00","161.50","157.00","157.00","-8.0000","3601"
"2387","精元","848323","48371794","57.50","57.50","56.10","56.90","-2.0000","1120"
"2388","威盛","7976837","968376222","119.00","125.00","116.50","121.00","-7.5000","5300"
"2390","云辰","1047452","13628000","13.15","13.20","12.70","13.15","-0.2500","748"
"2392","正崴","9300032","588978726","62.50","64.70","61.50","63.00","-5.3000","7237"
"2393","億光","3969466","326015534","79.60","83.70","79.20","82.00","-1.4000","4411"
"2395","研華","2318659","758427002","328.00","333.00","321.50","324.00","-24.0000","4851"
"2397","友通","1654712","127361282","76.50","79.20","72.50","76.60","-3.9000","1192"
"2399","映泰","2787906","59120207","21.05","21.65","20.65","21.15","-1.4000","1662"
"2401","凌陽","4392267","126469729","28.80","29.20","28.10","28.60","-2.0000","3256"
"2402","毅嘉","22476035","944965053","40.05","43.30","39.90","41.80","-2.0500","12212"
"2404","漢唐","1724455","596483487","339.00","350.00","332.00","346.00","-2.0000","1881"
"2405","輔信","7416979","150424348","20.60","20.60","19.70","20.10","-1.7500","3803"
"2406","國碩","2753255","52352384","19.15","19.25","18.30","18.95","-1.1000","2013"
"2408","南亞科","30173806","1440647656","47.85","48.20","46.80","47.55","-2.4500","17717"
"2409","友達","41838957","653010268","15.60","15.85","15.25","15.55","-0.5500","12417"
"2412","中華電","13943161","1711426715","123.00","123.50","122.00","122.00","-2.0000","9024"
"2413","環科","324207","6592104","20.35","21.70","19.90","20.10","-1.3500","213"
"2414","精技","157413","5560306","35.80","35.80","35.00","35.20","-0.8000","277"
"2415","錩新","126504","3241161","26.10","26.10","25.40","25.50","-0.7500","164"
"2417","圓剛","2608949","117357128","44.05","46.25","43.45","44.70","-3.1000","2482"
"2419","仲琦","2165667","65718444","30.20","31.10","28.85","30.10","-1.6000","1658"
"2420","新巨","6321412","454603737","70.30","74.60","70.10","70.20","-4.0000","5345"
"2421","建準","3169390","279310006","89.00","89.40","85.50","88.30","-4.9000","2666"
"2423","固緯","416556","15444998","38.40","38.40","36.70","36.80","-1.4000","358"
"2424","隴華","116355","5790948","48.80","52.50","48.70","48.95","0.2000","102"
"2425","承啟","1598088","62407926","39.00","39.70","38.10","39.15","-2.1000","1262"
"2426","鼎元","4672923","98121639","20.90","21.65","20.00","20.80","-1.4000","3107"
"2427","三商電","1243329","32566912","26.45","26.60","25.55","26.10","-1.3000","908"
"2428","興勤","495482","82464726","167.00","170.00","162.50","165.00","-8.0000","1516"
"2429","銘旺科","1174051","37340103","32.00","32.70","30.90","31.70","-1.6000","822"
"2430","燦坤","131707","4279603","32.70","32.70","32.40","32.45","-0.5000","211"
"2431","聯昌","565446","7001519","12.40","12.65","12.00","12.25","-0.6500","352"
"2432","倚天酷碁-創","29000","1004100","34.45","35.00","34.40","34.50","-1.1500","27"
"2433","互盛電","67154","3389189","50.30","51.10","50.20","50.30","-0.5000","97"
"2434","統懋","28113","879411","31.70","32.60","29.60","30.55","-1.1500","23"
"2436","偉詮電","867076","46081712","53.80","54.20","51.10","52.80","-3.5000","823"
"2438","翔耀","151862","8761172","56.00","59.10","55.40","58.60","-0.6000","168"
"2439","美律","3278281","436978341","131.50","136.50","129.00","133.00","-5.5000","2570"
"2440","太空梭","428345","6088527","14.50","14.50","14.00","14.10","-0.8000","277"
"2441","超豐","1521196","87242737","57.50","58.00","56.50","57.20","-2.1000","1536"
"2442","新美齊","3099715","99290330","32.00","32.80","30.95","32.80","-0.0500","1759"
"2444","兆勁","726612","9800006","13.55","13.80","13.10","13.40","-0.5500","365"
"2449","京元電子","21794405","2472805144","109.50","118.00","107.50","114.50","-3.5000","12357"
"2450","神腦","211549","7457760","35.40","35.65","35.10","35.10","-0.8000","276"
"2451","創見","1873635","188401641","99.90","102.50","97.70","99.50","-4.5000","1825"
"2453","凌群","759838","40073231","53.00","53.80","51.20","52.40","-2.8000","690"
"2454","聯發科","10457652","11943320285","1135.00","1170.00","1130.00","1135.00","-85.0000","31959"
"2455","全新","9523144","1308039052","134.50","141.00","132.00","136.00","-10.5000","7578"
"2457","飛宏","2150969","79148235","36.60","37.55","35.85","36.35","-2.5500","1858"
"2458","義隆","2491459","342426158","137.50","140.00","135.50","136.50","-7.5000","2486"
"2459","敦吉","111548","7948564","71.20","71.50","71.00","71.10","-0.9000","116"
"2460","建通","408468","11061193","27.15","27.65","26.65","26.65","-1.6500","367"
"2461","光群雷","998390","21765433","22.00","22.30","21.55","21.70","-0.9500","649"
"2462","良得電","422248","13080044","31.20","31.40","30.20","30.60","-1.8000","370"
"2464","盟立","20408763","1694838311","82.00","85.40","80.10","82.30","-4.0000","17293"
"2465","麗臺","705430","63072364","89.40","91.20","86.70","88.80","-5.1000","836"
"2466","冠西電","76260","2521436","34.05","34.05","32.35","32.90","-2.5000","77"
"2467","志聖","5049012","1070927613","205.00","220.00","204.00","210.50","-13.5000","6196"
"2468","華經","1317798","32179395","24.05","25.00","23.65","24.00","-0.8500","1010"
"2471","資通","159935","7887845","49.20","50.00","47.75","49.80","-1.5000","196"
"2472","立隆電","1677883","125711381","75.00","76.10","73.50","74.20","-4.5000","1436"
"2474","可成","4044948","932843604","226.50","235.00","225.50","225.50","-9.5000","3399"
"2476","鉅祥","5773781","568696633","98.50","101.50","95.10","97.80","-6.2000","4103"
"2477","美隆電","595000","14960324","25.00","25.70","24.40","25.10","-0.9000","513"
"2478","大毅","388547","19695986","51.20","51.40","50.00","50.00","-2.9000","671"
"2480","敦陽科","165217","19490771","117.50","119.00","117.00","117.50","-2.0000","271"
"2481","強茂","1584689","82868441","52.00","54.00","50.60","52.00","-2.2000","1294"
"2482","連宇","609924","18293741","29.85","30.85","28.90","29.80","-1.6000","511"
"2483","百容","304291","6936591","22.95","23.00","22.70","22.70","-0.8000","208"
"2484","希華","380450","10618498","28.50","28.50","27.55","27.65","-1.3000","385"
"2485","兆赫","1395063","23325495","16.90","16.95","16.25","16.55","-0.9500","1511"
"2486","一詮","18582532","1737234498","92.80","96.50","89.60","91.60","-6.4000","11996"
"2488","漢平","521818","25471875","48.20","49.30","47.50","48.80","-0.7000","580"
"2489","瑞軒","10245850","220129864","21.10","22.10","20.65","21.55","-0.8500","5975"
"2491","吉祥全","57328","764992","13.10","13.50","13.10","13.15","-0.7500","57"
"2492","華新科","2926049","299323649","102.50","103.50","100.00","102.00","-5.0000","2233"
"2493","揚博","249052","21229599","85.60","86.30","83.20","84.80","-3.2000","392"
"2495","普安","8193642","269572483","31.10","34.05","30.50","33.15","0.1500","5418"
"2496","卓越","26587","1970778","74.10","74.50","73.10","73.80","-1.1000","68"
"2497","怡利電","9691094","665046598","63.50","71.80","61.30","68.20","2.5000","7852"
"2498","宏達電","4521727","190866388","42.75","42.75","41.50","42.05","-1.9000","3009"
"2501","國建","4699315","123631556","26.50","26.85","25.60","26.15","-1.4000","2670"
"2504","國產","9307435","519294484","54.20","56.80","53.00","55.70","-0.2000","5214"
"2505","國揚","792937","20223998","25.60","25.90","24.70","25.20","-1.5000","683"
"2506","太設","1275999","13984697","11.15","11.15","10.65","10.90","-0.5000","601"
"2509","全坤建","564375","13050032","23.00","23.45","22.25","23.10","-0.6500","479"
"2511","太子","3423262","36982843","10.95","11.00","10.60","10.75","-0.4500","1332"
"2514","龍邦","1041611","21839739","20.70","21.45","20.60","20.90","-1.1000","1055"
"2515","中工","21821084","264225025","12.00","12.45","11.70","12.05","-0.4500","6624"
"2516","新建","1894424","21444773","11.60","11.60","11.20","11.20","-0.5500","483"
"2520","冠德","5989541","324994985","54.20","55.30","51.70","54.70","-1.3000","3809"
"2524","京城","6541859","766430453","112.00","122.50","110.00","113.00","-5.0000","4744"
"2527","宏璟","854899","31293012","36.60","37.30","34.80","36.70","-1.3000","680"
"2528","皇普","999830","42900055","42.00","44.50","41.25","42.80","-0.9500","583"
"2530","華建","1841743","82710010","45.00","45.85","43.85","44.85","-1.2000","1254"
"2534","宏盛","1840386","46482986","25.35","25.65","24.65","25.10","-1.1000","996"
"2535","達欣工","514537","27269439","53.60","53.80","51.90","52.50","-1.9000","898"
"2536","宏普","874901","28938301","33.80","33.80","32.40","32.90","-1.4000","640"
"2537","聯上發","7409139","150277214","20.10","20.70","19.35","20.20","-0.9500","3271"
"2538","基泰","1413513","25644242","18.40","18.40","17.80","18.05","-0.6500","676"
"2539","櫻花建","1419791","93852432","66.50","67.50","65.30","65.50","-2.8000","1618"
"2540","愛山林","4145218","839469291","190.00","209.50","189.00","203.50","1.5000","3677"
"2542","興富發","9997279","523897999","51.50","53.50","50.90","52.20","-2.0000","6663"
"2543","皇昌","11231791","793487598","69.50","72.50","67.30","70.70","-3.5000","6654"
"2545","皇翔","1689045","98534915","58.50","59.60","56.50","58.10","-2.2000","1288"
"2546","根基","277110","21314458","77.60","77.70","75.10","76.70","-2.5000","597"
"2547","日勝生","3572884","36866327","10.50","10.50","10.15","10.20","-0.5000","1220"
"2548","華固","1310319","187173819","141.00","145.00","139.00","142.00","-2.0000","1297"
"2597","潤弘","528495","77188404","146.00","148.00","142.50","145.00","-6.0000","903"
"2601","益航","2359910","16581035","7.15","7.15","6.90","7.01","-0.2400","1036"
"2603","長榮","23714174","4201809293","176.50","180.50","173.00","178.50","-3.5000","17431"
"2605","新興","5976384","153264691","26.00","26.05","25.15","25.60","-1.1500","3284"
"2606","裕民","4680897","242744926","52.50","52.50","50.90","52.00","-1.1000","2912"
"2607","榮運","3279972","97653151","30.20","30.20","29.55","29.60","-1.1500","1729"
"2608","嘉里大榮","487527","18715574","38.45","38.70","38.10","38.30","-0.8500","524"
"2609","陽明","30346895","1819493910","59.60","61.40","58.60","60.70","-1.1000","17048"
"2610","華航","30785650","620517040","20.30","20.35","19.80","20.10","-0.7000","11243"
"2611","志信","1108015","25487986","23.25","23.30","22.40","22.95","-1.0500","818"
"2612","中航","410724","17059319","42.75","42.75","40.70","41.30","-1.7000","613"
"2613","中櫃","627365","18501569","29.90","29.90","28.95","29.35","-1.4000","529"
"2614","東森","1730122","33604277","19.90","19.90","19.20","19.30","-1.0500","2736"
"2615","萬海","18525135","1436548615","76.80","79.30","75.20","78.70","-0.8000","11719"
"2616","山隆","355725","7468474","21.50","21.50","20.85","20.85","-0.8000","662"
"2617","台航","1889950","57735552","31.30","31.30","30.20","30.45","-1.3500","1308"
"2618","長榮航","51289204","1805107710","35.10","35.55","34.35","35.15","-0.7500","17545"
"2630","亞航","843989","27074877","32.20","32.50","31.60","31.85","-1.7500","541"
"2633","台灣高鐵","5242948","152339930","28.95","29.20","28.95","29.00","-0.3500","3147"
"2634","漢翔","4016517","189716278","47.30","47.70","46.50","47.05","-1.7500","3067"
"2636","台驊投控","730947","61905327","86.10","86.10","83.10","84.60","-2.9000","973"
"2637","慧洋-KY","3797603","242426861","65.30","65.30","62.60","63.60","-3.0000","2851"
"2642","宅配通","116315","3892615","33.35","33.90","33.10","33.40","-1.2000","550"
"2645","長榮航太","1272183","122107265","96.80","96.80","95.00","96.00","-2.5000","1283"
"2701","萬企","470860","5947536","12.80","12.80","12.55","12.55","0.0000","227"
"2702","華園","270684","4623512","17.05","17.20","16.85","17.00","-0.7500","560"
"2704","國賓","365465","21116613","59.10","59.10","56.90","57.40","-2.9000","310"
"2705","六福","418867","7439678","17.90","18.00","17.50","17.80","-0.3000","433"
"2706","第一店","323085","4823718","15.00","15.05","14.90","14.90","-0.3500","325"
"2707","晶華","318851","63934544","201.50","202.00","197.50","200.00","-5.0000","443"
"2712","遠雄來","41001","1092676","25.95","27.00","25.95","26.50","-1.0000","37"
"2722","夏都","270303","10827234","40.10","40.60","39.45","39.50","-2.3500","215"
"2723","美食-KY","515294","40711963","80.70","80.70","78.30","78.30","-3.6000","646"
"2727","王品","385051","83362539","218.00","218.50","212.50","216.50","-5.5000","9210"
"2731","雄獅","900473","122791331","137.00","138.00","134.50","135.50","-4.5000","908"
"2739","寒舍","960356","53035851","56.10","56.10","54.20","55.00","-3.1000","810"
"2748","雲品","239695","13699374","58.30","58.40","56.30","56.80","-2.3000","285"
"2753","八方雲集","206999","30555818","148.50","148.50","145.50","147.50","-3.0000","499"
"2762","世界健身-KY","611254","55438299","88.00","93.00","87.00","91.20","-0.1000","782"
"2801","彰銀","25923996","452403616","17.45","17.55","17.35","17.40","-0.2500","8058"
"2809","京城銀","5435546","287693718","52.70","54.00","51.20","52.40","-1.8000","3420"
"2812","台中銀","9588794","171135462","17.95","18.00","17.70","17.80","-0.3500","5183"
"2816","旺旺保","851046","27318620","32.45","32.45","31.65","32.05","-1.1000","603"
"2820","華票","1658255","24649597","14.90","14.95","14.80","14.85","-0.1500","864"
"2832","台產","849082","24363095","29.00","29.05","28.30","28.60","-0.8000","675"
"2834","臺企銀","38565583","592021555","15.55","15.60","15.25","15.30","-0.4500","14844"
"2836","高雄銀","4392092","51805247","11.85","11.85","11.70","11.75","-0.2000","1628"
"2836A","高雄銀甲特","2000","42200","21.10","21.10","21.10","21.10","0.0000","1"
"2838","聯邦銀","3813736","56412299","15.00","15.00","14.60","14.70","-0.5000","1661"
"2838A","聯邦銀甲特","83100","4328620","52.10","52.20","52.00","52.20","0.0000","20"
"2845","遠東銀","13203617","180443892","13.75","13.80","13.50","13.60","-0.4000","5129"
"2849","安泰銀","884786","12526279","14.50","14.50","14.00","14.00","-0.8500","488"
"2850","新產","784720","72576641","92.00","94.30","89.40","92.30","-2.7000","869"
"2851","中再保","3437155","89975690","26.25","26.30","25.95","26.10","-0.6500","1713"
"2852","第一保","1353619","30408418","22.70","22.75","22.30","22.40","-0.7000","619"
"2855","統一證","2988509","75570575","25.50","25.50","24.90","25.20","-0.9500","1833"
"2867","三商壽","22273152","165551309","7.45","7.51","7.27","7.43","-0.2700","6005"
"2880","華南金","25311698","627938860","24.80","24.95","24.65","24.85","-0.5500","12343"
"2881","富邦金","36157879","3275992408","90.00","91.50","89.50","90.50","-3.2000","21270"
"2881A","富邦特","104559","6456366","61.80","61.90","61.70","61.90","0.0000","54"
"2881B","富邦金乙特","123415","7232977","58.60","58.70","58.60","58.70","0.0000","39"
"2881C","富邦金丙特","12149","620813","51.10","51.10","51.10","51.10","-0.2000","28"
"2882","國泰金","36678349","2256095048","61.00","62.20","60.60","61.60","-2.1000","16351"
"2882A","國泰特","127430","7663826","60.20","60.30","60.10","60.30","0.0000","51"
"2882B","國泰金乙特","198260","11217413","56.70","56.80","56.50","56.70","0.1000","63"
"2883","開發金","94470613","1480498244","15.75","15.80","15.35","15.80","-0.3500","15756"
"2883B","開發金乙特","2612407","19211090","7.38","7.38","7.34","7.34","-0.0600","338"
"2884","玉山金","34770652","945219479","27.35","27.40","26.90","27.25","-0.4000","13717"
"2885","元大金","31707833","958752711","29.70","30.65","29.65","30.35","-0.8500","13217"
"2886","兆豐金","36526596","1386997261","37.20","38.50","37.15","38.00","-0.9500","17773"
"2887","台新金","40498128","730516838","17.95","18.20","17.75","18.15","-0.3000","14145"
"2887E","台新戊特","222000","11327900","51.30","51.30","50.90","51.10","0.1000","25"
"2887F","台新戊特二","1100","50159","45.60","45.60","45.60","45.60","-0.3000","3"
"2887Z1","台新己特","22354","362130","16.20","16.20","16.20","16.20","0.0000","10"
"2888","新光金","350075373","4496021446","12.90","12.90","12.70","12.80","-0.1500","21298"
"2888A","新光金甲特","126209","4700465","37.65","37.65","37.10","37.15","-0.5500","84"
"2888B","新光金乙特","241698","9056075","37.65","37.70","37.30","37.35","-0.5500","148"
"2889","國票金","13418811","209208948","15.45","15.85","15.25","15.40","-0.4000","4862"
"2890","永豐金","23804486","549218272","22.80","23.35","22.75","23.00","-0.7000","12376"
"2891","中信金","173963608","5574965556","32.30","32.50","31.80","32.05","-0.9000","57242"
"2891B","中信金乙特","3340","200891","60.00","60.30","60.00","60.30","0.0000","8"
"2891C","中信金丙特","18359","1051196","57.20","57.40","57.20","57.40","0.0000","15"
"2892","第一金","26104883","695599043","26.50","26.85","26.50","26.70","-0.2500","12084"
"2897","王道銀行","9663076","96924701","10.10","10.10","9.90","10.00","-0.2000","2257"
"2897A","王道銀甲特","460000","4692150","10.20","10.25","10.20","10.25","0.0500","192"
"2901","欣欣","76970","2073178","27.45","27.45","26.60","26.60","0.0000","267"
"2903","遠百","3798658","106385431","27.85","28.40","27.30","27.75","-0.6500","1972"
"2904","匯僑","86796","1587356","18.45","18.45","18.15","18.15","-0.4500","79"
"2905","三商","3291299","64221715","19.40","19.85","19.20","19.50","-0.5000","1592"
"2906","高林","870652","16370482","19.05","19.05","18.65","18.65","-0.9500","555"
"2908","特力","459628","9345091","20.45","20.50","20.25","20.25","-0.5000","315"
"2910","統領","55000","1525700","27.50","28.00","27.50","27.65","-0.8000","40"
"2912","統一超","1750864","489018054","278.50","282.00","277.00","279.50","-3.0000","12422"
"2913","農林","5049483","100419764","20.05","20.15","19.65","19.80","-0.8000","2409"
"2915","潤泰全","5240702","407658380","77.20","78.70","75.70","77.80","-1.8000","2819"
"2923","鼎固-KY","397808","12170427","31.55","32.20","30.35","30.35","-3.3500","1159"
"2929","淘帝-KY","172176","1452198","8.46","8.67","8.37","8.42","-0.2600","152"
"2939","永邑-KY","32037","837865","26.10","26.35","26.05","26.10","-1.1500","28"
"2945","三商家購","16199","685850","42.45","42.50","42.15","42.15","-0.8000","24"
"3002","歐格","137638","1876749","13.80","13.80","13.40","13.60","-0.7500","123"
"3003","健和興","2940070","267016683","90.00","92.90","86.90","91.20","-2.7000","3681"
"3004","豐達科","289400","26454211","92.00","92.50","90.30","90.50","-4.4000","283"
"3005","神基","3465272","380142912","108.50","112.00","106.50","109.50","-3.0000","3110"
"3006","晶豪科","5781271","402280735","70.00","71.00","67.60","69.30","-5.6000","4997"
"3008","大立光","1877050","5537178395","2900.00","3020.00","2890.00","2925.00","-140.0000","7979"
"3010","華立","1856971","233407300","126.50","128.00","122.00","126.00","-5.5000","1794"
"3011","今皓","1048387","29817191","28.55","29.15","27.15","28.80","-0.8000","627"
"3013","晟銘電","12838564","1404096084","105.00","113.50","105.00","107.50","-6.5000","8157"
"3014","聯陽","1753376","237683330","138.00","139.00","130.00","134.50","-8.0000","1809"
"3015","全漢","1328981","79464368","59.30","60.90","58.40","59.60","-2.0000","1299"
"3016","嘉晶","858005","48283671","57.20","57.30","55.20","55.50","-3.6000","829"
"3017","奇鋐","12058015","6305856353","516.00","542.00","513.00","515.00","-55.0000","21934"
"3018","隆銘綠能","489168","15689229","29.75","33.20","29.50","31.70","1.5000","474"
"3019","亞光","14392001","1676592376","115.00","120.00","111.50","116.50","-5.5000","9582"
"3021","鴻名","361360","8277753","23.15","23.40","22.65","22.75","-1.4500","278"
"3022","威強電","1546365","116708329","77.30","77.30","73.60","74.50","-4.6000","1253"
"3023","信邦","838158","246328635","292.00","298.00","290.00","292.00","-8.0000","4102"
"3024","憶聲","2184674","43526083","19.70","20.30","19.35","19.85","-0.8500","1034"
"3025","星通","646223","38545908","60.00","60.90","57.90","59.50","-2.9000","719"
"3026","禾伸堂","293365","25963837","89.00","89.20","86.60","88.50","-2.4000","372"
"3027","盛達","616465","21879737","36.40","36.40","35.00","35.20","-2.2500","536"
"3028","增你強","1086244","33208304","31.00","31.00","30.25","30.55","-0.7500","1217"
"3029","零壹","1280792","112886884","88.00","89.70","85.50","88.50","-2.3000","1617"
"3030","德律","4318466","573318572","134.50","136.00","130.00","132.00","-11.5000","3325"
"3031","佰鴻","552021","10812688","19.80","19.85","19.20","19.40","-1.0000","457"
"3032","偉訓","2221543","155571735","69.00","71.80","66.60","70.90","-1.4000","1757"
"3033","威健","2806035","92863651","33.10","33.60","32.15","33.20","-1.0000","1863"
"3034","聯詠","5096426","2653024532","510.00","529.00","503.00","521.00","-11.0000","5152"
"3035","智原","11089348","2972599686","273.00","276.50","263.50","265.00","-27.5000","14312"
"3036","文曄","5741148","632443730","110.00","112.00","106.00","109.50","-5.5000","3641"
"3036A","文曄甲特","73000","3420100","46.90","46.95","46.70","46.90","-0.0500","50"
"3037","欣興","39366857","5700886833","145.50","147.50","142.00","143.00","-13.5000","33140"
"3038","全台","469069","12526970","26.80","27.00","26.10","26.60","-0.9000","380"
"3040","遠見","299027","11518568","37.50","39.30","37.40","38.00","-0.9000","289"
"3041","揚智","895748","16476202","18.25","18.75","18.00","18.40","-0.9500","1200"
"3042","晶技","3469935","377553233","109.00","111.50","104.50","108.50","-5.5000","2399"
"3043","科風","484480","15566850","32.50","33.05","31.40","31.80","-2.2500","523"
"3044","健鼎","3027803","604291840","203.00","203.00","196.50","198.00","-11.0000","5437"
"3045","台灣大","12982882","1451264519","110.00","113.00","110.00","112.00","0.0000","4516"
"3046","建碁","654286","40717015","61.60","64.00","60.40","62.10","-3.1000","812"
"3047","訊舟","20710511","854916080","40.05","42.45","39.20","41.70","-1.1000","11731"
"3048","益登","3775689","154198979","40.10","41.70","39.50","40.75","-2.6500","2963"
"3049","精金","2878916","24952279","8.70","8.77","8.41","8.66","-0.4400","1398"
"3050","鈺德","2357572","46845006","20.00","20.25","19.30","19.60","-1.4000","1234"
"3051","力特","1823544","55837574","30.25","31.30","30.00","30.45","-1.2000","1842"
"3052","夆典","1337300","16082638","12.15","12.15","11.75","12.10","-0.1500","639"
"3054","立萬利","107100","2244760","21.05","21.50","20.20","21.50","-0.6500","63"
"3055","蔚華科","1664686","120727449","72.80","74.80","70.80","71.30","-4.1000","1324"
"3056","富華新","2338944","83172793","35.00","36.25","34.60","35.70","-1.1500","2084"
"3057","喬鼎","264516","3257610","12.05","12.45","12.05","12.30","-0.6500","411"
"3058","立德","4587832","81241419","17.55","18.35","17.15","17.20","-1.1000","2271"
"3059","華晶科","2135591","76475743","35.60","36.30","34.85","35.65","-2.1000","2088"
"3060","銘異","1193856","29777737","24.75","25.55","24.10","24.80","-1.4000","1184"
"3062","建漢","18811150","623622606","32.00","34.20","31.30","33.75","-0.7500","10239"
"3090","日電貿","756090","45719921","61.00","61.00","58.90","60.30","-2.1000","765"
"3092","鴻碩","466295","14351967","30.50","31.70","30.15","30.50","-1.3500","466"
"3094","聯傑","562316","17185909","30.75","31.00","30.00","30.20","-1.8000","462"
"3130","一零四","30926","7029763","227.00","228.00","226.00","226.50","-3.0000","343"
"3138","耀登","189471","22269851","117.00","119.50","114.00","117.00","-3.5000","355"
"3149","正達","10357985","297955586","29.05","29.85","27.90","28.10","-2.2000","6651"
"3150","鈺寶-創","30000","1154650","37.65","39.10","37.65","38.90","-1.6000","15"
"3164","景岳","117384","2698800","22.45","23.65","22.45","22.85","-0.4500","199"
"3167","大量","4538558","356983019","76.50","81.80","75.40","78.80","-4.9000","3232"
"3168","眾福科","30598","1704518","55.10","57.00","55.10","55.20","-2.4000","38"
"3189","景碩","15577271","1624559323","102.50","107.00","101.00","104.00","-7.5000","10841"
"3209","全科","546137","19014859","34.70","35.20","34.05","34.80","-0.8000","658"
"3229","晟鈦","142636","3506770","24.30","25.55","23.20","24.95","-0.6500","109"
"3231","緯創","36590388","3467039010","94.50","96.60","92.60","94.00","-5.1000","28949"
"3257","虹冠電","244375","12281409","51.10","51.10","49.05","49.50","-2.6000","272"
"3266","昇陽","521625","11853936","22.65","23.30","22.40","22.55","-1.1000","332"
"3296","勝德","785025","19880894","25.30","25.80","24.60","25.15","-1.4000","643"
"3305","昇貿","1400594","90113083","63.50","65.60","62.10","64.30","-2.6000","1050"
"3308","聯德","121543","2939276","24.00","24.30","23.85","24.00","-1.0000","486"
"3311","閎暉","250292","9137424","37.60","37.60","35.50","36.40","-1.9000","614"
"3312","弘憶股","5772207","451387219","75.70","81.20","75.60","77.40","-6.6000","5295"
"3321","同泰","438134","7971752","18.30","18.70","17.75","17.95","-1.1500","507"
"3338","泰碩","1372383","95374206","69.50","70.50","67.00","69.30","-3.7000","1213"
"3346","麗清","588424","21685883","36.90","38.10","35.65","36.70","0.0000","624"
"3356","奇偶","1506670","100883211","66.20","68.70","64.90","66.80","-3.0000","2718"
"3376","新日興","8197189","1631624793","200.00","204.00","194.00","197.00","-17.0000","10564"
"3380","明泰","2830733","97582383","34.05","35.10","33.40","34.45","-1.5000","2609"
"3406","玉晶光","2492064","1315949479","525.00","543.00","513.00","525.00","-29.0000","3639"
"3413","京鼎","1925425","614920258","320.00","325.50","311.50","318.50","-23.5000","4533"
"3416","融程電","458963","61791726","136.50","137.50","131.50","132.50","-7.0000","523"
"3419","譁裕","799719","12860340","16.50","16.50","15.90","15.90","-0.9000","510"
"3432","台端","91333","2137783","23.70","23.70","22.35","22.35","-2.0000","69"
"3437","榮創","2080613","52774321","25.20","26.10","24.55","25.10","-1.8500","1505"
"3443","創意","2688851","2667963032","1000.00","1005.00","978.00","987.00","-83.0000","10504"
"3447","展達","590802","24583292","40.45","42.95","39.50","41.00","-1.1000","556"
"3450","聯鈞","9554085","1530129785","157.00","165.00","157.00","158.00","-16.0000","7338"
"3454","晶睿","190096","21504300","113.50","115.00","110.00","113.00","-6.0000","263"
"3481","群創","90485614","1309489609","14.45","14.80","14.10","14.35","-0.8000","27448"
"3494","誠研","91014","625874","6.99","6.99","6.74","6.98","-0.0100","46"
"3501","維熹","690234","47198139","69.00","70.00","67.10","67.90","-3.2000","657"
"3504","揚明光","363396","20185054","56.20","56.40","54.60","55.00","-3.4000","659"
"3515","華擎","648989","127706873","195.00","202.00","191.00","196.50","-9.0000","996"
"3518","柏騰","2650800","95775945","36.00","37.00","35.25","35.85","-2.2500","1776"
"3528","安馳","194647","10586555","54.20","55.50","53.50","54.70","-0.8000","262"
"3530","晶相光","259280","22289205","88.20","88.20","84.50","85.00","-6.0000","344"
"3532","台勝科","1288847","173912995","138.00","138.00","132.00","135.00","-8.0000","2097"
"3533","嘉澤","1045593","1466347090","1450.00","1455.00","1360.00","1360.00","-150.0000","3222"
"3535","晶彩科","8024515","560910440","67.00","72.00","66.80","69.30","-3.2000","5654"
"3543","州巧","114412","2475211","21.95","21.95","21.15","21.75","-0.7500","115"
"3545","敦泰","1481530","112658850","77.20","77.20","74.10","75.50","-4.5000","1522"
"3550","聯穎","5071838","115897129","22.55","23.45","22.55","23.40","-1.6500","2832"
"3557","嘉威","353284","24953266","70.60","71.80","69.80","70.40","-1.7000","378"
"3563","牧德","503092","165491039","322.50","336.00","320.00","327.00","-15.0000","2671"
"3576","聯合再生","5458734","61211872","11.40","11.40","11.00","11.15","-0.5000","2429"
"3583","辛耘","4531159","1724169326","372.50","390.00","365.00","377.50","-19.5000","6318"
"3588","通嘉","508182","33935610","68.00","68.60","65.80","66.10","-4.6000","523"
"3591","艾笛森","939408","23050566","24.00","25.20","23.65","24.85","-0.7500","702"
"3592","瑞鼎","809373","266592567","333.00","334.00","325.00","326.50","-19.5000","1889"
"3593","力銘","564468","8147928","14.55","15.00","14.05","14.55","-0.6000","337"
"3596","智易","978496","136523076","141.00","141.50","136.50","138.50","-7.0000","1310"
"3605","宏致","2482248","127296854","51.10","52.70","50.10","50.50","-3.2000","2244"
"3607","谷崧","3405146","73215510","20.85","22.40","20.00","21.35","-0.3000","2069"
"3617","碩天","2692072","818511213","306.00","314.00","293.50","300.00","-20.5000","15453"
"3622","洋華","1272396","77355853","60.90","62.00","59.40","60.20","-3.2000","1192"
"3645","達邁","5628795","293806339","52.10","53.60","50.50","51.70","-4.2000","3868"
"3652","精聯","1285338","59715339","46.00","47.80","45.05","45.70","-2.6000","1092"
"3653","健策","855723","1047218535","1225.00","1260.00","1200.00","1215.00","-60.0000","1577"
"3661","世芯-KY","2629175","6317278295","2395.00","2475.00","2335.00","2395.00","-170.0000","10598"
"3665","貿聯-KY","5182568","2162247369","407.00","423.50","399.50","416.00","-17.0000","4761"
"3669","圓展","717064","35240193","49.70","50.50","48.00","48.15","-4.1500","768"
"3673","TPK-KY","5471465","224363603","41.15","41.80","40.00","40.80","-2.3000","3553"
"3679","新至陞","131593","16950630","130.00","130.50","126.50","128.00","-4.0000","213"
"3686","達能","884612","23064781","26.05","26.70","25.25","26.10","-1.0000","632"
"3694","海華","588054","24180737","41.45","41.80","40.00","41.00","-2.0000","531"
"3701","大眾控","657879","24913435","39.00","39.00","37.20","37.60","-2.3000","497"
"3702","大聯大","7632951","592217967","76.20","78.70","75.90","77.20","-1.9000","4480"
"3702A","大聯大甲特","69082","3374259","48.85","48.90","48.80","48.90","0.0000","46"
"3703","欣陸","2019181","64472439","32.00","32.40","31.20","31.80","-1.3000","1592"
"3704","合勤控","2755879","104629455","37.85","38.95","37.25","37.75","-1.5000","3428"
"3705","永信","623845","34955505","56.10","56.50","55.30","55.90","-1.4000","531"
"3706","神達","7540286","319000154","43.00","43.00","41.50","41.85","-2.9000","5827"
"3708","上緯投控","1282717","136129120","106.00","109.00","102.50","105.50","-6.5000","1269"
"3711","日月光投控","20267352","2914348942","142.50","146.00","140.50","143.50","-8.0000","12511"
"3712","永崴投控","2174592","114563894","53.50","53.50","51.40","52.30","-3.5000","1914"
"3714","富采","2155276","84091890","39.10","39.35","38.45","38.95","-1.7500","1885"
"3715","定穎投控","9019414","568107934","61.50","64.70","61.10","62.10","-3.4000","8073"
"3716","中化控股","753371","29073677","39.50","39.50","38.10","38.50","-1.8000","968"
"4104","佳醫","177689","15479717","87.70","87.70","86.10","87.10","-1.0000","471"
"4106","雃博","134164","3432644","25.70","25.90","25.00","25.90","-0.1000","383"
"4108","懷特","346647","6161665","18.00","18.15","17.55","17.55","-0.8500","839"
"4119","旭富","269588","23429625","86.70","87.30","86.00","87.00","-1.5000","336"
"4133","亞諾法","163586","4968698","30.55","30.55","30.10","30.30","-0.9000","407"
"4137","麗豐-KY","302764","40183678","135.00","135.00","131.00","131.50","-5.5000","538"
"4142","國光生","1261166","35062000","28.55","28.55","27.50","27.50","-1.2000","1396"
"4148","全宇生技-KY","66041","2965724","44.60","45.95","44.10","44.10","-2.0000","67"
"4155","訊映","547264","13220523","24.00","24.55","23.20","24.25","-0.8500","494"
"4164","承業醫","440406","18718295","42.50","42.95","42.10","42.10","-2.6000","883"
"4190","佐登-KY","86891","4093567","46.85","47.40","46.00","47.15","-1.4500","698"
"4306","炎洲","6757480","137432765","20.30","20.80","19.65","20.35","-0.6500","3172"
"4414","如興","409407","1329226","3.21","3.29","3.14","3.25","-0.0900","109"
"4426","利勤","720058","9587129","13.50","13.50","13.10","13.45","-0.2000","302"
"4438","廣越","85488","8989792","105.50","105.50","104.50","105.00","-1.5000","96"
"4439","冠星-KY","12305","1135299","91.80","93.00","91.80","92.20","-2.3000","25"
"4440","宜新實業","176105","4615859","25.55","26.60","25.40","26.60","0.0500","131"
"4526","東台","5622380","205678386","35.50","37.75","35.25","36.60","-1.2000","3696"
"4532","瑞智","3750822","91993930","24.95","24.95","23.50","24.90","-0.7000","2485"
"4536","拓凱","845547","179549656","211.50","216.00","208.50","212.50","-5.0000","1255"
"4540","全球傳動","2627759","110735851","41.80","43.35","40.25","42.40","-2.1000","2150"
"4545","銘鈺","747898","40959312","54.00","56.50","52.50","54.20","-3.4000","861"
"4551","智伸科","513113","60640639","115.50","121.50","115.00","116.00","-8.5000","1555"
"4552","力達-KY","280599","7276854","26.05","26.05","25.75","25.95","-0.5500","253"
"4555","氣立","1733470","79501659","44.40","47.15","44.10","46.05","-1.6000","1466"
"4557","永新-KY","125650","14257404","114.50","115.00","111.50","112.00","-3.5000","136"
"4560","強信-KY","290549","9284606","32.55","32.60","31.45","31.80","-1.2000","183"
"4562","穎漢","27070849","2024227588","74.80","76.90","72.20","73.80","-3.8000","16842"
"4564","元翎","2621167","67167792","25.70","26.20","24.60","25.75","-1.0000","1668"
"4566","時碩工業","6591527","612984397","92.60","95.20","89.50","93.30","-3.2000","4744"
"4569","六方科-KY","704500","100695741","134.00","149.50","133.50","149.50","13.5000","364"
"4571","鈞興-KY","4582703","712015283","158.50","162.00","148.50","153.00","-11.5000","5338"
"4572","駐龍","225347","35609913","158.00","160.50","156.00","157.00","-7.0000","728"
"4576","大銀微系統","23562150","2435445021","97.50","109.00","92.70","101.50","0.0000","16219"
"4581","光隆精密-KY","19125","1077928","56.90","56.90","55.40","55.50","-1.1000","22"
"4583","台灣精銳","954192","570679173","570.00","619.00","562.00","597.00","-1.0000","1863"
"4588","玖鼎電力","114557","10024848","85.00","89.40","85.00","87.40","-3.0000","246"
"4720","德淵","2264005","45879064","20.90","20.90","19.95","20.00","-1.4000","972"
"4722","國精化","254174","10675244","42.30","42.60","41.20","41.80","-2.1000","447"
"4736","泰博","231696","38094365","165.00","166.00","163.00","164.00","-2.0000","460"
"4737","華廣","66058","4206003","64.90","64.90","63.30","63.40","-2.1000","71"
"4739","康普","252460","14629124","58.40","58.80","57.00","57.70","-2.8000","376"
"4746","台耀","1304487","115711398","90.20","90.20","87.20","88.10","-4.7000","1246"
"4755","三福化","428409","52655170","121.50","124.50","119.00","123.00","-5.5000","585"
"4763","材料-KY","5381172","5178809117","960.00","994.00","928.00","951.00","-38.0000","16413"
"4764","雙鍵","29055","1266113","41.80","44.45","41.80","43.55","-0.9000","26"
"4766","南寶","752923","225861345","298.00","304.00","295.00","300.00","-10.0000","1305"
"4770","上品","296611","106338925","365.00","365.00","352.00","352.00","-22.0000","689"
"4771","望隼","205951","44295304","219.50","219.50","212.50","212.50","-13.5000","309"
"4807","日成-KY","293371","6319334","20.55","22.35","20.55","21.35","-1.3000","275"
"4904","遠傳","12065912","1090315727","88.00","91.40","88.00","90.80","-0.6000","6531"
"4906","正文","10680522","438197423","39.25","42.15","39.20","40.85","-1.8500","7269"
"4912","聯德控股-KY","217721","22161498","103.50","103.50","100.00","100.50","-6.5000","219"
"4915","致伸","2683351","240239811","87.20","90.80","86.60","89.40","-1.4000","2379"
"4916","事欣科","732859","19025524","26.60","26.60","25.30","25.80","-1.6000","547"
"4919","新唐","2462944","201414933","81.50","82.90","80.20","81.80","-3.4000","2387"
"4927","泰鼎-KY","2505777","140869573","57.10","57.80","54.50","55.30","-3.8000","2012"
"4930","燦星網","85711","2719198","32.20","32.20","31.55","31.60","-0.7000","267"
"4934","太極","655169","12230770","18.90","18.95","18.25","18.60","-0.8000","400"
"4935","茂林-KY","1163783","74770483","63.50","65.90","62.30","63.60","-3.1000","1132"
"4938","和碩","12331874","1221989678","98.80","101.00","96.40","98.50","-5.5000","7175"
"4942","嘉彰","466284","19932879","43.00","43.00","42.40","42.85","-0.9500","264"
"4943","康控-KY","58425","1089514","19.00","19.10","18.35","18.45","-0.8000","52"
"4949","有成精密","187969","4425566","24.15","24.15","23.25","23.25","-1.3000","186"
"4952","凌通","714371","37559697","52.70","53.50","51.00","52.50","-2.8000","632"
"4956","光鋐","3751734","100762598","26.90","27.55","26.00","26.75","-1.6500","1968"
"4958","臻鼎-KY","10864515","1372231535","126.00","128.00","122.50","126.00","-6.5000","7323"
"4960","誠美材","4489659","57396056","12.75","13.00","12.25","12.90","-0.4000","1844"
"4961","天鈺","961150","242480856","256.00","256.50","248.00","251.50","-10.0000","14165"
"4967","十銓","3404096","390350163","115.50","117.00","112.50","113.00","-8.5000","3152"
"4968","立積","2983282","492315303","167.00","169.00","162.00","162.00","-14.0000","3311"
"4976","佳凌","831935","36547702","44.80","44.80","42.65","43.30","-3.2000","758"
"4977","眾達-KY","1633671","123915715","75.00","77.60","73.80","75.00","-4.0000","1963"
"4989","榮科","1328987","28107681","21.85","21.85","20.55","20.55","-1.7000","1212"
"4994","傳奇","97640","10757720","109.50","112.50","107.50","112.50","-1.0000","134"
"4999","鑫禾","126896","4228031","33.50","33.50","33.10","33.20","-0.5500","329"
"5007","三星","195781","10933436","56.00","56.50","55.40","55.50","-1.0000","188"
"5203","訊連","337443","31168673","93.30","93.80","91.50","91.50","-3.8000","321"
"5215","科嘉-KY","324405","15948166","49.70","49.85","48.20","49.00","-3.0000","473"
"5222","全訊","492729","68748776","140.50","141.50","137.50","138.50","-5.5000","753"
"5225","東科-KY","2537695","381680145","146.50","153.50","144.50","153.00","-2.5000","1923"
"5234","達興材料","2969097","494466798","163.00","172.00","159.50","165.50","-9.5000","7744"
"5243","乙盛-KY","1050379","57742223","55.00","55.80","53.60","54.60","-3.3000","827"
"5244","弘凱","73001","3023391","40.85","41.85","40.80","41.25","-1.3000","46"
"5258","虹堡","633158","77316157","118.00","125.00","118.00","123.50","-3.5000","533"
"5269","祥碩","1753181","2765077230","1600.00","1625.00","1560.00","1560.00","-170.0000","6324"
"5283","禾聯碩","227411","23449546","103.50","103.50","102.50","103.00","-1.0000","258"
"5284","jpp-KY","769802","89259800","111.00","120.00","107.50","118.50","2.5000","650"
"5285","界霖","197124","12164714","62.00","62.70","60.40","61.60","-2.1000","166"
"5288","豐祥-KY","66200","13190235","198.50","200.00","198.50","199.00","-2.0000","68"
"5292","華懋","126877","18293105","143.50","146.00","141.00","144.00","-5.0000","314"
"5306","桂盟","428692","66410650","155.50","158.00","153.00","154.00","-7.0000","1414"
"5388","中磊","2359925","255297986","108.00","110.00","106.00","108.00","-3.0000","2291"
"5434","崇越","914752","257299441","277.00","286.50","271.50","281.50","-3.0000","5571"
"5469","瀚宇博","3946767","197263251","50.00","50.80","48.75","50.10","-1.9000","2432"
"5471","松翰","833016","35947520","44.05","44.15","42.70","43.15","-2.4500","891"
"5484","慧友","1816594","135737453","74.10","77.10","72.50","74.10","-6.4000","1797"
"5515","建國","1081970","24265026","22.40","22.75","21.85","22.35","-0.7500","782"
"5519","隆大","2038804","88488475","43.10","44.40","41.60","43.25","-1.8000","1612"
"5521","工信","2888179","30456069","10.60","10.70","10.25","10.55","-0.4000","1081"
"5522","遠雄","1512014","116488992","77.60","78.40","73.90","77.20","-1.7000","1214"
"5525","順天","540412","19039228","35.10","35.85","34.00","34.95","-2.1500","419"
"5531","鄉林","1783217","17625439","9.99","10.00","9.65","9.85","-0.4000","873"
"5533","皇鼎","764150","15986125","21.30","21.30","20.50","20.65","-1.1500","440"
"5534","長虹","2102955","235403384","111.50","115.00","109.00","111.00","-3.5000","1547"
"5538","東明-KY","1083562","40660968","35.30","39.30","35.15","38.20","1.6000","919"
"5546","永固-KY","31470","933850","30.00","30.00","29.35","29.50","-0.6500","33"
"5607","遠雄港","766755","35820973","47.00","47.35","45.80","46.50","-1.9500","1071"
"5608","四維航","1939895","33346871","17.60","17.60","16.65","17.15","-0.7500","1211"
"5706","鳳凰","522821","30493133","59.00","59.00","57.00","58.00","-2.4000","620"
"5871","中租-KY","6386084","911902194","142.50","144.00","141.50","143.00","-4.0000","7807"
"5871A","中租-KY甲特","18996","1804325","95.00","95.10","94.90","95.10","-0.1000","31"
"5876","上海商銀","13914971","532290575","38.15","38.60","37.80","38.20","-1.4000","7385"
"5880","合庫金","23039848","580892095","25.10","25.35","25.10","25.20","-0.4000","13011"
"5906","台南-KY","18428","1178916","66.10","66.40","62.80","63.20","-3.3000","77"
"5907","大洋-KY","496869","4133042","8.27","8.44","8.26","8.30","-0.3600","216"
"6005","群益證","6738198","141446525","21.00","21.40","20.40","20.95","-0.8500","3945"
"6024","群益期","523611","28320197","54.30","54.60","53.50","53.80","-1.7000","549"
"6108","競國","561289","10751529","19.50","19.50","18.80","19.00","-0.8500","380"
"6112","邁達特","636696","29332808","47.40","47.40","44.65","45.60","-2.8500","727"
"6115","鎰勝","254547","13179682","52.10","52.60","51.00","51.80","-0.8000","268"
"6116","彩晶","7506291","64546996","8.70","8.70","8.45","8.54","-0.4000","3837"
"6117","迎廣","1934478","184228604","93.00","98.00","92.80","94.70","-6.3000","1632"
"6120","達運","4085960","59119312","14.35","14.90","14.15","14.25","-1.0500","2073"
"6128","上福","191595","6883915","36.20","36.20","35.55","36.00","-0.5000","167"
"6133","金橋","1975345","41637198","21.10","21.60","20.00","21.00","-1.1000","1365"
"6136","富爾特","475970","11017527","22.70","23.50","22.30","23.35","-0.2000","300"
"6139","亞翔","4180281","930044027","218.50","227.00","213.50","221.50","-11.5000","4707"
"6141","柏承","429474","5818756","13.80","14.05","13.30","13.30","-0.8500","298"
"6142","友勁","820071","8196701","10.00","10.15","9.65","10.15","-0.1500","328"
"6152","百一","2429845","37680317","15.60","15.95","15.10","15.30","-1.1000","1183"
"6153","嘉聯益","4143744","88844617","21.65","21.90","20.90","21.15","-1.6000","2166"
"6155","鈞寶","241708","6295293","26.00","26.30","25.80","25.95","-1.0000","170"
"6164","華興","849542","11601027","14.00","14.00","13.35","13.60","-0.7000","463"
"6165","浪凡","358130","13009216","36.60","36.85","35.85","35.85","-1.7000","235"
"6166","凌華","799995","53870543","69.20","69.20","65.70","66.80","-4.6000","1098"
"6168","宏齊","883928","18793685","21.40","21.50","20.70","21.15","-1.1000","551"
"6176","瑞儀","5327038","1044720155","190.50","199.50","188.00","196.00","-3.0000","4766"
"6177","達麗","4619266","264816573","56.10","58.80","54.50","57.10","-2.6000","7467"
"6183","關貿","103988","7609508","72.30","73.60","72.30","73.10","-1.5000","130"
"6184","大豐電","122486","6391430","52.40","52.50","52.00","52.10","-0.6000","154"
"6189","豐藝","2673478","230531000","86.80","87.90","83.10","86.10","-4.5000","2925"
"6191","精成科","2832919","170219141","59.80","61.30","57.80","59.80","-2.5000","2104"
"6192","巨路","534608","61881296","115.50","117.00","114.00","114.50","-6.0000","346"
"6196","帆宣","899384","133218655","150.50","150.50","143.00","147.50","-8.0000","1237"
"6197","佳必琪","3391729","522396952","153.00","157.00","149.00","153.00","-10.0000","3857"
"6201","亞弘電","54203","3113204","56.20","58.30","56.20","57.90","-1.5000","54"
"6202","盛群","850135","38850257","46.80","46.80","44.85","45.65","-2.9500","980"
"6205","詮欣","395430","26542495","67.50","68.40","66.30","66.70","-2.7000","618"
"6206","飛捷","511650","42542928","84.00","84.00","81.90","82.60","-3.3000","615"
"6209","今國光","625838","15682889","25.35","25.35","24.50","24.95","-1.0500","444"
"6213","聯茂","12733321","981865021","77.70","78.60","74.00","76.70","-5.1000","9717"
"6214","精誠","571664","67222640","116.50","120.00","114.50","117.00","-4.0000","650"
"6215","和椿","7139823","463409307","64.30","66.70","62.10","65.70","-2.7000","5027"
"6216","居易","665680","27844375","42.00","42.45","40.60","41.75","-2.0500","526"
"6224","聚鼎","800406","47207416","59.80","60.00","57.40","58.50","-3.7000","718"
"6225","天瀚","13224","206996","14.45","16.25","14.45","16.10","0.0000","17"
"6226","光鼎","659166","6410952","10.00","10.00","9.60","9.62","-0.5300","373"
"6230","尼得科超眾","345193","77205102","221.50","231.00","217.50","218.00","-23.0000","649"
"6235","華孚","1636757","112480524","71.00","71.00","67.50","67.60","-5.5000","1855"
"6239","力成","7140551","997877723","138.50","142.50","136.50","137.50","-7.5000","4374"
"6243","迅杰","295804","13820607","48.65","48.65","46.00","46.00","-3.7000","359"
"6257","矽格","5951996","441936172","74.20","75.50","72.20","74.20","-3.5000","4233"
"6269","台郡","3461712","285883243","82.50","84.30","80.20","82.30","-2.9000","2724"
"6271","同欣電","1355983","180084394","134.00","135.50","128.50","131.50","-7.0000","1373"
"6277","宏正","121841","9598378","78.30","79.00","78.10","78.70","-1.2000","129"
"6278","台表科","3332153","380021818","113.50","116.00","111.00","114.00","-3.5000","2111"
"6281","全國電","60441","5037392","83.50","83.50","83.00","83.30","-0.6000","97"
"6282","康舒","4169827","134652580","32.75","32.90","31.60","32.05","-2.0500","3492"
"6283","淳安","201402","5458492","27.25","27.85","26.70","26.90","-1.4500","196"
"6285","啟碁","3777507","430673963","114.50","116.00","111.00","113.50","-5.0000","3279"
"6288","聯嘉","1241875","31171290","25.30","25.45","24.45","24.90","-1.2500","754"
"6405","悅城","12048844","436602264","33.70","37.80","32.75","37.80","3.4000","6095"
"6409","旭隼","253730","495664300","1920.00","1990.00","1910.00","1950.00","-90.0000","428"
"6412","群電","967525","121605455","126.00","128.00","121.50","125.00","-4.0000","867"
"6414","樺漢","975728","273776444","283.50","284.00","274.50","280.00","-12.0000","1474"
"6415","矽力*-KY","3845186","1585875323","407.00","424.50","405.00","410.50","-32.0000","4164"
"6416","瑞祺電通","1932221","278988595","140.00","150.00","137.00","145.00","-4.0000","2337"
"6423","億而得-創","20138","1876175","92.00","93.50","92.00","93.00","-2.8000","20"
"6426","統新","368290","23430664","62.90","65.60","61.90","62.80","-3.7000","324"
"6431","光麗-KY","473463","9414266","18.70","20.50","18.65","20.40","0.2000","265"
"6438","迅得","777552","91611480","116.00","119.50","115.00","118.00","-3.5000","1789"
"6442","光聖","4751563","1767084715","359.00","385.00","352.00","368.00","-22.5000","5320"
"6443","元晶","5658894","126620905","22.65","22.75","21.85","22.15","-1.7000","3387"
"6446","藥華藥","2442861","1628539103","660.00","679.00","645.00","670.00","-11.0000","4407"
"6449","鈺邦","3315119","537627199","157.50","169.50","156.00","159.00","-11.0000","3657"
"6451","訊芯-KY","5003097","1084635854","209.50","223.00","209.00","216.50","-13.5000","4638"
"6456","GIS-KY","851891","48419853","58.00","58.00","56.00","56.50","-3.1000","795"
"6464","台數科","117622","9289370","78.80","79.80","78.10","79.60","-0.5000","123"
"6472","保瑞","1522796","1089666926","720.00","724.00","700.00","715.00","-27.0000","4657"
"6477","安集","522216","17586541","33.25","34.30","32.80","33.75","-1.7500","453"
"6491","晶碩","557998","222824261","400.00","403.50","395.00","399.50","-14.5000","1267"
"6504","南六","84100","5836162","68.40","70.50","68.20","68.50","-1.5000","87"
"6505","台塑化","18283104","959619029","52.70","53.60","51.50","51.60","-3.2000","10989"
"6515","穎崴","619366","687055345","1100.00","1135.00","1065.00","1105.00","-55.0000","1178"
"6525","捷敏-KY","178483","11295989","63.00","64.30","62.90","62.90","-2.5000","367"
"6526","達發","1161673","677672738","588.00","593.00","568.00","579.00","-45.0000","3297"
"6531","愛普*","3473115","1042399696","295.50","307.00","292.50","299.50","-20.0000","6398"
"6533","晶心科","915911","297403466","334.00","334.00","319.00","320.50","-30.5000","2101"
"6534","正瀚-創","43030","3184611","74.10","75.60","73.50","73.90","-1.9000","33"
"6541","泰福-KY","497376","35403163","70.90","72.40","70.50","71.10","-2.4000","520"
"6550","北極星藥業-KY","1212056","71418072","60.30","60.30","58.20","58.50","-3.2000","1207"
"6552","易華電","336235","16115278","47.60","48.80","47.10","47.35","-2.9500","402"
"6558","興能高","176305","3779431","22.05","22.05","21.00","21.15","-1.2500","193"
"6573","虹揚-KY","539870","7934952","15.00","15.00","14.35","14.75","-0.8500","303"
"6579","研揚","264462","38415582","145.00","147.00","142.00","145.00","-7.5000","509"
"6581","鋼聯","203065","21583711","107.50","107.50","104.00","104.00","-4.5000","518"
"6582","申豐","356008","20838020","59.90","59.90","57.70","58.10","-4.5000","640"
"6585","鼎基","1088520","185333126","173.00","173.00","167.00","167.00","-15.5000","1621"
"6591","動力-KY","296758","14206608","48.60","48.60","47.20","47.50","-2.7000","289"
"6592","和潤企業","820066","78589999","96.60","97.00","93.40","95.70","-2.3000","1142"
"6592A","和潤企業甲特","2000","188900","94.40","94.50","94.40","94.50","-0.4000","2"
"6592B","和潤企業乙特","66000","6274400","95.40","95.40","94.90","94.90","-0.6000","31"
"6598","ABC-KY","381186","8481248","22.60","22.60","21.90","22.15","-0.9500","322"
"6605","帝寶","459747","110741489","235.50","244.00","233.00","242.00","-1.5000","530"
"6606","建德工業","7956733","267871195","32.00","34.40","29.70","34.40","3.1000","3871"
"6625","必應","251245","20280017","81.40","82.60","79.40","80.90","-3.8000","348"
"6641","基士德-KY","6020","239451","39.60","39.95","39.60","39.90","0.0000","7"
"6645","金萬林-創","136542","3845426","28.05","28.35","28.00","28.25","-0.8000","79"
"6655","科定","69139","10032728","144.00","147.00","144.00","145.00","-5.0000","70"
"6657","華安","71183","3646714","52.70","52.70","50.30","50.50","-2.2000","94"
"6658","聯策","1592984","117221374","72.50","76.10","70.20","74.20","-2.3000","1514"
"6666","羅麗芬-KY","21154","1218989","57.60","57.80","57.40","57.50","-0.8000","23"
"6668","中揚光","533257","24458761","45.85","46.65","44.25","45.55","-2.8500","572"
"6669","緯穎","3192873","5391655255","1715.00","1725.00","1665.00","1675.00","-165.0000","12838"
"6670","復盛應用","533528","150630804","284.00","287.50","275.00","279.50","-10.5000","3099"
"6671","三能-KY","266150","11711621","44.00","44.30","43.90","44.00","-0.0500","86"
"6672","騰輝電子-KY","494984","35289241","70.60","72.90","69.20","72.90","-0.8000","493"
"6674","鋐寶科技","28085","655212","23.30","23.50","23.20","23.30","-0.8000","28"
"6689","伊雲谷","437412","41133952","92.10","96.20","91.20","94.00","-5.0000","576"
"6691","洋基工程","665361","215854575","318.50","330.00","316.00","321.00","-9.0000","769"
"6695","芯鼎","801371","43499269","54.50","55.20","52.50","54.00","-3.6000","792"
"6698","旭暉應材","1983169","80097431","39.00","42.10","38.35","40.00","-1.5500","1446"
"6706","惠特","4461710","561748284","123.50","129.50","121.00","124.00","-7.5000","3393"
"6715","嘉基","256459","39140827","154.50","155.50","149.50","151.50","-9.0000","335"
"6719","力智","837718","200978382","241.00","243.00","235.00","238.50","-11.0000","1044"
"6742","澤米","1090116","58318298","51.50","56.00","49.70","55.10","1.8000","848"
"6743","安普新","3802481","260644708","64.20","70.70","64.20","69.30","-1.8000","3184"
"6753","龍德造船","2860389","398718572","136.00","144.00","134.50","137.00","-6.0000","4410"
"6754","匯僑設計","271327","22418361","82.70","84.00","80.00","83.00","-2.0000","267"
"6756","威鋒電子","172648","28480466","164.00","168.50","162.00","163.50","-10.0000","1043"
"6757","台灣虎航-創","22724085","1277208377","53.50","60.70","52.70","56.40","0.0000","5507"
"6768","志強-KY","234517","19629578","83.00","84.40","82.00","83.80","-2.6000","228"
"6770","力積電","25292205","498116457","19.75","20.05","19.10","19.80","-0.9000","11467"
"6771","平和環保-創","30000","1950700","64.20","65.70","64.20","64.20","-1.6000","25"
"6776","展碁國際","267087","14711461","56.20","56.20","54.50","54.50","-2.2000","314"
"6781","AES-KY","376376","174464544","475.00","475.00","458.00","460.00","-40.0000","930"
"6782","視陽","454983","95777587","214.00","214.00","207.00","208.00","-16.0000","764"
"6789","采鈺","1766314","494068922","280.50","284.00","272.50","279.00","-19.0000","2598"
"6790","永豐實","397749","18632712","47.50","47.50","45.90","46.80","-1.2000","486"
"6792","詠業","63645","4149488","65.50","65.70","65.00","65.00","-1.8000","73"
"6794","向榮生技-創","145000","11315700","79.20","79.20","78.00","78.00","-1.4000","11"
"6796","晉弘","39230","3333384","85.00","85.80","84.00","85.00","-1.8000","43"
"6799","來頡","338306","36272653","110.00","110.50","105.00","105.00","-9.5000","451"
"6805","富世達","1510552","1082953477","700.00","739.00","700.00","708.00","-43.0000","3477"
"6806","森崴能源","2661056","336344228","125.50","128.50","123.00","126.50","-6.5000","3564"
"6807","峰源-KY","530994","38318646","73.50","74.00","70.20","70.20","-6.8000","470"
"6830","汎銓","1271034","170701779","132.50","137.00","131.00","135.50","-3.0000","762"
"6834","天二科技","662677","22817323","33.90","35.40","33.45","34.90","-1.9500","422"
"6835","圓裕","251617","12726576","50.50","51.50","49.20","50.30","-2.0000","237"
"6838","台新藥","449164","16822263","38.20","38.20","36.90","37.25","-1.3000","413"
"6854","錼創科技-KY創","67050","4819455","74.00","74.40","70.80","70.80","-4.2000","62"
"6861","睿生光電","85730","5760749","68.70","68.70","66.40","66.90","-2.2000","184"
"6863","永道-KY","1367179","343852133","244.00","262.50","241.00","248.00","-13.0000","2970"
"6869","雲豹能源","4675292","1054797398","217.50","231.50","216.00","225.00","-10.5000","5306"
"6873","泓德能源-創","611218","145427102","225.00","243.50","225.00","238.50","0.0000","460"
"6890","來億-KY","2535430","986528526","384.00","409.00","371.00","382.00","-12.0000","3235"
"6901","鑽石投資","1399181","54482041","39.15","39.45","38.35","38.65","-2.1000","1065"
"6902","走著瞧-創","4000","549000","136.50","140.00","136.00","136.50","0.0000","4"
"6906","現觀科","171111","26430259","150.50","159.00","149.00","153.50","-4.0000","197"
"6914","阜爾運通","107707","14013485","131.50","131.50","128.50","129.00","-5.5000","319"
"6916","華凌","32386","762292","23.05","23.90","23.05","23.60","-1.0000","62"
"6928","攸泰科技","230003","13235122","59.70","59.70","56.80","57.20","-3.6000","235"
"6933","AMAX-KY","177069","38115943","218.00","218.00","211.00","213.50","-15.5000","627"
"6937","天虹","2303737","642179918","270.00","290.00","270.00","274.50","-25.0000","4736"
"6949","沛爾生醫-創","35000","3235300","89.90","98.90","89.90","91.00","-3.0000","30"
"6951","青新-創","43006","2480150","57.50","58.50","56.60","58.10","-0.7000","38"
"6952","大武山","65302","3253502","50.20","50.20","49.20","49.55","-1.1500","63"
"6957","裕慶-KY","483025","137063180","278.50","288.50","277.50","286.00","-9.0000","2317"
"6958","日盛台駿","220346","6712637","30.85","30.85","30.30","30.45","-0.7000","246"
"8011","台通","6248246","172693387","26.85","28.30","26.50","27.70","-0.9500","3892"
"8016","矽創","754075","167539405","225.00","226.00","216.50","220.00","-9.5000","1628"
"8021","尖點","3967985","140978823","34.50","36.45","34.15","35.55","-2.3500","2688"
"8028","昇陽半導體","12812914","1579514179","120.00","127.50","118.50","122.50","-5.5000","9479"
"8033","雷虎","1611317","89906235","55.80","56.60","54.60","55.80","-1.8000","1358"
"8039","台虹","5065145","334394400","63.90","67.80","63.80","67.00","-2.2000","3534"
"8046","南電","4685130","618973024","133.00","135.00","130.00","130.00","-12.0000","5481"
"8070","長華*","13111557","774749772","57.50","60.80","56.00","58.80","-2.1000","10261"
"8072","陞泰","212618","5580972","26.70","26.70","26.15","26.15","-0.8000","378"
"8081","致新","714007","154295778","219.50","219.50","212.00","214.00","-11.5000","1069"
"8103","瀚荃","2211426","147680807","66.00","68.90","63.30","67.20","-1.9000","1883"
"8104","錸寶","1319474","53331497","39.50","41.70","39.30","40.00","-2.2500","987"
"8105","凌巨","6407759","115615238","18.00","18.50","17.20","18.15","-0.7000","3161"
"8110","華東","2626043","42912574","16.70","16.70","15.85","16.35","-0.9500","1374"
"8112","至上","4034414","287201611","71.30","72.70","68.90","70.80","-2.6000","3125"
"8112A","至上甲特","13701","580550","42.40","42.40","42.35","42.35","-0.1500","18"
"8114","振樺電","730543","130409183","178.50","181.50","172.00","180.50","-8.0000","742"
"8131","福懋科","600874","21223089","35.70","35.70","35.05","35.10","-1.2500","601"
"8150","南茂","6288616","230317500","36.60","37.05","36.00","36.45","-1.6500","4430"
"8162","微矽電子-創","45100","1577515","34.80","35.25","34.50","34.50","-2.0500","32"
"8163","達方","814049","41274393","51.60","51.60","49.70","50.60","-2.0000","784"
"8201","無敵","159634","2633319","16.80","16.80","16.00","16.40","-0.7500","113"
"8210","勤誠","3074021","837660535","277.00","279.00","267.00","267.00","-25.0000","4234"
"8213","志超","815671","29626635","36.80","36.80","35.70","36.40","-1.0000","850"
"8215","明基材","1092448","32197418","29.90","29.90","28.65","29.55","-0.9500","862"
"8222","寶一","432158","14617887","34.15","34.45","33.05","33.55","-2.0000","360"
"8249","菱光","1158251","35522361","30.25","31.65","29.55","30.55","-0.8000","985"
"8261","富鼎","440912","32726450","75.30","75.40","72.70","73.80","-3.7000","420"
"8271","宇瞻","551934","28780237","52.90","52.90","51.60","51.80","-2.2000","618"
"8341","日友","461611","41536357","90.00","90.50","89.50","89.70","-3.2000","1001"
"8367","建新國際","105277","5217710","49.10","50.00","49.10","49.55","-1.4500","101"
"8374","羅昇","44668315","6464794233","138.00","156.50","132.00","156.50","13.5000","30333"
"8404","百和興業-KY","608819","10451170","17.00","17.50","16.90","17.05","-0.7500","375"
"8411","福貞-KY","129147","1796034","13.80","14.10","13.80","13.80","-0.4500","236"
"8422","可寧衛","211847","39296952","185.50","186.50","183.50","185.00","-3.5000","1905"
"8429","金麗-KY","296987","2821261","9.54","9.57","9.43","9.45","-0.3700","437"
"8438","昶昕","987719","43657637","43.50","45.35","43.20","43.25","-4.1500","951"
"8442","威宏-KY","471176","54123582","114.50","116.50","113.00","113.50","0.0000","430"
"8443","阿瘦","42990","499258","11.65","11.65","11.55","11.55","-0.2000","203"
"8454","富邦媒","846493","319835879","380.00","383.00","373.00","375.50","-12.5000","3391"
"8462","柏文","1390172","195079778","131.50","146.00","131.00","134.00","0.0000","1545"
"8463","潤泰材","394466","10527594","26.80","27.05","26.35","26.35","-1.4500","282"
"8464","億豐","712745","328749394","448.50","473.50","448.50","461.50","-15.5000","993"
"8466","美吉吉-KY","314663","18234607","58.40","58.90","56.90","58.40","-0.7000","392"
"8467","波力-KY","1916189","465256742","224.00","254.50","216.50","237.00","5.0000","3059"
"8473","山林水","1290980","58250572","45.35","45.90","44.00","44.85","-2.0500","1684"
"8476","台境","63484","3606161","57.60","57.60","56.10","56.60","-1.2000","384"
"8478","東哥遊艇","453334","131138997","289.50","294.00","281.00","288.50","-13.5000","1612"
"8481","政伸","47072","2337113","49.65","49.95","49.45","49.65","-0.7500","41"
"8482","商億-KY","102020","6433780","63.90","64.70","60.80","63.30","-1.7000","19"
"8487","愛爾達-創","16000","1185600","74.50","76.00","72.50","73.10","-3.4000","13"
"8488","吉源-KY","22131","347555","15.50","16.20","15.50","15.60","-0.4500","24"
"8499","鼎炫-KY","52023","6045046","115.50","117.50","115.50","116.00","-3.5000","554"
"8926","台汽電","1226441","53751712","44.05","44.25","43.10","43.65","-1.3500","1508"
"8940","新天地","291647","6391749","22.05","22.30","21.60","21.75","-0.7000","798"
"8996","高力","4063687","1414263211","342.00","362.50","332.50","345.00","-19.5000","3857"
"9103","美德醫療-DR","651954","4477758","7.00","7.00","6.79","6.83","-0.2300","291"
"910322","康師傅-DR","23162","493187","21.35","21.65","21.10","21.15","-0.2000","60"
"9105","泰金寶-DR","9405585","49955440","5.26","5.43","5.25","5.27","-0.3300","3606"
"910861","神州-DR","22003","144188","6.68","6.68","6.50","6.67","-0.0100","17"
"9110","越南控-DR","124000","883320","7.16","7.25","7.10","7.23","-0.0700","31"
"911608","明輝-DR","39000","130860","3.40","3.40","3.33","3.33","-0.0900","32"
"911622","泰聚亨-DR","149024","750656","5.26","5.26","4.95","5.21","-0.0700","73"
"911868","同方友友-DR","725000","1055950","1.51","1.51","1.39","1.47","-0.0600","163"
"912000","晨訊科-DR","1109590","3243219","2.81","3.05","2.81","2.99","-0.1100","329"
"9136","巨騰-DR","508000","3228010","6.37","6.42","6.33","6.38","-0.0400","104"
"9802","鈺齊-KY","426903","50132421","117.50","119.00","115.00","117.00","-3.5000","396"
"9902","台火","1270842","24765410","19.70","19.75","18.80","19.35","-0.9500","831"
"9904","寶成","16572463","553740026","33.65","33.80","32.85","33.25","-1.0500","6352"
"9905","大華","324790","7430918","22.90","23.10","22.80","22.80","-0.2500","274"
"9906","欣巴巴","1915137","378564808","193.50","203.50","189.50","197.50","-4.0000","2207"
"9907","統一實","3710861","58604818","15.75","16.05","15.55","15.75","-0.3000","1700"
"9908","大台北","588948","18109976","30.80","30.80","30.70","30.70","-0.1500","513"
"9910","豐泰","1440463","198749188","135.00","140.50","135.00","138.00","-4.0000","1338"
"9911","櫻花","503614","43881189","86.80","87.70","85.50","87.20","-1.2000","1154"
"9912","偉聯","105202","1313639","12.60","13.05","12.20","12.60","-0.5000","120"
"9914","美利達","912236","216371718","235.00","241.50","231.00","235.00","-7.5000","2978"
"9917","中保科","885829","129282373","143.00","148.50","143.00","145.00","-3.5000","1025"
"9918","欣天然","73922","2977603","40.40","40.95","40.10","40.10","-1.1000","109"
"9919","康那香","598967","11716182","19.75","19.75","19.05","19.50","-0.5000","445"
"9921","巨大","1291661","300846783","231.50","237.00","229.00","232.00","-9.0000","11319"
"9924","福興","383637","20577676","53.40","54.30","52.70","53.40","-1.3000","334"
"9925","新保","548395","22450976","41.00","41.05","40.50","40.90","-0.4500","462"
"9926","新海","75102","4007757","53.50","53.60","53.10","53.30","-0.9000","69"
"9927","泰銘","707098","54724265","77.10","78.20","75.70","77.00","-1.6000","739"
"9928","中視","134238","2667786","20.20","20.20","19.55","19.90","-0.3000","99"
"9929","秋雨","100195","1599256","16.00","16.15","15.65","15.85","-0.7500","61"
"9930","中聯資源","442752","28561568","64.60","65.50","63.60","64.30","-1.2000","528"
"9931","欣高","48012","1634449","33.90","34.55","33.90","34.00","-0.6000","61"
"9933","中鼎","2930711","144627416","48.80","49.95","47.80","49.00","-0.8000","2182"
"9934","成霖","1914580","35220624","18.55","18.70","18.00","18.35","-0.7000","1100"
"9935","慶豐富","1882111","52074702","27.60","28.20","26.85","27.40","-1.4000","1026"
"9937","全國","152064","9746073","63.20","65.00","63.20","63.50","-1.9000","138"
"9938","百和","1206702","70915702","58.70","59.50","57.30","58.60","-1.9000","1085"
"9939","宏全","857671","135285976","156.00","160.00","154.50","156.50","-3.5000","1136"
"9940","信義","1257322","38703197","31.00","31.15","30.50","30.55","-1.2000","1218"
"9941","裕融","1957159","270743999","135.00","140.50","135.00","139.00","-3.5000","3515"
"9941A","裕融甲特","14031","703053","50.10","50.30","50.00","50.30","0.1000","10"
"9942","茂順","139657","15583601","112.00","112.00","110.50","111.50","-2.0000","236"
"9943","好樂迪","169699","13788872","80.20","82.00","80.20","80.80","-2.1000","242"
"9944","新麗","381831","7730693","20.35","20.55","19.85","19.95","-0.5500","724"
"9945","潤泰新","11201157","518499739","46.00","47.10","45.05","46.40","-1.1500","7117"
"9946","三發地產","1189928","42815113","36.00","36.65","35.35","35.55","-2.3500","939"
"9955","佳龍","1603469","55859130","34.80","36.00","33.80","35.00","-0.5000","1147"
"9958","世紀鋼","9211510","1921991847","205.00","213.00","202.00","206.00","-17.0000","8195"
