證券代號,證券名稱,成交股數,成交金額,開盤價,最高價,最低價,收盤價,漲跌價差,成交筆數
"0050","元大台灣50","10830757","2036270941","187.10","189.20","186.95","188.60","-1.1500","17027"
"0051","元大中型100","117317","9955678","85.00","85.10","84.65","85.00","0.0000","350"
"0052","富邦科技","944751","175801829","186.50","187.25","185.00","186.50","-1.5500","1596"
"0053","元大電子","17732","1812618","102.15","102.60","101.90","102.00","-1.2000","122"
"0055","元大MSCI金融","264031","7294838","27.55","27.68","27.50","27.68","0.1000","397"
"0056","元大高股息","17794434","744014052","41.67","41.96","41.61","41.90","-0.0500","12778"
"0057","富邦摩台","67359","9285355","137.70","138.35","137.70","138.05","-0.6000","99"
"0061","元大寶滬深","313072","5323847","17.11","17.11","16.94","16.99","-0.1200","201"
"006203","元大MSCI台灣","11985","1066028","88.80","89.20","88.80","89.15","-0.0500","105"
"006204","永豐臺灣加權","11075","1282548","115.70","116.20","115.45","116.20","-0.2500","102"
"006205","富邦上証","399925","11685776","29.29","29.34","29.10","29.19","-0.1200","238"
"006206","元大上證50","452942","12577408","27.98","27.98","27.65","27.71","-0.2900","186"
"006207","復華滬深","71775","1579539","22.10","22.10","21.94","22.00","-0.1800","95"
"006208","富邦台50","13669015","1503253241","109.90","110.60","109.45","110.00","-0.8500","14359"
"00625K","富邦上証+R","","","","","","","0.0000",""
"00631L","元大台灣50正2","4230268","1078614553","253.05","257.50","253.05","256.05","-3.1000","6155"
"00632R","元大台灣50反1","158756387","535808124","3.39","3.39","3.36","3.37","0.0200","4773"
"00633L","富邦上証正2","18536616","614349920","33.47","33.70","32.67","32.94","-0.7000","2373"
"00634R","富邦上証反1","246000","1156500","4.67","4.71","4.67","4.70","0.0400","18"
"00635U","期元大S&P黃金","412576","11492984","27.86","27.89","27.82","27.86","0.2500","204"
"00636","國泰中國A50","2086954","42299202","20.41","20.47","20.12","20.21","-0.2700","580"
"00636K","國泰中國A50+U","200","1250","6.25","6.25","6.25","6.25","-0.1000","2"
"00637L","元大滬深300正2","144956961","1927491259","13.44","13.52","13.11","13.20","-0.2800","9763"
"00638R","元大滬深300反1","538000","5303160","9.75","9.88","9.73","9.84","0.1100","40"
"00639","富邦深100","711878","7323868","10.32","10.36","10.23","10.28","-0.0800","250"
"00640L","富邦日本正2","962664","54702299","56.95","57.10","56.50","56.60","0.0000","662"
"00641R","富邦日本反1","746000","4826820","6.46","6.48","6.46","6.46","-0.0200","38"
"00642U","期元大S&P石油","2318057","42463119","18.32","18.33","18.29","18.32","0.1700","639"
"00643","群益深証中小","1170937","13338355","11.40","11.46","11.34","11.40","-0.0700","177"
"00643K","群益深証中小+R","","","","","","","0.0000",""
"00645","富邦日本","1051111","39739870","37.84","37.85","37.73","37.78","0.0500","1089"
"00646","元大S&P500","10827511","596384539","55.35","55.35","55.00","55.05","-0.4000","2948"
"00647L","元大S&P500正2","155277","13906392","89.45","89.70","89.45","89.65","-1.0500","96"
"00648R","元大S&P500反1","277000","1528250","5.52","5.53","5.51","5.51","0.0100","34"
"00650L","復華香港正2","34512740","356430838","10.47","10.48","10.20","10.24","-0.3500","2902"
"00651R","復華香港反1","774809","6774719","8.65","8.77","8.65","8.75","0.1500","69"
"00652","富邦印度","279316","10708619","38.40","38.40","38.27","38.27","-0.0900","312"
"00653L","富邦印度正2","266391","16293395","61.10","61.40","60.95","60.95","0.0500","124"
"00654R","富邦印度反1","87000","569770","6.53","6.56","6.52","6.56","0.0300","14"
"00655L","國泰中國A50正2","16343696","370032148","22.82","23.00","22.29","22.48","-0.4500","1175"
"00656R","國泰中國A50反1","403200","3546852","8.76","8.85","8.76","8.84","0.1100","29"
"00657","國泰日經225","674630","30581431","45.33","45.35","45.23","45.34","0.0600","100"
"00657K","國泰日經225+U","200","2800","14.00","14.00","14.00","14.00","0.0500","2"
"00660","元大歐洲50","5602","200555","35.79","35.87","35.79","35.87","0.0800","101"
"00661","元大日經225","635487","31436422","49.47","49.60","49.35","49.45","0.0000","152"
"00662","富邦NASDAQ","15349291","1260336246","82.55","82.60","81.95","82.15","-1.4500","3387"
"00663L","國泰臺灣加權正2","3120","730441","233.95","234.60","233.75","234.60","-2.4000","10"
"00664R","國泰臺灣加權反1","4834490","18530261","3.84","3.85","3.82","3.82","0.0100","325"
"00665L","富邦恒生國企正2","89781861","622072683","7.07","7.07","6.83","6.86","-0.2800","6103"
"00666R","富邦恒生國企反1","121000","1764680","14.46","14.64","14.43","14.60","0.2700","48"
"00668","國泰美國道瓊","174296","8019724","46.00","46.06","45.98","46.05","0.3700","101"
"00668K","國泰美國道瓊+U","200","2842","14.21","14.21","14.21","14.21","0.1200","2"
"00669R","國泰美國道瓊反1","2114553","15107988","7.15","7.15","7.14","7.14","-0.0700","152"
"00670L","富邦NASDAQ正2","1146394","146724946","127.80","128.40","127.80","128.30","-3.1500","880"
"00671R","富邦NASDAQ反1","6564372","24613538","3.75","3.76","3.74","3.75","0.0500","257"
"00673R","期元大S&P原油反1","20928305","149431356","7.15","7.15","7.13","7.14","-0.0600","1582"
"00674R","期元大S&P黃金反1","1266270","13333297","10.52","10.55","10.52","10.54","-0.0700","120"
"00675L","富邦臺灣加權正2","2904839","296493755","101.60","103.00","101.30","102.50","-1.1000","3166"
"00676R","富邦臺灣加權反1","11666286","24847932","2.14","2.14","2.11","2.12","0.0100","320"
"00678","群益那斯達克生技","295283","8535129","28.81","28.95","28.81","28.91","0.4200","94"
"00680L","元大美債20正2","31447295","278394159","8.86","8.87","8.84","8.86","-0.0600","4884"
"00681R","元大美債20反1","173000","3473050","20.07","20.09","20.07","20.08","0.0600","23"
"00682U","期元大美元指數","62067","1325114","21.35","21.37","21.34","21.37","0.0800","10"
"00683L","期元大美元指正2","149000","3467030","23.27","23.28","23.23","23.27","0.1600","27"
"00684R","期元大美元指反1","7000","106690","15.24","15.25","15.24","15.25","0.0000","2"
"00685L","群益臺灣加權正2","501787","45631116","90.65","91.75","90.15","91.15","-1.1500","321"
"00686R","群益臺灣加權反1","2817000","6432920","2.29","2.29","2.27","2.28","0.0100","57"
"00688L","國泰20年美債正2","15005779","132274451","8.81","8.83","8.80","8.83","-0.0600","1423"
"00689R","國泰20年美債反1","7000","145430","20.79","20.79","20.77","20.77","0.0900","5"
"00690","兆豐藍籌30","727143","26127599","35.93","36.11","35.70","36.00","-0.1000","593"
"00692","富邦公司治理","3195341","142237200","44.30","44.78","44.30","44.60","-0.2700","2729"
"00693U","期街口S&P黃豆","473541","10871516","22.94","22.99","22.91","22.97","-0.2700","261"
"00700","富邦恒生國企","844793","10830137","12.81","12.96","12.76","12.81","-0.3000","247"
"00701","國泰股利精選30","2494560","70997902","28.38","28.50","28.32","28.50","0.0900","818"
"00702","國泰標普低波高息","117007","2725667","23.28","23.31","23.27","23.31","0.0600","109"
"00703","台新MSCI中國","44875","695057","15.60","15.70","15.45","15.47","-0.2900","88"
"00706L","期元大S&P日圓正2","13965435","82950400","5.93","5.95","5.92","5.95","-0.0600","1942"
"00707R","期元大S&P日圓反1","","","","","","","0.0000",""
"00708L","期元大S&P黃金正2","791135","27062340","34.29","34.30","34.11","34.24","0.5300","240"
"00709","富邦歐洲","23582","700722","29.68","29.72","29.68","29.72","0.1200","9"
"00710B","復華彭博非投等債","342283","6618070","19.36","19.36","19.32","19.34","-0.0300","73"
"00711B","復華彭博新興債","130520","2148296","16.47","16.47","16.45","16.45","-0.0200","70"
"00712","復華富時不動產","21066751","201708366","9.61","9.61","9.57","9.57","-0.0400","7364"
"00713","元大台灣高息低波","12714988","742580857","58.40","58.55","58.30","58.45","0.0500","14679"
"00714","群益道瓊美國地產","376055","7316339","19.49","19.49","19.44","19.46","-0.0500","144"
"00715L","期街口布蘭特正2","10425818","177312698","17.00","17.03","16.97","17.01","0.1700","1470"
"00717","富邦美國特別股","219810","3489180","15.87","15.90","15.86","15.86","-0.0300","122"
"00728","第一金工業30","565577","18566455","32.75","32.96","32.70","32.84","-0.2200","179"
"00730","富邦臺灣優質高息","114755","2662098","23.21","23.27","23.13","23.27","-0.0200","170"
"00731","復華富時高息低波","932962","73600557","78.85","79.20","78.50","79.00","-0.2000","755"
"00733","富邦臺灣中小","1429627","86719240","60.90","60.90","60.50","60.55","-0.5000","2077"
"00735","國泰臺韓科技","159886","6228097","38.87","39.05","38.79","38.91","-0.4700","128"
"00736","國泰新興市場","883928","20099898","22.90","22.90","22.10","22.80","-0.1400","140"
"00737","國泰AI+Robo","71686","2167953","30.30","30.30","30.23","30.26","-0.1800","103"
"00738U","期元大道瓊白銀","1350538","37923822","28.20","28.21","27.94","28.09","0.1900","303"
"00739","元大MSCI A股","46349","953589","20.69","20.69","20.50","20.53","-0.1800","85"
"00752","中信中國50","3940322","73469337","18.85","18.85","18.54","18.59","-0.3400","955"
"00753L","中信中國50正2","27252294","217454095","8.06","8.13","7.89","7.92","-0.2600","4064"
"00757","統一FANG+","9784177","851313591","87.20","87.25","86.85","86.90","-2.0500","8158"
"00762","元大全球AI","403877","25687650","64.15","64.15","63.45","63.65","-0.8000","785"
"00763U","期街口道瓊銅","733837","20347104","27.71","27.79","27.61","27.68","0.1000","134"
"00770","國泰北美科技","1044089","49360395","47.50","47.50","47.20","47.26","-0.7400","963"
"00771","元大US高息特別股","73813","1284057","17.41","17.41","17.33","17.41","-0.0300","70"
"00775B","新光投等債15+","810235","28095065","34.68","34.71","34.67","34.69","-0.1300","19"
"00783","富邦中証500","71557","1251727","17.49","17.56","17.48","17.52","-0.0400","16"
"00830","國泰費城半導體","21438004","1096066067","51.20","51.25","51.05","51.10","-2.0000","10483"
"00850","元大臺灣ESG永續","1474506","68336933","46.22","46.60","46.09","46.36","-0.3400","1809"
"00851","台新全球AI","133503","6294751","47.29","47.29","47.01","47.05","-0.8400","180"
"00852L","國泰美國道瓊正2","853826","20416477","23.90","23.96","23.90","23.96","0.3400","165"
"00861","元大全球未來通訊","3783389","162917868","43.36","43.36","43.01","43.01","-0.9200","834"
"00865B","國泰US短期公債","205864","9352189","45.44","45.44","45.42","45.42","0.0100","101"
"00875","國泰網路資安","47125","1487768","31.58","31.58","31.55","31.55","-0.0700","83"
"00876","元大全球5G","3613862","150754099","42.00","42.00","41.62","41.66","-0.8400","665"
"00878","國泰永續高股息","61864899","1475699118","23.94","23.94","23.76","23.85","-0.1300","24216"
"00881","國泰台灣5G+","24289031","626437684","25.74","25.99","25.59","25.83","-0.2000","8047"
"00882","中信中國高股息","22593388","268292021","12.00","12.00","11.82","11.84","-0.1600","6524"
"00885","富邦越南","12358234","148014670","12.01","12.01","11.96","11.97","-0.0500","2901"
"00891","中信關鍵半導體","9838427","198561387","20.20","20.32","20.06","20.21","-0.1900","4735"
"00892","富邦台灣半導體","4125624","73991916","17.88","18.03","17.84","17.93","-0.1300","1306"
"00893","國泰智能電動車","5842919","128649642","22.03","22.08","21.98","22.00","-0.4000","2326"
"00894","中信小資高價30","2793944","61086319","21.89","21.96","21.75","21.91","-0.1500","385"
"00895","富邦未來車","4369101","123145766","28.28","28.28","28.09","28.17","-0.5700","2819"
"00896","中信綠能及電動車","2677467","50034222","18.65","18.76","18.57","18.71","0.0100","828"
"00897","富邦基因免疫生技","816622","6602859","8.04","8.11","8.04","8.09","0.1600","248"
"00898","國泰基因免疫革命","424194","3001312","7.04","7.11","7.04","7.07","0.0400","177"
"00899","FT潔淨能源","369143","6316578","17.21","17.21","17.06","17.15","-0.1900","332"
"00900","富邦特選高股息30","5612666","95846468","17.11","17.11","17.04","17.07","-0.0700","1702"
"00901","永豐智能車供應鏈","913070","19657340","21.47","21.68","21.42","21.64","-0.1100","263"
"00902","中信電池及儲能","7598036","71228040","9.45","9.45","9.33","9.34","-0.2000","2594"
"00903","富邦元宇宙","671532","9670970","14.42","14.42","14.39","14.40","-0.0500","266"
"00904","新光臺灣半導體30","2846673","56047675","19.71","19.82","19.58","19.77","-0.1600","758"
"00905","FT臺灣Smart","4690515","67047053","14.30","14.35","14.20","14.30","-0.1000","1422"
"00907","永豐優息存股","5216570","88084479","16.87","16.93","16.85","16.89","0.0400","1047"
"00908","富邦入息REITs+","327296","4007437","12.25","12.26","12.22","12.22","-0.0300","58"
"00909","國泰數位支付服務","1703425","46698737","27.50","27.50","27.38","27.39","-0.1100","2432"
"00910","第一金太空衛星","194828","3512702","18.03","18.03","18.02","18.03","-0.0400","21"
"00911","兆豐洲際半導體","969295","30065672","31.38","31.38","30.97","31.00","-0.9700","683"
"00912","中信臺灣智慧50","2270685","44713018","19.67","19.77","19.58","19.73","-0.0800","264"
"00913","兆豐台灣晶圓製造","408802","9373588","22.93","23.03","22.82","23.00","-0.1200","107"
"00915","凱基優選高股息30","16254689","449819897","27.68","27.80","27.60","27.63","-0.1900","7718"
"00916","國泰全球品牌50","242068","5392452","22.30","22.30","22.25","22.29","-0.0100","294"
"00917","中信特選金融","924049","18037814","19.48","19.55","19.48","19.50","0.0300","370"
"00918","大華優利高填息30","38279965","982275762","25.70","25.75","25.56","25.69","-0.1300","10140"
"00919","群益台灣精選高息","231157920","6221620864","27.00","27.00","26.82","26.94","-0.1400","71646"
"00920","富邦ESG綠色電力","96438","1451078","15.00","15.09","14.97","15.04","-0.0800","97"
"00921","兆豐龍頭等權重","3325763","64745904","19.50","19.54","19.41","19.49","-0.0400","3817"
"00922","國泰台灣領袖50","4541589","100499864","22.05","22.24","22.00","22.17","-0.1000","2204"
"00923","群益台ESG低碳50","7938094","184014107","23.14","23.30","23.04","23.23","-0.1000","3798"
"00924","復華S&P500成長","1327139","30068148","22.72","22.72","22.64","22.64","-0.2500","1038"
"00925","新光標普電動車","225466","3494630","15.50","15.51","15.48","15.50","-0.1600","25"
"00926","凱基全球菁英55","1594084","35942449","22.66","22.66","22.51","22.53","-0.1700","498"
"00927","群益半導體收益","6244574","133524557","21.30","21.52","21.25","21.45","-0.1300","3012"
"00929","復華台灣科技優息","134089334","2845455768","21.30","21.30","21.17","21.23","-0.1600","50584"
"00930","永豐ESG低碳高息","1717365","36864977","21.47","21.55","21.40","21.49","-0.1300","715"
"00932","兆豐永續高息等權","2713383","49387476","18.23","18.26","18.13","18.21","-0.0500","804"
"00934","中信成長高股息","8334025","170568678","20.48","20.54","20.41","20.46","-0.1500","1809"
"00935","野村臺灣新科技50","8356419","192900073","23.07","23.23","22.91","23.15","-0.0500","3166"
"00936","台新永續高息中小","57117386","1073031041","18.71","18.90","18.71","18.78","-0.0300","18182"
"00939","統一台灣高息動能","30706535","460764874","15.03","15.04","14.97","14.99","-0.0800","7350"
"00940","元大台灣價值高息","144426658","1482955658","10.35","10.35","10.26","10.31","-0.0700","27709"
"00941","中信上游半導體","13522236","212182577","15.73","15.74","15.66","15.70","-0.1300","3027"
"00943","兆豐電子高息等權","1852113","29071085","15.72","15.74","15.63","15.68","-0.0500","305"
"00944","野村趨勢動能高息","7435723","113927277","15.34","15.35","15.28","15.32","-0.0400","1474"
"00945B","凱基美國非投等債","5444264","82175708","15.10","15.11","15.08","15.09","-0.0100","262"
"00946","群益科技高息成長","40544447","438810213","10.84","10.87","10.79","10.83","-0.0600","9583"
"00947","台新臺灣IC設計","21953902","354707473","16.20","16.22","16.10","16.15","-0.1100","5055"
"01001T","土銀富邦R1","6000","86040","14.34","14.34","14.34","14.34","-0.0100","4"
"01002T","土銀國泰R1","269500","4551300","16.86","16.91","16.86","16.88","0.0200","21"
"01004T","土銀富邦R2","210015","2639887","12.57","12.57","12.57","12.57","0.0000","9"
"01007T","兆豐國泰R2","3000","50420","16.81","16.81","16.80","16.80","-0.0100","3"
"01009T","王道圓滿R1","861000","6749920","7.84","7.84","7.82","7.84","0.0000","37"
"01010T","京城樂富R1","17000","170190","10.02","10.02","10.01","10.02","0.0000","10"
"020000","富邦特選蘋果N","","","","","","","0.0000",""
"020011","統一微波高息20N","11000","119880","10.90","10.90","10.88","10.88","0.0000","2"
"020012","富邦行動通訊N","","","","","","","0.0000",""
"020015","統一MSCI美低波N","","","","","","","0.0000",""
"020016","統一MSCI美科技N","","","","","","","0.0000",""
"020018","統一價值成長30N","1000","25480","25.48","25.48","25.48","25.48","0.0000","1"
"020019","統一特選台灣5GN","","","","","","","0.0000",""
"02001L","富邦蘋果正二N","89000","2743560","30.32","31.33","30.32","31.16","-0.0800","47"
"02001R","富邦蘋果反一N","","","","","","","0.0000",""
"02001S","策元大加權策略N","1000","7390","7.39","7.39","7.39","7.39","0.0000","1"
"020020","元大台股領航N","42000","505530","11.99","12.10","11.95","12.06","-0.0700","15"
"020028","元大特選電動車N","211000","2054730","9.70","9.76","9.70","9.74","0.0400","27"
"020029","元大ESG高股息N","36000","341830","9.46","9.53","9.46","9.50","-0.0100","18"
"020030","統一智慧電動車N","41000","269980","6.60","6.62","6.56","6.61","-0.0200","8"
"020031","統一IC設計臺灣N","49000","322200","6.61","6.61","6.55","6.56","-0.0500","12"
"020032","元大綠能N","46000","304220","6.58","6.65","6.58","6.61","0.0300","10"
"020034","元大IC設計N","43000","378290","8.80","8.81","8.75","8.75","-0.0900","10"
"020036","元大金融配息N","","","","","","","0.0000",""
"020037","元大金融高股息N","16000","105210","6.56","6.60","6.56","6.60","0.0600","7"
"020038","元大ESG配息N","282000","2311850","8.18","8.23","8.16","8.20","-0.0200","28"
"020039","元大加權N","82000","574770","7.05","7.05","6.98","7.02","-0.0300","29"
"1101","台泥","34897381","1204863278","34.15","34.70","34.10","34.65","0.5000","13078"
"1101B","台泥乙特","2093","100877","48.20","48.20","48.20","48.20","0.0500","3"
"1102","亞泥","26159005","1160831976","44.00","44.80","43.20","44.55","0.2500","9727"
"1103","嘉泥","2621119","48204669","18.35","18.40","18.25","18.40","0.0500","487"
"1104","環泥","1653417","57111867","34.25","34.75","34.15","34.75","0.5000","1164"
"1108","幸福","788717","13272997","16.90","16.95","16.75","16.90","0.1000","274"
"1109","信大","147057","2865263","19.45","19.55","19.40","19.55","0.1000","91"
"1110","東泥","636207","13354155","21.45","21.50","20.75","20.85","-0.5000","425"
"1201","味全","443691","8361379","18.85","18.90","18.75","18.90","0.0500","415"
"1203","味王","30022","1549020","52.00","52.00","51.10","52.00","0.0000","132"
"1210","大成","2912245","165273608","57.00","57.00","56.70","56.70","-0.3000","1232"
"1213","大飲","57524","418015","7.28","7.30","7.20","7.30","0.0100","32"
"1215","卜蜂","1430343","160948110","114.00","114.00","111.50","112.50","-1.5000","2316"
"1216","統一","10964025","893789452","81.00","82.00","80.70","81.50","0.5000","3479"
"1217","愛之味","1378549","16954629","12.25","12.35","12.25","12.35","0.1000","538"
"1218","泰山","808477","18034868","22.30","22.45","22.20","22.35","0.0500","502"
"1219","福壽","463206","8801237","18.95","19.05","18.95","19.05","0.1000","256"
"1220","台榮","298495","4642978","15.40","15.70","15.35","15.65","0.1500","144"
"1225","福懋油","28984","2802910","99.00","99.00","95.30","95.30","-1.2000","53"
"1227","佳格","1897744","81226837","42.60","43.00","42.55","43.00","0.4000","1554"
"1229","聯華","1196749","80786894","67.50","67.80","67.00","67.80","0.3000","1796"
"1231","聯華食","144149","15563159","107.50","109.50","107.00","108.50","0.5000","306"
"1232","大統益","59434","8660565","146.00","146.00","145.00","146.00","0.0000","137"
"1233","天仁","21008","715171","34.10","34.10","33.95","34.10","0.0000","22"
"1234","黑松","271722","12239524","45.00","45.25","44.85","44.90","-0.3000","294"
"1235","興泰","11268","1041738","92.50","92.50","92.40","92.40","-0.1000","12"
"1236","宏亞","33876","832421","24.65","24.65","24.50","24.50","-0.0500","253"
"1256","鮮活果汁-KY","15329","3041614","199.00","199.00","197.50","199.00","-1.5000","96"
"1301","台塑","49545253","2999487813","61.00","61.60","60.20","60.20","-0.3000","15281"
"1303","南亞","27259137","1393738293","51.20","51.60","51.00","51.00","0.2000","7413"
"1304","台聚","5873910","92054317","15.40","15.75","15.40","15.75","0.4000","2090"
"1305","華夏","3723548","63947268","16.80","17.40","16.75","17.20","0.3500","1620"
"1307","三芳","222905","6972995","31.30","31.35","31.20","31.30","0.0000","237"
"1308","亞聚","1320320","23367706","17.50","17.80","17.50","17.75","0.3000","1200"
"1309","台達化","13930379","245273171","17.05","18.30","16.70","18.10","1.4000","6779"
"1310","台苯","2206225","29761627","13.30","13.65","13.25","13.60","0.4000","1018"
"1312","國喬","8369982","120876168","14.20","14.60","14.15","14.60","0.4500","2813"
"1312A","國喬特","41000","971200","23.70","23.75","23.65","23.65","0.0000","12"
"1313","聯成","3410397","42919096","12.55","12.70","12.50","12.55","0.1000","1497"
"1314","中石化","31632509","323480110","10.20","10.30","10.15","10.25","0.1000","4946"
"1315","達新","5464","394453","72.30","72.30","72.30","72.30","0.0000","154"
"1316","上曜","3695457","70889533","19.20","19.40","19.05","19.05","-0.1000","1670"
"1319","東陽","11265228","1333993817","119.50","121.50","117.50","117.50","0.0000","4443"
"1321","大洋","357610","13599521","38.25","38.25","37.95","38.15","-0.1000","158"
"1323","永裕","13386","407555","30.80","30.80","30.40","30.45","-0.0500","11"
"1324","地球","105438","1446025","13.80","13.80","13.60","13.80","0.0000","150"
"1325","恆大","1757247","61116943","35.20","35.60","34.50","34.50","-0.7000","1199"
"1326","台化","9228470","484477734","52.50","53.10","52.30","52.40","0.0000","3565"
"1337","再生-KY","771831","5834568","7.51","7.61","7.45","7.51","0.0000","312"
"1338","廣華-KY","116145","3778944","32.90","32.90","32.35","32.60","-0.1000","114"
"1339","昭輝","160546","10689543","66.90","67.00","66.20","66.40","0.0000","159"
"1340","勝悅-KY","134884","1344653","9.98","9.99","9.94","9.99","0.0100","253"
"1341","富林-KY","55353","3918398","70.80","71.20","70.50","70.50","-0.6000","33"
"1342","八貫","372056","42929533","114.00","116.00","114.00","116.00","2.0000","367"
"1402","遠東新","19432435","705842241","36.00","36.65","35.70","36.30","0.1000","4377"
"1409","新纖","7875386","132125254","16.65","16.95","16.55","16.80","0.2000","1851"
"1410","南染","34116","1289082","38.05","38.15","37.55","37.80","-0.1000","28"
"1413","宏洲","87438","954037","10.95","11.00","10.90","11.00","-0.0500","57"
"1414","東和","572760","12475221","22.15","22.30","21.65","21.75","-0.3500","360"
"1416","廣豐","1107699","13382469","12.30","12.35","12.00","12.15","-0.1500","500"
"1417","嘉裕","152343","1722664","11.30","11.35","11.25","11.35","0.0500","259"
"1418","東華","20491","600303","29.60","29.60","29.00","29.35","-0.2000","37"
"1419","新紡","107601","5189503","48.30","48.45","48.00","48.45","-0.3500","92"
"1423","利華","847068","35773548","40.25","43.45","40.25","42.50","2.2500","722"
"1432","大魯閣","217462","3857392","17.65","17.85","17.60","17.75","0.1000","292"
"1434","福懋","1590115","36302068","22.85","22.90","22.75","22.85","0.0000","834"
"1435","中福","3496","168179","48.00","48.35","48.00","48.35","0.7000","18"
"1436","華友聯","113192","16885983","149.50","150.00","148.00","149.50","-1.0000","127"
"1437","勤益控","126545","4897755","38.85","38.95","38.60","38.75","0.0000","95"
"1438","三地開發","154545","9086868","60.00","60.00","58.40","58.40","-1.2000","120"
"1439","雋揚","51129","1510437","29.75","29.85","29.40","29.65","-0.1000","47"
"1440","南紡","2370506","41663255","17.55","17.80","17.40","17.65","0.0500","884"
"1441","大東","92846","1239232","13.55","13.55","13.20","13.45","-0.1000","322"
"1442","名軒","2314777","141587870","61.70","62.10","60.30","62.10","0.4000","1966"
"1443","立益物流","35949","1135408","31.90","31.95","31.45","31.75","0.0000","38"
"1444","力麗","1154511","11224511","9.68","9.79","9.66","9.79","0.1200","543"
"1445","大宇","632829","12487644","20.00","20.00","19.60","19.65","-0.3500","415"
"1446","宏和","711301","36501014","51.90","52.30","51.00","51.60","-0.1000","535"
"1447","力鵬","2281626","22966034","10.05","10.15","10.00","10.05","0.0000","610"
"1449","佳和","460580","8144733","17.80","17.80","17.55","17.75","-0.0500","241"
"1451","年興","115427","2401417","20.75","20.90","20.70","20.90","0.1000","182"
"1452","宏益","126092","2158438","17.10","17.15","17.05","17.15","0.0500","65"
"1453","大將","1825606","48066386","26.80","27.25","26.10","26.20","-0.5000","1068"
"1454","台富","86847","1457961","17.05","17.10","16.60","16.60","-0.3000","70"
"1455","集盛","1179283","16589603","14.10","14.15","14.00","14.05","0.0000","499"
"1456","怡華","87060","1780756","20.55","20.60","20.30","20.45","0.0000","55"
"1457","宜進","518913","11502328","22.45","22.45","22.00","22.35","0.0000","247"
"1459","聯發","114398","1230981","10.85","10.90","10.70","10.75","-0.1000","119"
"1460","宏遠","343863","2749487","8.00","8.03","7.98","8.03","0.0300","166"
"1463","強盛","74879","1525602","20.40","20.50","20.20","20.45","0.0500","71"
"1464","得力","772040","10943984","14.30","14.35","14.05","14.25","-0.1000","371"
"1465","偉全","94610","1429078","15.15","15.15","15.05","15.10","-0.0500","79"
"1466","聚隆","86281","1076097","12.45","12.55","12.45","12.45","-0.1000","48"
"1467","南緯","336507","3841654","11.35","11.50","11.30","11.40","0.1000","240"
"1468","昶和","48108","719748","14.80","15.10","14.70","15.10","0.0500","48"
"1470","大統新創","18059","371619","21.00","21.00","20.35","20.35","-0.6000","20"
"1471","首利","640731","10228352","16.00","16.10","15.80","16.10","0.1000","339"
"1472","三洋實業","15031","1097859","73.00","73.30","72.70","72.80","-0.5000","20"
"1473","台南","7329027","372896881","48.80","52.10","48.20","51.20","2.4000","4392"
"1474","弘裕","192738","2712979","14.10","14.20","13.95","14.10","0.0000","123"
"1475","業旺","263948","15869089","59.30","60.60","59.30","59.90","0.4000","155"
"1476","儒鴻","768347","407312961","534.00","537.00","526.00","528.00","-6.0000","787"
"1477","聚陽","933520","363495307","389.50","393.50","383.50","391.00","4.0000","771"
"1503","士電","25761145","7764879912","296.50","307.00","295.00","302.00","5.0000","22017"
"1504","東元","8692322","467796172","54.00","54.30","53.60","53.70","-0.6000","4777"
"1506","正道","176411","2913796","16.65","16.65","16.50","16.55","0.0500","97"
"1512","瑞利","103537","898251","8.64","8.86","8.61","8.86","0.0000","44"
"1513","中興電","11016808","2076716724","188.50","191.00","187.00","188.00","0.0000","8991"
"1514","亞力","26974821","3987447390","147.50","151.00","145.50","147.00","0.0000","19729"
"1515","力山","688682","31449971","45.75","46.00","45.45","45.45","-0.2500","671"
"1516","川飛","709775","16933291","23.45","24.20","23.25","24.05","0.6000","405"
"1517","利奇","250247","4223746","16.90","16.95","16.75","16.85","0.0500","262"
"1519","華城","792056","744398222","943.00","950.00","930.00","947.00","2.0000","2436"
"1521","大億","13239","523029","39.40","39.65","39.40","39.65","-0.0500","27"
"1522","堤維西","5126210","366346716","70.80","72.30","70.30","71.90","1.1000","3557"
"1522A","堤維西甲特","9000","416250","46.30","46.30","46.15","46.15","0.0500","4"
"1524","耿鼎","2198296","78329866","35.40","35.90","35.20","35.80","0.3500","1433"
"1525","江申","26772","2070043","77.30","77.50","77.20","77.50","0.1000","57"
"1526","日馳","174658","5542055","32.20","32.20","31.55","31.85","-0.2500","155"
"1527","鑽全","193417","8537578","43.90","44.35","43.90","44.00","0.1000","188"
"1528","恩德","895233","11740460","13.00","13.25","12.90","13.20","0.2000","518"
"1529","樂事綠能","5829808","202522442","34.50","35.20","34.00","34.55","0.4500","4131"
"1530","亞崴","251617","8057296","32.30","32.30","31.90","31.90","-0.3500","633"
"1531","高林股","294480","4277827","14.65","14.70","14.40","14.40","-0.2500","317"
"1532","勤美","4794639","232539921","49.45","49.45","48.15","48.25","-1.2000","2896"
"1533","車王電","228278","10454989","45.55","46.30","45.50","46.05","0.2500","156"
"1535","中宇","187879","13065199","70.10","70.10","69.30","69.70","-0.3000","263"
"1536","和大","823235","46241190","56.50","56.50","56.00","56.00","-0.5000","637"
"1537","廣隆","134707","19514902","145.50","146.00","144.50","144.50","-1.5000","184"
"1538","正峰","63011","1003730","16.70","16.70","15.30","16.55","0.0000","37"
"1539","巨庭","105191","2501069","23.80","23.95","23.70","23.70","-0.1000","66"
"1540","喬福","383883","8016662","21.00","21.00","20.80","20.80","-0.1500","346"
"1541","錩泰","28386","902452","31.80","32.30","31.50","31.55","-0.2500","41"
"1558","伸興","45850","4643995","100.50","101.50","100.50","101.00","0.5000","76"
"1560","中砂","4951607","1525625697","311.00","317.50","302.00","304.50","-6.5000","8799"
"1563","巧新","2824702","217995789","75.50","79.80","75.20","78.00","3.1000","1423"
"1568","倉佑","168935","4766542","28.15","28.30","28.05","28.30","0.1500","128"
"1582","信錦","3440346","392286814","116.50","116.50","112.50","113.50","-3.0000","3200"
"1583","程泰","11787","813530","68.50","69.40","68.30","69.40","0.0000","15"
"1587","吉茂","1632654","99839514","61.20","62.10","60.20","61.60","0.1000","1417"
"1589","永冠-KY","295419","13099468","44.10","44.65","43.85","44.60","0.5000","405"
"1590","亞德客-KY","1452598","1499926760","1045.00","1045.00","1020.00","1035.00","-10.0000","847"
"1597","直得","159071","10799226","67.80","68.20","67.40","68.10","0.3000","329"
"1598","岱宇","514268","16311739","31.50","32.20","31.20","32.20","0.7000","366"
"1603","華電","2268302","109469864","48.05","48.70","47.85","48.30","0.3000","1397"
"1604","聲寶","950605","27306558","28.85","28.85","28.70","28.70","-0.2000","338"
"1605","華新","20773745","746872188","36.10","36.15","35.85","35.90","-0.1500","6654"
"1608","華榮","5236537","202256333","38.60","39.25","38.35","38.35","-0.2500","3378"
"1609","大亞","13762790","737779922","53.50","54.10","53.20","53.60","0.1000","7590"
"1611","中電","30712803","605978547","19.25","20.10","19.15","19.75","0.4500","10066"
"1612","宏泰","2702658","106220086","39.40","39.70","39.00","39.10","-0.3000","1766"
"1614","三洋電","444285","19909927","45.65","45.65","44.00","44.80","-0.5500","317"
"1615","大山","522655","37138055","71.70","72.20","70.50","70.90","-0.8000","766"
"1616","億泰","2592222","65696842","25.35","25.85","25.05","25.05","-0.5000","1729"
"1617","榮星","2005596","50008586","25.05","25.35","24.75","24.85","-0.2000","1155"
"1618","合機","8650418","517067855","59.80","61.00","59.00","59.00","-0.7000","6760"
"1626","艾美特-KY","77445","1240487","16.05","16.05","15.95","16.05","0.0000","237"
"1701","中化","472682","10637488","22.40","22.60","22.40","22.45","-0.0500","273"
"1702","南僑","1672073","96557533","57.50","58.00","57.40","58.00","0.3000","751"
"1707","葡萄王","311838","48194540","154.50","155.00","154.00","155.00","0.0000","695"
"1708","東鹼","2067649","70248089","33.45","34.20","33.45","34.15","0.9500","1303"
"1709","和益","2368676","50453653","20.90","21.45","20.90","21.45","0.5500","1230"
"1710","東聯","1297539","22619300","17.35","17.50","17.35","17.50","0.1500","555"
"1711","永光","4974854","97093541","18.85","19.80","18.85","19.55","0.5500","1943"
"1712","興農","1198101","52538100","43.60","44.00","43.60","44.00","0.4500","1075"
"1713","國化","782912","43248422","57.20","57.80","54.20","54.50","-2.7000","680"
"1714","和桐","2260944","22641698","9.95","10.05","9.95","10.05","0.1000","661"
"1717","長興","3375446","105319661","30.95","31.30","30.95","31.30","0.3500","1416"
"1718","中纖","12258891","98549320","7.91","8.08","7.91","8.07","0.1600","1609"
"1720","生達","654881","47260611","73.00","73.00","71.80","72.00","-0.9000","2091"
"1721","三晃","1590502","23401279","14.55","14.85","14.55","14.70","0.2000","772"
"1722","台肥","5149807","336271428","64.90","65.60","64.70","65.30","0.7000","2052"
"1723","中碳","1536170","169072656","110.50","111.00","109.50","110.00","-0.5000","1025"
"1725","元禎","527262","25299051","48.15","48.75","47.30","47.95","0.0500","362"
"1726","永記","7078","578480","82.10","82.10","81.30","82.00","0.0000","16"
"1727","中華化","4379862","135188259","29.60","32.00","29.35","30.75","1.3500","2711"
"1730","花仙子","29213","1643188","56.10","56.40","56.10","56.30","0.1000","53"
"1731","美吾華","226560","5866564","25.90","25.95","25.85","25.90","0.0500","137"
"1732","毛寶","405122","12370767","30.85","31.10","30.30","30.60","-0.1500","322"
"1733","五鼎","600164","20059784","33.10","34.05","32.95","34.05","1.1500","354"
"1734","杏輝","590217","22370137","38.25","38.25","37.75","37.85","-0.2000","442"
"1735","日勝化","32893","594059","18.10","18.10","18.00","18.10","0.0500","46"
"1736","喬山","531864","45377067","85.80","86.50","84.80","85.20","-0.6000","2077"
"1737","臺鹽","822104","27618265","33.65","33.75","33.55","33.60","-0.0500","641"
"1752","南光","314433","16650111","53.20","53.70","52.50","52.50","-0.5000","215"
"1760","寶齡富錦","685407","68332103","99.30","101.00","98.70","99.20","0.9000","693"
"1762","中化生","196766","9838723","49.60","50.40","49.60","49.85","0.2500","278"
"1773","勝一","400940","64379442","161.50","162.00","159.50","160.50","0.0000","506"
"1776","展宇","11442","205302","18.10","18.10","17.80","17.85","0.1000","30"
"1783","和康生","230465","10654601","46.00","46.45","45.80","46.30","0.3500","392"
"1786","科妍","2159219","281390887","130.00","134.00","127.00","128.50","0.0000","1965"
"1789","神隆","881996","25074947","28.50","28.60","28.25","28.30","-0.1000","511"
"1795","美時","5239606","1532836244","294.50","296.50","289.50","290.00","1.0000","5042"
"1802","台玻","14247355","280135259","19.75","19.90","19.55","19.60","-0.1500","4285"
"1805","寶徠","159193","3187708","20.20","20.20","19.90","20.00","-0.4000","264"
"1806","冠軍","424608","4593554","10.80","10.90","10.70","10.90","0.1000","285"
"1808","潤隆","1979390","224131117","114.00","114.00","112.00","114.00","0.0000","1608"
"1809","中釉","1124419","27293994","24.25","24.60","23.85","24.50","0.2500","691"
"1810","和成","726304","13445375","18.60","18.60","18.40","18.50","-0.0500","418"
"1817","凱撒衛","149962","5979263","39.90","39.95","39.75","39.80","-0.0500","76"
"1903","士紙","213765","13153752","61.80","62.00","61.10","62.00","0.4000","167"
"1904","正隆","1615793","47058155","29.10","29.20","29.00","29.10","0.0000","1018"
"1905","華紙","2039156","44773451","21.85","22.05","21.85","22.00","0.0500","876"
"1906","寶隆","136423","2167149","15.95","15.95","15.80","15.90","-0.0500","255"
"1907","永豐餘","3182665","97713052","30.35","31.00","30.35","30.70","0.3000","1319"
"1909","榮成","4666233","65520697","14.00","14.15","13.95","14.15","0.2000","1321"
"2002","中鋼","74534422","1763619874","23.80","23.85","23.60","23.60","-0.1000","13295"
"2002A","中鋼特","7003","306231","43.70","43.75","43.70","43.75","0.0500","5"
"2006","東和鋼鐵","2645472","183586064","69.60","69.70","68.90","69.20","-0.4000","2642"
"2007","燁興","1628554","20121432","12.25","12.50","12.20","12.45","0.2000","733"
"2008","高興昌","110338","2758195","25.05","25.15","24.75","25.15","0.2500","88"
"2009","第一銅","2113077","106903001","51.00","51.30","50.10","50.10","-0.4000","1798"
"2010","春源","806962","16478223","20.40","20.50","20.35","20.45","0.1000","473"
"2012","春雨","205864","5251063","25.60","25.70","25.40","25.40","-0.0500","139"
"2013","中鋼構","247321","14659572","58.70","59.50","58.70","59.10","0.3000","167"
"2014","中鴻","3054950","67651209","22.30","22.35","22.10","22.10","-0.2000","1429"
"2015","豐興","1082984","82497059","75.00","76.80","74.40","76.80","1.7000","877"
"2017","官田鋼","613168","9039979","14.75","14.80","14.70","14.75","0.0000","329"
"2020","美亞","981193","35230751","35.95","36.00","35.80","35.85","-0.2000","522"
"2022","聚亨","1638253","18953493","11.30","11.95","11.30","11.45","0.1500","658"
"2023","燁輝","10245143","165033623","16.10","16.30","15.85","16.20","0.3500","3348"
"2024","志聯","11633","252804","21.90","21.90","21.55","21.65","-0.3000","37"
"2025","千興","3155237","39787499","12.80","12.85","12.40","12.60","-0.4500","1256"
"2027","大成鋼","19065757","702916075","37.05","37.40","36.80","36.80","-0.1000","4181"
"2028","威致","432455","11462754","26.95","27.00","26.35","26.45","-0.3500","294"
"2029","盛餘","200056","5579903","27.85","27.95","27.80","27.95","0.0000","222"
"2030","彰源","283366","5111764","18.00","18.10","18.00","18.10","0.1000","207"
"2031","新光鋼","3818848","244399748","64.90","65.30","63.30","63.30","-1.5000","2723"
"2032","新鋼","225510","3901764","17.20","17.60","17.20","17.30","0.1000","116"
"2033","佳大","149445","2341293","15.60","15.80","15.50","15.75","0.2500","93"
"2034","允強","1008479","25878383","25.35","25.80","25.35","25.80","0.4000","363"
"2038","海光","363213","7429793","20.55","20.80","20.35","20.35","-0.2000","325"
"2049","上銀","1896529","396729343","210.00","210.00","207.50","209.50","0.0000","1248"
"2059","川湖","873653","1040993030","1190.00","1220.00","1165.00","1200.00","-10.0000","1751"
"2062","橋椿","172425","4847710","28.00","28.30","27.95","28.20","0.1000","132"
"2069","運錩","113231","1869995","16.30","16.60","16.30","16.55","0.2000","71"
"2101","南港","5802969","331045170","57.50","57.80","56.70","56.90","-0.4000","2587"
"2102","泰豐","307386","6309363","20.45","20.65","20.45","20.60","0.0500","258"
"2103","台橡","1349457","32693950","24.20","24.35","24.10","24.30","0.1500","658"
"2104","國際中橡","2107468","36672243","17.45","17.60","17.35","17.35","-0.1000","745"
"2105","正新","12140094","601328404","49.90","50.20","49.30","49.35","-0.4000","4424"
"2106","建大","642348","21867353","34.60","34.60","33.85","33.95","-0.5000","839"
"2107","厚生","254880","6897682","27.10","27.15","27.00","27.15","0.0500","272"
"2108","南帝","430000","15335283","36.00","36.00","35.50","35.80","-0.2000","552"
"2109","華豐","238085","4480751","18.75","18.90","18.75","18.85","0.1000","131"
"2114","鑫永銓","35424","3663800","103.50","103.50","103.00","103.00","-0.5000","46"
"2115","六暉-KY","105880","3511987","33.30","33.35","33.05","33.35","-0.0500","58"
"2201","裕隆","3451780","241442303","70.10","70.70","69.70","69.70","-0.6000","4506"
"2204","中華","1538664","193007609","126.50","126.50","125.00","125.00","-1.5000","1243"
"2206","三陽工業","9402660","764014621","80.30","82.00","79.70","82.00","1.6000","5776"
"2207","和泰車","1228706","790312916","633.00","651.00","633.00","641.00","1.0000","1278"
"2208","台船","7450569","131815546","17.55","17.75","17.50","17.75","0.2500","2021"
"2211","長榮鋼","3916173","555507147","145.00","146.50","140.50","141.00","-4.0000","2749"
"2227","裕日車","68020","9486907","141.50","141.50","138.50","139.50","-2.0000","394"
"2228","劍麟","282573","32015027","114.50","114.50","112.50","112.50","-1.0000","242"
"2231","為升","303521","36890352","122.50","123.00","121.00","121.00","-2.0000","301"
"2233","宇隆","232755","32432448","140.00","140.00","138.50","139.00","-0.5000","1037"
"2236","百達-KY","488632","39758346","81.90","82.70","80.60","80.70","-0.7000","809"
"2239","英利-KY","138776","7397692","53.40","53.40","52.40","53.40","0.1000","133"
"2241","艾姆勒","1351426","59697063","44.00","45.00","43.65","44.35","0.1000","957"
"2243","宏旭-KY","315659","5963628","19.15","19.15","18.75","18.75","-0.3500","264"
"2247","汎德永業","624593","203319477","325.00","329.00","324.00","324.00","-5.0000","899"
"2250","IKKA-KY","150873","15618128","104.50","104.50","103.00","103.00","-0.5000","174"
"2254","巨鎧精密-創","270000","22113100","82.90","83.50","80.50","81.80","-1.1000","66"
"2258","鴻華先進-創","1690000","83250950","48.60","49.95","48.60","48.70","0.0000","802"
"2301","光寶科","18623736","1963070240","105.50","107.00","104.00","105.00","-1.0000","8397"
"2302","麗正","211041","3849415","18.20","18.30","18.15","18.20","-0.1500","121"
"2303","聯電","78831222","4544986687","57.30","58.00","57.10","57.70","0.2000","28785"
"2305","全友","280103","6557032","23.60","23.60","23.25","23.40","-0.1500","222"
"2308","台達電","29038438","11045877951","367.00","387.50","363.00","383.00","13.5000","24397"
"2312","金寶","18986319","349163192","18.20","18.60","18.10","18.35","0.0000","6045"
"2313","華通","29176554","2279507405","78.40","79.40","77.30","77.60","-0.8000","26647"
"2314","台揚","5524016","191297494","33.50","35.55","33.15","34.95","1.4000","3535"
"2316","楠梓電","47536189","2898383929","60.60","62.70","59.00","60.40","1.0000","26840"
"2317","鴻海","174076905","37127696834","211.00","217.50","211.00","212.00","-5.5000","97392"
"2321","東訊","20171","324592","16.10","16.55","16.00","16.20","0.0000","28"
"2323","中環","12780613","161280138","12.50","12.70","12.45","12.65","0.1500","2759"
"2324","仁寶","34102361","1226625681","36.20","36.35","35.85","35.85","-0.4000","10351"
"2327","國巨","8322806","6213097467","715.00","760.00","713.00","759.00","44.0000","12793"
"2328","廣宇","4562859","182843459","40.00","40.50","39.65","40.15","-0.1500","3245"
"2329","華泰","28886479","1844136179","62.50","65.30","62.50","62.70","0.6000","17693"
"2330","台積電","97995843","94882220706","961.00","978.00","960.00","970.00","-11.0000","131503"
"2331","精英","5319868","178894821","33.95","34.00","33.40","33.60","-0.5500","2829"
"2332","友訊","4105091","75347576","18.05","18.45","18.05","18.45","0.3500","1411"
"2337","旺宏","15399897","419507017","27.15","27.45","27.05","27.45","0.3000","4888"
"2338","光罩","17898746","1442824083","79.00","82.70","77.20","80.50","0.3000","12321"
"2340","台亞","3160278","133159220","42.30","42.45","41.75","42.15","0.0500","2556"
"2342","茂矽","626038","21167730","33.95","34.05","33.55","33.55","-0.4000","561"
"2344","華邦電","37822842","1015376705","26.55","27.20","26.35","26.95","0.2500","12152"
"2345","智邦","2941497","1636672965","551.00","563.00","549.00","555.00","2.0000","2732"
"2347","聯強","8180915","693329441","85.80","86.20","84.10","84.30","-1.6000","3349"
"2348","海悅","1953145","461538930","243.00","245.50","232.00","235.00","-5.0000","5286"
"2348A","海悅甲特","46000","1546200","33.65","33.65","33.60","33.60","-0.0500","17"
"2349","錸德","7396377","69515786","9.22","9.58","9.19","9.45","0.2300","2474"
"2351","順德","2283848","299613324","135.50","135.50","130.00","130.50","-4.5000","2061"
"2352","佳世達","8486294","325633720","38.45","38.55","38.05","38.40","0.0500","4217"
"2353","宏碁","51426282","2466786522","47.95","48.35","47.35","48.10","0.1500","18138"
"2354","鴻準","27581391","1965781055","71.50","71.90","70.60","71.80","-0.4000","17601"
"2355","敬鵬","6121554","293456303","48.10","48.70","47.60","47.75","-0.3500","4282"
"2356","英業達","30456944","1720313084","57.00","57.00","55.80","56.60","-0.6000","19627"
"2357","華碩","4524601","2325359051","507.00","518.00","505.00","512.00","0.0000","4481"
"2359","所羅門","9596664","1538721823","160.00","164.50","157.00","159.50","-3.5000","8808"
"2360","致茂","3115961","1003331388","310.00","328.00","307.00","326.00","16.0000","2790"
"2362","藍天","1550236","84407022","54.30","55.00","54.00","54.60","0.0000","1406"
"2363","矽統","18606693","1106194796","60.00","60.50","58.60","59.10","-0.9000","10816"
"2364","倫飛","92842","7860039","84.70","85.00","84.20","84.90","0.1000","219"
"2365","昆盈","39180462","1494422815","37.30","39.95","36.50","38.10","0.2500","23921"
"2367","燿華","11561859","414851551","36.15","36.20","35.70","35.80","-0.4000","6011"
"2368","金像電","11034188","2186147911","196.50","202.50","192.00","200.00","4.5000","9573"
"2369","菱生","6842207","161280457","23.05","23.90","22.80","23.75","0.6500","3339"
"2371","大同","27818792","1619460908","58.40","59.40","57.90","57.90","-0.7000","13737"
"2373","震旦行","74176","5620177","75.60","76.00","75.50","76.00","0.4000","111"
"2374","佳能","8250099","415875285","51.30","51.60","50.00","50.00","-1.0000","5081"
"2375","凱美","3693435","270936365","71.30","74.10","71.30","74.10","3.6000","2964"
"2376","技嘉","5679038","1763426298","311.00","312.00","309.00","312.00","-2.5000","7956"
"2377","微星","6434766","1150425958","180.00","180.00","177.00","180.00","-0.5000","3682"
"2379","瑞昱","4816820","2695302014","560.00","564.00","555.00","560.00","-3.0000","4234"
"2380","虹光","256560","1825064","7.10","7.19","7.08","7.19","0.0100","194"
"2382","廣達","52479029","16644768690","320.50","322.00","311.00","319.50","-10.5000","72926"
"2383","台光電","5715913","2590860608","457.00","458.00","448.00","453.00","-9.5000","7074"
"2385","群光","8666179","1496626202","173.00","175.00","172.00","172.00","-3.5000","5495"
"2387","精元","460861","27592127","59.80","60.20","59.60","59.90","0.1000","362"
"2388","威盛","13240143","1640379169","126.00","127.50","122.50","122.50","-5.5000","5519"
"2390","云辰","989853","13698396","13.70","14.00","13.60","13.70","0.1000","607"
"2392","正崴","35742352","2826617394","78.30","81.20","77.10","77.70","-0.1000","21770"
"2393","億光","5900336","464087397","78.60","79.60","77.00","78.90","0.3000","3464"
"2395","研華","1540701","575953404","375.00","378.00","371.00","372.50","-2.5000","1518"
"2397","友通","248450","18492851","75.00","75.30","74.00","74.50","-1.0000","229"
"2399","映泰","1860771","42086309","22.60","23.00","22.30","22.95","0.3000","963"
"2401","凌陽","21225184","784266855","36.20","37.80","35.95","36.40","0.2000","12787"
"2402","毅嘉","1587158","56100050","35.75","35.75","35.15","35.25","-0.5000","1680"
"2404","漢唐","2131574","764175304","361.00","364.50","356.00","356.00","-9.5000","3314"
"2405","輔信","11161642","232912812","20.70","21.15","20.50","20.75","0.3000","4973"
"2406","國碩","21538740","512073434","22.30","24.35","22.25","23.55","1.3500","8777"
"2408","南亞科","26717540","1940199518","71.50","74.00","71.20","72.20","-0.5000","19004"
"2409","友達","334349459","6337901051","18.20","19.55","18.15","18.85","0.7000","56723"
"2412","中華電","15011402","1890052889","127.00","127.00","125.50","125.50","-1.0000","6884"
"2413","環科","125444","3020477","24.20","24.25","23.85","24.15","0.1500","81"
"2414","精技","321418","12306681","37.90","38.45","37.90","38.45","0.4000","228"
"2415","錩新","103404","2791512","27.10","27.35","26.90","27.00","-0.1000","166"
"2417","圓剛","1734424","76010470","44.05","44.20","43.20","44.10","-0.1500","1375"
"2419","仲琦","1535699","48422654","31.15","31.80","31.10","31.60","0.4500","820"
"2420","新巨","2022185","143356745","68.90","72.00","68.60","71.90","2.6000","2278"
"2421","建準","2801186","318697159","113.00","114.50","111.50","114.50","1.5000","2480"
"2423","固緯","268166","11046812","41.60","41.60","41.05","41.15","-0.4500","279"
"2424","隴華","74704","2322365","32.35","32.35","30.20","30.50","0.0000","45"
"2425","承啟","417582","15999154","38.65","38.65","38.15","38.15","-0.2500","298"
"2426","鼎元","1298015","25269290","19.40","19.60","19.35","19.40","-0.2000","779"
"2427","三商電","1751004","51273077","29.60","29.60","29.00","29.30","-0.3000","1220"
"2428","興勤","830755","154628526","184.00","187.50","183.50","187.00","1.5000","1889"
"2429","銘旺科","629700","16545794","26.50","27.00","25.80","25.80","-1.2000","409"
"2430","燦坤","133615","4757082","35.60","35.75","35.55","35.60","0.0000","223"
"2431","聯昌","555381","6753884","12.25","12.35","12.05","12.20","-0.0500","228"
"2432","倚天酷碁-創","8000","305200","38.10","38.50","38.00","38.50","0.1500","7"
"2433","互盛電","52877","2827648","53.50","53.60","53.40","53.40","-0.1000","136"
"2434","統懋","25220","847166","34.00","34.00","33.45","33.45","-0.5500","24"
"2436","偉詮電","981627","63537176","64.90","65.40","64.20","64.60","-0.2000","783"
"2438","翔耀","3404590","170282482","47.65","51.40","46.75","51.40","4.6500","2043"
"2439","美律","998833","126235144","127.50","127.50","125.50","126.50","-1.0000","826"
"2440","太空梭","1423588","24904559","18.00","18.00","17.25","17.25","-0.7500","758"
"2441","超豐","951029","60571428","63.70","64.10","63.20","64.10","0.4000","811"
"2442","新美齊","3307709","101335183","31.15","31.15","30.30","30.35","-0.8000","1797"
"2444","兆勁","1087464","14772111","13.60","13.80","13.30","13.55","0.0500","389"
"2449","京元電子","38761860","4279834843","109.50","113.00","106.50","112.00","0.0000","21488"
"2450","神腦","192800","7413289","38.45","38.55","38.35","38.45","0.1000","237"
"2451","創見","4866724","653472807","132.00","138.50","130.50","132.00","1.0000","3273"
"2453","凌群","771084","48376991","62.80","63.20","62.10","62.90","0.1000","641"
"2454","聯發科","12105025","17867014186","1470.00","1495.00","1445.00","1490.00","-10.0000","14988"
"2455","全新","10120401","1727861068","163.50","176.00","160.50","172.50","8.5000","7534"
"2457","飛宏","1590008","79955397","50.10","50.60","49.80","50.40","0.3000","1254"
"2458","義隆","2502050","405201671","163.50","164.00","161.00","161.50","-3.0000","2171"
"2459","敦吉","113610","8523828","75.20","75.30","74.70","75.10","-0.4000","293"
"2460","建通","777493","25775865","32.95","33.50","32.65","33.40","0.5000","493"
"2461","光群雷","438100","10893539","24.90","25.10","24.75","25.05","0.2500","292"
"2462","良得電","305612","10839351","35.75","35.75","35.35","35.50","-0.1000","226"
"2464","盟立","4807100","307886572","63.90","64.80","63.10","64.50","-0.1000","3153"
"2465","麗臺","1365590","170639575","126.00","126.50","123.50","124.50","-1.5000","1319"
"2466","冠西電","18428","692447","37.80","37.80","37.05","37.70","0.2000","26"
"2467","志聖","4758345","675676122","140.00","146.00","136.00","142.50","1.5000","6100"
"2468","華經","1455936","40614022","27.75","28.45","27.60","27.60","0.5000","938"
"2471","資通","131716","7614552","57.90","58.00","57.50","57.80","-0.1000","295"
"2472","立隆電","5805714","483056374","79.20","85.90","78.50","83.70","4.5000","4230"
"2474","可成","2731357","629539393","232.50","233.00","228.50","230.50","-2.0000","1505"
"2476","鉅祥","3468109","373155678","111.00","111.00","106.50","106.50","-3.5000","2843"
"2477","美隆電","194932","4266353","21.85","22.35","21.75","21.90","0.0500","89"
"2478","大毅","822833","45263920","53.70","55.90","53.70","55.60","1.7000","669"
"2480","敦陽科","384819","46739016","121.50","122.00","121.00","121.50","0.0000","472"
"2481","強茂","1207557","70861159","59.00","59.10","58.40","58.50","-0.5000","1403"
"2482","連宇","1340872","53208319","39.10","40.35","38.85","39.85","0.4000","1244"
"2483","百容","292305","7529786","25.65","26.20","25.50","25.70","0.2000","197"
"2484","希華","323514","10342611","31.95","32.10","31.75","31.95","0.0000","236"
"2485","兆赫","1713353","36175378","20.70","21.30","20.70","21.25","0.5500","994"
"2486","一詮","4711329","567345436","117.50","121.50","117.50","120.50","1.5000","2991"
"2488","漢平","156797","7470524","47.80","47.80","47.50","47.50","-0.2000","155"
"2489","瑞軒","62684094","1291965894","19.25","21.10","19.25","20.50","1.3000","23160"
"2491","吉祥全","120875","1843751","15.20","15.40","15.10","15.15","0.0000","83"
"2492","華新科","13840654","1671564758","119.50","123.00","118.50","121.00","3.0000","9109"
"2493","揚博","202866","19348554","95.00","95.60","95.00","95.50","0.7000","261"
"2495","普安","3247260","93805775","28.60","29.25","28.45","28.70","0.0000","2093"
"2496","卓越","30044","2201628","73.60","73.70","73.00","73.40","-0.2000","111"
"2497","怡利電","373421","22262047","60.00","60.00","59.30","59.70","-0.2000","1092"
"2498","宏達電","36514104","1796370374","48.75","50.30","48.20","49.25","1.2000","21505"
"2501","國建","6543619","215003371","32.95","33.20","32.45","32.65","-0.2500","2962"
"2504","國產","16045124","762972673","48.90","49.20","46.70","46.70","-1.6500","7222"
"2505","國揚","906474","24590244","27.15","27.50","26.80","27.10","0.0000","499"
"2506","太設","1335670","15643048","11.85","11.85","11.65","11.70","-0.0500","562"
"2509","全坤建","491945","11621193","23.80","23.90","23.55","23.55","-0.3500","399"
"2511","太子","1825216","22452990","12.30","12.40","12.20","12.40","0.1000","649"
"2514","龍邦","1996916","48716625","24.30","24.70","24.05","24.60","0.3000","725"
"2515","中工","24384244","372894616","15.50","15.55","15.15","15.35","-0.1500","6886"
"2516","新建","1734580","21254698","12.05","12.40","12.05","12.35","0.2000","463"
"2520","冠德","10675087","605222853","58.60","58.70","55.80","56.30","-2.2000","6632"
"2524","京城","1660451","90192237","55.60","56.00","53.40","53.60","-1.6000","661"
"2527","宏璟","994862","45361545","46.45","46.45","45.20","45.85","-0.2500","784"
"2528","皇普","607134","28225273","47.25","47.40","46.20","46.75","0.0500","374"
"2530","華建","986909","47160751","48.50","48.50","47.50","47.70","-0.8000","705"
"2534","宏盛","1069788","28183903","26.50","26.55","26.15","26.50","0.0000","778"
"2535","達欣工","253556","14231968","56.30","56.40","56.00","56.00","-0.5000","514"
"2536","宏普","917587","31491760","34.55","34.60","34.00","34.60","0.0500","423"
"2537","聯上發","7841111","170092892","21.80","22.20","21.45","21.45","-0.3000","3148"
"2538","基泰","1017945","18482142","18.35","18.45","18.00","18.20","-0.0500","478"
"2539","櫻花建","1617077","122751349","75.60","76.30","74.90","76.30","0.8000","744"
"2540","愛山林","1000356","185375895","189.50","191.00","183.50","184.00","-3.0000","1150"
"2542","興富發","30058361","1572319373","52.80","53.20","51.30","52.80","0.3000","14579"
"2543","皇昌","2035563","95912413","48.25","48.25","46.70","46.85","-0.4500","1327"
"2545","皇翔","659916","37250177","57.00","57.00","56.10","56.50","-0.2000","850"
"2546","根基","256879","24162744","94.80","94.80","93.60","93.70","-1.1000","467"
"2547","日勝生","6764157","74669411","11.20","11.20","11.00","11.00","-0.2500","1478"
"2548","華固","12114590","1898797421","163.50","164.00","153.00","153.00","0.0000","11229"
"2597","潤弘","1638489","298802085","189.00","189.00","179.00","181.00","-7.0000","2135"
"2601","益航","2730110","22027244","8.05","8.13","8.00","8.11","0.0300","1022"
"2603","長榮","33744604","6957461363","208.00","210.00","203.50","204.00","-0.5000","21334"
"2605","新興","8217278","252870420","30.50","31.15","30.40","30.65","0.3000","4152"
"2606","裕民","7012161","397011380","56.80","57.50","56.20","56.20","-0.2000","4233"
"2607","榮運","8426129","272104404","32.50","32.80","32.10","32.35","-0.1500","3687"
"2608","嘉里大榮","1389753","56340301","41.00","41.10","40.20","40.60","-0.4000","1150"
"2609","陽明","159710618","12399803214","78.90","80.00","75.60","75.90","-0.8000","79261"
"2610","華航","65137793","1545815296","23.55","23.95","23.45","23.70","0.2000","14586"
"2611","志信","4033190","140260528","34.75","35.20","34.50","34.55","-0.1000","2799"
"2612","中航","561814","26748205","47.50","48.10","47.20","47.45","0.3000","431"
"2613","中櫃","10514333","471114160","44.20","46.40","43.45","44.80","1.3000","7274"
"2614","東森","749862","14759871","19.60","19.75","19.60","19.70","0.1000","600"
"2615","萬海","121235866","11517360515","95.50","98.60","92.20","92.30","0.2000","72436"
"2616","山隆","250920","6183314","24.40","24.90","24.30","24.90","0.5000","460"
"2617","台航","4930502","186122337","36.95","38.30","36.90","37.90","1.1000","2466"
"2618","長榮航","88963587","3380061095","37.70","38.30","37.50","37.85","0.2000","29275"
"2630","亞航","988442","38902428","39.55","39.90","39.00","39.10","-0.4500","783"
"2633","台灣高鐵","5510361","165152178","29.90","30.10","29.90","29.95","0.0000","1640"
"2634","漢翔","5270550","277348242","53.10","53.20","52.30","52.30","-0.4000","4244"
"2636","台驊投控","1866009","190128275","102.50","103.50","100.50","100.50","-1.0000","1213"
"2637","慧洋-KY","5023568","354777513","70.90","71.80","70.00","70.00","-0.2000","3315"
"2642","宅配通","102613","3848533","37.50","37.55","37.40","37.45","0.0000","308"
"2645","長榮航太","878622","99061625","112.50","114.00","112.00","113.00","0.5000","720"
"2701","萬企","117445","1547634","13.20","13.20","13.15","13.20","-0.0500","69"
"2702","華園","152836","2939757","19.25","19.30","19.15","19.25","0.1000","210"
"2704","國賓","699786","52552844","75.20","76.30","74.30","74.90","-0.9000","1500"
"2705","六福","715718","14680784","20.25","20.75","20.25","20.65","0.3500","420"
"2706","第一店","168228","2657767","15.70","15.85","15.70","15.85","0.1500","175"
"2707","晶華","802761","170895968","213.00","214.50","212.00","212.00","-1.0000","822"
"2712","遠雄來","21332","656923","30.70","30.85","30.70","30.80","0.0000","52"
"2722","夏都","248934","14674579","58.90","59.80","58.20","58.30","-0.2000","345"
"2723","美食-KY","329896","29047658","88.00","88.40","87.80","88.00","0.1000","302"
"2727","王品","451206","108581369","239.50","242.00","239.50","240.50","1.0000","2280"
"2731","雄獅","2781785","440582634","157.00","160.00","156.50","157.50","2.0000","2401"
"2739","寒舍","1875525","123097956","63.80","66.80","63.80","65.80","2.0000","1504"
"2748","雲品","350797","24890828","70.30","71.50","70.30","70.70","0.4000","309"
"2753","八方雲集","118636","19384699","164.00","164.00","163.00","163.00","0.0000","244"
"2762","世界健身-KY","167241","15322987","92.50","92.50","91.30","91.40","-1.1000","362"
"2801","彰銀","111187721","2032303327","18.25","18.30","18.15","18.30","0.1000","6384"
"2809","京城銀","8558138","577029982","66.70","68.00","65.80","68.00","0.6000","3914"
"2812","台中銀","6491292","120348405","18.55","18.60","18.50","18.55","0.0500","2076"
"2816","旺旺保","598075","20946301","35.05","35.30","34.65","35.20","0.2000","395"
"2820","華票","1475435","23100897","15.60","15.75","15.55","15.75","0.1500","629"
"2832","台產","218001","5929371","27.15","27.30","27.10","27.30","0.1500","167"
"2834","臺企銀","25544777","457789290","17.90","18.00","17.80","17.95","0.0500","4997"
"2836","高雄銀","6111922","71955238","11.85","11.95","11.70","11.70","-0.2000","1107"
"2836A","高雄銀甲特","6040","128043","21.20","21.20","21.20","21.20","0.1000","8"
"2838","聯邦銀","2445137","39610632","16.05","16.40","16.00","16.40","0.3500","826"
"2838A","聯邦銀甲特","50000","2672700","53.50","53.50","53.40","53.50","-0.1000","21"
"2845","遠東銀","11719167","192085186","16.15","16.55","16.10","16.55","0.4000","3641"
"2849","安泰銀","124353","1828744","14.75","14.75","14.55","14.75","0.0000","82"
"2850","新產","2082150","201493742","95.40","97.50","94.20","97.50","1.4000","1555"
"2851","中再保","2080339","54732445","26.40","26.45","26.20","26.45","0.0500","770"
"2852","第一保","796918","20056724","24.90","25.30","24.90","25.30","0.4000","380"
"2855","統一證","13756849","410338707","29.40","30.20","29.00","29.95","0.5500","5246"
"2867","三商壽","15866917","114703792","7.24","7.29","7.19","7.25","0.0500","3036"
"2880","華南金","44697421","1180683237","26.20","26.55","26.15","26.45","0.1000","6601"
"2881","富邦金","26418399","2064218291","77.70","78.50","77.60","78.30","0.3000","6927"
"2881A","富邦特","32370","2026548","62.60","62.70","62.60","62.70","0.0000","30"
"2881B","富邦金乙特","10186","606055","59.20","59.60","59.20","59.60","0.1000","13"
"2881C","富邦金丙特","17208","922151","53.70","53.70","53.60","53.60","-0.1000","66"
"2882","國泰金","44740995","2689619860","60.10","60.40","59.70","60.10","0.0000","9931"
"2882A","國泰特","63736","3930574","61.70","61.70","61.60","61.60","0.1000","29"
"2882B","國泰金乙特","155497","9146182","59.10","59.20","58.70","59.20","0.0000","58"
"2883","開發金","73281111","1144500570","15.55","15.70","15.45","15.60","0.0500","11107"
"2883B","開發金乙特","4114453","31459196","7.64","7.67","7.62","7.64","0.0000","572"
"2884","玉山金","28590506","826325417","28.95","29.00","28.75","28.90","-0.1000","6596"
"2885","元大金","31411258","1072910963","34.30","34.35","33.90","34.15","-0.2000","6256"
"2886","兆豐金","35572235","1423545524","40.00","40.15","39.90","40.00","0.0000","5981"
"2887","台新金","28575092","534726758","18.65","18.80","18.65","18.70","0.1000","4887"
"2887E","台新戊特","79341","4166985","52.50","52.60","52.50","52.60","0.1000","15"
"2887F","台新戊特二","39547","1891651","47.80","47.85","47.80","47.85","0.0500","32"
"2887Z1","台新己特","5457","91228","16.80","16.80","16.70","16.70","0.0000","23"
"2888","新光金","230506798","2266030353","9.64","9.98","9.57","9.82","0.1700","24031"
"2888A","新光金甲特","58150","1743388","29.85","30.00","29.85","30.00","0.1000","23"
"2888B","新光金乙特","79829","2404656","30.00","30.25","30.00","30.20","0.2000","59"
"2889","國票金","18971997","300113105","15.65","15.95","15.60","15.90","0.2000","3501"
"2890","永豐金","33569222","852610129","25.05","25.50","24.90","25.50","0.3500","6465"
"2891","中信金","76384292","2895809821","38.10","38.15","37.80","37.85","-0.1500","11763"
"2891B","中信金乙特","8807","530278","60.30","60.30","60.30","60.30","0.2000","21"
"2891C","中信金丙特","2924","171277","58.70","58.70","58.70","58.70","0.4000","29"
"2892","第一金","23699398","663726290","28.05","28.10","27.95","28.00","-0.1000","4374"
"2897","王道銀行","7689954","80778989","10.55","10.55","10.45","10.55","0.0000","836"
"2897A","王道銀甲特","2002000","20908800","10.50","10.50","10.40","10.50","-0.0500","492"
"2901","欣欣","44537","1228137","27.90","27.90","27.50","27.80","-0.1000","145"
"2903","遠百","3532378","119757862","33.60","34.25","33.45","33.95","0.3500","2021"
"2904","匯僑","16876","323089","19.15","19.20","19.10","19.15","-0.1000","26"
"2905","三商","1437214","23909896","16.50","16.70","16.45","16.70","0.2000","445"
"2906","高林","535403","11183361","20.75","21.00","20.75","20.90","0.0500","294"
"2908","特力","271486","5585732","20.75","20.75","20.50","20.50","-0.2500","99"
"2910","統領","41000","1122100","27.35","27.45","27.15","27.45","0.0500","23"
"2911","麗嬰房","136202","939158","6.89","6.98","6.87","6.90","0.0300","265"
"2912","統一超","1508216","415631999","278.00","278.00","275.00","275.00","-3.0000","2639"
"2913","農林","2393824","52824938","22.05","22.20","21.90","22.10","0.0500","1156"
"2915","潤泰全","4169559","284233959","68.50","68.70","68.00","68.10","-0.2000","1577"
"2923","鼎固-KY","49997","1576740","32.35","32.35","30.90","32.00","-0.7500","71"
"2929","淘帝-KY","211466","2007877","9.46","9.54","9.46","9.53","0.0300","123"
"2939","凱羿-KY","10009","247592","24.70","24.90","24.45","24.70","-0.2000","13"
"2945","三商家購","30877","1350993","44.15","44.15","43.50","43.60","-0.5500","32"
"3002","歐格","175231","2783233","15.75","15.95","15.75","15.85","0.1000","98"
"3003","健和興","331773","25530388","76.90","77.50","76.20","77.50","0.6000","295"
"3004","豐達科","153243","15895054","103.50","104.50","103.00","103.50","0.5000","135"
"3005","神基","14544263","1749278666","118.50","122.50","116.50","120.50","2.5000","9448"
"3006","晶豪科","10898484","1133564461","103.50","106.00","102.00","103.50","-1.5000","8266"
"3008","大立光","1589763","4109587240","2600.00","2615.00","2560.00","2595.00","-55.0000","5282"
"3010","華立","1340956","179034022","132.00","134.50","132.00","133.00","0.0000","1106"
"3011","今皓","835190","25580235","31.00","31.15","30.45","30.55","-0.4000","430"
"3013","晟銘電","6270261","556158656","89.40","89.80","88.20","88.30","-2.2000","6241"
"3014","聯陽","1280666","228399217","177.50","179.50","176.00","179.00","2.5000","1261"
"3015","全漢","856219","54701960","63.50","64.30","63.30","63.70","0.5000","694"
"3016","嘉晶","1319177","88293678","67.60","67.60","66.40","67.00","-1.0000","1748"
"3017","奇鋐","15767211","11497721871","726.00","742.00","714.00","731.00","-9.0000","14418"
"3018","隆銘綠能","55146","851549","15.15","15.70","15.10","15.65","0.4500","187"
"3019","亞光","1170294","80637648","69.00","69.50","68.20","68.80","-0.5000","894"
"3021","鴻名","373290","9053160","24.20","24.65","23.65","24.65","0.6000","227"
"3022","威強電","433179","35851630","83.00","83.10","82.60","82.60","-0.4000","529"
"3023","信邦","470452","135358070","289.00","290.00","285.00","288.00","-1.0000","818"
"3024","憶聲","1584055","32556950","20.50","20.80","20.50","20.55","0.0000","648"
"3025","星通","12639978","942167040","71.60","76.70","71.00","76.70","6.9000","7896"
"3026","禾伸堂","1381053","137274668","98.70","99.70","98.50","99.70","1.0000","940"
"3027","盛達","387241","15247456","39.35","39.70","39.15","39.35","0.0000","328"
"3028","增你強","243427","8708835","35.80","35.85","35.75","35.85","0.0500","269"
"3029","零壹","1950727","167233558","84.80","87.00","84.20","86.90","1.9000","2220"
"3030","德律","4313173","722946151","161.50","172.50","160.00","167.50","4.0000","4516"
"3031","佰鴻","508694","11205185","21.65","22.30","21.50","21.95","0.3000","460"
"3032","偉訓","563632","40779328","72.60","72.70","72.10","72.30","-0.3000","473"
"3033","威健","6006391","229514235","38.50","38.50","37.85","38.45","0.0000","3272"
"3034","聯詠","3913414","2409100119","614.00","618.00","611.00","618.00","-1.0000","4454"
"3035","智原","8022771","2654091369","330.50","334.00","327.00","330.50","-4.5000","8953"
"3036","文曄","12384723","1454725314","116.50","119.00","114.50","117.50","0.5000","5303"
"3036A","文曄甲特","55100","2606099","47.30","47.35","47.25","47.25","-0.1000","30"
"3037","欣興","11870229","2220027689","188.50","189.00","185.00","187.00","-3.5000","12896"
"3038","全台","406522","13084076","32.10","32.30","31.80","32.25","0.1500","278"
"3040","遠見","128703","4664045","36.25","36.50","36.10","36.30","-0.3500","158"
"3041","揚智","1557333","35652782","23.15","23.35","22.55","22.80","-0.3500","1127"
"3042","晶技","8597372","987949200","113.50","117.00","113.00","113.50","0.5000","4671"
"3043","科風","145200","4615674","31.40","32.15","31.35","31.50","0.1500","211"
"3044","健鼎","7447573","1668663663","222.00","227.00","220.00","226.00","4.0000","14345"
"3045","台灣大","32471114","3433886700","106.50","107.00","104.00","106.00","-0.5000","5505"
"3046","建碁","200756","12977639","64.40","65.00","64.00","64.70","0.2000","325"
"3047","訊舟","46411975","1248469882","25.65","27.80","25.10","27.80","2.5000","18416"
"3048","益登","18015667","743965261","41.80","42.35","40.60","41.10","-0.7000","10700"
"3049","精金","3643104","31531437","8.46","8.82","8.46","8.62","0.1600","1271"
"3050","鈺德","199052","4203400","20.90","21.30","20.90","21.15","0.0500","155"
"3051","力特","419212","13537548","32.30","32.50","32.10","32.25","0.0000","329"
"3052","夆典","383356","5065518","13.20","13.25","13.20","13.25","0.0500","189"
"3054","立萬利","41002","827040","20.25","20.50","20.00","20.50","0.2500","22"
"3055","蔚華科","8979844","844976194","94.90","97.20","92.50","92.50","-2.3000","6879"
"3056","富華新","1197388","41126888","34.50","34.55","34.25","34.30","-0.2000","1545"
"3057","喬鼎","240185","3464747","14.50","14.55","14.25","14.45","0.0000","217"
"3058","立德","1531588","31981142","21.25","21.40","20.60","20.60","-0.6000","1103"
"3059","華晶科","2955004","116898090","39.20","39.90","39.05","39.45","0.2500","1970"
"3060","銘異","2852201","93828108","32.95","33.35","32.10","33.10","-0.2000","2026"
"3062","建漢","86739630","2866940416","31.40","34.10","30.85","34.10","3.1000","33108"
"3090","日電貿","717232","49018247","67.80","68.80","67.70","68.50","0.5000","609"
"3092","鴻碩","262348","8198264","31.60","31.60","31.15","31.20","-0.2500","588"
"3094","聯傑","378029","11890510","31.35","31.85","31.20","31.30","0.1000","237"
"3130","一零四","9061","2136373","237.00","237.00","235.00","235.00","-2.0000","111"
"3138","耀登","112989","14546134","128.00","129.50","128.00","128.50","-0.5000","163"
"3149","正達","1342856","35919043","27.30","27.30","26.35","27.20","-0.1000","1417"
"3164","景岳","24038","576196","24.00","24.00","23.90","23.90","-0.1000","104"
"3167","大量","144665","8305031","56.80","58.00","56.70","57.70","0.3000","175"
"3168","眾福科","223549","14500566","65.30","66.00","64.00","64.40","-1.9000","203"
"3189","景碩","5051705","473771567","93.40","95.30","92.30","94.20","0.0000","3060"
"3209","全科","387111","14026693","36.40","36.40","36.10","36.20","-0.2000","370"
"3229","晟鈦","472110","12711430","27.40","27.40","26.50","26.80","-1.2500","374"
"3231","緯創","60232343","6788505189","111.50","114.00","110.00","113.00","1.5000","28988"
"3257","虹冠電","147873","8953950","60.70","60.90","60.40","60.50","-0.1000","289"
"3266","昇陽","779597","19085346","24.85","25.00","24.30","24.40","-0.4500","531"
"3296","勝德","703778","18328320","26.25","26.60","25.70","25.70","-0.7500","493"
"3305","昇貿","27659297","2318379222","81.70","88.80","78.80","79.40","-2.3000","19174"
"3308","聯德","353579","10484426","30.55","30.60","29.05","29.55","-0.8500","428"
"3311","閎暉","302191","11909357","39.50","39.85","39.25","39.55","0.0500","308"
"3312","弘憶股","13689785","960150475","71.20","73.30","68.40","71.10","-2.6000","9637"
"3321","同泰","318144","6488292","20.55","20.60","20.25","20.40","-0.1500","247"
"3338","泰碩","5146844","441359715","84.40","87.00","83.30","85.60","2.0000","4077"
"3346","麗清","417729","17781560","42.60","42.70","42.35","42.65","0.0500","452"
"3356","奇偶","1992785","142072155","70.50","72.20","70.40","71.40","0.2000","1528"
"3376","新日興","7682443","1777783712","227.50","235.50","225.00","231.00","3.5000","6505"
"3380","明泰","3902664","137944149","35.35","35.60","34.90","35.30","-0.1000","2466"
"3406","玉晶光","2148948","1370057252","628.00","645.00","627.00","645.00","8.0000","2622"
"3413","京鼎","2158358","702609276","325.00","331.00","319.00","327.50","-0.5000","2514"
"3416","融程電","106125","16198104","152.50","153.50","151.50","153.00","0.5000","153"
"3419","譁裕","1497310","27518797","18.05","18.55","18.05","18.40","0.4000","767"
"3432","台端","388339","11314661","30.40","30.40","28.50","29.40","-0.5500","271"
"3437","榮創","1501763","43262180","28.40","29.35","28.25","28.70","-0.0500","1067"
"3443","創意","3186233","5227364610","1630.00","1660.00","1625.00","1630.00","5.0000","4906"
"3447","展達","22387","733278","33.20","33.20","32.70","32.80","-0.0500","24"
"3450","聯鈞","57769235","6960784977","121.50","125.00","116.00","122.00","2.5000","33319"
"3454","晶睿","164833","23475821","142.00","144.00","141.50","142.00","0.0000","216"
"3481","群創","590011942","9116193748","14.65","15.60","14.65","15.60","1.4000","88946"
"3494","誠研","420786","2818455","6.70","6.79","6.63","6.79","-0.0100","86"
"3501","維熹","373602","28081483","74.50","75.70","74.10","75.30","0.8000","361"
"3504","揚明光","1938199","119823415","58.30","63.10","58.30","62.40","3.2000","1538"
"3515","華擎","740400","170026431","231.00","232.50","228.00","228.50","-3.0000","1029"
"3518","柏騰","124085","3883402","31.80","31.90","31.05","31.05","-0.3500","146"
"3528","安馳","9050","444762","49.05","49.30","49.05","49.30","-0.1500","9"
"3530","晶相光","1372893","153256591","111.00","114.00","109.00","110.00","-2.0000","1132"
"3532","台勝科","3202569","576479581","178.00","181.50","177.00","179.50","1.0000","2185"
"3533","嘉澤","973916","1644991325","1700.00","1710.00","1670.00","1695.00","-55.0000","1705"
"3535","晶彩科","16460607","631124419","36.55","40.20","36.30","40.20","3.6500","8077"
"3543","州巧","87018","1966378","22.45","22.70","22.45","22.70","0.0500","54"
"3545","敦泰","2594862","235666865","91.10","91.70","90.00","90.30","-0.7000","2785"
"3550","聯穎","168989","2592187","15.45","15.55","15.15","15.15","-0.3000","113"
"3557","嘉威","541624","39840096","72.40","75.00","72.20","74.90","2.5000","408"
"3563","牧德","480512","187655658","396.00","396.00","386.50","390.00","-9.0000","787"
"3576","聯合再生","19363246","234338855","11.80","12.30","11.75","12.10","0.4500","5337"
"3583","辛耘","3326758","1190734630","362.00","363.00","353.00","358.50","-9.0000","3949"
"3588","通嘉","9306055","867499912","95.90","96.90","90.60","91.00","-4.0000","7390"
"3591","艾笛森","1866598","58161431","31.45","31.65","30.45","31.45","0.0500","1360"
"3592","瑞鼎","681041","287080833","427.00","427.00","419.00","420.00","-7.5000","1056"
"3593","力銘","191720","2537152","12.75","13.45","12.75","13.40","0.4500","135"
"3596","智易","1837302","299566849","162.50","164.50","162.00","163.00","0.5000","1646"
"3605","宏致","723599","32941685","45.50","45.85","45.10","45.55","0.2500","606"
"3607","谷崧","3718920","70931090","18.25","19.50","18.25","19.25","1.0000","1977"
"3617","碩天","1749620","512638620","287.00","297.50","287.00","293.00","2.5000","3748"
"3622","洋華","5027229","388943976","79.00","79.10","75.90","76.80","-1.2000","3768"
"3645","達邁","456911","19467828","42.30","42.90","42.30","42.50","0.2000","292"
"3652","精聯","3780384","153006248","40.30","40.55","39.15","40.55","3.6500","1377"
"3653","健策","924622","917332101","992.00","1010.00","982.00","1005.00","0.0000","1651"
"3661","世芯-KY","3589116","9724876180","2785.00","2825.00","2660.00","2680.00","-95.0000","15701"
"3665","貿聯-KY","7917586","2619686912","335.50","339.00","327.50","332.00","-8.0000","5962"
"3669","圓展","110086","5726445","52.10","52.60","51.80","51.90","-0.2000","91"
"3673","TPK-KY","9185388","377154903","40.70","42.10","40.40","40.40","-0.4500","5240"
"3679","新至陞","55156","7349343","132.50","134.00","132.50","133.00","-0.5000","90"
"3686","達能","2537588","50887753","19.20","20.60","18.90","20.15","1.2500","1342"
"3694","海華","3136039","165733514","51.40","53.70","50.90","53.30","2.1000","2224"
"3701","大眾控","606682","31434758","52.30","52.60","51.50","51.60","-0.7000","460"
"3702","大聯大","8914351","782982542","89.70","89.70","87.40","87.40","-2.4000","5713"
"3702A","大聯大甲特","57995","2841513","48.95","49.00","48.95","48.95","-0.0500","22"
"3703","欣陸","3156638","114755766","36.95","36.95","36.15","36.25","-0.7000","1881"
"3704","合勤控","1197125","48341739","40.45","40.60","40.10","40.45","0.0000","865"
"3705","永信","1296122","70789102","54.40","55.40","54.30","54.40","0.0000","656"
"3706","神達","5543492","255995354","46.15","46.60","45.85","46.15","-0.3000","3448"
"3708","上緯投控","11328234","1686137142","142.00","154.00","141.50","147.00","5.5000","7800"
"3711","日月光投控","16811016","2933745902","174.50","176.50","173.00","174.50","-3.5000","7596"
"3712","永崴投控","6808455","353295511","50.80","52.90","50.40","52.50","2.1000","4914"
"3714","富采","3437051","155929043","45.05","45.80","45.00","45.10","-0.1000","2096"
"3715","定穎投控","10878938","703761447","66.00","66.00","64.00","64.50","-1.8000","9799"
"4104","佳醫","110367","10017002","91.30","91.30","90.50","90.90","0.4000","206"
"4106","雃博","152331","4316550","28.40","28.40","28.20","28.35","-0.0500","563"
"4108","懷特","266141","5351394","20.00","20.30","20.00","20.15","0.1500","305"
"4119","旭富","141223","12751766","90.20","90.60","90.20","90.30","0.1000","198"
"4133","亞諾法","241656","8176791","34.00","34.10","33.60","33.80","-0.0500","508"
"4137","麗豐-KY","164700","27061442","165.00","165.00","164.00","165.00","0.0000","227"
"4142","國光生","1651709","47005535","28.60","28.75","28.30","28.45","-0.0500","567"
"4148","全宇生技-KY","47025","2352576","49.85","50.70","49.60","50.70","0.8500","40"
"4155","訊映","232545","5942053","25.65","25.65","25.45","25.50","-0.1000","469"
"4164","承業醫","467831","25346583","54.40","54.80","53.90","54.10","0.0000","544"
"4190","佐登-KY","108492","5448021","50.80","50.80","50.00","50.00","-0.7000","138"
"4306","炎洲","6122090","129562627","20.90","21.45","20.80","21.25","0.3500","2506"
"4414","如興","1980224","6121911","3.10","3.20","3.02","3.20","0.1000","239"
"4426","利勤","61617","1047902","17.00","17.10","16.95","17.10","0.1000","67"
"4438","廣越","82239","9409998","115.00","115.00","114.00","114.50","-0.5000","92"
"4439","冠星-KY","42505","4704862","109.50","111.50","109.50","111.00","1.0000","40"
"4440","宜新實業","379823","10176110","26.55","27.00","26.45","27.00","0.4500","275"
"4526","東台","50151528","1547648929","30.85","32.20","29.40","31.35","0.4000","24218"
"4532","瑞智","1954361","57122480","29.25","29.50","29.05","29.20","0.0000","1069"
"4536","拓凱","156252","32066154","204.50","206.50","203.50","204.50","-0.5000","187"
"4540","全球傳動","361110","11569958","32.15","32.30","31.85","32.20","0.0500","277"
"4545","銘鈺","5130649","323745219","61.10","65.70","60.00","61.50","0.4000","3995"
"4551","智伸科","90905","10328605","114.00","114.50","112.50","114.00","1.0000","103"
"4552","力達-KY","139325","3958856","28.40","28.50","28.35","28.40","0.0000","139"
"4555","氣立","162272","10073724","64.10","65.10","60.30","63.00","-2.4000","173"
"4557","永新-KY","83586","10053689","120.00","122.50","119.50","120.00","-1.0000","94"
"4560","強信-KY","74617","2777825","37.25","37.45","37.15","37.45","0.2500","34"
"4562","穎漢","20445086","1003324226","49.90","51.10","47.70","48.10","-1.8500","12563"
"4564","元翎","1078975","26076800","24.50","24.50","23.90","24.00","-0.1500","652"
"4566","時碩工業","33651322","3278376168","97.80","100.00","94.60","94.80","-2.0000","22133"
"4569","六方科-KY","11570","1184297","103.50","103.50","101.50","103.00","-0.5000","19"
"4571","鈞興-KY","404060","49736350","123.00","126.00","120.50","123.00","-1.0000","460"
"4572","駐龍","296072","46208175","155.00","157.00","155.00","155.50","1.5000","341"
"4576","大銀微系統","250824","18578375","75.10","75.10","73.70","73.90","-1.2000","414"
"4581","光隆精密-KY","24344","1542243","63.00","63.90","62.90","63.50","1.1000","32"
"4583","台灣精銳","137330","39340548","292.00","292.00","283.00","287.50","-1.5000","333"
"4588","玖鼎電力","432143","49344366","114.50","116.00","113.00","113.50","-1.0000","492"
"4720","德淵","689012","13910689","20.30","20.50","19.90","20.40","0.2000","311"
"4722","國精化","172692","7975649","46.35","46.60","45.95","46.30","-0.1500","167"
"4736","泰博","211012","35702096","170.00","170.50","168.50","169.50","-0.5000","334"
"4737","華廣","39372","2732341","68.80","69.80","68.80","69.60","0.6000","44"
"4739","康普","792300","53512654","66.70","67.80","66.70","67.40","0.7000","490"
"4746","台耀","1034800","101629652","98.20","99.50","97.20","97.60","-0.6000","843"
"4755","三福化","152568","21623496","141.50","142.50","140.50","142.00","0.0000","220"
"4763","材料-KY","5359039","4899270819","881.00","949.00","870.00","924.00","45.0000","11280"
"4764","雙鍵","10046","431741","42.75","43.10","42.75","43.10","-0.1000","11"
"4766","南寶","966807","333036797","350.00","353.00","342.00","342.00","-9.0000","1428"
"4770","上品","271955","105232743","390.00","391.50","384.00","386.00","-4.0000","444"
"4771","望隼","184265","54361077","295.50","300.00","293.50","294.50","-3.5000","261"
"4807","日成-KY","5003","85898","17.10","17.40","17.00","17.00","-0.1000","8"
"4904","遠傳","7284511","613689127","84.30","84.80","83.90","84.20","-0.1000","5475"
"4906","正文","5759934","220383297","38.40","38.60","37.90","38.40","0.0500","3043"
"4912","聯德控股-KY","347871","42020273","123.50","123.50","119.00","120.50","-1.5000","330"
"4915","致伸","7647994","731783871","95.40","96.40","94.60","96.00","0.6000","5779"
"4916","事欣科","309599","9310420","30.30","30.30","29.90","30.10","0.0500","199"
"4919","新唐","6744420","867251152","127.50","130.00","126.50","128.50","1.0000","2681"
"4927","泰鼎-KY","497086","18934016","38.60","38.60","37.90","38.00","-0.5500","424"
"4930","燦星網","45854","1552275","33.95","33.95","33.80","33.90","-0.0500","77"
"4934","太極","2839043","63964638","21.60","23.15","21.60","22.85","1.3000","1442"
"4935","茂林-KY","185636","12212971","65.50","66.30","65.30","65.80","0.0000","130"
"4938","和碩","13072086","1557098880","120.00","120.50","118.00","119.00","-1.0000","4506"
"4942","嘉彰","116206","5395525","46.40","46.65","46.30","46.55","0.0500","72"
"4943","康控-KY","40363","799000","19.60","20.15","19.60","20.15","0.0000","42"
"4949","有成精密","103227","2875212","27.70","28.10","27.50","27.75","0.0500","82"
"4952","凌通","1008892","66608026","66.50","66.60","65.60","66.10","-0.7000","872"
"4956","光鋐","30440871","848907333","28.00","28.80","27.25","27.65","0.4500","13554"
"4958","臻鼎-KY","11638308","1487187107","129.50","130.00","126.50","127.00","-5.0000","6767"
"4960","誠美材","4422296","63738674","14.05","14.55","14.05","14.35","0.3000","1541"
"4961","天鈺","1896902","534984296","283.50","284.50","278.50","284.50","-0.5000","6703"
"4967","十銓","11501087","1679317752","147.00","148.00","143.00","148.00","-0.5000","8654"
"4968","立積","17031298","4149245977","233.00","254.50","226.50","246.00","7.0000","25066"
"4976","佳凌","729075","33590459","46.45","46.50","45.70","46.00","-0.2000","571"
"4977","眾達-KY","6174059","504149113","79.10","83.10","78.20","81.70","2.6000","4085"
"4989","榮科","86352","2180172","25.00","25.35","25.00","25.35","0.2500","81"
"4994","傳奇","366029","45240900","125.00","126.50","122.00","122.00","-4.0000","402"
"4999","鑫禾","89683","3193249","35.70","35.95","35.50","35.75","-0.2000","280"
"5007","三星","352131","19476342","57.00","57.30","57.00","57.30","-0.2000","52"
"5203","訊連","325376","34143817","107.50","107.50","104.00","104.50","-2.0000","386"
"5215","科嘉-KY","53936","2815344","52.30","52.60","51.90","51.90","-0.3000","73"
"5222","全訊","339034","55002525","163.50","163.50","161.00","163.50","1.0000","354"
"5225","東科-KY","830642","89801168","109.00","109.50","106.50","107.00","-3.0000","697"
"5234","達興材料","2588636","417480787","157.00","165.00","154.00","161.50","4.5000","1864"
"5243","乙盛-KY","2135653","133508461","63.10","63.30","62.10","62.30","-1.4000","1840"
"5244","弘凱","228847","10849539","46.95","47.80","46.95","47.60","0.6500","159"
"5258","虹堡","597725","78011338","131.00","132.00","129.50","131.00","-0.5000","680"
"5269","祥碩","1131735","2531872800","2310.00","2340.00","2180.00","2190.00","-120.0000","2696"
"5283","禾聯碩","141678","15237708","107.50","108.00","107.50","108.00","0.5000","171"
"5284","jpp-KY","394258","49994723","126.50","129.00","124.50","126.50","1.0000","389"
"5285","界霖","78911","5377257","68.10","68.60","68.00","68.10","-0.5000","97"
"5288","豐祥-KY","48670","9943709","205.00","205.00","203.50","205.00","-1.0000","78"
"5292","華懋","170187","29457030","171.00","176.50","169.50","173.00","1.5000","354"
"5306","桂盟","66304","9399328","141.50","142.50","141.50","142.50","0.5000","142"
"5388","中磊","5629373","664427421","116.00","119.50","115.00","119.00","3.0000","3549"
"5434","崇越","1694381","466909519","278.50","278.50","274.00","275.50","-4.0000","1951"
"5469","瀚宇博","3847829","209964131","54.70","55.10","54.30","54.40","-0.3000","2254"
"5471","松翰","357995","18866381","53.30","53.30","52.50","52.90","-0.2000","487"
"5484","慧友","1871951","135792674","69.50","74.30","69.50","72.90","5.3000","1278"
"5515","建國","754775","18345824","24.40","24.55","24.20","24.30","-0.1500","435"
"5519","隆大","2492958","118279772","48.75","48.75","47.00","47.15","-1.6000","2093"
"5521","工信","1975156","25125878","12.85","12.85","12.65","12.65","-0.2000","658"
"5522","遠雄","2846233","243273124","87.50","87.60","84.60","84.70","-3.3000","2452"
"5525","順天","106017","3830801","36.55","36.55","36.05","36.05","-0.5000","219"
"5531","鄉林","1937370","21604561","11.15","11.30","11.05","11.20","0.0000","688"
"5533","皇鼎","616353","14812865","24.10","24.35","23.85","24.00","0.0500","296"
"5534","長虹","1352583","159781135","120.50","121.00","117.00","117.50","-3.0000","1104"
"5538","東明-KY","8198","267362","32.65","32.65","32.60","32.60","-0.0500","10"
"5546","永固-KY","74930","2321442","31.10","32.00","30.85","31.90","0.7500","50"
"5607","遠雄港","458862","26186776","57.10","57.40","56.90","57.10","0.1000","417"
"5608","四維航","4444968","94808392","21.25","21.70","21.05","21.10","-0.0500","2246"
"5706","鳳凰","1424330","113570560","78.90","80.20","78.90","79.50","0.8000","1370"
"5871","中租-KY","18994762","3065505193","162.50","163.50","160.50","160.50","-2.5000","7870"
"5871A","中租-KY甲特","44000","4268400","97.00","97.20","97.00","97.20","0.2000","16"
"5876","上海商銀","6458614","296442936","46.00","46.20","45.85","45.85","-0.2000","1108"
"5880","合庫金","20883845","543782643","26.15","26.20","26.00","26.00","-0.1500","3794"
"5906","台南-KY","79533","5079853","64.20","64.40","63.10","63.80","-2.7000","309"
"5907","大洋-KY","161181","1499219","9.40","9.45","9.20","9.20","-0.1900","109"
"6005","群益證","17899851","449609577","24.60","25.50","24.60","25.25","0.6000","5848"
"6024","群益期","450138","26267188","58.30","58.80","58.00","58.50","0.2000","658"
"6108","競國","480463","9893775","20.65","20.75","20.50","20.60","-0.0500","240"
"6112","邁達特","1073402","71577441","66.60","67.60","66.10","67.40","0.3000","2242"
"6115","鎰勝","180264","10545403","58.80","58.80","58.30","58.50","-0.3000","374"
"6116","彩晶","64247882","656061419","9.82","10.45","9.82","10.25","0.4600","12863"
"6117","迎廣","6928446","836904983","125.50","126.00","118.50","121.00","-7.0000","5411"
"6120","達運","11639189","192808641","16.05","16.95","16.00","16.35","0.3000","3855"
"6128","上福","118586","4553577","38.30","38.50","38.30","38.45","0.2000","117"
"6133","金橋","287618","4414098","15.45","15.60","15.20","15.40","-0.0500","177"
"6136","富爾特","110380","2577114","23.35","23.45","23.25","23.40","0.0000","118"
"6139","亞翔","2718431","607213777","225.00","225.50","220.50","225.00","0.0000","6624"
"6141","柏承","144254","2374510","16.60","16.60","16.40","16.40","-0.1500","111"
"6142","友勁","425557","4254300","9.98","10.05","9.95","10.05","0.0700","248"
"6152","百一","2397706","32587820","13.75","13.80","13.35","13.75","0.0000","1128"
"6153","嘉聯益","2006402","42814901","21.30","21.50","21.10","21.50","0.0000","1127"
"6155","鈞寶","629329","18729858","29.40","30.05","29.35","29.95","0.6000","494"
"6164","華興","1260666","20500997","16.20","16.40","16.10","16.20","0.0000","585"
"6165","浪凡","209351","8285106","39.30","39.90","39.30","39.75","0.1500","145"
"6166","凌華","1296087","103158256","80.00","80.40","79.00","79.00","-2.0000","1332"
"6168","宏齊","2259983","55329304","23.95","24.85","23.90","24.40","0.3500","791"
"6176","瑞儀","7548200","1565840452","212.50","212.50","204.00","207.00","-6.5000","6464"
"6177","達麗","3272612","195515436","60.50","61.20","59.10","59.80","-0.7000","3142"
"6183","關貿","23867","1770631","74.10","75.00","73.70","75.00","0.4000","149"
"6184","大豐電","96088","5134256","53.50","53.90","53.20","53.70","0.2000","136"
"6189","豐藝","4107314","384046574","93.60","94.20","92.00","93.60","0.1000","3930"
"6191","精成科","1342938","93496670","69.90","69.90","69.20","69.70","0.3000","1093"
"6192","巨路","293911","35929478","124.50","124.50","120.50","123.00","-1.5000","434"
"6196","帆宣","975587","161749381","167.00","167.00","164.50","164.50","-2.0000","5172"
"6197","佳必琪","5014202","950323957","186.00","194.00","184.00","191.00","3.0000","4272"
"6201","亞弘電","52903","3384393","64.00","64.40","63.80","63.90","-0.1000","66"
"6202","盛群","1109625","67166817","60.80","61.10","60.00","60.50","-0.3000","1203"
"6205","詮欣","144339","10618189","73.70","74.30","73.00","73.40","-0.3000","128"
"6206","飛捷","1206578","113020595","93.90","94.00","92.80","94.00","-0.3000","541"
"6209","今國光","1279492","39627073","31.00","31.25","30.75","31.00","0.0000","804"
"6213","聯茂","7382253","837565896","113.50","115.50","111.50","113.50","-1.0000","5528"
"6214","精誠","1545092","209535121","138.00","138.00","134.00","135.50","-3.0000","1137"
"6215","和椿","2328054","125733895","54.90","55.00","53.30","53.90","-1.5000","1784"
"6216","居易","6302034","310343279","48.25","50.30","47.40","49.35","0.9000","4159"
"6224","聚鼎","200273","10638289","53.20","53.50","52.80","53.20","0.1000","172"
"6225","天瀚","4403","67616","15.45","15.80","14.95","15.80","-0.2000","8"
"6226","光鼎","364507","3975005","10.95","11.00","10.80","10.90","-0.0500","198"
"6230","尼得科超眾","811163","264854907","330.00","332.50","318.50","330.00","-3.5000","2948"
"6235","華孚","3969363","366058811","91.80","93.20","91.40","92.20","0.8000","5166"
"6239","力成","8875768","1687335646","194.00","195.50","187.50","188.00","-8.5000","34751"
"6243","迅杰","267398","17046676","63.50","64.50","63.10","63.40","-0.8000","358"
"6257","矽格","5081978","416429022","81.10","82.30","81.00","82.00","0.5000","3036"
"6269","台郡","13301743","1246024982","89.50","96.90","88.50","95.00","5.3000","8679"
"6271","同欣電","1067633","163629499","154.00","154.00","152.00","154.00","-1.0000","1045"
"6277","宏正","88264","7301797","82.70","83.00","82.50","82.70","0.1000","102"
"6278","台表科","2791081","343086388","123.00","124.00","122.00","123.50","-1.0000","2574"
"6281","全國電","56586","4758517","84.10","84.30","84.00","84.20","0.1000","102"
"6282","康舒","5879077","229330207","39.00","39.30","38.75","39.05","0.0500","3522"
"6283","淳安","454821","13578212","30.00","30.05","29.75","29.80","-0.4500","263"
"6285","啟碁","10513240","1764310154","161.00","171.50","159.50","170.00","9.0000","8210"
"6288","聯嘉","831103","25438251","30.65","30.90","30.30","30.55","-0.0500","536"
"6405","悅城","121219","2979160","24.70","24.75","24.40","24.70","-0.0500","89"
"6409","旭隼","374523","696424657","1895.00","1900.00","1850.00","1850.00","-25.0000","244"
"6412","群電","1592856","226232401","145.00","145.50","141.00","141.00","-3.5000","2252"
"6414","樺漢","1682944","562550735","337.50","338.00","332.50","334.50","-5.0000","1698"
"6415","矽力*-KY","1829723","943902510","513.00","529.00","501.00","517.00","-3.0000","2297"
"6416","瑞祺電通","643352","83109468","130.00","132.00","126.00","129.50","-2.5000","717"
"6423","億而得-創","22506","2192576","97.10","98.20","96.60","97.50","-0.6000","27"
"6426","統新","127480","8749901","68.50","69.40","68.10","68.10","-0.6000","171"
"6431","光麗-KY","904187","14430148","15.80","16.10","15.50","16.10","1.4500","449"
"6438","迅得","388547","44274317","114.50","114.50","113.50","114.00","-0.5000","433"
"6442","光聖","865203","265610929","298.00","316.50","298.00","315.50","21.0000","787"
"6443","元晶","14479660","400740991","27.10","28.15","27.10","27.90","0.9500","5716"
"6446","藥華藥","5421104","2646623639","493.50","500.00","481.00","482.50","-8.5000","5973"
"6449","鈺邦","9270369","1448434630","149.00","162.50","146.50","162.50","14.5000","6290"
"6451","訊芯-KY","2591688","674104884","263.50","266.00","256.00","258.50","-11.5000","2605"
"6456","GIS-KY","1995332","141229449","70.80","71.40","69.80","70.90","0.1000","1941"
"6464","台數科","72826","6168850","84.80","85.20","84.40","85.20","0.0000","69"
"6472","保瑞","6863639","5494175668","809.00","831.00","775.00","775.00","-16.0000","11761"
"6477","安集","1329191","50599919","37.45","38.35","37.45","38.25","0.9500","959"
"6491","晶碩","690411","331362976","477.00","487.50","475.00","475.50","-2.5000","995"
"6504","南六","29616","2203969","74.10","75.00","74.10","74.20","-0.8000","30"
"6505","台塑化","5954410","396102991","66.70","67.30","66.20","66.20","-0.4000","3663"
"6515","穎崴","414513","420693800","1020.00","1035.00","1000.00","1020.00","-10.0000","862"
"6525","捷敏-KY","177157","11969401","67.80","68.10","67.00","67.60","0.0000","135"
"6526","達發","1524274","1191170357","788.00","796.00","771.00","792.00","0.0000","3006"
"6531","愛普*","3950123","1528457425","386.00","393.00","380.50","386.00","0.5000","4459"
"6533","晶心科","550974","237399606","432.50","434.50","428.50","429.50","-3.0000","980"
"6534","正瀚-創","21250","1783050","83.70","84.50","83.60","84.50","0.3000","23"
"6541","泰福-KY","152101","6188468","40.05","41.05","40.05","40.80","1.1000","179"
"6550","北極星藥業-KY","1490026","106542552","72.80","73.20","70.80","70.80","-1.2000","1267"
"6552","易華電","1063461","63393690","60.70","60.70","58.80","59.20","-1.8000","1134"
"6558","興能高","407765","10706312","26.35","26.80","26.00","26.05","-0.3500","341"
"6573","虹揚-KY","55509","792527","14.35","14.35","14.20","14.30","-0.0500","39"
"6579","研揚","1572721","283929499","185.50","186.50","178.00","178.00","-10.0000","3314"
"6581","鋼聯","41893","4321005","104.00","104.00","103.00","103.50","-1.0000","210"
"6582","申豐","53214","2863165","54.00","54.40","53.50","54.40","0.4000","56"
"6585","鼎基","551582","111377077","201.00","204.00","198.50","202.00","-0.5000","560"
"6591","動力-KY","266749","16384416","61.90","61.90","61.00","61.00","-0.6000","211"
"6592","和潤企業","1272441","146577228","116.00","116.50","114.50","115.00","-1.0000","800"
"6592A","和潤企業甲特","5","494","","","","","0.0000","1"
"6592B","和潤企業乙特","2532","241776","95.50","95.50","95.50","95.50","0.0000","19"
"6598","ABC-KY","4896139","163347183","33.60","33.60","32.05","33.60","3.0500","2759"
"6605","帝寶","855489","214799142","246.00","255.00","245.50","250.00","-0.5000","4733"
"6606","建德工業","129821","3495294","27.05","27.05","26.75","27.05","0.0000","102"
"6625","必應","278250","27612985","98.80","100.50","98.60","98.80","0.8000","297"
"6641","基士德-KY","58808","2401415","41.00","41.05","40.45","41.00","-0.2000","54"
"6645","金萬林-創","48770","1820542","37.10","37.50","37.10","37.50","0.2500","29"
"6655","科定","","","","","","","0.0000",""
"6657","華安","837159","48698310","61.50","61.90","56.50","57.10","-1.6000","908"
"6658","聯策","306298","14416370","47.65","47.95","46.00","47.30","-0.6000","227"
"6666","羅麗芬-KY","25004","1575757","63.70","63.70","62.80","63.00","-0.2000","22"
"6668","中揚光","822694","52054730","63.00","64.00","62.10","63.50","0.2000","974"
"6669","緯穎","2079904","5881003870","2900.00","2910.00","2790.00","2800.00","-155.0000","6526"
"6670","復盛應用","330231","94204092","289.00","289.50","283.00","283.50","-5.5000","546"
"6671","三能-KY","15317","699905","45.85","45.85","45.50","45.80","-0.0500","30"
"6672","騰輝電子-KY","225488","19146093","84.60","85.40","84.30","84.80","0.0000","189"
"6674","鋐寶科技","57000","1574000","27.95","28.40","27.45","27.60","-0.4000","43"
"6689","伊雲谷","591617","64373146","109.50","111.00","107.00","109.00","-0.5000","682"
"6691","洋基工程","619504","265757348","430.00","436.00","425.00","425.00","-10.0000","1091"
"6695","芯鼎","30585073","2372032061","75.80","82.00","73.00","77.90","2.9000","21446"
"6698","旭暉應材","105006","3847363","36.30","36.95","36.30","36.60","0.0000","239"
"6706","惠特","6028370","674783977","112.50","116.00","107.50","114.00","1.5000","3659"
"6715","嘉基","456443","86793162","186.50","192.50","185.50","191.00","5.0000","534"
"6719","力智","1178691","352425897","302.00","303.00","296.50","298.00","-4.0000","3259"
"6742","澤米","249381","17562291","70.60","71.20","69.90","70.50","-0.1000","247"
"6743","安普新","655035","39175690","60.00","61.50","58.40","61.00","1.3000","483"
"6753","龍德造船","2551459","321047878","130.00","130.00","123.00","123.50","-5.5000","3496"
"6754","匯僑設計","36134","2327608","64.60","64.70","64.20","64.40","0.0000","47"
"6756","威鋒電子","241282","50113791","211.00","211.00","205.00","207.50","-2.0000","1053"
"6757","台灣虎航-創","829640","43532037","51.80","53.10","51.10","52.40","0.5000","405"
"6768","志強-KY","976302","93231953","92.50","97.20","92.50","96.40","4.6000","714"
"6770","力積電","24765478","680306123","27.45","27.80","27.20","27.60","0.0000","12813"
"6771","平和環保-創","18000","1207400","66.70","68.50","66.70","66.80","0.3000","14"
"6776","展碁國際","80115","5090092","63.60","64.00","63.00","63.20","-0.4000","73"
"6781","AES-KY","542668","340066382","621.00","634.00","621.00","624.00","3.0000","3085"
"6782","視陽","481928","133106865","278.00","282.00","273.00","275.00","-3.0000","1075"
"6789","采鈺","5660040","2021890518","351.00","365.00","348.00","357.00","2.0000","5486"
"6790","永豐實","361383","19581377","54.00","54.50","53.90","54.30","0.2000","406"
"6792","詠業","61207","5068271","82.60","83.30","82.40","82.40","0.0000","55"
"6794","向榮生技-創","18038","1435483","80.40","80.40","78.50","79.80","-0.6000","19"
"6796","晉弘","93180","8045891","84.20","87.00","84.10","86.10","1.1000","163"
"6799","來頡","544829","86634406","159.00","160.50","158.00","159.00","-2.5000","655"
"6805","富世達","1159446","928453771","795.00","815.00","783.00","800.00","5.0000","1740"
"6806","森崴能源","17099771","2456189857","140.00","147.50","140.00","141.00","3.5000","12293"
"6807","峰源-KY","127696","7761511","60.30","61.40","59.90","61.30","0.9000","135"
"6830","汎銓","170536","23698549","138.00","140.50","137.00","139.00","0.5000","168"
"6834","天二科技","5732312","265561724","44.00","47.55","43.15","47.55","4.3000","3923"
"6835","圓裕","313430","16310178","52.00","52.80","51.40","52.40","0.4000","282"
"6854","錼創科技-KY創","41015","3059113","75.10","75.40","74.20","74.20","-1.3000","34"
"6861","睿生光電","207976","16037218","75.30","78.00","75.20","77.20","2.3000","246"
"6863","永道-KY","810373","200102393","238.50","252.00","238.00","246.50","5.5000","845"
"6869","雲豹能源","1721115","288286751","167.50","167.50","167.50","167.50","15.0000","878"
"6873","泓德能源-創","834480","154044280","177.50","188.00","177.50","186.00","11.5000","570"
"6890","來億-KY","4675209","1301975643","279.00","291.50","268.00","291.50","26.5000","6001"
"6901","鑽石投資","5978843","253438222","42.00","43.00","41.85","42.45","0.1000","3281"
"6902","走著瞧-創","3200","538000","168.00","169.00","168.00","169.00","0.0000","7"
"6906","現觀科","43908","6589698","149.50","154.00","147.50","150.50","0.0000","118"
"6914","阜爾運通","233063","37200975","161.00","161.00","158.50","160.00","-1.0000","405"
"6916","華凌","96008","2674423","27.55","28.30","27.55","27.80","0.2500","71"
"6928","攸泰科技","94999","7397541","78.00","78.50","77.30","78.30","0.0000","133"
"6933","AMAX-KY","2524582","913427306","356.00","376.50","346.00","347.00","-3.5000","3409"
"6937","天虹","86995","17381788","200.50","202.00","197.00","199.50","0.5000","379"
"6949","沛爾生醫-創","14000","1750000","125.50","126.50","124.50","126.50","0.0000","12"
"6951","青新-創","108000","6068300","56.30","56.50","55.70","56.00","-0.3000","66"
"6952","大武山","174488","8954528","51.60","51.80","51.00","51.50","0.0000","188"
"8011","台通","31802603","843091761","25.45","27.50","25.25","26.35","1.1000","16118"
"8016","矽創","1293847","359704849","280.00","280.00","276.50","278.50","-2.0000","1501"
"8021","尖點","1256915","40308782","31.65","32.50","31.50","32.45","0.8000","775"
"8028","昇陽半導體","16592918","1437852366","84.80","88.70","84.70","85.30","-1.5000","11315"
"8033","雷虎","2717055","186000106","69.80","69.90","67.80","67.80","-2.0000","2977"
"8039","台虹","10314262","611556728","59.60","60.20","58.20","58.30","-0.5000","5664"
"8046","南電","5344336","1051928412","196.50","198.50","196.50","196.50","-3.0000","2972"
"8070","長華*","6642410","319315812","48.10","48.90","47.75","47.80","-0.3000","3883"
"8072","陞泰","1008669","32225221","31.95","32.75","30.90","32.05","0.3500","864"
"8081","致新","1033531","321751909","305.50","315.50","305.00","311.00","3.5000","1857"
"8101","華冠","36421","129899","3.52","3.60","3.52","3.59","-0.0100","42"
"8103","瀚荃","4075405","240054438","58.00","59.60","57.60","59.50","1.5000","2712"
"8104","錸寶","965383","35594366","36.55","37.40","36.05","36.90","0.6000","824"
"8105","凌巨","34943016","589236137","16.30","17.35","16.05","16.90","0.3000","12270"
"8110","華東","11609214","241815609","20.55","21.20","20.30","20.70","0.2000","5819"
"8112","至上","6419600","540248696","84.00","85.20","83.70","83.70","-0.3000","4142"
"8112A","至上甲特","21136","920122","43.55","43.60","43.50","43.60","0.0500","28"
"8114","振樺電","738384","116581134","153.50","160.00","153.50","160.00","5.0000","752"
"8131","福懋科","451003","17719694","39.35","39.35","39.15","39.35","0.0000","297"
"8150","南茂","5278661","240381297","45.15","45.80","44.90","45.70","0.5000","2905"
"8162","微矽電子-創","53200","2124850","40.00","40.20","39.70","39.70","-0.5000","32"
"8163","達方","1759035","123428183","70.10","70.70","69.30","70.70","0.8000","1396"
"8201","無敵","85156","1629741","19.35","19.35","19.00","19.10","0.0000","89"
"8210","勤誠","1790246","524549456","296.00","297.00","291.00","291.50","-6.0000","2796"
"8213","志超","622172","24575885","39.60","39.65","39.30","39.45","-0.2000","417"
"8215","明基材","681977","22669988","33.15","33.40","33.00","33.25","0.2000","460"
"8222","寶一","317104","13832688","43.70","43.85","43.50","43.60","0.0000","261"
"8249","菱光","227286","6749913","29.45","30.00","29.40","29.85","0.6000","171"
"8261","富鼎","299437","25678137","85.30","86.10","84.70","86.10","0.5000","450"
"8271","宇瞻","602275","40931016","68.30","68.40","67.80","67.80","-0.5000","534"
"8341","日友","103251","10384995","101.00","101.00","100.00","100.50","-0.5000","217"
"8367","建新國際","32502","1616542","49.60","49.90","49.45","49.75","0.1000","40"
"8374","羅昇","7648726","638311866","80.60","87.90","79.60","84.00","0.5000","6027"
"8404","百和興業-KY","242664","5019250","20.65","20.85","20.55","20.55","-0.1500","232"
"8411","福貞-KY","42715","602450","14.10","14.10","14.05","14.10","0.0000","98"
"8422","可寧衛","549339","105686596","193.00","193.50","191.00","192.50","-1.0000","572"
"8429","金麗-KY","445198","4468937","9.96","10.15","9.96","10.15","0.1900","285"
"8438","昶昕","695524","28104646","39.80","41.00","39.80","40.35","0.7500","570"
"8442","威宏-KY","66845","7990438","119.00","120.00","118.50","119.50","-0.5000","62"
"8443","阿瘦","117514","1419310","12.10","12.15","12.05","12.05","-0.0500","192"
"8454","富邦媒","590370","255728361","436.00","438.00","431.00","433.00","-2.0000","1542"
"8462","柏文","24926","2947805","117.50","118.50","117.50","118.00","0.5000","47"
"8463","潤泰材","143426","4187272","29.45","29.50","29.10","29.10","-0.3000","111"
"8464","億豐","415086","147918909","359.50","359.50","355.50","355.50","-2.5000","419"
"8466","美吉吉-KY","137000","8672000","63.30","64.00","62.70","63.30","0.0000","88"
"8467","波力-KY","97796","17581485","179.50","181.00","178.00","181.00","0.5000","295"
"8473","山林水","1510547","66898651","44.50","44.85","43.70","43.70","-0.8000","1010"
"8476","台境","95616","5877666","60.50","61.90","60.50","61.50","0.5000","72"
"8478","東哥遊艇","292487","112054916","383.00","386.00","380.50","383.50","0.5000","527"
"8481","政伸","32092","1744614","54.90","54.90","54.00","54.70","0.2000","39"
"8482","商億-KY","8005","517920","65.30","65.30","63.70","64.40","-0.9000","6"
"8487","愛爾達-創","22200","1811058","81.50","81.90","81.30","81.30","-1.1000","21"
"8488","吉源-KY","57632","929951","16.50","16.50","16.00","16.00","-0.5000","41"
"8499","鼎炫-KY","13145","1623782","123.50","124.00","123.00","124.00","0.5000","22"
"8926","台汽電","1545601","73620318","47.70","48.15","47.40","47.55","-0.3500","1064"
"8940","新天地","99309","2582078","26.10","26.15","25.80","26.05","0.1500","70"
"8996","高力","2445363","1145718664","481.50","481.50","463.00","464.00","-18.0000","3269"
"9103","美德醫療-DR","638982","4661745","7.11","7.43","7.11","7.42","0.2300","244"
"910322","康師傅-DR","151524","2965020","19.80","19.90","19.45","19.45","-0.4500","220"
"9105","泰金寶-DR","34479194","215160515","6.00","6.50","6.00","6.49","0.5400","9616"
"910861","神州-DR","42010","294482","7.03","7.08","6.98","7.00","-0.1000","22"
"9110","越南控-DR","81000","568520","7.02","7.02","7.00","7.02","0.0000","11"
"911608","明輝-DR","319568","1260492","3.89","4.15","3.85","4.10","0.1900","150"
"911622","泰聚亨-DR","36000","183030","5.10","5.11","5.05","5.10","-0.0100","19"
"911868","同方友友-DR","3265881","5134583","1.58","1.61","1.53","1.59","0.0000","459"
"912000","晨訊科-DR","7674279","29953670","3.90","4.01","3.82","3.92","-0.0800","1463"
"9136","巨騰-DR","1189570","7985426","6.59","6.80","6.57","6.67","0.0800","316"
"9802","鈺齊-KY","168969","21197458","126.00","126.00","125.00","125.50","-0.5000","216"
"9902","台火","335276","5644369","16.90","16.95","16.75","16.80","-0.1500","247"
"9904","寶成","18340478","674298923","36.40","37.00","36.25","36.70","0.4000","5430"
"9905","大華","210870","5187555","24.60","24.65","24.55","24.65","0.1000","120"
"9906","欣巴巴","186712","16690865","91.00","91.00","88.40","88.60","-2.4000","427"
"9907","統一實","1641385","25225397","15.30","15.45","15.25","15.45","0.1500","751"
"9908","大台北","409968","13229071","32.35","32.45","32.10","32.40","-0.1000","193"
"9910","豐泰","1900944","306370775","160.00","162.50","159.50","162.00","0.0000","1510"
"9911","櫻花","302469","26790843","89.30","89.50","88.20","88.20","0.0000","379"
"9912","偉聯","131436","1732580","13.15","13.30","13.05","13.25","0.1000","118"
"9914","美利達","1378596","311416249","229.00","233.50","223.50","225.00","-4.0000","1940"
"9917","中保科","2624649","353099014","132.50","135.50","132.00","135.50","1.5000","1337"
"9918","欣天然","22178","946247","42.50","43.20","42.05","43.20","0.6500","62"
"9919","康那香","3915307","94348178","24.15","24.30","23.90","24.05","-0.0500","1524"
"9921","巨大","1985346","426777767","212.50","216.50","212.50","214.50","2.0000","1494"
"9924","福興","494068","26430564","53.00","53.80","53.00","53.60","0.4000","351"
"9925","新保","175796","7466954","42.60","42.65","42.25","42.65","0.0500","144"
"9926","新海","12264","678176","55.40","55.50","55.20","55.40","0.2000","17"
"9927","泰銘","186023","14733980","79.10","79.50","78.70","79.50","0.3000","185"
"9928","中視","150526","3332271","21.90","22.70","21.85","21.90","0.0500","125"
"9929","秋雨","28071","453282","16.70","16.70","16.05","16.05","-0.6500","20"
"9930","中聯資源","101282","6688638","66.70","66.70","65.90","66.00","-0.7000","121"
"9931","欣高","28139","1040865","37.15","37.30","36.90","37.05","-0.2500","39"
"9933","中鼎","11635552","613309677","52.50","53.30","51.60","52.60","-0.2000","5037"
"9934","成霖","2256284","45277028","20.45","20.45","19.90","20.00","-0.4500","1093"
"9935","慶豐富","121841","3076224","25.25","25.40","25.20","25.20","-0.0500","90"
"9937","全國","9898","665748","66.90","67.70","66.90","67.70","-0.1000","39"
"9938","百和","1678191","108961525","65.90","66.40","64.30","64.30","-0.8000","1124"
"9939","宏全","1778315","299855843","164.00","170.00","164.00","170.00","6.0000","1664"
"9940","信義","438200","14120032","32.15","32.40","32.05","32.40","0.2500","461"
"9941","裕融","6741031","1081388229","162.00","164.50","158.50","158.50","-4.5000","3548"
"9941A","裕融甲特","19200","979920","51.20","51.20","51.00","51.10","-0.1000","8"
"9942","茂順","118264","15192555","128.00","129.00","128.00","128.50","0.5000","193"
"9943","好樂迪","129886","11727229","90.50","90.70","90.00","90.20","-0.3000","182"
"9944","新麗","212956","4780051","22.40","22.55","22.40","22.55","-0.1000","135"
"9945","潤泰新","9562707","430748455","45.45","45.55","44.95","44.95","-0.5000","4722"
"9946","三發地產","3204396","134435607","41.90","42.85","41.00","42.75","0.9000","1541"
"9955","佳龍","2904593","98634570","34.50","35.15","33.30","33.30","1.1000","2277"
"9958","世紀鋼","6825773","2366527853","350.50","357.00","337.50","342.00","-9.0000","5857"
