證券代號,證券名稱,成交股數,成交金額,開盤價,最高價,最低價,收盤價,漲跌價差,成交筆數
"0050","元大台灣50","23474914","4268806758","185.40","185.40","180.05","180.70","-5.5500","48514"
"0051","元大中型100","241532","19761899","83.50","83.50","80.90","81.55","-1.9500","639"
"0052","富邦科技","3485951","623368818","183.00","183.00","176.50","177.35","-6.5500","5032"
"0053","元大電子","50517","4988598","100.00","100.00","97.80","98.40","-3.2000","176"
"0055","元大MSCI金融","857487","24296496","28.70","28.70","28.11","28.31","-0.6800","497"
"0056","元大高股息","78475579","3059646199","39.80","39.81","38.55","39.04","-0.7700","71887"
"0057","富邦摩台","18008","2408361","136.35","136.35","133.25","133.40","-4.3000","101"
"0061","元大寶滬深","215355","3742331","17.44","17.48","17.30","17.30","-0.0300","141"
"006203","元大MSCI台灣","27158","2318545","86.30","86.30","84.60","85.30","-2.5000","191"
"006204","永豐臺灣加權","11856","1332689","112.70","112.70","111.90","111.90","-3.2500","120"
"006205","富邦上証","448340","13579145","30.31","30.58","30.12","30.18","-0.0400","222"
"006206","元大上證50","274864","7956952","29.10","29.32","28.74","28.82","-0.1900","130"
"006207","復華滬深","96634","2184448","22.60","22.73","22.49","22.50","-0.0600","76"
"006208","富邦台50","22991371","2445175681","108.75","108.75","105.40","105.60","-3.4000","53023"
"00625K","富邦上証+R","","","","","","","0.0000",""
"00631L","元大台灣50正2","14188969","3390755497","246.05","246.15","234.00","236.75","-11.5000","21215"
"00632R","元大台灣50反1","528851858","1833536938","3.42","3.51","3.41","3.48","0.0800","19125"
"00633L","富邦上証正2","8949722","313256265","35.33","35.57","34.39","34.39","-0.5700","1233"
"00634R","富邦上証反1","256000","1169280","4.55","4.63","4.53","4.63","0.0600","33"
"00635U","期元大S&P黃金","1249136","35360973","28.31","28.35","28.26","28.26","-0.2100","329"
"00636","國泰中國A50","2708989","57368809","21.11","21.39","21.02","21.03","-0.0700","401"
"00636K","國泰中國A50+U","200","1284","6.42","6.42","6.42","6.42","-0.0300","2"
"00637L","元大滬深300正2","61465901","863043174","14.20","14.30","13.83","13.83","-0.2100","5428"
"00638R","元大滬深300反1","288006","2782998","9.59","9.70","9.55","9.69","0.0800","48"
"00639","富邦深100","541871","5611820","10.40","10.43","10.31","10.32","-0.0300","149"
"00640L","富邦日本正2","955046","58204347","60.85","61.25","60.65","60.75","-1.3500","294"
"00641R","富邦日本反1","800644","4978072","6.21","6.23","6.20","6.22","0.0600","128"
"00642U","期元大S&P石油","1667394","30151696","18.11","18.13","18.04","18.10","-0.3700","478"
"00643","群益深証中小","686403","7928082","11.58","11.62","11.48","11.54","0.0000","130"
"00643K","群益深証中小+R","","","","","","","0.0000",""
"00645","富邦日本","1034785","40572907","39.46","39.46","39.08","39.13","-0.4100","427"
"00646","元大S&P500","12535739","705654840","56.40","56.45","56.20","56.35","-0.4000","3199"
"00647L","元大S&P500正2","274720","24997866","91.25","91.30","90.75","91.15","-0.9500","111"
"00648R","元大S&P500反1","1832465","10108539","5.50","5.53","5.50","5.52","0.0400","148"
"00650L","復華香港正2","24167365","236508999","9.80","9.95","9.61","9.84","0.1300","1975"
"00651R","復華香港反1","646130","5796548","8.97","9.02","8.87","8.93","-0.0400","69"
"00652","富邦印度","542361","21927377","40.62","40.77","40.26","40.68","-0.0800","547"
"00653L","富邦印度正2","635922","41486326","65.20","66.15","64.90","66.10","-0.4000","271"
"00654R","富邦印度反1","626100","3974996","6.33","6.37","6.33","6.33","0.0400","107"
"00655L","國泰中國A50正2","3215622","76390796","24.01","24.19","23.36","23.40","-0.3900","548"
"00656R","國泰中國A50反1","185299","1603271","8.59","8.68","8.55","8.68","0.0800","16"
"00657","國泰日經225","57071","2659824","46.61","46.71","46.49","46.53","-0.4500","113"
"00657K","國泰日經225+U","200","2838","14.19","14.19","14.19","14.19","-0.1300","2"
"00660","元大歐洲50","78980","2783696","35.27","35.36","35.16","35.36","-0.1000","106"
"00661","元大日經225","918191","46702732","51.00","51.15","50.75","50.80","-0.5500","287"
"00662","富邦NASDAQ","4921206","406637381","82.80","82.90","82.30","82.80","-0.4500","2278"
"00663L","國泰臺灣加權正2","1041525","227921105","224.55","225.00","214.55","216.60","-11.4500","138"
"00664R","國泰臺灣加權反1","30134475","118584786","3.87","3.98","3.87","3.95","0.0900","1518"
"00665L","富邦恒生國企正2","51283911","334706109","6.48","6.64","6.40","6.57","0.1100","3417"
"00666R","富邦恒生國企反1","50061","750920","15.01","15.18","14.90","14.96","-0.1400","21"
"00668","國泰美國道瓊","252848","12149903","48.04","48.15","48.02","48.12","-0.2600","163"
"00668K","國泰美國道瓊+U","200","2934","14.67","14.67","14.67","14.67","-0.1100","2"
"00669R","國泰美國道瓊反1","7111370","49881189","6.99","7.03","6.99","7.03","0.0800","345"
"00670L","富邦NASDAQ正2","2099435","260934651","124.85","124.90","123.75","124.35","-2.2000","1107"
"00671R","富邦NASDAQ反1","7484954","28375424","3.78","3.80","3.78","3.80","0.0400","574"
"00673R","期元大S&P原油反1","43939870","316887537","7.20","7.23","7.20","7.21","0.1400","1917"
"00674R","期元大S&P黃金反1","1084196","11284131","10.40","10.42","10.39","10.42","0.0900","173"
"00675L","富邦臺灣加權正2","10995508","1051621049","98.25","98.40","93.55","94.90","-4.4500","12484"
"00676R","富邦臺灣加權反1","29705909","64886229","2.15","2.21","2.15","2.19","0.0400","1128"
"00678","群益那斯達克生技","262841","8192207","31.15","31.31","31.09","31.24","0.1000","112"
"00680L","元大美債20正2","72981587","637345026","8.75","8.75","8.72","8.72","-0.0300","4532"
"00681R","元大美債20反1","108000","2185980","20.25","20.27","20.23","20.27","0.0300","30"
"00682U","期元大美元指數","19000","400810","21.11","21.11","21.08","21.11","0.0000","11"
"00683L","期元大美元指正2","221560","5042577","22.75","22.80","22.72","22.78","0.0300","43"
"00684R","期元大美元指反1","5000","76950","15.39","15.39","15.39","15.39","-0.0100","1"
"00685L","群益臺灣加權正2","2732358","232013092","87.65","87.65","83.00","84.35","-4.1000","1451"
"00686R","群益臺灣加權反1","7388151","17352615","2.32","2.37","2.32","2.35","0.0500","177"
"00688L","國泰20年美債正2","19152252","166597135","8.70","8.72","8.68","8.70","-0.0200","2023"
"00689R","國泰20年美債反1","","","","","","","0.0000",""
"00690","兆豐藍籌30","1622824","56046353","35.30","35.30","34.20","34.43","-1.0000","1183"
"00692","富邦公司治理","8015590","343266782","43.77","43.77","42.42","42.60","-1.2500","8328"
"00693U","期街口S&P黃豆","284132","6131254","21.53","21.63","21.51","21.63","0.1100","92"
"00700","富邦恒生國企","265501","3366170","12.62","12.82","12.55","12.75","0.1300","127"
"00701","國泰股利精選30","1591789","46253191","29.37","29.37","28.87","29.12","-0.2900","722"
"00702","國泰標普低波高息","609483","14594039","23.91","23.97","23.85","23.93","0.0200","129"
"00703","台新MSCI中國","13030","198523","15.16","15.33","15.13","15.33","0.1800","64"
"00706L","期元大S&P日圓正2","7060410","42376854","6.01","6.03","5.98","6.03","0.0500","621"
"00707R","期元大S&P日圓反1","","","","","","","0.0000",""
"00708L","期元大S&P黃金正2","965150","33959252","35.26","35.31","35.07","35.12","-0.5900","337"
"00709","富邦歐洲","33550","1016169","30.24","30.31","30.24","30.26","-0.2000","10"
"00710B","復華彭博非投等債","460444","9129702","19.79","19.86","19.78","19.85","0.0600","113"
"00711B","復華彭博新興債","117459","1968440","16.71","16.78","16.71","16.78","0.0200","76"
"00712","復華富時不動產","46844295","478615668","10.20","10.26","10.19","10.25","0.0500","7822"
"00713","元大台灣高息低波","20654356","1180693566","57.65","57.70","56.85","57.25","-0.5000","22541"
"00714","群益道瓊美國地產","298120","6231381","20.89","20.92","20.88","20.91","-0.0200","179"
"00715L","期街口布蘭特正2","21651033","355974549","16.49","16.52","16.37","16.49","-0.5400","2838"
"00717","富邦美國特別股","716387","11579729","16.11","16.22","16.10","16.21","0.1000","237"
"00728","第一金工業30","847383","26763461","32.14","32.20","31.26","31.57","-0.7300","343"
"00730","富邦臺灣優質高息","316027","7156902","23.00","23.00","22.42","22.68","-0.5400","348"
"00731","復華富時高息低波","1013495","77671649","77.85","77.90","76.05","76.50","-1.8000","917"
"00733","富邦臺灣中小","4345735","249887545","58.70","58.80","56.60","57.10","-1.7000","4689"
"00735","國泰臺韓科技","1368389","47841180","35.70","35.71","34.62","34.83","-0.8900","1327"
"00736","國泰新興市場","106978","2462242","22.95","23.03","22.95","23.01","-0.1900","105"
"00737","國泰AI+Robo","101084","3135248","30.99","31.07","30.96","31.06","-0.1500","87"
"00738U","期元大道瓊白銀","767318","20495225","26.82","26.82","26.60","26.62","-0.4000","274"
"00739","元大MSCI A股","24587","517609","21.20","21.20","20.95","20.95","-0.0700","70"
"00752","中信中國50","4925174","90686605","18.18","18.53","18.17","18.45","0.2600","786"
"00753L","中信中國50正2","15265046","115594798","7.48","7.67","7.45","7.62","0.1400","1810"
"00757","統一FANG+","6780686","604609198","89.35","89.60","88.85","89.40","-0.7000","6131"
"00762","元大全球AI","550570","35037409","63.85","63.85","63.40","63.70","-0.3000","656"
"00763U","期街口道瓊銅","293823","7673588","26.16","26.20","26.05","26.05","-0.2900","146"
"00770","國泰北美科技","1281465","60134193","46.90","47.11","46.80","47.08","-0.2400","980"
"00771","元大US高息特別股","69332","1232684","17.75","17.80","17.74","17.80","0.0300","98"
"00775B","新光投等債15+","972991","34400498","35.31","35.40","35.30","35.40","0.0900","112"
"00783","富邦中証500","45000","764000","17.05","17.05","16.92","17.01","-0.0300","6"
"00830","國泰費城半導體","15191687","743845407","49.04","49.07","48.82","49.00","-1.2500","9193"
"00850","元大臺灣ESG永續","3862941","173430168","45.91","45.91","44.40","44.72","-1.2200","4236"
"00851","台新全球AI","103571","4896948","47.16","47.39","47.15","47.37","-0.1100","140"
"00852L","國泰美國道瓊正2","1021747","25869591","25.35","25.38","25.26","25.32","-0.4700","123"
"00861","元大全球未來通訊","806011","34509990","43.09","43.09","42.72","42.88","-0.5800","192"
"00865B","國泰US短期公債","253085","11726981","46.18","46.37","46.18","46.36","0.1800","145"
"00875","國泰網路資安","278145","9080952","32.65","32.70","32.56","32.69","-0.1200","126"
"00876","元大全球5G","892162","35983048","40.41","40.67","40.20","40.35","-0.7800","327"
"00878","國泰永續高股息","131946377","3059114996","23.57","23.57","23.00","23.20","-0.4000","87338"
"00881","國泰台灣5G+","54456986","1332735335","25.00","25.05","24.10","24.29","-0.8400","19646"
"00882","中信中國高股息","26834679","299404506","11.16","11.23","11.06","11.19","0.0300","4128"
"00885","富邦越南","13512339","159813914","11.83","11.88","11.80","11.82","-0.0300","2455"
"00891","中信關鍵半導體","22107529","416323982","19.31","19.31","18.60","18.76","-0.6000","8985"
"00892","富邦台灣半導體","9331039","156899072","17.21","17.21","16.59","16.71","-0.5400","2577"
"00893","國泰智能電動車","5287980","120196049","22.75","22.81","22.66","22.78","-0.4600","1858"
"00894","中信小資高價30","3875079","80821401","21.32","21.32","20.58","20.64","-0.7900","847"
"00895","富邦未來車","4962142","141648209","28.80","28.80","28.45","28.52","-0.6600","2402"
"00896","中信綠能及電動車","1838823","33366335","18.51","18.51","17.96","18.08","-0.4400","1083"
"00897","富邦基因免疫生技","2799859","23650501","8.47","8.48","8.41","8.47","0.0300","337"
"00898","國泰基因免疫革命","1250590","9365825","7.50","7.52","7.46","7.51","0.0100","239"
"00899","FT潔淨能源","555143","9423325","16.95","17.05","16.90","17.05","0.1600","307"
"00900","富邦特選高股息30","17435855","278226670","16.20","16.20","15.84","15.99","-0.2400","6204"
"00901","永豐智能車供應鏈","1702923","34981913","21.00","21.00","20.26","20.36","-0.6900","455"
"00902","中信電池及儲能","4495594","41952183","9.38","9.41","9.30","9.30","-0.1100","747"
"00903","富邦元宇宙","1588823","23412886","14.80","14.80","14.70","14.76","-0.1500","393"
"00904","新光臺灣半導體30","3375051","61760790","18.65","18.65","18.05","18.26","-0.5400","1275"
"00905","FT臺灣Smart","16964148","227683936","13.72","13.73","13.26","13.36","-0.3800","7416"
"00907","永豐優息存股","4352686","70285406","16.37","16.37","16.03","16.14","-0.2400","1508"
"00908","富邦入息REITs+","578371","7466335","12.93","12.95","12.85","12.94","0.0000","97"
"00909","國泰數位支付服務","4439860","130594105","29.34","29.65","29.26","29.37","0.8600","1809"
"00910","第一金太空衛星","269824","5189851","19.25","19.25","19.21","19.22","-0.1200","21"
"00911","兆豐洲際半導體","1198218","33794103","28.50","28.50","28.10","28.19","-0.8300","800"
"00912","中信臺灣智慧50","2922310","55422994","19.40","19.40","18.79","18.94","-0.4700","534"
"00913","兆豐台灣晶圓製造","1489474","32341433","22.16","22.18","21.49","21.58","-0.8000","299"
"00915","凱基優選高股息30","19571093","523608123","27.18","27.18","26.56","26.77","-0.4200","8820"
"00916","國泰全球品牌50","550939","12663769","23.04","23.04","22.93","23.02","-0.0700","468"
"00917","中信特選金融","386335","7982148","20.68","20.68","20.62","20.67","-0.0800","332"
"00918","大華優利高填息30","39489716","952251308","24.58","24.58","23.88","24.11","-0.4900","18468"
"00919","群益台灣精選高息","229810938","5621429443","24.97","24.97","24.20","24.44","-0.5600","134776"
"00920","富邦ESG綠色電力","765434","11399179","14.96","14.96","14.86","14.88","-0.0500","124"
"00921","兆豐龍頭等權重","3646546","68242109","18.93","18.99","18.55","18.65","-0.3100","1435"
"00922","國泰台灣領袖50","11560604","248064995","21.87","21.87","21.22","21.35","-0.5900","6057"
"00923","群益台ESG低碳50","18244274","405365668","22.69","22.69","21.97","22.11","-0.6500","10880"
"00924","復華S&P500成長","2184084","49893130","22.89","22.90","22.80","22.88","-0.1100","1103"
"00925","新光標普電動車","438398","7527774","17.21","17.22","17.12","17.17","-0.4400","36"
"00926","凱基全球菁英55","1769456","40656428","23.05","23.07","22.92","23.00","-0.1100","468"
"00927","群益半導體收益","28301101","550045950","19.84","19.84","19.14","19.33","-0.6500","11718"
"00929","復華台灣科技優息","393608210","7750762866","20.03","20.03","19.49","19.68","-0.3900","165124"
"00930","永豐ESG低碳高息","7996171","162715421","20.80","20.80","20.13","20.32","-0.3800","2628"
"00932","兆豐永續高息等權","4444059","78242285","17.97","17.97","17.41","17.60","-0.3700","1450"
"00934","中信成長高股息","85170817","1678113260","20.05","20.05","19.48","19.63","-0.4400","27220"
"00935","野村臺灣新科技50","17011771","374802507","22.50","22.51","21.73","21.88","-0.7500","8548"
"00936","台新永續高息中小","41326322","722065970","17.70","17.72","17.32","17.49","-0.2700","16746"
"00939","統一台灣高息動能","44816211","649254779","14.65","14.66","14.39","14.48","-0.2300","11852"
"00940","元大台灣價值高息","265408263","2603202273","9.99","10.00","9.71","9.80","-0.2000","76717"
"00941","中信上游半導體","18905937","285985543","15.21","15.24","15.08","15.15","-0.2100","5033"
"00943","兆豐電子高息等權","2503743","37478856","15.29","15.29","14.78","14.96","-0.3400","767"
"00944","野村趨勢動能高息","13854854","205845842","15.08","15.08","14.75","14.84","-0.2900","3869"
"00945B","凱基美國非投等債","13840342","213371613","15.38","15.45","15.38","15.45","0.0700","1360"
"00946","群益科技高息成長","86298650","876502588","10.33","10.33","10.04","10.12","-0.2800","24321"
"00947","台新臺灣IC設計","30453190","443958884","15.03","15.03","14.31","14.44","-0.6500","8135"
"00949","復華日本龍頭","17216494","267511434","15.53","15.60","15.49","15.55","-0.1300","3194"
"01001T","土銀富邦R1","10001","139585","14.00","14.00","13.94","13.95","-0.0500","8"
"01002T","土銀國泰R1","","","","","","","0.0000",""
"01004T","土銀富邦R2","72002","896787","12.48","12.48","12.45","12.48","0.0000","10"
"01007T","兆豐國泰R2","102000","1707600","16.70","16.75","16.70","16.75","0.0500","9"
"01009T","王道圓滿R1","33000","257270","7.80","7.80","7.79","7.79","0.0000","8"
"01010T","京城樂富R1","17000","170010","10.00","10.01","10.00","10.01","0.0000","5"
"020000","富邦特選蘋果N","5000","62000","12.48","12.48","12.30","12.30","-0.4700","3"
"020011","統一微波高息20N","1000","10340","10.34","10.34","10.34","10.34","0.0000","1"
"020012","富邦行動通訊N","","","","","","","0.0000",""
"020015","統一MSCI美低波N","","","","","","","0.0000",""
"020016","統一MSCI美科技N","","","","","","","0.0000",""
"020018","統一價值成長30N","5000","122950","24.60","24.60","24.55","24.60","0.0000","3"
"020019","統一特選台灣5GN","","","","","","","0.0000",""
"02001L","富邦蘋果正二N","1197000","35551480","30.46","30.47","28.08","28.60","-2.2800","154"
"02001R","富邦蘋果反一N","33000","47980","1.46","1.46","1.45","1.45","0.0500","4"
"02001S","策元大加權策略N","2000","14480","7.24","7.24","7.24","7.24","-0.2100","1"
"020020","元大台股領航N","185000","2110650","11.62","11.62","11.25","11.36","-0.3700","60"
"020028","元大特選電動車N","135000","1276360","9.70","9.70","9.33","9.35","-0.3500","41"
"020029","元大ESG高股息N","146000","1258950","8.75","8.75","8.51","8.66","-0.2100","48"
"020030","統一智慧電動車N","81000","499990","6.39","6.39","6.15","6.19","-0.2000","14"
"020031","統一IC設計臺灣N","117000","692250","6.04","6.04","5.84","5.94","-0.1500","30"
"020032","元大綠能N","32000","210860","6.72","6.72","6.54","6.54","-0.2400","14"
"020034","元大IC設計N","91000","709220","8.00","8.00","7.70","7.81","-0.2300","30"
"020036","元大金融配息N","","","","","","","0.0000",""
"020037","元大金融高股息N","20000","136100","6.86","6.86","6.75","6.75","-0.1100","2"
"020038","元大ESG配息N","129000","960600","7.55","7.55","7.33","7.48","-0.1600","31"
"020039","元大加權N","315000","2144990","6.92","6.92","6.75","6.79","-0.1800","70"
"1101","台泥","21060248","717897012","34.55","34.55","33.85","34.35","-0.2500","11728"
"1101B","台泥乙特","2092","98098","46.90","46.90","46.90","46.90","0.0000","8"
"1102","亞泥","14018142","569772203","40.95","40.95","40.35","40.90","-0.0500","6681"
"1103","嘉泥","792765","14128477","17.95","18.00","17.70","17.85","-0.1000","769"
"1104","環泥","1602718","50580948","32.55","32.55","31.20","31.65","-1.0000","1449"
"1108","幸福","851110","13794546","16.45","16.50","16.00","16.15","-0.2500","433"
"1109","信大","660963","11896542","18.30","18.30","17.90","18.00","-0.3000","404"
"1110","東泥","984330","22319583","22.50","23.00","22.40","22.70","0.2000","521"
"1201","味全","517852","9541128","18.50","18.55","18.35","18.40","-0.1000","875"
"1203","味王","45608","2371037","51.60","53.30","51.20","53.30","1.8000","88"
"1210","大成","1347106","77251643","57.60","57.60","57.00","57.50","-0.1000","1879"
"1213","大飲","135079","1366957","10.45","10.45","9.98","10.25","-0.1500","74"
"1215","卜蜂","719659","73298884","103.50","103.50","101.00","102.00","-1.5000","1031"
"1216","統一","14752235","1294840569","87.00","88.30","86.10","88.30","1.4000","9002"
"1217","愛之味","1583594","19783950","12.45","12.65","12.35","12.60","0.1500","757"
"1218","泰山","1746814","36486921","21.20","21.30","20.60","21.05","-0.1000","1299"
"1219","福壽","441330","7993595","18.20","18.20","18.05","18.15","-0.0500","317"
"1220","台榮","249018","3755255","15.30","15.30","15.00","15.15","-0.1500","137"
"1225","福懋油","157629","20029609","122.00","130.50","121.50","130.50","7.0000","176"
"1227","佳格","1097751","43068272","39.20","39.75","38.90","39.75","0.5500","818"
"1229","聯華","2127382","150173428","70.70","70.90","70.20","70.70","0.2000","1839"
"1231","聯華食","575181","63962699","112.00","113.50","108.50","112.00","0.0000","793"
"1232","大統益","75895","10769388","142.00","142.50","141.50","142.00","0.0000","301"
"1233","天仁","27902","924322","33.30","33.45","33.00","33.45","0.1500","45"
"1234","黑松","180027","7647103","42.85","42.85","42.30","42.45","-0.2000","209"
"1235","興泰","29806","3032260","103.50","103.50","101.00","102.50","1.0000","40"
"1236","宏亞","67966","1679245","25.15","25.15","24.55","24.60","-0.3000","361"
"1256","鮮活果汁-KY","40552","7566510","189.50","189.50","185.00","187.00","-2.5000","408"
"1301","台塑","16554659","990355844","60.10","60.30","59.10","60.20","0.1000","9003"
"1303","南亞","13153051","658440680","50.40","50.40","49.40","50.30","-0.1000","6453"
"1304","台聚","4577794","76425006","16.80","17.05","16.50","16.80","-0.0500","2107"
"1305","華夏","2838540","52005521","18.50","18.75","18.00","18.40","-0.1000","1357"
"1307","三芳","546153","16476520","30.95","30.95","29.90","30.40","-0.4000","358"
"1308","亞聚","4332711","83953126","19.65","20.10","18.75","20.05","0.2500","2717"
"1309","台達化","2009335","37695334","19.20","19.30","18.50","19.00","-0.1500","1353"
"1310","台苯","1480132","20749751","14.05","14.15","13.90","14.05","0.0000","727"
"1312","國喬","6663841","97983052","14.85","15.00","14.50","14.70","-0.2000","2269"
"1312A","國喬特","1000","23650","23.65","23.65","23.65","23.65","0.0000","1"
"1313","聯成","2703955","33431203","12.60","12.65","12.15","12.45","-0.1500","1383"
"1314","中石化","38668104","402747570","10.65","10.70","10.25","10.25","-0.4000","5921"
"1315","達新","28949","2072225","71.70","71.70","71.50","71.60","0.0000","49"
"1316","上曜","16879144","329614014","20.15","20.35","18.90","19.55","-0.9500","5938"
"1319","東陽","4333553","417172667","99.00","99.30","94.80","95.30","-2.4000","4932"
"1321","大洋","452412","16549827","37.00","37.00","36.35","36.45","-0.5000","223"
"1323","永裕","38139","1141851","29.95","29.95","29.90","29.95","0.0000","31"
"1324","地球","152032","2019802","13.55","13.55","13.20","13.30","-0.3000","248"
"1325","恆大","489299","14109929","29.00","29.25","28.55","28.90","-0.5000","366"
"1326","台化","9881104","495910859","50.20","50.60","49.70","50.50","0.0000","4549"
"1337","再生-KY","642602","4862456","7.64","7.70","7.49","7.56","-0.0600","481"
"1338","廣華-KY","86567","2763602","32.15","32.25","31.80","31.90","-0.5000","102"
"1339","昭輝","252305","15608539","63.80","63.80","61.10","61.50","-1.8000","281"
"1340","勝悅-KY","258091","2818836","11.10","11.25","10.75","11.10","0.0000","414"
"1341","富林-KY","16682","1084257","65.60","65.60","63.30","65.10","-0.7000","26"
"1342","八貫","577589","55374734","98.70","98.70","95.00","95.70","-3.0000","811"
"1402","遠東新","18223821","599001403","33.00","33.10","32.50","33.00","-0.0500","6474"
"1409","新纖","5579394","96564554","17.55","17.60","17.10","17.35","-0.2500","2029"
"1410","南染","25300","938036","37.10","37.60","36.85","37.00","-0.2000","72"
"1413","宏洲","92589","944771","10.35","10.35","10.15","10.15","-0.2000","58"
"1414","東和","907781","20235448","23.00","23.00","21.50","22.85","-0.3000","600"
"1416","廣豐","578562","7151169","12.60","12.60","12.25","12.40","-0.1500","249"
"1417","嘉裕","226484","2583482","11.55","11.55","11.35","11.40","-0.2000","254"
"1418","東華","182098","6734987","38.10","38.30","36.55","37.10","-1.2500","184"
"1419","新紡","82851","3955300","47.60","48.30","47.30","47.60","-0.1000","86"
"1423","利華","172213","7312896","43.05","43.05","42.00","42.25","-1.3000","125"
"1432","大魯閣","261200","4601240","17.80","17.80","17.50","17.60","-0.2000","370"
"1434","福懋","1821807","40975783","22.55","22.70","22.40","22.70","0.1500","1107"
"1435","中福","11306","535434","47.50","47.95","46.00","47.90","0.5000","43"
"1436","華友聯","1047211","185734408","183.00","183.00","172.50","181.50","1.5000","1323"
"1437","勤益控","363465","12933755","36.70","36.70","35.25","35.75","-0.5500","244"
"1438","三地開發","372164","26045362","69.60","71.60","68.30","70.30","0.5000","536"
"1439","雋揚","159669","4547123","28.75","28.75","28.30","28.40","-0.1000","160"
"1440","南紡","2718052","47329612","17.85","17.85","17.15","17.45","-0.3500","1341"
"1441","大東","185164","2632554","14.80","14.80","13.95","14.70","-0.1500","279"
"1442","名軒","1703784","109536946","65.50","65.80","63.40","64.80","-1.1000","1218"
"1443","立益物流","64752","2048915","31.60","31.80","31.60","31.70","-0.3000","51"
"1444","力麗","9050649","92722436","10.35","10.45","10.10","10.15","-0.1500","2379"
"1445","大宇","549775","9519205","17.90","17.90","17.05","17.40","-0.4000","202"
"1446","宏和","1305133","64624034","51.70","51.80","48.05","49.00","-2.3000","815"
"1447","力鵬","5555012","57052831","10.80","10.90","10.00","10.20","-0.5500","1462"
"1449","佳和","1453778","25623168","18.10","18.10","17.20","17.75","-0.4500","1103"
"1451","年興","185713","3632499","19.80","19.80","19.35","19.65","-0.1500","332"
"1452","宏益","105612","1744591","16.60","16.65","16.45","16.50","-0.2000","94"
"1453","大將","1046904","25191159","24.85","24.90","23.75","23.95","-0.9000","652"
"1454","台富","196192","3531214","18.25","18.45","17.75","17.75","-0.3000","163"
"1455","集盛","2592303","33146424","13.00","13.10","12.60","12.75","-0.2000","923"
"1456","怡華","2976812","66857831","23.95","24.05","21.60","21.60","-2.3500","1647"
"1457","宜進","524316","10748132","20.75","20.75","20.20","20.75","0.0000","314"
"1459","聯發","208193","2197543","10.70","10.70","10.45","10.45","-0.2500","160"
"1460","宏遠","1218101","9763170","8.10","8.10","7.99","7.99","-0.1100","395"
"1463","強盛","322061","7472679","23.45","23.45","22.85","23.30","0.1500","271"
"1464","得力","686427","9093052","13.50","13.50","13.10","13.30","-0.2000","696"
"1465","偉全","72045","1075728","15.05","15.10","14.85","14.85","-0.2000","119"
"1466","聚隆","117689","1493635","12.60","12.75","12.60","12.75","0.1500","81"
"1467","南緯","262137","3007638","11.65","11.65","11.40","11.45","-0.1000","294"
"1468","昶和","38000","548850","14.40","14.60","14.35","14.50","-0.0500","31"
"1470","大統新創","102106","2194398","19.85","21.70","19.85","21.70","1.9500","52"
"1471","首利","1273726","19203625","15.35","15.40","14.85","14.95","-0.6000","703"
"1472","三洋實業","60568","3745616","63.90","63.90","61.40","61.50","-2.4000","217"
"1473","台南","1226015","47313446","39.25","39.25","38.20","38.75","-0.4000","726"
"1474","弘裕","507669","7055805","13.95","14.15","13.70","13.90","-0.1500","266"
"1475","業旺","392078","24971307","63.70","65.10","62.50","64.10","0.0000","376"
"1476","儒鴻","463221","248148601","544.00","547.00","530.00","536.00","-12.0000","1311"
"1477","聚陽","2749626","1233966650","458.50","467.50","436.00","438.00","-28.0000","2892"
"1503","士電","11338178","3309461064","298.50","303.50","280.00","280.00","-13.0000","11505"
"1504","東元","10249900","496879817","49.20","49.70","48.00","48.00","-1.3500","6752"
"1506","正道","437271","7387088","16.80","17.10","16.75","16.95","-0.1500","191"
"1512","瑞利","74667","615724","8.13","8.45","8.13","8.36","0.0000","69"
"1513","中興電","28948215","6247617792","223.00","224.50","209.00","209.50","-11.0000","25569"
"1514","亞力","19775826","3042134062","158.00","160.00","148.00","148.00","-8.0000","16236"
"1515","力山","1268928","54248007","44.10","44.40","42.15","42.40","-1.6500","927"
"1516","川飛","412286","9350387","23.55","23.55","22.30","22.40","-0.7000","324"
"1517","利奇","709608","12479519","17.55","17.95","17.35","17.50","0.0500","489"
"1519","華城","4984291","4622128183","974.00","978.00","865.00","865.00","-92.0000","19136"
"1521","大億","38328","1470307","38.45","38.55","38.20","38.55","0.0500","61"
"1522","堤維西","4320447","290790440","68.20","69.50","66.20","66.50","-1.4000","2672"
"1522A","堤維西甲特","3575","157712","44.30","44.30","44.20","44.20","-0.0500","7"
"1524","耿鼎","1594498","49235757","31.40","31.55","30.55","30.80","-0.6000","1111"
"1525","江申","44529","3141522","72.90","72.90","70.00","70.60","-0.3000","62"
"1526","日馳","119011","3647899","31.25","31.25","30.45","30.55","-0.7500","132"
"1527","鑽全","629545","27348497","43.80","44.30","43.10","43.20","-0.9000","479"
"1528","恩德","1193772","16379864","13.85","14.00","13.60","13.70","-0.1500","684"
"1529","樂事綠能","39732055","1657008281","41.70","43.25","38.60","39.00","-0.4500","20870"
"1530","亞崴","154284","4856553","31.90","31.90","31.25","31.45","-0.4000","530"
"1531","高林股","354627","5354912","15.30","15.30","15.00","15.00","-0.3000","262"
"1532","勤美","4054970","178296811","45.15","45.15","43.20","44.35","-0.9500","2047"
"1533","車王電","213311","9399085","45.10","45.10","43.60","44.40","-0.7000","194"
"1535","中宇","512250","32290407","65.00","65.00","62.30","62.60","-2.1000","643"
"1536","和大","5628179","367661386","66.60","67.40","64.30","64.30","-2.7000","4310"
"1537","廣隆","202620","29342559","146.50","146.50","144.00","144.00","-2.5000","254"
"1538","正峰","3505","68246","19.60","19.75","19.60","19.60","0.6500","11"
"1539","巨庭","186589","4338755","23.65","23.65","23.05","23.20","-0.4000","118"
"1540","喬福","10668335","338610839","33.20","33.50","30.75","31.50","-1.8500","5086"
"1541","錩泰","14030","442745","31.20","31.90","31.20","31.55","0.0500","16"
"1558","伸興","151990","15261841","101.00","101.00","100.00","100.50","-1.5000","209"
"1560","中砂","1665504","532343343","328.50","329.50","313.50","317.00","-11.0000","2624"
"1563","巧新","1541530","102358765","67.80","67.80","65.50","65.80","-2.2000","970"
"1568","倉佑","1317873","39921530","31.45","31.55","29.80","30.25","-1.3000","1026"
"1582","信錦","2732051","284079488","107.00","108.50","101.00","101.00","-6.5000","3193"
"1583","程泰","61474","4083879","66.70","67.30","66.00","66.60","-0.1000","63"
"1587","吉茂","1016943","53208702","54.00","54.00","51.60","52.70","-0.7000","1033"
"1589","永冠-KY","384887","16867837","44.45","44.45","43.60","43.75","-0.7000","785"
"1590","亞德客-KY","326248","313897204","979.00","979.00","951.00","958.00","-12.0000","722"
"1597","直得","7076379","696691757","101.00","101.50","95.90","98.00","-3.5000","5284"
"1598","岱宇","412662","12660826","30.40","31.15","30.25","30.25","-0.1000","304"
"1603","華電","1555279","66226122","43.10","43.70","42.05","42.30","-0.8000","925"
"1604","聲寶","911264","25494436","28.25","28.35","27.80","28.00","-0.2000","565"
"1605","華新","11893952","416151116","35.60","35.85","34.60","34.80","-0.9500","6605"
"1608","華榮","10363664","393918964","39.20","39.75","37.00","37.30","-1.6500","6007"
"1609","大亞","51718194","2965460468","59.80","60.20","55.60","56.00","-3.0000","31184"
"1611","中電","22917315","486856379","21.60","22.55","20.25","20.50","-0.9500","11127"
"1612","宏泰","2927917","105116763","36.50","36.95","35.30","35.70","-0.8500","1895"
"1614","三洋電","335658","13799938","41.45","41.65","40.90","41.00","-0.2500","217"
"1615","大山","735752","48919273","68.20","68.40","65.30","66.30","-1.7000","647"
"1616","億泰","2713006","63349226","24.20","24.35","22.85","23.10","-1.0000","1604"
"1617","榮星","1277117","29949602","24.15","24.45","23.05","23.35","-0.7500","912"
"1618","合機","4846532","255732573","55.80","56.60","50.40","51.10","0.0000","3571"
"1626","艾美特-KY","355632","5565713","15.70","15.80","15.55","15.55","-0.1000","1360"
"1701","中化","952602","21174567","22.30","22.35","22.15","22.30","0.0000","362"
"1702","南僑","766707","43711736","57.60","57.60","56.60","57.20","-0.4000","730"
"1707","葡萄王","435340","63904165","148.00","148.50","146.00","146.50","-1.5000","844"
"1708","東鹼","2160325","75558262","34.90","35.30","34.40","35.25","0.4500","1461"
"1709","和益","16813523","436897571","26.60","27.55","25.00","25.00","-1.5500","8690"
"1710","東聯","1564173","27467864","17.75","17.80","17.40","17.75","0.1500","1027"
"1711","永光","2042226","40014747","19.90","20.00","19.45","19.45","-0.5000","1386"
"1712","興農","5117380","236269288","44.80","47.20","44.40","47.00","3.1000","3395"
"1713","國化","786756","45312809","59.60","59.70","56.50","56.50","-3.2000","499"
"1714","和桐","4428509","44882748","10.10","10.25","10.00","10.20","0.1000","1141"
"1717","長興","2023315","62198948","30.80","31.10","30.55","30.80","-0.2500","1100"
"1718","中纖","6189966","52985920","8.68","8.73","8.45","8.62","-0.0500","2038"
"1720","生達","1532140","114029209","74.20","76.50","73.10","73.20","-0.3000","1432"
"1721","三晃","2595891","40328314","15.90","16.00","15.25","15.60","-0.3500","1228"
"1722","台肥","2698300","171284004","64.20","64.40","63.10","63.30","-0.9000","1547"
"1723","中碳","1155053","115514920","101.00","101.00","99.10","100.50","-0.5000","1134"
"1725","元禎","880423","40578865","48.00","48.30","45.00","45.00","-2.7000","795"
"1726","永記","38153","2990723","78.50","79.40","78.00","79.40","0.8000","46"
"1727","中華化","3335940","111798526","35.80","35.95","32.70","32.80","-2.9500","2249"
"1730","花仙子","61067","3438259","56.40","56.50","56.10","56.30","0.0000","181"
"1731","美吾華","317408","7549181","24.30","24.30","23.60","23.85","-0.1000","223"
"1732","毛寶","241584","6721310","28.20","28.25","27.55","27.90","-0.3000","181"
"1733","五鼎","347447","11464767","33.40","33.40","32.80","33.20","-0.2000","292"
"1734","杏輝","806408","30188627","37.70","37.95","37.25","37.35","-0.2500","442"
"1735","日勝化","51631","932668","18.25","18.25","17.80","18.00","-0.1000","64"
"1736","喬山","2419004","299004042","124.00","126.50","120.00","123.00","4.0000","2733"
"1737","臺鹽","279193","9419405","33.85","33.85","33.65","33.80","-0.0500","250"
"1752","南光","341245","15916497","47.20","47.35","46.25","46.50","-0.5500","279"
"1760","寶齡富錦","987572","97913343","99.20","102.50","97.10","97.10","-1.1000","889"
"1762","中化生","393269","20088337","51.30","51.90","50.70","51.30","-0.2000","430"
"1773","勝一","982714","156475831","159.50","161.00","157.00","159.00","1.0000","834"
"1776","展宇","93965","1702244","18.10","18.35","18.00","18.00","-0.0500","68"
"1783","和康生","464902","21612198","46.70","47.80","45.50","46.50","0.0000","594"
"1786","科妍","908648","105515968","121.00","122.50","113.50","114.50","-5.0000","1237"
"1789","神隆","702285","18460674","26.50","26.60","26.00","26.50","0.1500","530"
"1795","美時","2921647","828681695","286.00","289.00","279.00","283.00","0.0000","3621"
"1802","台玻","9076741","158907997","18.05","18.05","17.15","17.50","-0.5500","3937"
"1805","寶徠","533786","10733310","20.60","20.60","19.70","20.10","-0.4000","266"
"1806","冠軍","5801499","74525765","12.75","13.30","12.55","12.75","-0.1000","1944"
"1808","潤隆","2770955","310906508","115.00","115.00","111.00","111.00","-4.0000","2435"
"1809","中釉","1249373","31820869","25.70","25.95","25.10","25.30","-0.4000","828"
"1810","和成","1734257","31247409","18.40","18.85","17.55","17.90","-0.5500","1009"
"1817","凱撒衛","185601","7294326","39.35","39.60","39.05","39.40","-0.6000","254"
"1903","士紙","250562","14574311","58.50","59.00","57.30","58.50","-0.1000","208"
"1904","正隆","2681542","71833667","27.70","27.70","26.55","26.75","-0.8000","2449"
"1905","華紙","4189303","86796323","21.40","21.40","20.35","20.65","-0.7500","2233"
"1906","寶隆","105570","1647415","15.55","15.70","15.55","15.55","0.0000","179"
"1907","永豐餘","1921966","57570129","30.15","30.40","29.75","30.15","-0.0500","1159"
"1909","榮成","2550719","35530532","14.05","14.05","13.80","13.95","-0.1000","1016"
"2002","中鋼","26656885","615581558","23.25","23.30","23.00","23.10","-0.2500","10016"
"2002A","中鋼特","9000","394300","44.00","44.00","43.45","44.00","0.0000","8"
"2006","東和鋼鐵","4071462","297188825","73.20","73.70","71.80","73.70","0.8000","3543"
"2007","燁興","795892","9026281","11.60","11.60","11.20","11.30","-0.2500","417"
"2008","高興昌","82507","2114138","25.55","26.00","25.45","25.80","0.2500","89"
"2009","第一銅","2575329","117878900","46.80","46.90","45.05","46.00","-0.5000","2090"
"2010","春源","1513804","27398956","18.45","18.45","17.90","18.30","-0.2000","817"
"2012","春雨","165600","4111291","24.90","25.00","24.70","25.00","0.1500","168"
"2013","中鋼構","117097","6274105","53.80","54.30","52.80","54.00","0.1000","203"
"2014","中鴻","5138763","109217960","21.40","21.90","21.05","21.10","-0.5000","2503"
"2015","豐興","401871","31574218","78.50","79.40","77.40","79.40","0.6000","364"
"2017","官田鋼","1588738","23278252","14.65","14.75","14.55","14.65","0.0000","742"
"2020","美亞","1658830","58919377","35.90","35.95","35.25","35.55","-0.4500","604"
"2022","聚亨","982458","10366360","10.70","10.75","10.40","10.60","-0.0500","454"
"2023","燁輝","2317953","35281217","15.30","15.40","15.10","15.30","0.0000","1030"
"2024","志聯","32934","760166","22.65","23.45","22.65","23.45","0.4000","51"
"2025","千興","2948097","37598904","13.00","13.25","12.55","12.60","-0.2000","918"
"2027","大成鋼","18045350","699886944","39.50","39.60","38.20","38.95","-0.0500","9728"
"2028","威致","265073","6662307","25.40","25.40","24.85","25.40","-0.0500","241"
"2029","盛餘","516888","13097570","25.85","25.85","25.20","25.35","-0.3000","314"
"2030","彰源","962470","16155374","17.00","17.05","16.60","17.05","0.0000","437"
"2031","新光鋼","2328974","134862002","59.70","59.70","57.10","57.50","-2.3000","1693"
"2032","新鋼","279881","4376790","15.95","16.00","15.50","15.65","-0.2000","169"
"2033","佳大","225866","3466728","15.30","15.70","15.10","15.60","0.3000","133"
"2034","允強","754745","19024547","25.35","25.40","25.10","25.15","-0.2500","434"
"2038","海光","509726","9819666","19.40","19.45","19.15","19.15","-0.3500","283"
"2049","上銀","1924025","402452831","214.00","214.00","207.50","208.00","-4.5000","3120"
"2059","川湖","947739","1074304620","1160.00","1175.00","1095.00","1120.00","-20.0000","1933"
"2062","橋椿","334762","9340574","28.50","28.50","27.70","27.85","-0.6500","259"
"2069","運錩","177485","2770165","15.70","15.80","15.50","15.65","-0.1000","125"
"2101","南港","5738671","293337633","52.20","52.50","50.40","51.30","-0.8000","2932"
"2102","泰豐","1515492","32171287","21.70","21.85","20.90","21.35","-0.4000","578"
"2103","台橡","2786922","63398294","23.15","23.20","22.50","22.70","-0.4500","1214"
"2104","國際中橡","2250292","38817375","17.35","17.50","17.15","17.25","-0.1000","928"
"2105","正新","4705714","219143085","46.70","46.90","46.20","46.65","-0.0500","2794"
"2106","建大","695458","22609290","33.00","33.00","32.30","32.65","-0.3500","733"
"2107","厚生","659622","17293622","26.25","26.50","26.05","26.25","-0.1500","401"
"2108","南帝","2039017","80577389","40.10","40.60","38.95","39.55","-1.2500","1503"
"2109","華豐","820901","14890027","18.00","18.35","18.00","18.20","-0.0500","325"
"2114","鑫永銓","150453","14888544","100.00","100.00","98.60","99.00","-1.0000","244"
"2115","六暉-KY","223628","6724051","30.55","30.65","29.70","30.15","-0.5500","220"
"2201","裕隆","7192305","437865107","62.30","62.80","60.00","60.50","-2.4000","4939"
"2204","中華","5218157","586184400","117.50","117.50","111.00","111.50","-6.0000","3746"
"2206","三陽工業","6333077","488916965","78.70","78.90","76.50","77.00","-1.7000","4089"
"2207","和泰車","305861","193801529","630.00","639.00","621.00","639.00","9.0000","740"
"2208","台船","2799325","47690624","17.25","17.25","16.95","17.00","-0.2000","2756"
"2211","長榮鋼","874077","105133259","122.50","123.00","119.00","120.00","-2.5000","806"
"2227","裕日車","74370","9704325","130.50","133.00","129.00","133.00","2.5000","181"
"2228","劍麟","456120","43930463","98.70","98.70","95.10","95.80","-2.7000","398"
"2231","為升","397978","45370315","116.50","117.50","112.00","113.50","-3.0000","404"
"2233","宇隆","266144","34942376","133.50","133.50","130.00","132.00","-1.5000","318"
"2236","百達-KY","520815","48455117","93.00","94.80","91.00","93.10","0.1000","403"
"2239","英利-KY","91048","4575914","50.30","50.80","49.70","49.95","-0.8500","65"
"2241","艾姆勒","1588029","59923565","38.10","38.70","37.00","37.35","-0.9000","931"
"2243","宏旭-KY","1014935","29313035","29.60","29.95","28.25","28.25","-3.1000","479"
"2247","汎德永業","135456","39702702","296.00","296.00","292.00","293.50","-1.5000","799"
"2250","IKKA-KY","218932","20366806","95.30","95.30","92.00","92.60","-2.5000","441"
"2254","巨鎧精密-創","256208","21241160","82.90","83.70","80.80","83.70","0.7000","96"
"2258","鴻華先進-創","622060","27294032","44.20","44.40","43.20","44.30","0.2000","341"
"2301","光寶科","18936742","2009422801","108.50","109.00","104.00","106.00","-3.5000","9601"
"2302","麗正","553834","9590953","17.90","17.90","17.10","17.30","-0.3500","327"
"2303","聯電","87236071","4388682011","51.50","51.60","49.85","50.20","-1.7000","30655"
"2305","全友","857351","20105604","24.40","24.40","23.05","23.05","-0.9000","604"
"2308","台達電","17362035","6580768507","394.50","396.00","372.00","373.50","-25.5000","21232"
"2312","金寶","67745546","1655040975","25.25","25.65","23.90","23.95","-1.5500","20679"
"2313","華通","18140239","1430852984","80.80","80.90","77.60","79.00","-1.4000","10256"
"2314","台揚","1011349","31062171","31.00","31.45","30.40","31.00","-0.5000","806"
"2316","楠梓電","3495845","185127547","53.00","54.40","51.60","52.90","-0.1000","2541"
"2317","鴻海","162437272","31663789302","203.00","204.00","191.00","192.50","-11.5000","138256"
"2321","東訊","1194","19583","16.45","16.45","16.45","16.45","0.3500","3"
"2323","中環","17473314","216985869","12.75","12.80","12.25","12.25","-0.5000","3935"
"2324","仁寶","30968108","1006099182","33.20","33.35","31.80","32.45","-1.1500","15562"
"2327","國巨","3516277","2639648397","762.00","769.00","742.00","742.00","-24.0000","6450"
"2328","廣宇","3603008","129576092","36.65","36.85","35.40","35.85","-0.9500","2135"
"2329","華泰","6206541","316849490","52.00","52.40","50.10","50.70","-1.5000","4016"
"2330","台積電","89865550","85190881175","964.00","965.00","938.00","939.00","-31.0000","307233"
"2331","精英","4862615","148328123","31.20","31.25","30.00","30.40","-0.8500","2342"
"2332","友訊","3594379","66956502","19.05","19.05","18.40","18.65","-0.4500","1876"
"2337","旺宏","13664656","356952499","26.40","26.60","25.80","26.00","-0.3500","5605"
"2338","光罩","3224569","239112256","75.50","76.10","73.00","73.20","-2.9000","2359"
"2340","台亞","2498847","100592848","41.40","41.40","39.75","40.15","-1.2000","1601"
"2342","茂矽","477450","15485418","32.60","33.00","32.00","32.70","0.0000","486"
"2344","華邦電","33913528","810054406","24.40","24.50","23.55","23.85","-0.5500","11818"
"2345","智邦","3919908","2001579583","516.00","528.00","501.00","511.00","-10.0000","3549"
"2347","聯強","7230033","527475474","73.40","73.90","72.00","72.90","-0.5000","3659"
"2348","海悅","3773253","1259322405","331.50","344.50","325.00","331.50","-2.0000","3867"
"2348A","海悅甲特","32000","1091850","34.10","34.35","34.10","34.15","-0.1500","10"
"2349","錸德","9759818","161329963","17.00","17.00","16.30","16.90","0.4500","2707"
"2351","順德","2124494","271174511","126.50","129.50","125.00","129.00","1.5000","1674"
"2352","佳世達","16694031","629270608","38.65","38.70","37.15","37.65","-1.0000","9837"
"2353","宏碁","36196000","1649763616","46.20","46.45","44.65","46.20","0.0000","18015"
"2354","鴻準","18643363","1219677364","67.60","67.90","64.30","64.30","-3.2000","11675"
"2355","敬鵬","4408070","206164823","47.90","48.15","46.00","46.70","-1.1500","3170"
"2356","英業達","39841965","2065066432","53.40","53.50","50.80","51.40","-2.2000","22903"
"2357","華碩","3403454","1592616776","480.00","480.50","459.50","468.00","-13.5000","6173"
"2359","所羅門","34216213","5697914839","157.50","172.50","154.50","163.50","6.5000","21815"
"2360","致茂","2407791","721326096","304.50","312.00","293.00","299.50","-3.5000","3204"
"2362","藍天","7328811","415346364","57.30","59.00","55.40","55.80","-1.5000","5152"
"2364","倫飛","90738","7628988","85.20","85.20","83.50","83.60","-1.8000","332"
"2365","昆盈","59471125","3915110495","65.50","67.60","63.50","63.50","-0.3000","35805"
"2367","燿華","20711330","715953659","35.30","35.60","33.95","34.30","-1.0000","9122"
"2368","金像電","5188587","1039079679","206.00","206.00","196.00","200.00","-5.5000","4764"
"2369","菱生","2685928","56894320","21.80","21.80","20.85","21.25","-0.7000","1618"
"2371","大同","34936528","1796456068","53.00","53.50","50.40","50.40","-2.9000","15255"
"2373","震旦行","90943","6313749","70.00","70.00","69.10","69.60","0.0000","200"
"2374","佳能","6839419","338480181","50.30","50.90","48.90","49.40","-0.8000","4651"
"2375","凱美","655967","45292350","70.50","70.50","68.30","68.70","-1.8000","614"
"2376","技嘉","7630292","2083058304","276.50","279.00","268.00","272.50","-5.0000","10815"
"2377","微星","6490524","1136171634","180.50","181.00","171.50","175.50","-5.0000","5299"
"2379","瑞昱","2749949","1421623881","530.00","530.00","508.00","513.00","-21.0000","4381"
"2380","虹光","299180","2162106","7.24","7.34","7.18","7.32","0.0800","301"
"2382","廣達","24908600","7208276097","296.00","298.50","283.00","288.00","-9.0000","30098"
"2383","台光電","4369277","1843150392","433.50","435.00","413.00","416.50","-17.0000","6214"
"2385","群光","4840636","772207603","166.50","166.50","157.00","158.50","-6.0000","3965"
"2387","精元","1175434","64101635","55.70","55.80","53.70","54.70","-0.8000","764"
"2388","威盛","8068049","965219082","122.50","123.00","116.00","122.00","1.5000","4636"
"2390","云辰","613530","8181671","13.60","13.60","13.20","13.25","-0.2000","574"
"2392","正崴","12115977","920284193","77.50","78.40","74.30","74.50","-2.3000","7277"
"2393","億光","3073038","242054193","79.20","79.80","77.60","79.20","-0.4000","2180"
"2395","研華","1649128","617927798","373.50","381.50","369.00","373.00","5.5000","2064"
"2397","友通","693436","54214509","80.10","81.50","76.80","77.00","-2.7000","709"
"2399","映泰","7060971","167660185","23.95","24.45","22.90","23.15","0.2500","3758"
"2401","凌陽","7865947","262213289","34.45","34.55","32.65","33.10","-1.3000","4123"
"2402","毅嘉","16930450","668087112","40.60","41.00","38.30","39.20","-1.2000","9622"
"2404","漢唐","2652282","850997931","319.50","327.50","313.00","321.00","-0.5000","3688"
"2405","輔信","11869440","279558673","24.00","24.40","22.85","22.90","0.0000","5679"
"2406","國碩","8384269","210852838","25.20","25.90","24.60","24.90","-0.5000","4433"
"2408","南亞科","28005540","1750789231","64.10","64.50","61.60","61.90","-2.3000","13992"
"2409","友達","58819705","1098891108","19.20","19.25","18.40","18.40","-0.6000","20391"
"2412","中華電","12741276","1533541916","120.00","121.00","119.50","120.50","-0.5000","6239"
"2413","環科","432422","9995251","23.80","23.80","22.80","23.05","-1.0000","271"
"2414","精技","663612","26043784","39.50","39.70","38.85","39.25","-0.3500","616"
"2415","錩新","138715","3569373","26.00","26.35","25.00","25.65","-0.5500","198"
"2417","圓剛","2473226","112759910","46.60","46.95","44.85","45.45","-1.2500","1842"
"2419","仲琦","16499597","570453433","36.45","36.50","32.90","32.90","-3.6500","6795"
"2420","新巨","704224","45014958","65.40","65.40","62.80","64.10","-1.6000","601"
"2421","建準","5586151","549632647","103.00","103.00","97.00","97.30","-5.7000","5057"
"2423","固緯","309476","12457331","41.05","41.05","40.00","40.00","-1.2000","307"
"2424","隴華","33000","952750","29.75","29.75","28.00","28.60","-1.3000","30"
"2425","承啟","714022","24257209","35.25","35.50","33.25","33.65","-1.5500","675"
"2426","鼎元","1489234","28902018","19.50","19.65","19.10","19.55","0.2500","808"
"2427","三商電","2050694","62125288","30.60","31.15","30.00","30.20","-0.6000","1275"
"2428","興勤","483225","81985118","172.00","174.50","166.50","169.50","-4.0000","507"
"2429","銘旺科","452940","15448627","33.50","35.85","32.90","33.00","-1.8000","477"
"2430","燦坤","181990","6394830","35.50","35.50","34.95","35.00","-0.5000","219"
"2431","聯昌","658265","8669580","13.45","13.45","13.00","13.10","-0.3500","359"
"2432","倚天酷碁-創","9000","323500","36.05","36.20","35.60","36.20","-0.7000","9"
"2433","互盛電","77765","3957857","50.80","51.20","50.60","50.80","0.0000","134"
"2434","統懋","7000","228800","32.60","32.85","32.55","32.55","-0.0500","5"
"2436","偉詮電","1423022","81241134","58.70","58.80","56.00","56.60","-2.4000","1266"
"2438","翔耀","860160","62498059","71.60","74.00","71.60","72.70","1.9000","848"
"2439","美律","3375664","451385245","136.00","137.00","131.50","132.00","-5.0000","2469"
"2440","太空梭","716997","11850677","16.80","16.80","16.40","16.40","-0.4000","449"
"2441","超豐","1668396","102516031","62.60","62.60","60.70","61.40","-1.4000","1335"
"2442","新美齊","3698340","118903384","32.75","32.75","31.75","32.50","-0.3000","1562"
"2444","兆勁","2116593","33779572","16.50","16.60","15.70","15.90","-0.6000","856"
"2449","京元電子","35356034","4008861290","120.00","120.00","110.50","112.00","-7.5000","18884"
"2450","神腦","216334","7980010","37.20","37.20","36.70","37.00","-0.3000","290"
"2451","創見","964655","93523575","98.40","98.40","96.00","96.70","-1.7000","1077"
"2453","凌群","1964554","124506093","65.50","66.10","62.00","62.20","-3.3000","1534"
"2454","聯發科","7568809","9232979290","1255.00","1260.00","1195.00","1225.00","-35.0000","22061"
"2455","全新","3657754","606347372","167.00","168.00","162.00","167.00","0.0000","4670"
"2457","飛宏","3327059","146172452","44.80","44.85","43.25","43.80","-0.6000","2354"
"2458","義隆","2950893","418105163","145.50","145.50","140.00","141.50","-4.0000","2661"
"2459","敦吉","273352","19256857","71.20","71.20","70.00","70.30","-0.7000","238"
"2460","建通","581882","16948381","29.50","30.20","28.70","29.20","-0.4000","436"
"2461","光群雷","1562330","35659547","23.50","23.50","22.40","22.75","-0.7500","898"
"2462","良得電","632478","20601408","33.40","33.50","32.20","32.25","-1.0500","485"
"2464","盟立","24163691","2043282343","85.80","86.70","81.40","83.60","-2.5000","15121"
"2465","麗臺","1665731","196947080","121.00","123.00","116.00","116.50","-2.0000","1504"
"2466","冠西電","28945","1055279","36.95","36.95","36.00","36.95","0.4000","30"
"2467","志聖","2313237","485649841","217.00","217.00","201.50","215.00","0.0000","2501"
"2468","華經","574925","14706977","26.40","26.45","24.60","25.35","-1.0000","420"
"2471","資通","1858326","111962164","60.50","61.50","58.70","58.70","0.0000","1540"
"2472","立隆電","2348473","197571341","86.20","87.00","82.80","82.80","-3.8000","1925"
"2474","可成","6080370","1247245944","200.00","209.00","200.00","207.00","5.0000","4835"
"2476","鉅祥","5731814","586858028","106.50","108.00","99.90","101.50","-7.0000","3761"
"2477","美隆電","1269857","34206762","28.30","28.55","26.20","26.20","-2.1000","1125"
"2478","大毅","542836","28710362","53.80","54.10","52.30","52.60","-1.3000","477"
"2480","敦陽科","384826","44014397","115.50","115.50","113.50","113.50","-1.5000","571"
"2481","強茂","4562117","264534928","60.00","60.00","57.00","57.40","-2.8000","3778"
"2482","連宇","1838158","67121394","39.00","39.20","35.50","36.00","-3.0500","1346"
"2483","百容","533463","13251652","25.25","25.40","24.40","24.80","-0.6000","255"
"2484","希華","773359","23772591","31.40","31.40","30.45","30.55","-0.8500","565"
"2485","兆赫","1910904","38355276","20.55","20.65","19.80","20.15","-0.5500","1447"
"2486","一詮","2900239","344948044","125.00","125.00","115.50","121.00","-2.0000","1615"
"2488","漢平","593731","27096001","46.60","46.60","45.00","45.65","-0.7500","500"
"2489","瑞軒","36851145","841003038","23.75","24.05","22.20","22.40","-1.1000","15534"
"2491","吉祥全","123791","1819468","15.25","15.25","14.50","15.00","-0.2500","122"
"2492","華新科","4480265","521626252","120.00","121.00","114.00","115.00","-5.0000","3545"
"2493","揚博","777404","65842311","87.10","87.30","83.60","83.80","-3.7000","852"
"2495","普安","3584163","112549550","32.40","32.60","30.65","31.00","-1.4000","2681"
"2496","卓越","69209","5043895","74.40","74.40","72.50","72.70","-1.8000","88"
"2497","怡利電","709702","41022037","58.40","58.90","57.00","58.10","-0.5000","551"
"2498","宏達電","5883170","259011508","45.00","45.30","43.25","43.90","-1.2000","4026"
"2501","國建","7416642","227460182","32.00","32.00","30.20","30.60","-1.0000","3866"
"2504","國產","12267098","587944400","48.20","48.50","46.90","48.05","0.4000","6418"
"2505","國揚","989863","27093430","27.80","28.00","27.00","27.60","-0.4000","771"
"2506","太設","1569253","18766236","12.20","12.40","11.80","12.00","-0.2000","603"
"2509","全坤建","2718049","67609744","25.30","25.80","24.20","25.80","0.4500","1764"
"2511","太子","3933176","48961351","12.75","12.80","12.30","12.50","-0.2500","1267"
"2514","龍邦","1457864","36737099","25.75","26.10","24.90","25.05","-0.7000","813"
"2515","中工","27211727","410312885","15.45","15.55","14.75","15.10","-0.2500","6738"
"2516","新建","2219908","28587923","13.10","13.20","12.65","12.85","-0.2000","641"
"2520","冠德","12616602","772618361","63.40","63.70","59.90","61.50","-1.7000","8759"
"2524","京城","3963720","280290578","75.40","75.40","67.90","72.00","-3.2000","3032"
"2527","宏璟","1175708","53146881","46.20","46.30","44.65","45.20","-1.2000","1062"
"2528","皇普","3350938","158964903","50.00","50.00","46.00","48.40","-1.5500","1794"
"2530","華建","2559694","135130656","53.10","53.70","51.90","53.30","-0.5000","1272"
"2534","宏盛","4626362","132972148","29.45","29.50","28.10","29.20","-0.3000","2198"
"2535","達欣工","525928","30511924","58.40","58.60","57.20","58.50","0.1000","820"
"2536","宏普","685984","23525915","35.20","35.20","33.85","34.60","-0.6000","529"
"2537","聯上發","18457235","454640746","26.50","26.50","24.05","24.35","-1.7000","7083"
"2538","基泰","4862063","100944108","21.40","21.55","20.40","20.75","-0.7500","1793"
"2539","櫻花建","2206077","160649739","75.30","75.40","71.50","72.00","-3.4000","1846"
"2540","愛山林","1405867","301421132","218.00","220.00","212.00","213.00","-4.0000","2448"
"2542","興富發","28880081","1757823795","63.60","63.70","59.90","60.60","-3.2000","15391"
"2543","皇昌","6504533","392637809","60.50","61.70","58.90","61.10","0.6000","4816"
"2545","皇翔","1781601","110241124","63.70","63.80","60.60","62.10","-1.6000","1771"
"2546","根基","336278","31981578","98.50","98.50","93.30","95.80","-2.7000","872"
"2547","日勝生","7192594","81345903","11.60","11.65","11.10","11.25","-0.2000","2107"
"2548","華固","4511961","718989425","166.00","166.00","154.50","160.00","-5.0000","6963"
"2597","潤弘","674709","127724803","194.00","196.50","185.00","189.50","-7.0000","1490"
"2601","益航","3468480","26745825","7.89","7.89","7.62","7.77","-0.1200","1252"
"2603","長榮","36842727","5941193093","163.00","164.00","158.50","162.00","-5.0000","25382"
"2605","新興","4571099","118904029","26.40","26.50","25.60","26.40","-0.1000","2529"
"2606","裕民","4220343","212619289","50.60","51.00","49.90","50.70","-0.1000","2649"
"2607","榮運","3192380","95718867","30.30","30.40","29.60","30.25","-0.1500","1580"
"2608","嘉里大榮","454329","18393567","40.65","40.65","40.30","40.60","-0.0500","429"
"2609","陽明","54526129","3182446668","59.20","59.60","57.30","58.60","-1.6000","25684"
"2610","華航","44593226","964702792","22.15","22.20","21.40","21.55","-0.7000","21684"
"2611","志信","1731002","44789900","26.50","26.50","25.35","25.90","-0.7500","991"
"2612","中航","577157","24681318","43.20","43.45","42.10","43.20","0.0000","423"
"2613","中櫃","1167896","39488979","34.10","34.35","33.45","34.05","-0.3500","774"
"2614","東森","1227612","26387065","21.40","21.85","21.20","21.40","-0.0500","955"
"2615","萬海","28523225","1986571381","69.60","71.70","68.00","71.00","-0.1000","15794"
"2616","山隆","167283","3941343","23.70","23.70","23.50","23.55","-0.1500","375"
"2617","台航","1614605","52472989","33.05","33.10","32.10","32.50","-0.7500","1088"
"2618","長榮航","52837554","1740049504","33.45","33.50","32.50","32.90","-0.6000","20200"
"2630","亞航","1561551","53646561","35.75","35.75","33.85","34.15","-1.1500","1005"
"2633","台灣高鐵","6732057","199306530","29.60","29.80","29.45","29.65","0.0000","2268"
"2634","漢翔","4527503","229338733","51.20","51.60","50.10","50.30","-0.7000","3215"
"2636","台驊投控","1145439","104013930","92.60","92.60","89.90","91.20","-2.0000","1152"
"2637","慧洋-KY","3739004","242978362","66.10","66.30","64.00","64.90","-1.9000","2661"
"2642","宅配通","272531","10044354","37.05","37.05","36.65","36.70","-0.3500","1284"
"2645","長榮航太","1325306","132275855","100.50","100.50","99.00","100.00","-0.5000","1377"
"2701","萬企","345847","4481898","13.00","13.00","12.90","12.95","-0.0500","167"
"2702","華園","566418","10615128","19.10","19.10","18.55","18.65","-0.5000","1031"
"2704","國賓","498345","34786188","70.40","71.10","68.60","71.00","0.0000","359"
"2705","六福","579547","10914240","19.15","19.20","18.70","18.80","-0.3500","392"
"2706","第一店","413345","6292049","15.40","15.40","15.10","15.25","-0.1500","425"
"2707","晶華","497727","100939391","207.00","207.00","200.00","202.50","-4.5000","880"
"2712","遠雄來","45313","1327805","30.20","30.20","29.05","29.60","0.2500","45"
"2722","夏都","244937","11808415","50.00","50.00","47.15","48.05","-1.8500","276"
"2723","美食-KY","888192","73484418","84.50","84.50","81.50","82.00","-3.1000","1068"
"2727","王品","859852","179894449","214.50","214.50","206.50","207.00","-7.5000","2114"
"2731","雄獅","2968782","444992048","154.00","154.50","148.00","148.50","0.0000","3287"
"2739","寒舍","1266021","80370252","65.00","65.80","60.90","64.90","0.2000","1445"
"2748","雲品","438155","28513755","66.80","66.80","64.20","64.60","-2.2000","553"
"2753","八方雲集","225080","36079515","162.00","162.00","159.50","160.00","-2.0000","506"
"2762","世界健身-KY","183248","15292034","85.10","85.10","82.60","82.60","-1.7000","321"
"2801","彰銀","18948246","351398865","18.70","18.70","18.45","18.55","-0.2000","4525"
"2809","京城銀","8602940","509848532","59.40","60.90","58.30","58.90","-0.5000","4125"
"2812","台中銀","22215130","432129116","19.60","19.60","19.25","19.55","-0.0500","5849"
"2816","旺旺保","833149","29397269","36.30","36.30","34.50","35.40","-0.9000","731"
"2820","華票","1075251","16061543","15.00","15.00","14.90","14.95","-0.0500","647"
"2832","台產","389869","10851357","28.25","28.25","27.60","28.00","-0.1500","342"
"2834","臺企銀","36398647","660977732","18.25","18.40","18.00","18.15","-0.1500","9918"
"2836","高雄銀","3263382","41172675","12.70","12.75","12.55","12.65","-0.1000","1039"
"2836A","高雄銀甲特","22736","473212","20.85","20.85","20.80","20.80","-0.0500","17"
"2838","聯邦銀","5356681","86527346","16.30","16.40","16.00","16.20","-0.0500","1409"
"2838A","聯邦銀甲特","178003","9157453","51.40","51.50","51.30","51.50","0.0000","46"
"2845","遠東銀","20123145","311410711","15.65","15.85","15.30","15.40","-0.2500","5668"
"2849","安泰銀","544037","7972638","14.70","15.05","14.50","14.90","0.0500","240"
"2850","新產","739496","68507964","93.30","93.40","91.70","93.40","0.1000","710"
"2851","中再保","2659370","71158836","26.95","27.00","26.55","26.60","-0.3500","1369"
"2852","第一保","1136247","27439952","24.40","24.40","23.95","24.15","-0.1000","372"
"2855","統一證","8717356","248446564","29.00","29.00","28.15","28.65","-0.3500","2804"
"2867","三商壽","45956214","363058446","8.00","8.06","7.82","7.86","-0.2000","11198"
"2880","華南金","24757102","672445431","27.30","27.30","26.90","27.25","-0.1500","8311"
"2881","富邦金","44181222","3676559552","85.70","85.80","82.50","82.60","-3.5000","25930"
"2881A","富邦特","94499","5800398","61.50","61.50","61.20","61.30","-0.2000","62"
"2881B","富邦金乙特","147473","8515175","57.80","57.80","57.70","57.80","0.0000","56"
"2881C","富邦金丙特","86846","4467435","51.50","51.60","51.30","51.30","-0.2000","82"
"2882","國泰金","48052149","2895799112","62.10","62.20","59.50","60.00","-2.6000","21837"
"2882A","國泰特","15751","945468","60.10","60.10","60.00","60.10","0.0000","14"
"2882B","國泰金乙特","18330","1054586","57.40","57.70","57.40","57.70","0.0000","21"
"2883","開發金","83544511","1294095173","15.85","15.85","15.30","15.45","-0.4500","16017"
"2883B","開發金乙特","2288058","16797911","7.36","7.38","7.31","7.34","-0.0400","382"
"2884","玉山金","51560124","1529228582","30.10","30.15","29.40","29.70","-0.5500","17451"
"2885","元大金","27675530","884462937","32.35","32.45","31.70","31.85","-0.7500","9698"
"2886","兆豐金","26668974","1122815186","41.90","42.45","41.60","42.45","0.2000","11335"
"2887","台新金","39631619","773801126","19.65","19.65","19.40","19.60","-0.1500","10392"
"2887E","台新戊特","46367","2362442","51.00","51.00","50.90","50.90","0.0000","29"
"2887F","台新戊特二","20275","931635","45.95","45.95","45.95","45.95","0.0000","12"
"2887Z1","台新己特","65925","1067735","16.20","16.20","16.15","16.15","0.0000","23"
"2888","新光金","229238115","2405591309","10.80","10.85","10.30","10.50","-0.3500","24412"
"2888A","新光金甲特","109357","3354939","31.00","31.00","30.55","30.65","-0.3500","66"
"2888B","新光金乙特","111829","3481166","31.30","31.40","30.95","31.10","-0.2000","43"
"2889","國票金","9355059","138804531","15.00","15.00","14.65","15.00","0.0000","3365"
"2890","永豐金","24336587","635700182","26.65","26.65","25.85","26.30","-0.3000","8856"
"2891","中信金","69976819","2499778263","36.05","36.35","35.50","35.50","-0.4500","22449"
"2891B","中信金乙特","71317","4252420","59.70","59.80","59.60","59.70","0.0000","29"
"2891C","中信金丙特","20422","1170570","57.30","57.50","57.00","57.50","0.1000","20"
"2892","第一金","17004806","491225531","29.00","29.05","28.70","29.00","-0.1500","7722"
"2897","王道銀行","13640062","145031435","10.70","10.75","10.55","10.65","0.0000","2867"
"2897A","王道銀甲特","776428","8236187","10.65","10.65","10.55","10.60","-0.1000","52"
"2901","欣欣","39519","1086366","27.90","28.00","27.00","27.90","-0.0500","119"
"2903","遠百","4993741","152168772","30.50","30.65","30.25","30.40","-0.2000","2451"
"2904","匯僑","76045","1407481","18.70","18.70","18.40","18.45","-0.2500","126"
"2905","三商","2717922","49615298","18.20","18.55","18.15","18.30","-0.0500","916"
"2906","高林","1633355","35740217","21.85","22.35","21.50","21.75","0.0000","828"
"2908","特力","217300","4412058","20.35","20.40","20.10","20.30","0.0500","132"
"2910","統領","22197","589793","26.50","26.95","26.20","26.85","0.0500","22"
"2911","麗嬰房","157284","1177400","7.60","7.60","7.40","7.43","-0.1700","348"
"2912","統一超","1640601","461514530","282.00","282.00","279.50","282.00","0.0000","2615"
"2913","農林","5808352","128529296","22.75","22.75","21.75","22.10","-0.6500","2914"
"2915","潤泰全","8417826","649056618","78.50","78.50","76.00","77.60","-1.2000","5597"
"2923","鼎固-KY","343933","10320549","28.25","31.20","28.10","30.95","2.5000","242"
"2929","淘帝-KY","361784","3406390","9.64","9.64","9.25","9.37","-0.2700","226"
"2939","凱羿-KY","502224","13076916","24.60","26.20","24.60","26.20","2.3500","230"
"2945","三商家購","55118","2368070","43.05","43.40","42.85","43.05","0.0000","34"
"3002","歐格","295232","4663417","15.90","16.10","15.55","15.75","-0.1500","149"
"3003","健和興","457752","35010771","78.10","78.20","75.50","76.50","-1.7000","662"
"3004","豐達科","307884","29719328","99.00","99.00","95.60","95.80","-2.5000","306"
"3005","神基","6569289","702494140","108.50","109.50","104.00","108.50","0.0000","4022"
"3006","晶豪科","8400270","758505330","93.00","94.00","87.30","91.10","-2.6000","6652"
"3008","大立光","1684491","4746606330","2870.00","2900.00","2760.00","2830.00","-70.0000","7257"
"3010","華立","4409622","633608244","148.00","148.50","139.00","144.00","-6.0000","3214"
"3011","今皓","972612","26114433","27.70","27.70","26.35","27.00","-0.6000","424"
"3013","晟銘電","26298263","3149983307","123.00","127.00","113.50","116.50","-4.0000","17480"
"3014","聯陽","1934530","294840546","158.50","158.50","150.00","152.00","-5.0000","1838"
"3015","全漢","636025","37438082","60.20","60.20","58.50","58.70","-1.3000","522"
"3016","嘉晶","1734098","109073197","65.00","65.00","61.80","62.10","-2.9000","1460"
"3017","奇鋐","14524598","9499692069","696.00","697.00","628.00","634.00","-53.0000","20199"
"3018","隆銘綠能","194907","5590785","26.60","29.20","26.60","29.00","0.5000","243"
"3019","亞光","12055716","1069110593","90.10","91.10","86.80","87.10","-2.2000","7315"
"3021","鴻名","613482","16665369","26.80","28.20","26.60","27.00","-0.0500","447"
"3022","威強電","4406813","411741921","95.00","95.50","90.90","91.50","-2.2000","4868"
"3023","信邦","2765857","919717413","328.00","339.50","325.00","337.00","7.0000","3187"
"3024","憶聲","3785186","82791049","22.30","22.35","21.50","22.05","-0.1000","1318"
"3025","星通","1198212","78996891","67.70","67.90","64.90","65.90","-1.8000","1003"
"3026","禾伸堂","804762","72740721","92.40","92.40","89.90","90.60","-1.4000","973"
"3027","盛達","2590145","104969200","40.25","41.40","39.10","40.70","0.4000","1705"
"3028","增你強","817481","28252162","35.15","35.15","34.30","34.50","-0.7000","786"
"3029","零壹","5705819","644050769","116.00","116.00","110.50","112.00","-2.0000","4898"
"3030","德律","2516675","371284433","149.00","151.50","145.00","146.00","-4.0000","1765"
"3031","佰鴻","569597","11930261","21.60","21.60","20.60","20.80","-0.9000","396"
"3032","偉訓","1679589","113330355","69.40","70.00","66.50","67.00","-2.4000","1186"
"3033","威健","5161409","193772350","38.15","38.20","37.20","37.50","-0.6500","3025"
"3034","聯詠","5134237","2730720958","543.00","547.00","524.00","524.00","-19.0000","8005"
"3035","智原","11676783","3777945780","335.50","338.00","314.00","318.50","-19.0000","14215"
"3036","文曄","5081967","572735852","115.50","116.00","110.50","113.00","-2.5000","3700"
"3036A","文曄甲特","47375","2233715","47.20","47.20","47.10","47.15","-0.0500","24"
"3037","欣興","34895625","6716329562","195.00","197.00","188.00","190.50","-2.0000","24063"
"3038","全台","1103488","31351230","29.05","29.05","28.00","28.50","-0.6500","788"
"3040","遠見","315830","10539658","34.75","34.85","32.75","33.20","-1.5500","786"
"3041","揚智","1396701","29442027","21.90","21.90","20.50","21.20","-0.7000","1261"
"3042","晶技","2865838","304252969","108.50","109.00","104.00","105.50","-3.5000","2222"
"3043","科風","247150","8662466","35.60","36.00","34.50","34.60","-1.1000","360"
"3044","健鼎","4529472","930505588","207.00","209.00","202.50","204.50","-4.0000","3340"
"3045","台灣大","11638660","1203521067","103.50","104.50","102.50","103.50","0.0000","4312"
"3046","建碁","365200","21100770","59.50","59.50","57.00","57.60","-1.9000","358"
"3047","訊舟","9301935","351274582","40.45","40.45","36.50","37.25","-3.2000","5392"
"3048","益登","7308758","335071440","47.50","47.95","45.00","45.35","-1.8500","5093"
"3049","精金","4023289","36489211","9.26","9.28","8.95","9.06","-0.2000","1717"
"3050","鈺德","4708433","115554621","25.60","25.60","23.85","24.35","-1.0500","2374"
"3051","力特","1048854","31574851","30.70","30.80","29.85","30.15","-0.5500","826"
"3052","夆典","5258141","73370469","14.00","14.30","13.70","13.90","0.0500","1999"
"3054","立萬利","17000","344850","20.70","20.70","20.05","20.50","0.1500","15"
"3055","蔚華科","2010249","156801606","80.00","80.20","76.40","77.10","-3.4000","1537"
"3056","富華新","4694324","170996497","37.35","37.35","35.90","37.00","-0.4000","4028"
"3057","喬鼎","457077","6368969","14.45","14.45","13.60","13.90","-0.5500","466"
"3058","立德","1602904","28844324","18.05","18.25","17.75","18.05","-0.1500","843"
"3059","華晶科","3348719","129059381","39.05","39.40","38.10","38.25","-1.0000","2051"
"3060","銘異","3309510","97381943","30.00","30.10","28.80","29.30","-1.0000","1911"
"3062","建漢","11436621","354039976","31.25","32.00","30.05","31.55","0.2500","5608"
"3090","日電貿","1088407","66959386","63.00","63.00","60.80","61.30","-1.7000","954"
"3092","鴻碩","296969","8984635","31.40","31.45","30.00","30.20","-0.3000","215"
"3094","聯傑","1352628","45988660","35.00","35.40","33.30","33.80","-1.3000","1035"
"3130","一零四","44840","10212554","230.00","230.00","227.00","227.00","-2.0000","245"
"3138","耀登","238123","29899862","126.50","127.50","124.50","125.00","-1.5000","284"
"3149","正達","3470528","88918948","27.00","27.00","25.05","25.60","-1.5000","2567"
"3150","鈺寶-創","64001","2688792","42.50","42.50","41.50","42.50","-1.0000","44"
"3164","景岳","83090","1931628","23.20","23.40","23.10","23.25","-0.1500","184"
"3167","大量","1610868","105000113","67.40","67.40","63.60","64.20","-2.7000","1286"
"3168","眾福科","207958","12313742","58.10","60.00","58.10","59.60","1.5000","175"
"3189","景碩","24089910","2785310958","119.50","120.00","111.00","115.50","-2.0000","14514"
"3209","全科","704426","25566770","36.80","36.80","36.10","36.40","-0.4000","660"
"3229","晟鈦","340192","8645138","27.00","27.00","25.00","25.10","-1.9000","293"
"3231","緯創","57079493","5809452767","105.50","106.00","99.60","100.50","-5.0000","31404"
"3257","虹冠電","374707","20103945","55.50","55.50","52.80","53.20","-2.3000","346"
"3266","昇陽","785890","19072310","24.90","25.00","24.00","24.10","-0.9000","438"
"3296","勝德","1153736","31139636","26.85","27.45","26.40","26.75","-0.3500","919"
"3305","昇貿","1761842","124348927","73.40","73.50","69.00","71.00","-2.4000","1484"
"3308","聯德","207713","5480387","27.10","27.30","25.95","26.25","-0.5000","693"
"3311","閎暉","263091","10061023","38.60","38.60","38.00","38.00","-0.7000","220"
"3312","弘憶股","13383614","1239568659","93.00","94.30","90.50","91.80","-0.6000","9087"
"3321","同泰","1164306","27449373","23.80","24.10","23.05","23.10","-0.7000","751"
"3338","泰碩","4456201","357808382","84.30","85.00","78.20","78.60","-5.2000","3799"
"3346","麗清","1188497","49178349","42.40","43.00","41.00","41.20","-1.1000","889"
"3356","奇偶","1632711","106541808","66.80","67.00","64.10","64.80","-2.4000","1279"
"3376","新日興","11288011","2416914278","221.00","222.50","213.00","215.00","-21.5000","25101"
"3380","明泰","5067137","174966740","36.05","36.05","33.85","34.00","-2.5500","3533"
"3406","玉晶光","2004970","1139998482","576.00","577.00","559.00","572.00","-10.0000","2997"
"3413","京鼎","1791056","579920035","331.00","334.50","317.00","317.00","-13.5000","2603"
"3416","融程電","443906","59205619","136.00","136.50","132.00","132.00","-5.0000","539"
"3419","譁裕","1820882","35148850","19.55","20.05","18.95","19.20","-0.5000","996"
"3432","台端","193617","5012323","26.10","26.50","25.30","25.80","-0.3000","132"
"3437","榮創","2087652","56851691","28.20","28.50","26.75","26.75","-1.5500","1325"
"3443","創意","1793303","2554500060","1435.00","1450.00","1390.00","1435.00","-5.0000","4171"
"3447","展達","138455","4613440","34.00","34.00","33.10","33.25","-0.3500","145"
"3450","聯鈞","21933195","2888132855","138.00","139.00","127.00","127.00","-10.0000","13689"
"3454","晶睿","530064","73956677","145.00","145.00","137.50","137.50","-7.5000","578"
"3481","群創","268274078","4230219516","16.30","16.30","15.50","15.50","-0.6500","48115"
"3494","誠研","435500","3539164","8.49","8.49","8.00","8.22","-0.0300","155"
"3501","維熹","1139595","81060981","71.80","72.10","70.00","71.50","-1.3000","733"
"3504","揚明光","383467","21475853","57.10","57.30","55.40","55.80","-1.3000","353"
"3515","華擎","724658","150051846","216.50","216.50","202.00","207.00","-9.5000","1192"
"3518","柏騰","2334333","73190816","32.30","32.60","30.55","30.70","-1.4000","1591"
"3528","安馳","175539","8383321","48.85","49.00","47.20","47.20","-2.0000","202"
"3530","晶相光","414089","40180437","98.60","99.50","95.50","95.90","-3.0000","414"
"3532","台勝科","1239477","206916380","174.00","174.00","163.00","165.00","-8.0000","1265"
"3533","嘉澤","981453","1380876100","1435.00","1450.00","1385.00","1390.00","-35.0000","1436"
"3535","晶彩科","3887032","259375712","69.50","69.50","65.20","66.60","-1.9000","2710"
"3543","州巧","141304","3091338","22.15","22.20","21.70","22.20","-0.1000","78"
"3545","敦泰","2875417","246481620","88.10","88.60","84.30","84.60","-4.0000","2754"
"3550","聯穎","231106","3609390","15.85","15.90","15.45","15.50","-0.4000","176"
"3557","嘉威","388155","28677761","77.20","77.20","72.70","72.70","-3.3000","1493"
"3563","牧德","1222269","429072781","367.00","374.00","339.00","341.50","-25.0000","2005"
"3576","聯合再生","13335651","180748724","13.75","14.10","13.20","13.20","-0.5500","5585"
"3583","辛耘","9328128","3730989942","418.00","429.00","380.50","391.00","-29.0000","10294"
"3588","通嘉","1228224","99915567","85.90","86.70","79.40","80.10","-5.6000","1088"
"3591","艾笛森","1717730","47849056","29.20","29.20","27.40","27.55","-1.3000","978"
"3592","瑞鼎","705319","258270712","379.00","379.00","361.50","363.00","-17.0000","1491"
"3593","力銘","517187","10256402","20.70","20.70","19.10","19.10","-0.9000","370"
"3596","智易","2345738","332969747","147.00","147.00","140.00","140.50","-6.5000","2658"
"3605","宏致","1101724","52497668","48.10","48.65","47.00","47.80","-0.3000","968"
"3607","谷崧","1821661","35095107","19.90","19.90","18.90","19.25","-0.5500","906"
"3617","碩天","986098","259266946","270.00","273.50","258.50","258.50","-10.5000","1121"
"3622","洋華","1567539","103345064","67.60","68.00","64.90","65.60","-2.0000","1529"
"3645","達邁","912746","39646853","45.05","45.05","42.80","43.15","-1.2000","694"
"3652","精聯","3155894","148794756","46.10","49.80","43.30","48.05","2.1000","2269"
"3653","健策","1146551","1236259030","1145.00","1155.00","1040.00","1065.00","-75.0000","1881"
"3661","世芯-KY","2638046","7178380145","2725.00","2795.00","2630.00","2765.00","50.0000","10318"
"3665","貿聯-KY","3078829","1196910625","389.50","399.00","378.50","388.00","-4.0000","3638"
"3669","圓展","343118","16981898","50.80","50.80","48.75","49.10","-1.4000","324"
"3673","TPK-KY","14267297","683537544","50.00","50.30","46.95","47.05","-2.7500","8331"
"3679","新至陞","160135","21547244","136.00","136.50","133.50","135.50","-1.5000","197"
"3686","達能","7286686","236242853","30.15","33.10","30.15","33.10","3.0000","3690"
"3694","海華","1067327","47369842","45.25","45.25","43.80","44.00","-1.3000","1140"
"3701","大眾控","915452","41963421","48.55","48.55","45.20","45.55","-2.0000","646"
"3702","大聯大","10817446","997285710","94.00","94.50","90.70","92.30","-1.9000","10264"
"3702A","大聯大甲特","185120","9092658","49.20","49.20","49.10","49.15","0.0500","58"
"3703","欣陸","3486343","119862030","34.80","35.10","33.65","34.55","-0.2000","2371"
"3704","合勤控","3396347","127234244","39.00","39.00","36.60","37.15","-1.9000","2135"
"3705","永信","531384","27804951","52.50","52.80","51.80","52.60","0.7000","505"
"3706","神達","12909294","579570216","45.90","46.15","43.90","45.00","-0.9000","6357"
"3708","上緯投控","6056905","743255746","130.50","132.00","118.50","120.50","-8.5000","4725"
"3711","日月光投控","20661394","3411664056","168.50","169.00","163.00","164.00","-7.0000","11792"
"3712","永崴投控","18742472","1159680944","60.10","63.70","60.10","60.50","0.0000","11692"
"3714","富采","4585698","191937593","43.00","43.45","41.20","41.25","-1.9500","3494"
"3715","定穎投控","12567340","690701245","59.00","59.20","53.60","53.60","-5.8000","9235"
"4104","佳醫","384993","33932545","89.10","89.10","87.80","88.10","-1.1000","874"
"4106","雃博","211569","5945970","28.65","28.65","27.95","28.00","-0.6500","320"
"4108","懷特","385295","7569979","19.85","19.85","19.50","19.55","-0.3000","787"
"4119","旭富","227299","20673050","91.60","91.60","90.70","90.80","-0.8000","717"
"4133","亞諾法","209934","6918923","33.10","33.40","32.65","32.70","-0.4000","286"
"4137","麗豐-KY","271073","40176295","150.00","150.00","147.00","148.50","-2.0000","346"
"4142","國光生","1785979","51967798","29.05","29.55","28.85","29.05","0.2000","1063"
"4148","全宇生技-KY","81841","3715280","46.35","46.35","45.00","45.00","-2.0500","198"
"4155","訊映","516782","13214435","25.85","25.90","25.30","25.75","0.0500","426"
"4164","承業醫","1053044","50193947","47.55","49.00","47.00","47.40","0.3500","2252"
"4190","佐登-KY","57953","2801313","49.10","49.10","48.15","48.15","-0.9500","99"
"4306","炎洲","5481603","109620662","20.10","20.40","19.70","20.00","-0.2500","2188"
"4414","如興","1721415","5982913","3.75","3.77","3.38","3.48","-0.2700","425"
"4426","利勤","186443","2936956","15.80","16.05","15.50","15.90","0.0000","160"
"4438","廣越","57877","6398247","111.50","111.50","110.00","110.00","-1.5000","76"
"4439","冠星-KY","14081","1495640","106.50","106.50","106.00","106.50","0.0000","27"
"4440","宜新實業","88628","2327611","26.80","26.80","26.10","26.30","0.0000","71"
"4526","東台","7179802","196758995","27.10","28.20","26.30","27.30","0.2000","3771"
"4532","瑞智","3068750","85477193","28.90","28.90","27.45","27.80","-0.8000","1788"
"4536","拓凱","171963","31059593","183.00","183.00","179.00","180.00","-3.5000","2582"
"4540","全球傳動","703616","25559535","37.50","37.60","35.20","36.05","-1.4500","1093"
"4545","銘鈺","1685958","93388269","53.40","56.70","52.70","55.60","1.6000","1166"
"4551","智伸科","789293","76129620","100.00","100.00","95.40","95.50","-5.0000","642"
"4552","力達-KY","496717","13708942","27.95","27.95","27.35","27.55","-0.4000","297"
"4555","氣立","202258","11154674","56.40","57.00","53.80","53.80","-3.7000","186"
"4557","永新-KY","145565","15243649","108.00","108.00","104.00","104.50","-3.5000","185"
"4560","強信-KY","247538","9051732","36.65","36.85","36.35","36.80","0.1500","87"
"4562","穎漢","2662203","167381369","62.60","64.50","60.50","62.90","1.0000","2175"
"4564","元翎","986071","23297211","23.85","24.45","23.25","24.00","0.0500","852"
"4566","時碩工業","24276841","2565778164","113.00","115.00","101.00","101.00","-11.0000","12684"
"4569","六方科-KY","40148","4079958","102.50","103.00","100.50","103.00","0.0000","33"
"4571","鈞興-KY","354235","46474421","135.50","136.00","128.50","129.00","-5.0000","349"
"4572","駐龍","219514","34312710","158.50","158.50","154.50","156.00","-1.5000","223"
"4576","大銀微系統","315703","23429958","76.50","76.50","73.00","74.50","-2.0000","348"
"4581","光隆精密-KY","76353","4756516","63.80","63.80","62.00","62.00","-0.9000","67"
"4583","台灣精銳","235709","66326524","295.50","295.50","278.50","280.00","-10.0000","1455"
"4588","玖鼎電力","392778","43418010","114.50","115.00","107.50","109.00","-4.5000","419"
"4720","德淵","1641761","38848879","24.25","24.35","23.20","23.80","-0.5500","912"
"4722","國精化","410457","19505597","48.20","49.05","46.80","48.15","-0.9000","388"
"4736","泰博","253754","41639885","166.50","166.50","163.00","164.00","-2.0000","364"
"4737","華廣","71392","4864356","68.80","68.80","67.80","67.90","-0.5000","59"
"4739","康普","582911","38469882","66.70","67.60","65.00","66.00","-1.3000","623"
"4746","台耀","1912990","204465856","108.00","110.50","105.00","106.00","-1.0000","2044"
"4755","三福化","253989","34279996","139.00","139.00","133.00","133.50","-5.5000","439"
"4763","材料-KY","3033316","2459745098","849.00","851.00","796.00","796.00","-53.0000","7662"
"4764","雙鍵","19000","828100","43.00","44.20","42.95","44.20","-0.3500","16"
"4766","南寶","636314","213056479","330.00","339.50","330.00","330.50","-2.5000","727"
"4770","上品","395773","153965546","397.00","399.00","385.00","389.50","-7.5000","585"
"4771","望隼","316204","78354402","257.00","257.00","242.50","246.00","-12.5000","522"
"4807","日成-KY","106566","2163681","21.20","21.20","19.65","19.70","-1.5000","82"
"4904","遠傳","10770588","908948643","84.50","85.40","83.70","84.40","-0.6000","4929"
"4906","正文","17804524","749722486","44.10","44.10","41.30","41.30","-3.0000","9961"
"4912","聯德控股-KY","1126048","117457326","107.00","107.00","102.00","103.50","-5.0000","526"
"4915","致伸","3932395","349504643","90.20","90.40","87.60","88.70","-1.3000","3098"
"4916","事欣科","23789655","888965849","36.50","38.50","36.10","37.55","1.6500","14406"
"4919","新唐","3838899","444859001","119.00","119.00","113.50","115.00","-3.5000","3051"
"4927","泰鼎-KY","991422","51564370","52.60","53.80","50.60","51.90","-0.6000","667"
"4930","燦星網","161188","5083939","32.30","32.30","31.00","31.55","-0.7500","207"
"4934","太極","997553","22157016","22.95","22.95","21.90","22.00","-0.7000","673"
"4935","茂林-KY","183849","10690032","58.60","58.80","57.30","58.70","0.3000","159"
"4938","和碩","11273632","1171619127","105.50","106.00","102.50","103.50","-2.5000","4791"
"4942","嘉彰","597254","27247567","45.80","46.05","45.35","45.55","-0.4000","280"
"4943","康控-KY","54698","1075301","20.15","20.15","18.40","19.50","-0.6500","35"
"4949","有成精密","190979","5367469","28.10","28.65","27.20","28.40","0.3000","151"
"4952","凌通","978435","59300040","63.00","63.20","59.00","59.40","-3.4000","934"
"4956","光鋐","2952891","82186427","28.10","28.85","27.40","27.60","-0.7500","1405"
"4958","臻鼎-KY","12130446","1656523336","141.00","141.50","133.00","136.00","-4.0000","7224"
"4960","誠美材","5858612","93343605","16.20","16.50","15.60","15.85","-0.4000","2253"
"4961","天鈺","1112848","278785481","258.00","258.00","246.00","252.00","-4.5000","1357"
"4967","十銓","7937715","1022878563","131.00","133.00","126.00","129.00","-3.5000","5198"
"4968","立積","5169311","1112722866","226.00","229.00","206.50","213.50","-14.5000","5695"
"4976","佳凌","1803811","87099739","48.75","49.40","47.70","48.10","-0.9000","1421"
"4977","眾達-KY","1527778","119865831","79.60","80.90","77.40","77.70","-2.3000","1323"
"4989","榮科","264171","6313571","24.50","24.50","23.60","23.70","-0.6500","375"
"4994","傳奇","156120","16024616","104.00","106.50","100.50","102.50","-1.0000","249"
"4999","鑫禾","125506","4254727","34.15","34.15","33.65","33.95","-0.2000","411"
"5007","三星","76238","4324074","56.90","57.00","56.40","56.80","0.2000","66"
"5203","訊連","537422","56695031","107.50","109.50","102.50","103.00","-5.0000","510"
"5215","科嘉-KY","160598","7694438","49.35","49.35","47.60","47.85","-1.4500","161"
"5222","全訊","619933","102040944","167.50","167.50","163.00","163.00","-1.5000","2575"
"5225","東科-KY","2741053","356360049","136.50","137.50","126.50","127.00","-9.5000","2024"
"5234","達興材料","1828754","271535538","150.00","152.50","145.50","146.00","-3.5000","1379"
"5243","乙盛-KY","1586878","99931405","65.00","65.00","61.90","63.10","-1.5000","1341"
"5244","弘凱","166640","7848008","47.00","47.70","46.60","46.80","-0.3500","123"
"5258","虹堡","1329268","161564415","124.50","124.50","120.00","120.50","-4.5000","1192"
"5269","祥碩","1764011","2952878250","1780.00","1780.00","1615.00","1665.00","-125.0000","4977"
"5283","禾聯碩","168428","17515020","104.00","104.50","103.50","103.50","-1.0000","160"
"5284","jpp-KY","473971","57149250","124.00","125.00","118.50","119.50","-5.5000","564"
"5285","界霖","174437","10967998","64.40","64.40","62.30","62.60","-1.8000","386"
"5288","豐祥-KY","110262","22783420","209.50","209.50","204.50","209.00","-0.5000","99"
"5292","華懋","253223","42559679","169.00","170.00","166.00","166.50","-3.5000","415"
"5306","桂盟","157298","21881652","140.50","141.00","137.50","140.00","-1.5000","270"
"5388","中磊","3687161","422534861","118.00","118.00","112.50","114.00","-4.0000","2737"
"5434","崇越","1360271","362164155","272.50","274.50","263.50","265.00","-8.0000","1770"
"5469","瀚宇博","4041918","198257912","50.00","50.20","48.25","49.25","-1.0500","2643"
"5471","松翰","672423","33081133","50.40","50.50","48.60","49.05","-1.4500","690"
"5484","慧友","778295","55852923","74.20","74.20","69.90","69.90","-5.1000","688"
"5515","建國","1329889","30431481","23.50","23.50","22.60","22.85","-0.6000","735"
"5519","隆大","3471159","176783359","52.10","52.10","49.65","52.00","0.0000","2277"
"5521","工信","3025187","37849874","12.75","12.80","12.35","12.65","-0.1000","947"
"5522","遠雄","3534306","296500028","86.80","86.80","82.70","84.40","-2.4000","2519"
"5525","順天","239966","9134908","38.60","38.90","37.30","38.85","0.2500","202"
"5531","鄉林","2316284","25665422","11.40","11.40","10.90","11.15","-0.2500","906"
"5533","皇鼎","394411","9019422","23.20","23.20","22.70","22.85","-0.2000","227"
"5534","長虹","3928695","502347984","132.50","132.50","125.00","129.50","-2.5000","3205"
"5538","東明-KY","37257","1127722","30.30","30.60","30.00","30.40","-0.2500","26"
"5546","永固-KY","100960","3026995","30.95","31.00","29.50","29.85","0.0000","169"
"5607","遠雄港","1779602","107119004","60.60","60.80","59.20","60.30","-0.5000","1147"
"5608","四維航","2926539","55129053","19.05","19.20","18.60","19.00","-0.2000","1445"
"5706","鳳凰","983985","65243671","68.80","68.80","64.80","65.90","-2.9000","932"
"5871","中租-KY","11393035","1673355088","150.00","150.00","145.50","147.00","-3.5000","12570"
"5871A","中租-KY甲特","106548","10000045","94.10","94.10","93.70","93.90","-0.2000","62"
"5876","上海商銀","17021300","710552447","42.05","42.25","41.35","41.60","-0.6000","7409"
"5880","合庫金","11801478","311160191","26.55","26.55","26.20","26.40","-0.2500","5755"
"5906","台南-KY","19459","1230414","63.50","64.80","63.50","63.60","0.0000","757"
"5907","大洋-KY","227250","2061949","9.56","9.56","8.99","9.01","-0.2700","143"
"6005","群益證","20417172","472153978","23.60","23.70","22.90","23.10","-0.4500","6940"
"6024","群益期","639703","34663911","54.60","54.80","53.80","54.20","-0.6000","619"
"6108","競國","571019","10855294","19.50","19.50","18.85","18.90","-0.6000","347"
"6112","邁達特","1698586","106350450","65.00","65.00","61.00","62.70","-2.4000","1709"
"6115","鎰勝","303958","16260096","54.00","54.00","53.20","53.60","-0.4000","299"
"6116","彩晶","16479542","156496456","9.67","9.69","9.43","9.43","-0.2100","10287"
"6117","迎廣","11015680","1399878103","124.50","131.50","122.50","127.00","3.5000","7604"
"6120","達運","5451030","79918391","15.15","15.15","14.45","14.50","-0.6000","2142"
"6128","上福","461520","16465775","36.10","36.45","35.40","35.50","-0.6000","385"
"6133","金橋","1384381","28742046","22.20","22.45","20.05","20.60","-1.6000","850"
"6136","富爾特","346518","7852777","22.80","22.95","22.55","22.70","-0.2000","156"
"6139","亞翔","6992592","1700760993","252.00","253.50","237.00","240.50","-8.5000","22510"
"6141","柏承","219434","3618555","16.85","16.90","16.30","16.60","-0.3500","190"
"6142","友勁","1445517","15897859","11.05","11.30","10.80","10.85","-0.6000","697"
"6152","百一","4279821","72868909","17.30","17.80","16.50","16.85","-0.5000","1811"
"6153","嘉聯益","4288941","97957689","23.50","23.60","22.40","22.70","-0.8000","2502"
"6155","鈞寶","926325","28108848","31.10","31.20","29.70","30.50","-0.5500","599"
"6164","華興","1353673","20250578","15.30","15.40","14.75","14.85","-0.5000","681"
"6165","浪凡","502807","17937518","36.75","36.80","35.10","35.30","-1.5000","305"
"6166","凌華","963423","70585563","75.10","75.30","72.40","72.70","-2.4000","965"
"6168","宏齊","646261","14824530","23.40","23.40","22.65","22.80","-0.6000","514"
"6176","瑞儀","4244992","765909652","181.50","182.50","178.50","180.50","0.5000","3353"
"6177","達麗","8129843","539194779","67.00","68.30","64.60","66.70","-0.5000","5460"
"6183","關貿","86743","6506186","74.90","75.80","74.80","75.20","0.3000","124"
"6184","大豐電","46767","2473845","53.00","53.10","52.60","53.00","0.0000","91"
"6189","豐藝","3805383","334393259","90.30","90.80","86.10","87.30","-3.0000","3355"
"6191","精成科","3418360","213899412","64.50","64.50","61.70","62.20","-2.3000","2360"
"6192","巨路","253953","29491071","117.50","118.00","114.50","116.50","-1.5000","221"
"6196","帆宣","1255029","189394664","154.50","154.50","149.00","151.00","-2.5000","1374"
"6197","佳必琪","4142860","724497632","176.50","180.50","171.50","173.00","-4.5000","9016"
"6201","亞弘電","74265","4694954","63.70","63.70","63.00","63.10","-0.7000","101"
"6202","盛群","1644622","94199303","60.00","60.00","56.00","56.90","-3.1000","1776"
"6205","詮欣","707038","49715490","72.60","72.60","69.40","70.20","-2.4000","443"
"6206","飛捷","896744","79779016","90.10","90.30","87.90","88.60","-1.9000","909"
"6209","今國光","1582565","44536585","28.50","28.80","27.85","28.10","-0.7000","820"
"6213","聯茂","11095120","1123190685","105.50","106.50","99.00","99.00","-7.5000","6509"
"6214","精誠","897849","110508336","125.00","125.00","121.50","123.00","-3.0000","1060"
"6215","和椿","5758982","348157616","59.70","62.60","58.00","59.60","-0.6000","3872"
"6216","居易","1422863","64766612","46.85","47.10","45.00","45.20","-1.6500","971"
"6224","聚鼎","404411","23129415","57.90","58.70","56.50","56.50","-1.4000","551"
"6225","天瀚","14345","224200","15.60","16.20","15.10","16.20","0.6000","16"
"6226","光鼎","319352","3405357","10.95","10.95","10.50","10.70","-0.2500","224"
"6230","尼得科超眾","300626","80550564","277.00","277.00","262.00","267.50","-6.0000","595"
"6235","華孚","2742531","221582415","83.30","83.90","79.40","80.00","-3.4000","2503"
"6239","力成","6408677","1199243886","187.00","190.50","184.50","185.50","-2.0000","14510"
"6243","迅杰","507743","28595762","57.60","58.10","55.10","55.80","-2.4000","797"
"6257","矽格","4138191","316346922","78.50","78.50","75.40","76.00","-2.3000","2835"
"6269","台郡","3871665","350988997","91.70","92.00","89.80","90.60","-1.3000","4312"
"6271","同欣電","2356515","349495222","151.50","152.50","145.00","147.00","-4.0000","2171"
"6277","宏正","253831","20302841","80.70","80.70","79.60","80.20","-0.5000","254"
"6278","台表科","7030467","879610855","129.50","129.50","122.00","123.50","-6.5000","4732"
"6281","全國電","85605","7180036","84.00","84.00","83.80","84.00","0.0000","130"
"6282","康舒","7150356","263841872","37.80","37.85","36.35","36.70","-1.2500","4760"
"6283","淳安","520130","14496257","28.65","28.65","27.50","27.85","-0.7500","345"
"6285","啟碁","5715917","805263099","146.00","146.00","138.00","141.00","-4.5000","5256"
"6288","聯嘉","1766106","49950975","29.30","29.30","27.90","28.15","-1.0500","1174"
"6405","悅城","193160","4851064","25.55","25.65","24.65","25.65","0.1500","124"
"6409","旭隼","206136","343875015","1745.00","1795.00","1600.00","1660.00","0.0000","572"
"6412","群電","1011495","138706618","140.50","140.50","135.50","137.50","-1.0000","777"
"6414","樺漢","1503070","476729517","324.50","325.00","311.50","315.00","-9.5000","2024"
"6415","矽力*-KY","4124132","1724199439","440.00","444.00","406.50","417.50","-29.5000","4833"
"6416","瑞祺電通","764989","103204216","137.50","138.00","132.50","134.50","-2.0000","805"
"6423","億而得-創","20355","1934709","95.50","96.40","94.50","96.40","0.8000","25"
"6426","統新","172938","10998900","64.90","64.90","63.10","63.10","-1.8000","195"
"6431","光麗-KY","524185","8775795","16.50","16.75","16.50","16.75","1.5000","201"
"6438","迅得","1517776","182867426","123.00","125.00","118.00","118.00","-6.0000","1247"
"6442","光聖","178147","86450956","500.00","500.00","481.50","481.50","-53.5000","634"
"6443","元晶","13290597","391523998","30.05","30.65","28.85","28.90","-1.2500","7047"
"6446","藥華藥","6757584","4240325221","652.00","660.00","602.00","624.00","-24.0000","11107"
"6449","鈺邦","2744618","440467670","162.00","166.00","154.50","163.50","-0.5000","2419"
"6451","訊芯-KY","2888022","670964559","242.50","244.50","227.50","228.50","-12.5000","6286"
"6456","GIS-KY","1380858","91562650","67.80","67.80","65.40","65.90","-1.9000","1137"
"6464","台數科","76766","6519288","85.10","85.10","84.60","85.10","0.1000","81"
"6472","保瑞","2198878","1957726581","907.00","920.00","872.00","876.00","-24.0000","4688"
"6477","安集","3278774","140010640","43.30","44.50","41.35","41.40","-1.7500","2414"
"6491","晶碩","588929","251494827","438.50","439.50","418.50","426.00","-12.5000","1035"
"6504","南六","52706","3689919","70.80","70.90","69.70","69.70","-0.1000","59"
"6505","台塑化","6116549","398256940","65.10","65.90","64.20","65.90","0.8000","3868"
"6515","穎崴","469863","447646142","968.00","970.00","928.00","947.00","0.0000","927"
"6525","捷敏-KY","109741","7328197","67.60","67.60","66.30","66.90","-0.9000","123"
"6526","達發","2172423","1320758572","639.00","639.00","598.00","606.00","-29.0000","4429"
"6531","愛普*","4491325","1559144410","366.00","368.00","333.50","341.50","-23.5000","5709"
"6533","晶心科","454500","177759132","401.00","401.00","382.00","389.50","-6.0000","981"
"6534","正瀚-創","81000","6440800","80.10","80.10","79.10","80.00","-0.1000","33"
"6541","泰福-KY","622826","39355021","68.50","68.50","62.20","62.20","-6.9000","680"
"6550","北極星藥業-KY","1408333","95766259","68.60","69.60","67.20","67.40","-1.2000","1223"
"6552","易華電","568349","26955516","48.45","48.65","46.60","47.20","-1.4000","477"
"6558","興能高","153585","3717344","24.95","24.95","23.90","24.10","-0.8000","140"
"6573","虹揚-KY","266598","4220688","16.60","16.60","15.50","15.75","-0.8500","217"
"6579","研揚","782718","134987534","178.00","178.00","170.00","171.00","-7.5000","1990"
"6581","鋼聯","171618","18616771","106.50","109.50","106.00","109.50","3.5000","146"
"6582","申豐","359319","22187135","63.10","63.10","60.90","61.40","-2.3000","413"
"6585","鼎基","1213861","210157290","180.50","182.00","169.50","170.00","-7.0000","2747"
"6591","動力-KY","219764","11443854","52.70","53.50","51.50","51.50","-1.2000","223"
"6592","和潤企業","1098323","112228221","104.00","105.00","101.00","103.50","-1.0000","1527"
"6592A","和潤企業甲特","2134","202313","95.20","95.20","94.40","94.40","0.0000","6"
"6592B","和潤企業乙特","16483","1561534","94.80","94.80","94.70","94.70","-0.2000","20"
"6598","ABC-KY","2400480","73245989","32.50","32.95","28.80","28.80","-2.8500","1653"
"6605","帝寶","1681596","444831434","270.00","271.00","261.00","264.50","-7.5000","5350"
"6606","建德工業","125997","3269818","26.10","26.15","25.75","25.95","-0.4000","96"
"6625","必應","283429","24942276","90.20","90.20","86.70","87.00","-3.2000","433"
"6641","基士德-KY","11038","455077","41.30","41.95","41.00","41.00","-0.7500","13"
"6645","金萬林-創","95050","3321092","35.50","35.50","34.60","34.70","-1.2500","68"
"6655","科定","21210","2747200","129.00","130.50","129.00","130.50","2.0000","39"
"6657","華安","98970","5438825","56.50","56.50","54.40","55.10","-0.3000","91"
"6658","聯策","1298699","80077216","65.50","66.30","59.80","60.30","-6.1000","1082"
"6666","羅麗芬-KY","61103","3791937","62.50","62.50","61.50","62.50","0.0000","40"
"6668","中揚光","1025728","57165653","56.20","56.90","55.00","56.00","-0.8000","964"
"6669","緯穎","1695877","3681686225","2215.00","2220.00","2115.00","2160.00","-45.0000","5614"
"6670","復盛應用","254034","68515505","271.00","272.50","267.00","269.50","-2.5000","358"
"6671","三能-KY","25528","1135463","44.65","44.65","44.00","44.15","-0.5500","29"
"6672","騰輝電子-KY","231765","16785241","73.60","73.70","71.80","72.30","-1.3000","272"
"6674","鋐寶科技","23200","596922","26.80","26.80","25.45","26.00","0.0000","31"
"6689","伊雲谷","1598638","183681020","120.50","120.50","112.00","115.00","-4.5000","1428"
"6691","洋基工程","1494951","484196248","320.00","334.00","313.00","327.50","0.0000","2435"
"6695","芯鼎","3481996","247469507","72.10","72.90","69.10","70.80","-1.8000","2650"
"6698","旭暉應材","1152363","48941181","45.50","45.50","41.00","41.30","-3.9000","983"
"6706","惠特","2999943","338364600","121.50","122.00","110.00","110.00","-12.0000","1746"
"6715","嘉基","306162","57657911","194.00","194.00","185.00","190.00","-3.0000","1260"
"6719","力智","1584500","430593605","282.00","283.00","266.00","270.00","-13.0000","2767"
"6742","澤米","671651","42947303","66.60","66.60","62.80","63.00","-3.5000","501"
"6743","安普新","541419","33010751","61.10","62.00","60.00","61.30","0.3000","568"
"6753","龍德造船","2964566","392508953","135.00","138.00","128.50","129.00","-5.0000","2704"
"6754","匯僑設計","111230","6910518","62.90","62.90","61.60","62.20","-0.6000","91"
"6756","威鋒電子","274733","50173738","186.50","186.50","179.00","181.00","-5.5000","462"
"6757","台灣虎航-創","1840136","117915640","61.90","66.50","61.90","64.60","2.8000","959"
"6768","志強-KY","965501","87285202","91.50","93.40","88.10","88.20","-0.9000","1706"
"6770","力積電","22775219","528913071","23.75","23.75","23.00","23.20","-0.5000","10751"
"6771","平和環保-創","34200","2288600","66.90","67.30","66.60","67.20","-0.3000","34"
"6776","展碁國際","224756","13272474","60.40","60.40","57.00","58.90","-1.5000","250"
"6781","AES-KY","246583","138510101","572.00","574.00","555.00","556.00","-25.0000","914"
"6782","視陽","333862","87431500","266.00","267.00","258.50","262.50","-3.5000","575"
"6789","采鈺","2288742","714665619","322.00","322.50","307.00","311.00","-12.0000","4931"
"6790","永豐實","565810","28843081","51.60","51.90","50.00","51.20","-0.7000","440"
"6792","詠業","137041","10012936","75.60","75.60","71.50","72.70","-3.0000","147"
"6794","向榮生技-創","8621","689948","79.50","81.70","79.10","79.60","-1.8000","13"
"6796","晉弘","163950","15771528","96.00","97.30","94.60","95.90","-1.4000","191"
"6799","來頡","824268","108324340","136.00","137.50","128.00","131.00","-6.5000","891"
"6805","富世達","1733055","1123727601","680.00","682.00","626.00","641.00","-41.0000","4345"
"6806","森崴能源","44474183","8064722369","178.50","188.50","175.00","176.00","1.5000","32631"
"6807","峰源-KY","153678","8771809","58.90","58.90","56.50","56.70","-1.4000","143"
"6830","汎銓","1337468","193054949","143.50","147.00","140.00","140.00","6.0000","1019"
"6834","天二科技","1469748","64422858","44.60","45.55","43.00","43.50","-1.1000","1090"
"6835","圓裕","193439","9103208","47.70","49.00","46.50","47.35","-0.3000","145"
"6854","錼創科技-KY創","127914","9093580","73.10","73.10","70.30","70.30","-2.7000","98"
"6861","睿生光電","56471","4182447","75.50","75.50","73.00","73.10","-1.6000","68"
"6863","永道-KY","560554","125021970","228.00","228.50","219.00","222.00","-8.0000","1483"
"6869","雲豹能源","1485228","490125240","330.00","330.00","330.00","330.00","30.0000","1103"
"6873","泓德能源-創","1722138","514207774","294.50","305.00","292.00","295.50","7.5000","1073"
"6890","來億-KY","1382088","448273067","337.50","342.00","315.50","325.00","-10.5000","10330"
"6901","鑽石投資","21684530","1006640974","47.00","47.55","44.50","45.05","1.8000","10797"
"6902","走著瞧-創","7000","1036500","147.50","152.00","145.50","152.00","-0.5000","7"
"6906","現觀科","119701","17673453","151.00","151.00","144.00","146.50","-3.5000","175"
"6914","阜爾運通","138743","20378353","150.00","150.00","145.00","147.00","-2.0000","331"
"6916","華凌","37050","998395","26.70","27.20","26.70","26.90","-0.4000","33"
"6928","攸泰科技","126582","9771636","76.50","77.80","76.50","77.00","-0.7000","176"
"6933","AMAX-KY","269503","74512052","291.50","291.50","270.00","274.00","-17.0000","649"
"6937","天虹","715115","196328883","291.00","291.00","269.00","273.00","-18.0000","1051"
"6949","沛爾生醫-創","83000","8908500","116.00","116.50","105.50","105.50","-11.5000","69"
"6951","青新-創","59600","3164517","53.30","53.50","52.30","53.40","-0.5000","41"
"6952","大武山","345306","18164995","52.10","53.80","52.10","52.30","0.8000","392"
"6957","裕慶-KY","603111","132303956","237.00","238.00","215.00","219.00","-19.5000","1004"
"8011","台通","8916713","245919748","28.55","29.00","27.00","27.20","-1.8000","5038"
"8016","矽創","1443103","339772905","243.00","243.00","231.50","233.50","-12.0000","1924"
"8021","尖點","2571009","87610370","35.00","35.15","33.60","33.90","-1.2500","1688"
"8028","昇陽半導體","18872482","2042203220","114.50","114.50","104.00","107.50","-7.0000","12717"
"8033","雷虎","1695718","115490183","69.50","69.80","67.50","67.50","-0.5000","1982"
"8039","台虹","2790622","164411009","60.40","60.40","58.40","58.60","-1.7000","2298"
"8046","南電","4980179","888122952","185.00","185.00","175.00","176.50","-6.5000","5276"
"8070","長華*","2611848","115670612","45.15","45.40","43.70","44.60","-0.7500","1803"
"8072","陞泰","336780","10256874","30.50","31.00","30.05","30.25","0.2000","318"
"8081","致新","605219","156114307","263.00","264.00","255.50","255.50","-12.5000","898"
"8101","華冠","103918","354048","3.45","3.45","3.36","3.36","-0.0900","156"
"8103","瀚荃","3492835","240284164","71.70","72.10","66.90","68.50","-3.0000","2294"
"8104","錸寶","7757901","388075052","53.50","55.90","47.65","47.65","-5.2500","4935"
"8105","凌巨","27809548","594997363","22.70","22.90","20.40","20.45","-1.5500","10738"
"8110","華東","3769143","72151260","19.80","19.80","18.75","19.00","-0.8000","2071"
"8112","至上","5268542","415771439","80.20","80.40","78.00","79.00","-1.3000","4448"
"8112A","至上甲特","13030","542443","41.65","41.65","41.60","41.65","0.0000","14"
"8114","振樺電","605766","113391282","190.00","193.00","183.00","189.50","-5.5000","1550"
"8131","福懋科","528269","19719296","37.55","37.85","37.05","37.55","-0.2000","380"
"8150","南茂","3310417","133472287","41.55","41.55","39.80","40.30","-1.4000","2646"
"8162","微矽電子-創","18400","707549","37.90","39.00","37.90","38.50","0.4000","18"
"8163","達方","1629923","91867057","57.80","57.80","55.70","56.20","-1.6000","1277"
"8201","無敵","199452","3549008","18.35","18.35","17.60","17.65","-0.7000","141"
"8210","勤誠","4547788","1241294662","288.00","291.50","262.00","266.00","-24.0000","6932"
"8213","志超","984966","36706113","37.95","37.95","37.00","37.30","-0.4500","748"
"8215","明基材","972886","31569483","32.85","32.95","32.10","32.40","-0.4500","718"
"8222","寶一","851200","34046032","41.30","41.40","39.35","39.45","-1.9500","691"
"8249","菱光","621528","17742269","29.35","29.40","28.10","28.35","-0.6500","402"
"8261","富鼎","710667","57243068","83.20","83.40","79.20","79.30","-3.9000","776"
"8271","宇瞻","970152","56054023","59.40","59.40","57.10","57.40","-1.9000","928"
"8341","日友","205401","20424800","100.00","100.00","98.50","100.00","0.0000","415"
"8367","建新國際","167030","8414185","51.10","51.10","50.00","50.10","-1.1000","153"
"8374","羅昇","1177037","142880819","115.00","125.00","114.50","125.00","11.0000","1006"
"8404","百和興業-KY","389928","7620408","19.80","19.85","19.35","19.50","-0.1000","243"
"8411","福貞-KY","158724","2291048","14.60","14.60","14.30","14.35","-0.3500","197"
"8422","可寧衛","281050","50695573","181.50","181.50","180.00","181.50","0.0000","384"
"8429","金麗-KY","276567","2751565","10.00","10.00","9.92","9.97","-0.0300","442"
"8438","昶昕","524739","20567194","40.55","40.55","38.40","38.60","-1.6000","404"
"8442","威宏-KY","98357","10819033","110.50","111.00","109.00","111.00","0.5000","112"
"8443","阿瘦","65330","794870","12.30","12.30","12.10","12.15","-0.0500","148"
"8454","富邦媒","994427","396389710","407.50","408.00","392.00","398.00","-8.0000","2884"
"8462","柏文","83787","9171325","111.50","111.50","108.50","109.50","-1.5000","186"
"8463","潤泰材","435939","12883715","31.25","31.25","28.80","29.40","-1.2000","442"
"8464","億豐","1601222","621924875","383.00","403.00","375.50","375.50","-7.5000","1819"
"8466","美吉吉-KY","194157","11347974","58.80","59.60","57.40","57.90","0.1000","87"
"8467","波力-KY","1889884","444638159","239.50","247.50","218.00","237.50","8.5000","2686"
"8473","山林水","54318816","3040122898","59.80","61.60","51.30","51.30","-5.6000","30657"
"8476","台境","398198","23085613","58.70","59.10","57.00","58.70","-1.0000","215"
"8478","東哥遊艇","623904","223480709","372.00","372.00","351.00","359.00","-10.5000","1284"
"8481","政伸","84554","4215031","50.00","50.20","49.40","50.00","0.0000","70"
"8482","商億-KY","12000","760200","63.00","64.50","62.00","64.50","0.6000","12"
"8487","愛爾達-創","26000","2157600","83.40","83.40","82.40","83.10","0.0000","18"
"8488","吉源-KY","27047","437481","16.15","16.45","16.05","16.30","0.2000","24"
"8499","鼎炫-KY","17235","2037426","118.50","118.50","118.00","118.50","-0.5000","190"
"8926","台汽電","2932313","133697353","45.35","46.15","45.00","45.85","0.6000","1882"
"8940","新天地","242947","6162021","25.75","25.75","25.00","25.45","-0.4500","207"
"8996","高力","3018051","1140066112","387.00","390.00","367.00","374.00","-11.0000","3482"
"9103","美德醫療-DR","1233774","9242568","7.39","7.62","7.39","7.42","0.0300","598"
"910322","康師傅-DR","234286","4700515","19.55","20.40","19.50","20.30","0.7500","133"
"9105","泰金寶-DR","67598415","410822762","6.34","6.37","5.95","6.00","-0.3400","10975"
"910861","神州-DR","235250","1538705","6.43","6.65","6.42","6.60","0.0900","46"
"9110","越南控-DR","115000","804040","7.08","7.22","6.90","7.21","0.0200","36"
"911608","明輝-DR","102000","386580","4.19","4.19","3.71","3.88","-0.2000","22"
"911622","泰聚亨-DR","268671","1526809","5.88","5.92","5.63","5.77","-0.0900","65"
"911868","同方友友-DR","4620809","7839965","1.83","1.85","1.66","1.68","-0.1600","709"
"912000","晨訊科-DR","3669102","13436887","3.88","3.88","3.59","3.61","-0.2700","863"
"9136","巨騰-DR","429650","3183995","7.61","7.61","7.33","7.34","-0.2800","182"
"9802","鈺齊-KY","450343","50891014","115.50","115.50","112.00","113.00","-1.5000","497"
"9902","台火","1374896","25206297","18.85","18.95","18.00","18.05","-0.9000","831"
"9904","寶成","14902813","519066943","35.65","35.85","34.50","34.50","-1.3500","5737"
"9905","大華","550641","12817183","23.55","23.55","23.15","23.25","-0.3500","354"
"9906","欣巴巴","1183314","175933513","150.00","151.00","147.00","150.00","0.0000","971"
"9907","統一實","2501668","37776026","15.20","15.25","15.00","15.10","-0.1500","1845"
"9908","大台北","221538","7231590","32.60","32.75","32.50","32.65","0.0500","193"
"9910","豐泰","1564712","215801284","140.00","140.00","137.00","137.50","-1.5000","1353"
"9911","櫻花","491457","42678688","87.90","88.20","86.10","88.20","0.3000","693"
"9912","偉聯","214927","2685692","12.95","13.00","12.00","12.35","-0.6000","273"
"9914","美利達","1054278","241150763","232.00","232.00","224.50","230.50","-1.5000","2321"
"9917","中保科","629487","83799531","133.50","134.00","131.00","134.00","0.0000","667"
"9918","欣天然","34031","1365956","39.95","40.45","39.90","40.20","0.1000","77"
"9919","康那香","785637","16392162","21.20","21.20","20.70","20.75","-0.4500","494"
"9921","巨大","1709982","372730027","219.50","220.00","214.50","220.00","0.5000","2246"
"9924","福興","545023","28260287","52.70","52.70","51.40","52.20","-0.5000","429"
"9925","新保","544779","22991632","42.30","42.35","42.00","42.25","-0.0500","357"
"9926","新海","28996","1556038","53.10","54.70","53.00","54.00","0.6000","46"
"9927","泰銘","687329","51600703","76.50","76.50","74.00","75.00","-1.6000","651"
"9928","中視","214513","4984142","23.20","24.05","22.75","23.05","-0.7000","169"
"9929","秋雨","29443","467338","15.70","16.20","15.70","16.20","0.3000","25"
"9930","中聯資源","194419","12783792","65.60","66.40","65.10","66.40","0.7000","252"
"9931","欣高","41783","1478037","35.20","35.60","35.20","35.50","0.2000","41"
"9933","中鼎","5250707","275481671","53.70","54.10","51.50","52.60","-0.5000","4293"
"9934","成霖","1824588","31658656","17.90","17.90","17.00","17.20","-0.7000","803"
"9935","慶豐富","741136","20041640","27.60","27.65","26.70","27.20","-0.4500","403"
"9937","全國","49005","3234144","66.60","66.60","65.50","65.90","0.4000","86"
"9938","百和","4276830","289833790","68.00","68.50","66.80","68.10","0.5000","2831"
"9939","宏全","1848231","307981402","172.00","172.00","164.00","165.50","-5.5000","6622"
"9940","信義","570060","18291201","32.25","32.35","31.90","32.20","-0.3000","461"
"9941","裕融","1822730","273668201","151.00","152.00","147.50","152.00","0.5000","3468"
"9941A","裕融甲特","5000","255600","51.10","51.20","51.10","51.20","0.1000","5"
"9942","茂順","235416","29992763","128.00","128.50","126.50","127.00","-1.0000","237"
"9943","好樂迪","515946","41383875","81.50","81.50","79.80","80.40","-1.1000","627"
"9944","新麗","238688","5432272","22.95","23.00","22.35","22.85","0.2000","138"
"9945","潤泰新","24014215","1123205483","48.10","48.10","46.20","46.55","-1.5000","14932"
"9946","三發地產","1952511","81009010","42.50","42.50","41.15","41.70","-0.3000","1121"
"9955","佳龍","2543541","89005337","35.50","36.25","34.25","34.50","-0.7500","2066"
"9958","世紀鋼","8203063","2023501839","256.50","259.00","242.00","245.50","-9.0000","6580"
