證券代號,證券名稱,成交股數,成交金額,開盤價,最高價,最低價,收盤價,漲跌價差,成交筆數
"0050","元大台灣50","8406621","1522822665","181.90","182.45","180.50","180.85","-0.5000","11557"
"0051","元大中型100","72440","5932444","82.05","82.20","81.45","81.60","-0.2500","292"
"0052","富邦科技","373888","66434365","179.00","179.20","176.90","177.05","-0.3500","860"
"0053","元大電子","15094","1474897","97.90","97.95","97.30","97.75","-0.4500","124"
"0055","元大MSCI金融","141219","4096431","28.77","29.09","28.77","28.98","0.2300","232"
"0056","元大高股息","9030301","353236474","39.11","39.21","39.05","39.06","0.0000","10297"
"0057","富邦摩台","13324","1781874","134.65","134.65","133.70","133.80","-0.2500","117"
"0061","元大寶滬深","475318","7845696","16.71","16.71","16.45","16.54","-0.1600","116"
"006203","元大MSCI台灣","11686","999680","86.00","86.00","85.35","85.40","-0.5500","102"
"006204","永豐臺灣加權","4102","460080","112.80","112.80","112.00","112.00","-0.3000","102"
"006205","富邦上証","321365","9240953","29.15","29.15","28.58","28.68","-0.5300","252"
"006206","元大上證50","80073","2213902","27.90","27.90","27.55","27.64","-0.4400","111"
"006207","復華滬深","9908","209906","21.31","21.31","21.13","21.19","-0.3700","62"
"006208","富邦台50","5659558","599129719","106.45","106.60","105.55","105.65","-0.1000","10830"
"00625K","富邦上証+R","","","","","","","0.0000",""
"00631L","元大台灣50正2","4505093","1033047794","232.55","233.05","227.15","228.00","-1.9000","4591"
"00632R","元大台灣50反1","85564718","293497071","3.42","3.45","3.41","3.44","0.0100","2452"
"00633L","富邦上証正2","8745976","273440898","31.86","31.86","30.98","31.09","-1.1600","1890"
"00634R","富邦上証反1","650000","3097740","4.72","4.78","4.72","4.77","0.1000","60"
"00635U","期元大S&P黃金","4501686","130500652","29.13","29.14","28.94","28.98","-0.2600","384"
"00636","國泰中國A50","1441093","29096533","20.38","20.38","20.09","20.18","-0.3000","328"
"00636K","國泰中國A50+U","200","1260","6.30","6.30","6.30","6.30","-0.1200","2"
"00637L","元大滬深300正2","75781548","950613959","12.71","12.71","12.42","12.46","-0.4600","7405"
"00638R","元大滬深300反1","310350","3087765","9.88","9.99","9.88","9.97","0.1700","67"
"00639","富邦深100","1488806","14321507","9.70","9.70","9.55","9.60","-0.2200","280"
"00640L","富邦日本正2","568890","29693508","52.60","52.75","51.80","52.20","0.3500","223"
"00641R","富邦日本反1","583370","3639540","6.23","6.28","6.22","6.25","-0.0200","111"
"00642U","期元大S&P石油","10146459","171160656","16.91","16.92","16.82","16.88","-0.6300","3030"
"00643","群益深証中小","2090640","22799542","10.99","10.99","10.83","10.87","-0.2600","206"
"00643K","群益深証中小+R","","","","","","","0.0000",""
"00645","富邦日本","510489","18945759","37.21","37.29","36.92","37.07","0.1500","225"
"00646","元大S&P500","983282","55470927","56.30","56.50","56.25","56.50","0.6000","873"
"00647L","元大S&P500正2","94615","8717030","92.05","92.30","92.05","92.25","1.3500","80"
"00648R","元大S&P500反1","717202","3858967","5.38","5.39","5.37","5.38","-0.0400","74"
"00650L","復華香港正2","29377201","292225901","10.10","10.14","9.84","9.89","-0.4600","3691"
"00651R","復華香港反1","589850","5136191","8.63","8.75","8.63","8.72","0.1800","125"
"00652","富邦印度","231419","9374017","40.31","40.57","40.31","40.55","0.2400","242"
"00653L","富邦印度正2","141360","9637711","67.95","68.35","67.95","68.20","0.4500","126"
"00654R","富邦印度反1","111000","682820","6.16","6.16","6.15","6.16","-0.0200","25"
"00655L","國泰中國A50正2","4797299","102149113","21.74","21.74","21.07","21.19","-0.7900","920"
"00656R","國泰中國A50反1","614700","5496030","8.86","8.98","8.86","8.95","0.1600","27"
"00657","國泰日經225","35824","1629024","45.73","45.73","45.28","45.42","0.1900","95"
"00657K","國泰日經225+U","200","2834","14.17","14.17","14.17","14.17","0.0000","2"
"00660","元大歐洲50","4914","177600","36.22","36.24","36.22","36.24","0.0200","105"
"00661","元大日經225","619209","30595099","49.71","49.77","49.22","49.42","0.2300","164"
"00662","富邦NASDAQ","1131370","91294854","80.70","80.75","80.60","80.65","0.7000","736"
"00663L","國泰臺灣加權正2","118425","24880070","211.20","211.20","208.00","208.45","-1.8500","19"
"00664R","國泰臺灣加權反1","7558554","29134386","3.84","3.88","3.83","3.88","0.0200","383"
"00665L","富邦恒生國企正2","69699629","451684428","6.59","6.59","6.40","6.43","-0.3200","4355"
"00666R","富邦恒生國企反1","63000","925870","14.51","14.78","14.51","14.71","0.3200","35"
"00668","國泰美國道瓊","38626","1866939","48.31","48.38","48.31","48.37","0.3000","87"
"00668K","國泰美國道瓊+U","200","3020","15.10","15.10","15.10","15.10","0.0700","2"
"00669R","國泰美國道瓊反1","2440100","16487267","6.76","6.76","6.75","6.76","-0.0300","241"
"00670L","富邦NASDAQ正2","849153","102416802","120.60","120.85","120.15","120.35","1.5500","403"
"00671R","富邦NASDAQ反1","3841564","14507724","3.77","3.79","3.77","3.78","-0.0300","189"
"00673R","期元大S&P原油反1","39155679","293433370","7.48","7.53","7.47","7.52","0.2800","2022"
"00674R","期元大S&P黃金反1","621130","6242641","10.03","10.08","10.02","10.05","0.0600","111"
"00675L","富邦臺灣加權正2","3872256","355351323","93.00","93.10","90.95","91.20","-0.7500","2818"
"00676R","富邦臺灣加權反1","6185001","13261472","2.14","2.16","2.13","2.15","0.0000","196"
"00678","群益那斯達克生技","411066","12718576","31.00","31.00","30.94","30.95","-0.0600","98"
"00680L","元大美債20正2","106992843","990476134","9.26","9.28","9.24","9.25","-0.1700","11487"
"00681R","元大美債20反1","261000","5074580","19.40","19.50","19.40","19.50","0.2400","49"
"00682U","期元大美元指數","31000","638430","20.57","20.60","20.57","20.60","0.0700","8"
"00683L","期元大美元指正2","163000","3528940","21.66","21.67","21.63","21.67","0.1600","34"
"00684R","期元大美元指反1","12000","188650","15.74","15.74","15.71","15.72","-0.0600","7"
"00685L","群益臺灣加權正2","626096","51256110","82.95","83.10","81.10","81.35","-0.6500","389"
"00686R","群益臺灣加權反1","407799","949933","2.32","2.35","2.32","2.35","0.0100","22"
"00688L","國泰20年美債正2","54781412","504709444","9.22","9.23","9.19","9.20","-0.1800","6322"
"00689R","國泰20年美債反1","1122000","22635130","20.16","20.19","20.16","20.19","0.2100","18"
"00690","兆豐藍籌30","371165","12694907","34.50","34.50","34.08","34.12","-0.1700","409"
"00692","富邦公司治理","1214986","51635011","42.52","42.74","42.35","42.40","0.0100","1311"
"00693U","期街口S&P黃豆","227275","4658222","20.45","20.52","20.45","20.52","-0.0500","92"
"00700","富邦恒生國企","247152","3096760","12.65","12.65","12.46","12.53","-0.2300","136"
"00701","國泰股利精選30","1959487","56656282","28.87","29.03","28.87","28.91","0.0800","347"
"00702","國泰標普低波高息","109406","2729172","24.88","24.98","24.88","24.98","0.2500","103"
"00703","台新MSCI中國","46770","687155","14.75","14.75","14.66","14.66","-0.2200","13"
"00706L","期元大S&P日圓正2","15058960","102551658","6.81","6.84","6.79","6.82","-0.1100","1112"
"00707R","期元大S&P日圓反1","","","","","","","0.0000",""
"00708L","期元大S&P黃金正2","999924","36953690","37.13","37.19","36.77","36.92","-0.5800","264"
"00709","富邦歐洲","38036","1174617","30.90","30.90","30.87","30.89","0.1200","13"
"00710B","復華彭博非投等債","271021","5315854","19.60","19.65","19.60","19.64","0.0400","71"
"00711B","復華彭博新興債","197048","3354126","17.03","17.04","17.01","17.02","-0.0100","69"
"00712","復華富時不動產","12120217","121974484","10.08","10.10","10.05","10.07","0.0400","2762"
"00713","元大台灣高息低波","15641777","914043561","58.65","58.70","58.30","58.45","0.2000","11523"
"00714","群益道瓊美國地產","325081","7111219","21.76","21.88","21.76","21.87","0.2100","158"
"00715L","期街口布蘭特正2","101516421","1439689730","14.20","14.27","14.10","14.20","-0.9000","15375"
"00717","富邦美國特別股","68376","1094859","16.03","16.04","16.00","16.02","-0.0200","87"
"00728","第一金工業30","28695","934589","32.58","32.69","32.35","32.35","-0.2000","105"
"00730","富邦臺灣優質高息","309419","7118973","23.05","23.11","22.87","22.96","-0.0900","328"
"00731","復華富時高息低波","873726","63830123","73.40","73.50","72.80","72.95","-0.2000","2133"
"00733","富邦臺灣中小","690345","39156060","57.00","57.00","56.50","56.55","0.1000","975"
"00735","國泰臺韓科技","294366","9918344","33.76","33.78","33.61","33.62","-0.1200","611"
"00736","國泰新興市場","102893","2378501","23.12","23.15","23.12","23.15","-0.0800","100"
"00737","國泰AI+Robo","47941","1457664","30.33","30.49","30.33","30.41","0.0800","90"
"00738U","期元大道瓊白銀","1151227","29689860","26.05","26.05","25.56","25.65","-0.8500","330"
"00739","元大MSCI A股","13054","258503","20.13","20.13","19.67","19.77","-0.3500","66"
"00752","中信中國50","1636069","29248509","18.09","18.09","17.80","17.85","-0.2700","487"
"00753L","中信中國50正2","18522454","132446284","7.23","7.24","7.09","7.12","-0.2500","2112"
"00757","統一FANG+","1494707","127210286","85.05","85.30","85.00","85.15","0.9500","3000"
"00762","元大全球AI","88942","5234381","58.75","59.00","58.75","58.85","0.4000","249"
"00763U","期街口道瓊銅","70425","1789061","25.51","25.51","25.35","25.38","-0.3100","46"
"00770","國泰北美科技","163478","7500035","45.80","45.94","45.80","45.90","0.3800","278"
"00771","元大US高息特別股","21363","377135","17.66","17.67","17.63","17.66","-0.0300","109"
"00775B","新光投等債15+","819062","28740380","35.07","35.11","35.06","35.11","-0.1100","107"
"00783","富邦中証500","36509","586572","16.20","16.20","16.00","16.02","-0.3500","62"
"00830","國泰費城半導體","6032523","279443172","46.34","46.36","46.28","46.35","0.7600","2455"
"00850","元大臺灣ESG永續","712536","31438459","44.22","44.44","43.97","44.11","-0.0600","1055"
"00851","台新全球AI","8262","380542","46.17","46.17","46.04","46.10","0.2700","106"
"00852L","國泰美國道瓊正2","169174","4432733","26.16","26.23","26.16","26.23","0.2700","66"
"00861","元大全球未來通訊","108640","4572484","42.03","42.12","42.02","42.05","0.3400","121"
"00865B","國泰US短期公債","229018","10389262","45.29","45.38","45.29","45.38","0.0900","130"
"00875","國泰網路資安","321382","10627864","33.08","33.14","33.03","33.09","0.0100","335"
"00876","元大全球5G","103254","3988091","38.65","38.86","38.57","38.61","0.1900","125"
"00878","國泰永續高股息","32235408","738854637","22.95","23.00","22.88","22.90","-0.0100","18046"
"00881","國泰台灣5G+","14420460","336023019","23.45","23.50","23.19","23.21","-0.1100","4734"
"00882","中信中國高股息","14737788","162166527","11.13","11.13","10.96","11.00","-0.1700","3443"
"00885","富邦越南","3652393","43929523","12.02","12.05","12.01","12.01","-0.0100","912"
"00891","中信關鍵半導體","3281508","60420201","18.50","18.63","18.30","18.31","-0.1100","1615"
"00892","富邦台灣半導體","1904695","32671903","17.28","17.32","16.99","17.01","-0.0900","503"
"00893","國泰智能電動車","2490520","53462045","21.42","21.49","21.42","21.46","0.2200","628"
"00894","中信小資高價30","648162","13234510","20.60","20.61","20.29","20.30","-0.1500","288"
"00895","富邦未來車","1410185","39256757","27.73","27.88","27.73","27.88","0.3000","1320"
"00896","中信綠能及電動車","566115","10051502","17.80","17.92","17.66","17.66","-0.1100","436"
"00897","富邦基因免疫生技","661069","5564808","8.41","8.43","8.40","8.42","0.0200","334"
"00898","國泰基因免疫革命","272104","2079311","7.77","7.77","7.62","7.63","-0.0200","108"
"00899","FT潔淨能源","63687","1046354","16.43","16.48","16.41","16.48","0.0500","103"
"00900","富邦特選高股息30","6831452","103110477","15.13","15.16","15.06","15.07","-0.0200","2121"
"00901","永豐智能車供應鏈","422161","8643039","20.56","20.60","20.33","20.36","-0.1200","129"
"00902","中信電池及儲能","2766147","25353830","9.13","9.20","9.13","9.14","0.1600","761"
"00903","富邦元宇宙","449374","6274205","13.90","13.98","13.90","13.95","0.1300","96"
"00904","新光臺灣半導體30","1852064","33574028","18.31","18.32","18.02","18.03","-0.1700","306"
"00905","FT臺灣Smart","1847781","24746949","13.40","13.48","13.34","13.35","-0.0200","1157"
"00907","永豐優息存股","3753178","59564607","15.91","15.95","15.83","15.84","-0.0500","1780"
"00908","富邦入息REITs+","344863","4610252","13.30","13.38","13.30","13.37","0.1000","82"
"00909","國泰數位支付服務","674305","17751257","26.41","26.41","26.30","26.30","-0.1200","480"
"00910","第一金太空衛星","116301","2616598","22.48","22.52","22.48","22.50","0.1300","13"
"00911","兆豐洲際半導體","246279","6574093","26.70","26.78","26.63","26.66","0.4500","258"
"00912","中信臺灣智慧50","501693","9615772","19.19","19.26","19.10","19.11","-0.0600","178"
"00913","兆豐台灣晶圓製造","150877","3185322","21.20","21.20","21.02","21.08","-0.0700","83"
"00915","凱基優選高股息30","31794518","872971025","27.57","27.57","27.37","27.42","0.1300","8369"
"00916","國泰全球品牌50","159452","3616771","22.65","22.72","22.65","22.66","0.1500","258"
"00917","中信特選金融","205519","4323087","21.02","21.05","21.02","21.05","0.1500","173"
"00918","大華優利高填息30","29009734","716746992","24.82","24.83","24.63","24.65","0.0600","7872"
"00919","群益台灣精選高息","60579351","1507641176","25.00","25.10","24.81","24.83","-0.0700","29028"
"00920","富邦ESG綠色電力","309443","4668308","15.02","15.11","15.02","15.10","0.1100","96"
"00921","兆豐龍頭等權重","594940","11242816","18.89","18.94","18.86","18.90","0.0200","519"
"00922","國泰台灣領袖50","1735420","37219174","21.48","21.60","21.39","21.40","-0.0600","1070"
"00923","群益台ESG低碳50","3949259","82764073","21.02","21.10","20.88","20.94","-0.0500","4679"
"00924","復華S&P500成長","1657459","37276555","22.36","22.52","22.36","22.52","0.2100","814"
"00925","新光標普電動車","266000","4335850","16.31","16.31","16.30","16.30","0.1800","15"
"00926","凱基全球菁英55","183666","4173475","22.76","22.76","22.70","22.72","0.0900","115"
"00927","群益半導體收益","4586580","88502449","19.46","19.46","19.23","19.25","-0.0800","1738"
"00929","復華台灣科技優息","49645585","978766620","19.75","19.80","19.67","19.72","0.0400","17715"
"00930","永豐ESG低碳高息","1889756","36991257","19.69","19.69","19.54","19.54","-0.0600","953"
"00932","兆豐永續高息等權","2354249","40232976","17.10","17.20","17.03","17.07","0.0200","830"
"00934","中信成長高股息","9002091","178141989","19.84","19.91","19.74","19.78","-0.0100","2714"
"00935","野村臺灣新科技50","3854687","85143729","22.19","22.34","22.01","22.03","-0.1100","1622"
"00936","台新永續高息中小","9982777","168928598","16.94","16.98","16.88","16.93","0.0300","3630"
"00939","統一台灣高息動能","10995599","161369057","14.72","14.75","14.64","14.67","-0.0100","2995"
"00940","元大台灣價值高息","46363311","453612706","9.81","9.82","9.76","9.78","0.0100","11893"
"00941","中信上游半導體","3288002","48642337","14.79","14.82","14.78","14.78","0.1100","1371"
"00943","兆豐電子高息等權","232097","3448840","14.90","14.90","14.85","14.87","-0.0100","149"
"00944","野村趨勢動能高息","2528736","38327106","15.19","15.23","15.11","15.19","0.0400","608"
"00945B","凱基美國非投等債","11697465","177541463","15.15","15.20","15.15","15.20","0.0500","1027"
"00946","群益科技高息成長","9753501","99297505","10.24","10.24","10.15","10.18","-0.0100","2873"
"00947","台新臺灣IC設計","2373578","34285536","14.62","14.67","14.36","14.40","-0.1400","1235"
"00949","復華日本龍頭","5000679","77207600","15.45","15.50","15.38","15.42","0.0000","1029"
"00951","台新日本半導體","4042486","37511531","9.37","9.37","9.22","9.23","-0.0300","780"
"00953B","群益優選非投等債","15787641","157635851","9.98","10.00","9.97","9.99","0.0200","1536"
"00954","中信日本半導體","2320296","22668767","9.80","9.85","9.72","9.73","-0.0400","399"
"00956","中信日經高股息","2417192","24406609","10.10","10.12","10.08","10.10","0.0000","217"
"01001T","土銀富邦R1","4000","55400","13.85","13.85","13.85","13.85","0.0000","3"
"01002T","土銀國泰R1","18000","299880","16.66","16.66","16.66","16.66","0.0000","7"
"01004T","土銀富邦R2","","","","","","","0.0000",""
"01007T","兆豐國泰R2","20000","326100","16.30","16.31","16.30","16.31","0.0000","10"
"01009T","王道圓滿R1","44000","338810","7.71","7.71","7.70","7.70","0.0000","6"
"01010T","京城樂富R1","7000","70480","10.06","10.08","10.06","10.08","0.0200","7"
"020000","富邦特選蘋果N","46000","563270","12.31","12.31","12.16","12.16","-0.1000","5"
"020011","統一微波高息20N","","","","","","","0.0000",""
"020012","富邦行動通訊N","","","","","","","0.0000",""
"020015","統一MSCI美低波N","1000","18210","18.21","18.21","18.21","18.21","0.1100","1"
"020016","統一MSCI美科技N","","","","","","","0.0000",""
"020018","統一價值成長30N","1000","25130","25.13","25.13","25.13","25.13","0.0000","1"
"020019","統一特選台灣5GN","","","","","","","0.0000",""
"02001L","富邦蘋果正二N","4000","109690","27.68","27.68","27.20","27.20","-0.2900","4"
"02001R","富邦蘋果反一N","1000","1440","1.44","1.44","1.44","1.44","0.0000","1"
"02001S","策元大加權策略N","","","","","","","0.0000",""
"020020","元大台股領航N","29000","334440","11.57","11.62","11.49","11.51","-0.0400","12"
"020028","元大特選電動車N","13000","121640","9.34","9.38","9.33","9.33","-0.0100","5"
"020029","元大ESG高股息N","64000","573180","9.04","9.04","8.94","8.94","-0.0800","9"
"020030","統一智慧電動車N","","","","","","","0.0000",""
"020031","統一IC設計臺灣N","21000","125080","5.96","5.96","5.89","5.89","-0.0400","6"
"020032","元大綠能N","15000","94060","6.30","6.30","6.25","6.25","-0.0300","9"
"020034","元大IC設計N","27000","211780","7.95","7.96","7.80","7.80","-0.0900","16"
"020036","元大金融配息N","","","","","","","0.0000",""
"020037","元大金融高股息N","1000","6870","6.87","6.87","6.87","6.87","0.0800","1"
"020038","元大ESG配息N","52000","402870","7.78","7.81","7.72","7.72","-0.0400","12"
"020039","元大加權N","55000","373440","6.80","6.83","6.77","6.77","-0.0300","14"
"1101","台泥","7340793","240745515","32.90","32.95","32.70","32.75","-0.2000","4806"
"1101B","台泥乙特","7060","331265","46.90","47.00","46.90","47.00","0.0000","7"
"1102","亞泥","5882991","264818159","44.95","45.15","44.65","45.15","0.0500","3866"
"1103","嘉泥","238313","4346306","18.30","18.35","18.05","18.30","-0.0500","279"
"1104","環泥","431645","13221787","31.00","31.00","30.50","30.55","-0.3500","410"
"1108","幸福","323629","4896099","15.20","15.20","15.10","15.10","-0.1000","164"
"1109","信大","113538","2090529","18.35","18.45","18.35","18.40","0.0500","120"
"1110","東泥","295502","6681143","22.85","23.00","22.30","22.55","-0.1500","201"
"1201","味全","277914","5104060","18.55","18.55","18.30","18.35","-0.1000","337"
"1203","味王","4728","251470","53.30","53.30","53.00","53.30","0.0000","106"
"1210","大成","873824","46146942","53.50","53.50","52.60","52.80","-0.8000","897"
"1213","大飲","68031","805406","11.80","12.20","11.65","12.20","-0.0500","32"
"1215","卜蜂","179297","17761993","99.00","99.50","98.90","98.90","-0.1000","342"
"1216","統一","6413525","526738940","82.80","82.90","81.60","82.40","-0.2000","3703"
"1217","愛之味","1769368","21983359","12.60","12.65","12.30","12.40","-0.1000","1061"
"1218","泰山","568745","11793137","20.80","20.85","20.65","20.70","-0.2000","449"
"1219","福壽","128234","2216626","17.35","17.35","17.25","17.30","-0.0500","133"
"1220","台榮","529767","8867609","16.90","16.95","16.55","16.85","0.1500","281"
"1225","福懋油","42959","6803475","157.00","162.00","156.50","161.50","2.0000","80"
"1227","佳格","384140","14938457","39.10","39.10","38.80","38.80","-0.3000","299"
"1229","聯華","670706","41905057","63.00","63.00","62.30","62.30","-0.7000","1356"
"1231","聯華食","94741","10291162","110.00","110.00","108.00","108.00","-2.0000","828"
"1232","大統益","96459","14231810","147.50","148.00","147.00","148.00","0.5000","193"
"1233","天仁","2070","67573","32.60","32.70","32.60","32.70","0.1000","6"
"1234","黑松","97748","4131005","42.50","42.50","42.20","42.35","-0.1500","110"
"1235","興泰","10538","1332611","125.00","128.00","124.50","127.00","3.5000","30"
"1236","宏亞","22671","544518","23.95","24.10","23.90","23.95","-0.1500","101"
"1256","鮮活果汁-KY","9351","1466784","160.00","160.00","155.00","155.00","-5.0000","511"
"1301","台塑","11388505","579634241","51.90","51.90","50.50","50.50","-1.1000","9291"
"1303","南亞","16258848","723737071","45.50","45.55","44.10","44.40","-0.9000","13295"
"1304","台聚","1033058","15353438","15.20","15.20","14.75","14.80","-0.2000","888"
"1305","華夏","785380","13195475","16.95","16.95","16.75","16.75","-0.2000","590"
"1307","三芳","952834","32071250","34.10","34.30","33.30","33.50","-0.3000","772"
"1308","亞聚","656436","11644100","18.10","18.15","17.60","17.65","-0.4000","744"
"1309","台達化","894920","16168680","18.45","18.50","17.85","17.85","-0.3500","637"
"1310","台苯","395615","5177752","13.15","13.15","13.00","13.15","0.0500","316"
"1312","國喬","2424192","31756710","13.20","13.20","13.00","13.05","-0.2000","1055"
"1312A","國喬特","","","","","","","0.0000",""
"1313","聯成","1115267","13178028","12.00","12.00","11.70","11.70","-0.2500","770"
"1314","中石化","45809062","436833838","9.70","9.70","9.46","9.57","-0.1600","9308"
"1315","達新","14443","1021749","70.80","70.90","70.70","70.90","-0.3000","50"
"1316","上曜","10324889","211184004","20.55","21.15","20.00","20.00","-0.3500","4819"
"1319","東陽","1001294","96243680","96.60","97.20","95.60","95.70","-0.2000","886"
"1321","大洋","437978","17249801","39.70","39.70","39.20","39.30","-0.1000","358"
"1323","永裕","62038","1840626","29.75","29.75","29.60","29.75","0.0500","23"
"1324","地球","54333","711281","13.25","13.35","13.00","13.10","-0.1500","97"
"1325","恆大","354841","10393292","29.65","29.80","29.05","29.10","-0.6000","332"
"1326","台化","9139887","392291197","43.80","43.80","42.60","42.65","-1.1500","6550"
"1337","再生-KY","130902","932986","7.15","7.15","7.10","7.14","0.0100","168"
"1338","廣華-KY","143836","4683986","32.50","33.50","32.25","32.55","-0.2000","137"
"1339","昭輝","123113","7264498","58.80","59.50","58.70","58.70","-0.1000","97"
"1340","勝悅-KY","72251","709207","9.78","9.85","9.78","9.78","0.0200","204"
"1341","富林-KY","7157","480259","66.90","67.50","66.90","67.40","0.2000","11"
"1342","八貫","118110","11347632","95.80","96.80","95.20","96.50","1.0000","422"
"1402","遠東新","5661764","202799353","36.05","36.25","35.45","36.10","-0.1500","2512"
"1409","新纖","2420861","39224014","16.25","16.30","16.10","16.20","-0.0500","996"
"1410","南染","14000","530050","37.70","38.15","37.60","37.90","-0.1500","13"
"1413","宏洲","93543","913958","9.75","9.84","9.68","9.82","0.1500","63"
"1414","東和","483023","10742258","22.20","22.45","22.05","22.40","0.2500","312"
"1416","廣豐","447648","5774230","13.15","13.15","12.85","12.90","-0.1000","235"
"1417","嘉裕","114881","1261300","11.05","11.10","10.90","10.95","-0.1000","161"
"1418","東華","20162","686286","35.00","35.00","33.85","33.85","-0.1500","47"
"1419","新紡","7003","339444","48.60","48.60","48.15","48.60","0.0000","8"
"1423","利華","164882","7418053","44.80","45.30","44.55","44.90","0.2000","134"
"1432","大魯閣","209901","3760442","17.95","18.00","17.85","18.00","0.2500","257"
"1434","福懋","1674589","35185028","21.40","21.40","20.90","20.95","-0.4500","1563"
"1435","中福","398","18426","","","","","0.0000","22"
"1436","華友聯","1329778","217230846","170.00","173.00","159.00","160.00","-8.0000","1746"
"1437","勤益控","123300","4413718","35.90","35.95","35.65","35.90","0.0000","83"
"1438","三地開發","637423","51932191","84.40","84.70","79.60","80.40","-3.1000","677"
"1439","雋揚","67002","2320818","35.10","35.35","34.25","34.35","-0.3500","58"
"1440","南紡","975305","15879164","16.50","16.50","16.20","16.20","-0.3000","588"
"1441","大東","67925","1151571","17.20","17.20","16.80","16.95","0.1500","103"
"1442","名軒","1221308","78623966","65.30","65.80","63.60","63.80","-1.0000","1185"
"1443","立益物流","89260","2905988","32.90","32.90","32.40","32.50","-0.3000","73"
"1444","力麗","966506","9118370","9.51","9.51","9.40","9.40","-0.0800","630"
"1445","大宇","203751","3918284","19.10","19.40","19.10","19.20","-0.0500","115"
"1446","宏和","1452892","73035356","51.00","51.70","49.15","49.15","-1.7500","1003"
"1447","力鵬","1893692","16829451","8.97","8.97","8.81","8.85","-0.1100","737"
"1449","佳和","836647","16105570","19.60","19.60","19.05","19.10","-0.4000","637"
"1451","年興","79106","1605555","20.40","20.40","20.25","20.25","0.0500","100"
"1452","宏益","89091","1524712","17.20","17.25","17.05","17.10","-0.0500","76"
"1453","大將","448940","9421623","21.50","21.75","20.65","20.75","-0.4500","382"
"1454","台富","219061","4194247","18.85","19.30","18.85","19.05","0.4000","116"
"1455","集盛","937011","10616585","11.50","11.50","11.25","11.30","-0.1500","839"
"1456","怡華","183079","3924071","21.80","21.80","21.15","21.20","-0.2000","136"
"1457","宜進","198790","4105088","20.55","20.75","20.50","20.60","0.0500","116"
"1459","聯發","31362","325766","10.40","10.40","10.35","10.40","-0.1000","36"
"1460","宏遠","304433","2222771","7.32","7.33","7.26","7.28","-0.0200","134"
"1463","強盛","264328","6733151","25.70","25.70","25.25","25.30","-0.4000","320"
"1464","得力","143697","1921610","13.45","13.45","13.30","13.30","-0.1000","220"
"1465","偉全","206357","3205349","15.70","15.70","15.40","15.50","-0.1000","179"
"1466","聚隆","27205","337687","12.35","12.60","12.35","12.45","0.1500","35"
"1467","南緯","251628","2648451","10.65","10.65","10.40","10.55","-0.1000","302"
"1468","昶和","34001","484864","14.30","14.35","14.20","14.30","0.0000","32"
"1470","大統新創","233303","5133621","22.65","22.80","21.45","21.85","-0.9000","80"
"1471","首利","386315","5482600","14.40","14.50","14.05","14.10","-0.3000","213"
"1472","三洋實業","143459","8808404","61.10","61.90","61.10","61.30","0.6000","86"
"1473","台南","215126","8021227","37.50","37.60","37.00","37.30","0.0000","190"
"1474","弘裕","232642","2915461","12.60","12.60","12.45","12.50","-0.0500","336"
"1475","業旺","79512","4807726","60.30","60.90","60.10","60.60","0.0000","74"
"1476","儒鴻","278341","148587116","531.00","543.00","529.00","532.00","-4.0000","373"
"1477","聚陽","1321578","509983398","383.50","391.50","383.50","386.00","2.5000","1056"
"1503","士電","6619257","1509666994","222.00","233.00","222.00","227.50","7.0000","5663"
"1504","東元","2179474","106308436","49.00","49.20","48.50","48.50","-0.5500","1557"
"1506","正道","193005","3089096","15.80","16.20","15.80","15.95","0.2000","123"
"1512","瑞利","21084","159762","7.70","7.70","7.55","7.67","-0.1100","19"
"1513","中興電","9915377","1727404828","172.00","177.00","171.50","172.00","1.0000","8111"
"1514","亞力","11327745","1569978398","134.00","142.00","134.00","136.00","3.0000","8622"
"1515","力山","569698","21742604","38.40","38.55","37.80","37.95","-0.2500","428"
"1516","川飛","70055","1444080","20.60","20.75","20.55","20.60","0.0500","75"
"1517","利奇","152246","2480015","16.35","16.40","16.25","16.35","0.0500","261"
"1519","華城","6136472","4123542734","671.00","692.00","652.00","652.00","-15.0000","8843"
"1521","大億","26739","1054021","39.40","39.60","39.20","39.40","0.0000","37"
"1522","堤維西","1900689","129410336","68.00","68.40","67.70","68.10","0.9000","1689"
"1522A","堤維西甲特","1000","45800","45.80","45.80","45.80","45.80","0.0000","1"
"1524","耿鼎","760726","23519375","30.95","31.10","30.65","30.95","0.1000","495"
"1525","江申","26212","1809559","69.10","69.10","69.00","69.10","-0.8000","22"
"1526","日馳","54177","1612620","29.90","29.90","29.60","29.70","-0.3000","53"
"1527","鑽全","3002297","145437195","47.20","49.60","47.20","47.90","1.2000","2227"
"1528","恩德","1035081","14922463","14.50","14.60","14.25","14.35","-0.1500","648"
"1529","樂事綠能","958229","29596499","30.65","31.40","30.45","30.60","0.1000","639"
"1530","亞崴","5652361","200423009","37.60","38.45","33.50","35.30","-1.0000","4150"
"1531","高林股","84160","1209714","14.50","14.50","14.30","14.35","-0.1500","190"
"1532","勤美","1771465","68976812","39.45","39.55","38.65","38.75","-0.7000","1298"
"1533","車王電","36548","1473758","40.85","40.85","40.10","40.60","-0.2500","88"
"1535","中宇","91662","5613688","61.70","61.80","60.90","60.90","-1.1000","159"
"1536","和大","2067426","139201687","67.70","68.20","66.80","67.20","-0.2000","1841"
"1537","廣隆","147296","21244961","145.00","145.50","143.50","143.50","-1.0000","170"
"1538","正峰","12046","213966","17.65","17.85","17.65","17.75","-0.6500","11"
"1539","巨庭","11120240","335024134","31.65","31.90","28.55","28.85","-0.5500","6785"
"1540","喬福","15361429","635748036","41.85","43.00","40.20","40.85","-0.9000","9167"
"1541","錩泰","609688","21290191","35.95","36.20","34.00","34.40","-1.5500","443"
"1558","伸興","238154","26368929","110.00","111.50","110.00","111.00","2.0000","334"
"1560","中砂","1916356","649386069","340.00","345.50","332.00","332.00","-6.0000","2234"
"1563","巧新","211650","13492777","64.50","64.50","63.50","63.60","-0.4000","181"
"1568","倉佑","255118","7256323","28.90","28.90","28.30","28.35","-0.3500","261"
"1582","信錦","3252414","368929756","113.00","116.00","111.00","112.50","1.0000","2612"
"1583","程泰","227796","14836896","67.70","67.70","63.90","64.00","-1.9000","370"
"1587","吉茂","409340","20553168","50.90","51.20","49.65","50.30","-0.1000","555"
"1589","永冠-KY","169947","7134966","42.30","42.30","41.65","41.65","-0.6500","372"
"1590","亞德客-KY","280261","243202256","872.00","880.00","863.00","864.00","-1.0000","446"
"1597","直得","6816531","728260653","107.50","109.00","105.00","105.50","1.0000","5039"
"1598","岱宇","181183","5221086","29.70","29.70","28.50","28.70","-0.3500","185"
"1603","華電","503951","20392459","40.20","40.95","40.00","40.30","0.1500","322"
"1604","聲寶","308262","8733967","28.50","28.55","28.25","28.25","-0.2500","374"
"1605","華新","6812759","240901701","35.20","35.60","35.05","35.45","0.3000","3160"
"1608","華榮","2085794","70582121","33.75","34.25","33.50","33.60","-0.0500","1418"
"1609","大亞","7665986","409278707","53.10","54.20","52.70","52.70","-0.2000","5128"
"1611","中電","759299","13604943","17.90","18.10","17.75","17.75","-0.0500","487"
"1612","宏泰","918279","33667620","36.55","36.90","36.35","36.45","0.0000","729"
"1614","三洋電","311509","12995352","41.35","42.30","41.15","42.10","0.9500","225"
"1615","大山","1048024","67901026","61.50","66.80","61.50","66.00","4.2000","909"
"1616","億泰","473705","9758451","20.40","20.90","20.35","20.40","0.1000","347"
"1617","榮星","782725","18903675","24.00","24.80","23.80","23.90","0.1500","523"
"1618","合機","2534545","128534608","50.20","51.40","49.80","50.30","0.4500","2056"
"1626","艾美特-KY","116878","1881712","16.10","16.15","16.00","16.10","-0.0500","146"
"1702","南僑","434800","24071372","55.60","55.60","55.00","55.00","-0.5000","438"
"1707","葡萄王","345906","49796218","144.00","145.00","143.00","144.00","0.5000","393"
"1708","東鹼","2707202","104706817","38.90","39.20","38.35","38.65","-0.2000","1686"
"1709","和益","1056643","25040046","23.65","23.90","23.30","23.65","0.1500","710"
"1710","東聯","830293","14863897","18.00","18.00","17.80","17.90","-0.1000","440"
"1711","永光","28026340","736492199","26.60","26.75","25.85","26.15","-0.1500","12043"
"1712","興農","1186621","51213134","44.15","44.15","42.80","42.85","-1.4500","1047"
"1713","國化","115523","6596141","57.60","57.70","56.90","57.00","-0.6000","122"
"1714","和桐","685846","6146142","9.01","9.01","8.94","8.95","-0.0100","482"
"1717","長興","2313692","72444464","31.50","31.80","31.05","31.15","-0.3500","1424"
"1718","中纖","2265998","18347504","8.17","8.18","8.07","8.08","-0.0900","1160"
"1720","生達","192795","12848265","66.50","66.90","66.50","66.60","0.1000","216"
"1721","三晃","2829080","47477341","17.05","17.10","16.55","16.70","0.0000","1750"
"1722","台肥","2027436","120089552","59.70","59.90","59.00","59.10","-0.8000","1609"
"1723","中碳","287216","28693440","100.50","100.50","99.70","100.00","0.0000","312"
"1725","元禎","127792","5387714","42.50","42.65","41.85","41.85","-0.4000","127"
"1726","永記","19058","1495959","78.20","78.60","78.10","78.60","0.0000","33"
"1727","中華化","3413193","118851181","34.60","35.25","34.10","34.80","0.6000","1976"
"1730","花仙子","12046","651992","54.10","54.20","54.00","54.00","-0.1000","34"
"1731","美吾華","130816","3045109","23.35","23.40","23.20","23.20","-0.2000","104"
"1732","毛寶","72079","2080325","29.00","29.00","28.75","28.80","-0.1500","82"
"1733","五鼎","48135","1432309","29.85","29.85","29.60","29.65","-0.2000","127"
"1734","杏輝","765583","28752830","37.65","37.70","37.45","37.55","0.1000","511"
"1735","日勝化","607068","14508900","23.90","23.90","23.90","23.90","2.1500","312"
"1736","喬山","427012","52663621","123.50","125.00","120.50","125.00","2.0000","397"
"1737","臺鹽","872316","30589539","35.50","35.50","34.85","35.00","-0.4000","910"
"1752","南光","80720","3712606","46.25","46.25","45.70","45.75","-0.6000","217"
"1760","寶齡富錦","97611","9097003","93.60","93.60","92.80","92.90","-0.9000","213"
"1762","中化生","122256","5512620","45.45","45.45","44.75","44.75","-0.7000","418"
"1773","勝一","378034","60892878","165.00","166.00","159.50","160.50","-4.5000","1156"
"1776","展宇","792512","17372313","22.40","22.75","21.30","21.30","-0.9000","846"
"1783","和康生","150520","7008535","46.60","46.70","46.30","46.55","0.0000","120"
"1786","科妍","809918","109996441","137.00","138.00","134.00","136.00","-0.5000","801"
"1789","神隆","343981","8733519","25.70","25.70","25.30","25.35","-0.4000","212"
"1795","美時","3428943","995699312","289.00","294.50","286.50","286.50","-0.5000","12062"
"1802","台玻","2625470","43303418","16.60","16.65","16.35","16.35","-0.1500","1024"
"1805","寶徠","384745","8442423","22.35","22.50","21.30","21.70","-0.6000","263"
"1806","冠軍","558087","6566980","11.80","11.85","11.70","11.70","-0.0500","234"
"1808","潤隆","7998422","1041830453","133.50","134.00","126.00","127.00","-4.0000","8082"
"1809","中釉","689662","14867431","21.75","21.80","21.35","21.45","-0.2000","453"
"1810","和成","2383005","44525289","17.90","19.00","17.90","18.60","0.6500","1009"
"1817","凱撒衛","147908","6073319","40.75","41.45","40.75","41.15","0.4000","153"
"1903","士紙","135344","7956348","59.00","59.20","58.30","59.20","0.4000","99"
"1904","正隆","405693","10459202","25.90","25.90","25.75","25.80","-0.1000","438"
"1905","華紙","1754556","34161298","19.50","19.70","19.25","19.30","-0.1000","1100"
"1906","寶隆","57174","872317","15.30","15.30","15.20","15.30","0.0000","152"
"1907","永豐餘","511803","15815106","31.00","31.15","30.80","30.80","-0.2000","579"
"1909","榮成","925415","12777841","14.00","14.00","13.75","13.75","-0.2500","511"
"2002","中鋼","9909856","219832492","22.35","22.40","22.10","22.10","-0.1500","5169"
"2002A","中鋼特","4372","187306","42.80","42.95","42.80","42.95","0.1500","10"
"2006","東和鋼鐵","921681","72584087","78.00","79.10","77.70","79.10","0.9000","926"
"2007","燁興","340165","3499541","10.45","10.45","10.20","10.30","-0.1500","194"
"2008","高興昌","1073900","42280411","42.60","43.00","36.90","36.90","-2.5500","930"
"2009","第一銅","853070","36431294","43.60","43.60","42.30","42.30","-0.9000","646"
"2010","春源","446622","8087219","18.30","18.30","18.00","18.10","-0.2000","347"
"2012","春雨","142817","3800050","26.95","26.95","26.20","26.55","-0.4000","158"
"2013","中鋼構","24263","1324686","54.60","54.80","54.50","54.70","-0.2000","75"
"2014","中鴻","1446236","27725700","19.40","19.45","19.00","19.00","-0.3500","911"
"2015","豐興","204123","16886546","82.90","83.00","81.90","83.00","0.1000","183"
"2017","官田鋼","190338","2437762","12.85","12.90","12.75","12.80","-0.0500","444"
"2020","美亞","329312","9475696","28.80","28.90","28.65","28.70","0.0500","276"
"2022","聚亨","343340","3425678","10.05","10.05","9.94","9.99","-0.0100","264"
"2023","燁輝","658864","9889220","15.05","15.15","14.95","15.00","-0.1500","355"
"2024","志聯","34248","759201","22.40","22.40","21.70","22.25","0.0000","49"
"2025","千興","1158024","13781126","12.00","12.10","11.80","11.80","-0.1500","434"
"2027","大成鋼","3104120","111212634","36.50","36.50","35.65","35.65","-0.8500","3770"
"2028","威致","75275","1789626","23.85","24.00","23.55","23.80","-0.0500","57"
"2029","盛餘","56155","1444510","25.80","25.80","25.65","25.70","-0.1000","83"
"2030","彰源","179596","3163654","17.75","17.75","17.55","17.60","-0.0500","101"
"2031","新光鋼","364952","21766199","60.00","60.00","59.40","59.50","-0.1000","318"
"2032","新鋼","72010","1082501","15.15","15.15","14.95","15.00","-0.1500","49"
"2033","佳大","155634","2631110","17.35","17.35","16.70","16.70","-0.1500","118"
"2034","允強","169720","4004126","23.75","23.80","23.50","23.60","-0.1500","141"
"2038","海光","203560","3542405","17.65","17.65","17.35","17.35","-0.3000","149"
"2049","上銀","1624827","345322552","217.00","217.00","211.00","211.00","-5.0000","4296"
"2059","川湖","593984","731541825","1275.00","1285.00","1205.00","1205.00","-60.0000","1804"
"2062","橋椿","2989386","113297642","38.35","38.75","37.55","37.65","-0.2500","1932"
"2069","運錩","524690","9405446","17.85","18.20","17.65","17.80","-0.2500","363"
"2101","南港","2493409","133130336","54.00","54.20","53.00","53.10","-0.9000","2467"
"2102","泰豐","490528","10618405","21.60","21.80","21.20","21.65","-0.1000","376"
"2103","台橡","653334","15153332","23.40","23.40","23.05","23.20","-0.1500","328"
"2104","國際中橡","517102","8432016","16.40","16.40","16.25","16.30","-0.1000","341"
"2105","正新","1505013","75472405","49.95","50.50","49.80","50.00","0.3500","1058"
"2106","建大","556981","17353044","31.45","31.45","31.05","31.10","-0.3500","459"
"2107","厚生","257019","6839999","26.65","26.70","26.55","26.70","0.0000","442"
"2108","南帝","311331","12188326","39.35","39.40","38.90","39.15","-0.1000","265"
"2109","華豐","633011","12499382","19.75","19.85","19.60","19.75","0.1500","399"
"2114","鑫永銓","19479","1915924","98.30","98.70","98.20","98.70","-0.6000","23"
"2115","六暉-KY","22378","705616","31.55","31.60","31.40","31.60","0.0500","74"
"2201","裕隆","772338","41969188","54.60","54.70","54.00","54.00","-0.5000","744"
"2204","中華","1904170","149242826","79.00","79.50","77.80","77.80","-0.9000","1689"
"2206","三陽工業","1990435","152518286","76.20","77.20","75.80","76.80","0.6000","1762"
"2207","和泰車","186871","122075098","649.00","658.00","647.00","658.00","-2.0000","319"
"2208","台船","4037097","74425803","18.60","18.70","18.20","18.20","-0.4000","2414"
"2211","長榮鋼","483762","59805128","124.50","124.50","122.50","124.00","0.0000","391"
"2227","裕日車","17676","2117036","120.00","120.00","119.00","119.00","-1.0000","74"
"2228","劍麟","1881803","207489693","109.00","112.50","108.00","109.00","0.0000","1471"
"2231","為升","260254","26450364","101.00","102.50","100.50","102.50","2.0000","226"
"2233","宇隆","4970782","819459553","162.00","172.00","159.00","166.00","6.5000","3865"
"2236","百達-KY","2274302","250456387","103.00","112.00","102.50","111.50","9.5000","1272"
"2239","英利-KY","108931","5056041","47.40","47.60","45.60","45.85","-1.7500","111"
"2241","艾姆勒","1202982","42344960","35.20","35.20","35.20","35.20","3.2000","589"
"2243","宏旭-KY","2099013","50458934","24.00","24.65","23.45","24.10","0.6000","1411"
"2247","汎德永業","35243","10490702","297.50","298.50","297.00","298.00","-1.5000","132"
"2250","IKKA-KY","103575","10267538","98.80","100.00","98.00","99.30","1.1000","128"
"2254","巨鎧精密-創","261008","23208606","87.80","89.80","87.40","89.60","1.6000","71"
"2258","鴻華先進-創","112025","4657137","41.80","41.95","41.35","41.35","-0.4500","81"
"2301","光寶科","3526346","376645003","107.50","108.00","106.00","107.00","0.0000","2513"
"2302","麗正","191735","3274689","17.40","17.40","16.90","16.90","-0.3500","181"
"2303","聯電","35096170","1936319833","55.60","55.60","54.80","55.40","-0.1000","10816"
"2305","全友","357004","7754886","22.20","22.20","21.25","21.25","-0.3000","246"
"2308","台達電","6705924","2649664532","405.00","405.00","392.00","394.50","-5.0000","6902"
"2312","金寶","14366173","336494408","23.80","23.85","23.10","23.10","-0.7000","5645"
"2313","華通","37716915","3025913937","81.80","81.80","78.60","78.60","-3.4000","23198"
"2314","台揚","1081724","33493595","31.50","31.50","30.70","30.75","-0.7000","974"
"2316","楠梓電","3164325","155738599","49.00","50.00","48.40","48.65","-0.2000","2017"
"2317","鴻海","36343903","6688191942","185.50","187.00","182.00","183.00","-1.5000","26722"
"2321","東訊","15860","243830","15.00","16.00","15.00","16.00","1.1500","25"
"2323","中環","11107209","147170717","13.35","13.40","13.15","13.20","-0.0500","2813"
"2324","仁寶","4413542","146709455","33.45","33.45","33.10","33.25","0.0500","2098"
"2327","國巨","1056909","694728979","660.00","662.00","654.00","655.00","-2.0000","1865"
"2328","廣宇","1976068","70344137","35.40","35.85","34.85","35.60","0.5500","1433"
"2329","華泰","1537645","64381450","42.40","42.50","41.60","41.60","-0.3500","1199"
"2330","台積電","19152593","18156368270","950.00","955.00","943.00","948.00","4.0000","31639"
"2331","精英","1766759","46516153","26.70","26.70","26.15","26.15","-0.2000","980"
"2332","友訊","1469261","27797633","18.90","19.10","18.75","18.80","-0.1000","894"
"2337","旺宏","8747097","242393332","28.10","28.10","27.45","27.65","-0.0500","4689"
"2338","光罩","1930128","122552159","63.80","64.20","62.80","63.30","0.0000","1865"
"2340","台亞","1630210","64267496","39.45","39.70","39.20","39.35","-0.2000","1171"
"2342","茂矽","284463","9162356","32.60","32.60","32.10","32.10","0.1000","254"
"2344","華邦電","15471358","369872003","24.15","24.20","23.55","23.70","-0.3500","6616"
"2345","智邦","5069459","2691258916","519.00","540.00","515.00","531.00","23.0000","4370"
"2347","聯強","2548418","185917766","72.20","73.30","72.10","73.00","0.9000","1756"
"2348","海悅","4150774","1062447180","265.50","275.00","240.50","249.00","-15.0000","8239"
"2348A","海悅甲特","11000","373450","33.95","33.95","33.95","33.95","-0.0500","3"
"2349","錸德","40594808","690021821","16.55","17.55","16.25","16.65","-0.0500","13787"
"2351","順德","2189914","297176492","140.00","140.00","133.50","134.50","-3.0000","1857"
"2352","佳世達","22639227","854404121","38.10","38.80","37.20","37.35","1.5000","12428"
"2353","宏碁","4275518","186531373","44.00","44.05","43.45","43.50","-0.2500","2759"
"2354","鴻準","5310599","361685805","68.60","68.80","67.60","67.60","-0.8000","3881"
"2355","敬鵬","2155498","92272570","43.70","43.70","42.55","42.60","-0.6500","1178"
"2356","英業達","9557958","436186023","45.90","45.95","45.45","45.45","-0.1500","4908"
"2357","華碩","4860655","2691112880","547.00","562.00","542.00","556.00","19.0000","6037"
"2359","所羅門","4677135","740323054","159.00","160.50","157.00","157.00","-1.5000","4317"
"2360","致茂","1583229","520350698","330.00","335.00","320.00","332.00","5.5000","2792"
"2362","藍天","3153041","184024298","59.10","59.20","57.80","57.90","-1.0000","2368"
"2363","矽統","5671183","392634601","69.40","70.60","68.20","68.20","-0.9000","4975"
"2364","倫飛","1588244","154103572","102.00","102.00","94.80","95.10","-5.4000","1643"
"2365","昆盈","7876059","464011148","59.30","59.80","58.30","58.40","-0.7000","7454"
"2367","燿華","23135536","880902206","38.80","38.85","37.60","37.70","-0.7000","12344"
"2368","金像電","4220213","897184992","213.50","216.00","209.00","209.00","-2.0000","3728"
"2369","菱生","805390","16301151","20.60","20.65","20.00","20.10","-0.4000","681"
"2371","大同","9370722","428892445","45.85","46.30","45.20","45.20","-0.6000","4283"
"2373","震旦行","24266","1677128","69.20","69.20","68.90","69.10","0.0000","54"
"2374","佳能","3308366","163830015","50.00","50.20","49.00","49.00","-0.7000","2301"
"2375","凱美","819532","57945890","70.50","71.40","70.00","70.40","0.8000","705"
"2376","技嘉","4545732","1172709160","263.00","263.00","255.00","255.00","-6.0000","5857"
"2377","微星","3494202","643559859","185.00","185.50","182.50","183.50","0.0000","2900"
"2379","瑞昱","829326","447295112","539.00","544.00","536.00","537.00","2.0000","1185"
"2380","虹光","79470","517982","6.48","6.87","6.48","6.49","0.0100","125"
"2382","廣達","12071008","3249134832","270.50","273.00","267.00","267.00","-1.0000","11337"
"2383","台光電","8875401","4219583754","472.50","483.00","468.00","470.50","5.5000","10566"
"2385","群光","1572673","257568220","163.00","165.00","162.50","164.50","2.5000","1283"
"2387","精元","321315","19112502","60.10","60.10","59.30","59.30","-0.4000","636"
"2388","威盛","7018643","925780270","134.50","135.50","130.00","130.00","-3.0000","5158"
"2390","云辰","345483","4471763","13.00","13.05","12.85","12.85","-0.0500","268"
"2392","正崴","7168959","508059871","72.60","72.60","69.80","70.00","-1.5000","4921"
"2393","億光","5299743","437251177","80.00","84.00","79.80","82.90","3.9000","4970"
"2395","研華","511406","178858097","349.00","353.00","348.00","348.00","-1.0000","540"
"2397","友通","1036640","84386665","82.40","83.00","80.60","80.60","-1.5000","964"
"2399","映泰","4453162","104331303","24.00","24.20","23.00","23.05","-1.0500","2781"
"2401","凌陽","1380178","43210840","31.55","31.75","31.10","31.10","-0.3000","968"
"2402","毅嘉","21074259","948808630","46.50","46.60","44.00","44.25","-1.2500","11727"
"2404","漢唐","465593","160315386","345.00","346.50","342.00","345.00","0.5000","634"
"2405","輔信","3364986","74658809","22.40","22.60","21.95","22.00","-0.3000","1837"
"2406","國碩","1803060","37139385","20.80","20.90","20.35","20.35","-0.3000","965"
"2408","南亞科","6815500","355400172","52.90","53.10","51.60","51.60","-1.1000","4567"
"2409","友達","16956293","277170956","16.55","16.60","16.25","16.35","-0.1000","5147"
"2412","中華電","3524502","437796316","124.00","124.50","124.00","124.00","0.0000","2778"
"2413","環科","109545","2365817","21.60","21.75","21.45","21.55","-0.1000","59"
"2414","精技","66930","2421110","36.15","36.30","36.05","36.05","-0.1000","74"
"2415","錩新","52049","1381650","26.50","26.80","26.20","26.55","0.1000","40"
"2417","圓剛","1647026","79804679","49.60","49.60","47.80","47.90","-0.5000","1255"
"2419","仲琦","1079536","34175849","31.50","31.85","31.40","31.60","0.3500","727"
"2420","新巨","5674412","397614423","68.40","72.10","67.90","70.80","3.8000","4870"
"2421","建準","1372150","130806168","96.90","97.00","94.60","94.60","-1.6000","1158"
"2423","固緯","135844","5226972","38.95","38.95","38.20","38.40","-0.4000","143"
"2424","隴華","81509","3986574","49.90","49.90","48.50","48.70","0.2500","85"
"2425","承啟","9257339","400343461","43.35","44.25","42.65","43.00","-0.1000","5301"
"2426","鼎元","9371861","214436809","23.00","23.50","22.15","22.45","-0.2000","4886"
"2427","三商電","445013","12475710","28.25","28.35","27.85","27.85","-0.3000","360"
"2428","興勤","421965","73472938","173.50","175.50","173.00","173.50","1.5000","500"
"2429","銘旺科","1435837","46737399","33.20","33.40","32.20","32.40","-0.6000","785"
"2430","燦坤","43253","1431498","33.10","33.20","33.00","33.15","0.0000","115"
"2431","聯昌","1114738","14328283","13.05","13.25","12.65","13.05","0.0000","515"
"2432","倚天酷碁-創","26000","927300","36.60","36.60","35.50","36.00","-0.3500","9"
"2433","互盛電","19620","994438","50.90","50.90","50.50","50.70","-0.2000","24"
"2434","統懋","11000","351700","32.40","32.40","31.55","31.65","-0.5500","8"
"2436","偉詮電","588628","34149302","58.20","58.70","57.50","57.50","-0.2000","697"
"2438","翔耀","373961","22547378","62.30","62.30","59.00","59.00","-3.3000","327"
"2439","美律","2874601","397273507","138.00","139.50","136.00","138.50","2.0000","2513"
"2440","太空梭","188693","2860878","15.35","15.35","15.00","15.10","-0.2500","120"
"2441","超豐","388620","23252449","60.10","60.20","59.70","59.80","-0.3000","347"
"2442","新美齊","1785758","60006160","34.05","34.30","33.30","33.30","0.0000","1120"
"2444","兆勁","779656","10865416","14.10","14.25","13.60","14.00","-0.0500","369"
"2449","京元電子","5275069","639771529","122.00","122.50","120.00","121.00","0.0000","3863"
"2450","神腦","55655","1998316","36.10","36.10","35.70","35.95","-0.1000","71"
"2451","創見","359022","36934418","104.00","104.00","102.00","103.00","-0.5000","400"
"2453","凌群","321254","18068837","56.50","56.70","55.90","55.90","-0.3000","270"
"2454","聯發科","3250144","3979991755","1240.00","1250.00","1215.00","1225.00","-15.0000","5673"
"2455","全新","12064306","1815945468","145.00","154.50","145.00","150.00","8.0000","8992"
"2457","飛宏","1035890","41484009","40.25","40.35","39.70","39.75","-0.3000","959"
"2458","義隆","348374","51144764","148.00","148.50","146.00","146.00","-1.0000","458"
"2459","敦吉","40635","2929185","72.10","72.40","71.90","71.90","-0.4000","51"
"2460","建通","205190","5928871","29.10","29.20","28.75","28.90","-0.1500","165"
"2461","光群雷","276843","6433497","23.60","23.60","23.10","23.15","-0.3500","194"
"2462","良得電","132557","4403494","33.25","33.50","33.00","33.00","-0.2500","184"
"2464","盟立","4696284","387695697","82.70","83.60","81.90","82.00","-0.1000","4533"
"2465","麗臺","555855","53371781","96.80","98.00","95.20","95.60","-2.4000","683"
"2466","冠西電","24647","881966","36.80","36.80","35.40","35.40","-0.8500","43"
"2467","志聖","5125344","1195704757","241.00","242.50","228.50","230.00","-10.0000","10674"
"2468","華經","199601","4805914","24.70","24.70","23.85","23.85","-0.5500","143"
"2471","資通","64861","3365153","51.80","52.50","51.60","51.80","0.1000","117"
"2472","立隆電","629185","50758327","80.80","81.40","80.20","80.20","-0.3000","560"
"2474","可成","1143739","269651375","237.00","237.00","234.50","236.00","0.0000","1817"
"2476","鉅祥","2524571","271886887","108.00","110.50","106.00","106.50","-1.0000","1559"
"2477","美隆電","522377","14107220","27.75","27.90","26.30","26.30","-1.3000","618"
"2478","大毅","498573","26402659","51.90","53.40","51.90","52.80","1.0000","395"
"2480","敦陽科","56229","6728822","119.50","120.00","119.50","120.00","0.0000","133"
"2481","強茂","914808","50547065","55.80","55.80","54.70","55.00","-0.6000","833"
"2482","連宇","529845","17079489","32.20","32.70","31.60","32.20","0.2500","439"
"2483","百容","40792","955633","23.50","23.55","23.25","23.40","-0.1000","63"
"2484","希華","158474","4637627","29.40","29.50","29.10","29.20","-0.0500","160"
"2485","兆赫","656282","11777111","18.25","18.25","17.85","17.85","-0.2000","645"
"2486","一詮","47059599","4825879416","95.60","104.50","95.60","103.00","8.0000","22403"
"2488","漢平","570991","28218918","49.65","49.70","49.05","49.50","0.6500","522"
"2489","瑞軒","5819536","131048614","23.00","23.00","22.30","22.30","-0.4000","3886"
"2491","吉祥全","8324","116270","13.95","14.00","13.90","14.00","0.1000","10"
"2492","華新科","569576","62551878","110.50","110.50","109.00","109.50","-1.0000","592"
"2493","揚博","94425","8332936","88.50","88.70","87.90","88.30","0.0000","129"
"2495","普安","18428724","624397274","34.00","34.70","32.50","33.70","2.1500","8723"
"2496","卓越","13580","1018237","75.00","75.00","74.90","74.90","-0.1000","18"
"2497","怡利電","4048454","272497873","66.20","68.80","64.60","68.00","2.7000","3229"
"2498","宏達電","1919583","85789050","44.90","44.95","44.40","44.45","-0.0500","1490"
"2501","國建","3595561","101087376","28.60","28.90","27.80","27.80","-0.7500","2035"
"2504","國產","6182263","347004538","55.50","57.00","55.30","56.40","1.6000","3894"
"2505","國揚","340890","9252326","27.35","27.60","26.75","26.90","-0.1000","271"
"2506","太設","425192","4933254","11.80","11.80","11.50","11.50","-0.1500","280"
"2509","全坤建","520590","12560074","24.50","24.55","23.85","24.15","0.0500","368"
"2511","太子","1343964","15153089","11.45","11.45","11.20","11.25","-0.1500","541"
"2514","龍邦","623713","13904161","22.90","22.90","22.05","22.15","-0.4500","460"
"2515","中工","35644826","460126691","13.20","13.30","12.70","12.90","-0.4500","10024"
"2516","新建","421385","4950649","11.85","11.85","11.70","11.75","-0.1000","168"
"2520","冠德","7273890","420458470","58.00","59.20","56.90","56.90","-0.2000","4857"
"2524","京城","11071098","1387261975","126.00","132.50","121.00","121.00","-3.5000","7899"
"2527","宏璟","493650","19102680","39.80","39.90","38.30","38.45","-0.9500","525"
"2528","皇普","688175","30414301","45.70","45.70","43.75","43.95","-1.3500","459"
"2530","華建","1185442","56658840","48.85","49.00","47.25","47.30","-1.3500","795"
"2534","宏盛","1881672","50626401","27.50","27.50","26.55","27.05","-0.4500","1054"
"2535","達欣工","98585","5404229","55.10","55.10","54.70","54.70","-0.6000","523"
"2536","宏普","979132","34471750","35.40","35.50","34.75","34.80","-0.5000","322"
"2537","聯上發","17585831","393401401","22.80","23.50","21.70","21.80","-0.8500","8528"
"2538","基泰","1006178","19419308","19.55","19.65","19.15","19.30","-0.1000","389"
"2539","櫻花建","695999","47857699","69.60","70.50","68.10","68.20","-2.0000","833"
"2540","愛山林","5308614","1094834161","206.50","217.00","199.00","201.50","2.5000","5767"
"2542","興富發","10068479","553661782","56.10","56.60","54.20","54.50","-1.2000","8941"
"2543","皇昌","9466140","732202955","77.90","79.10","76.10","77.20","0.4000","5457"
"2545","皇翔","2460494","154087327","64.10","64.70","61.50","61.60","-2.3000","1913"
"2546","根基","71472","5721033","80.80","80.80","79.40","79.80","-0.7000","223"
"2547","日勝生","3008581","32674057","10.85","11.00","10.75","10.80","0.0500","723"
"2548","華固","1510271","220168004","149.00","149.50","143.50","143.50","-5.0000","1599"
"2597","潤弘","271331","41222863","155.00","155.00","150.50","150.50","-3.5000","724"
"2601","益航","1177463","8573557","7.38","7.40","7.23","7.25","-0.1300","575"
"2603","長榮","22437569","4111548890","188.00","188.00","181.00","182.00","-6.0000","18685"
"2605","新興","3391238","92644111","27.90","27.90","27.00","27.00","-0.8000","2226"
"2606","裕民","2258705","121750128","54.90","54.90","53.50","53.50","-1.2000","1746"
"2607","榮運","1143784","35443433","31.45","31.45","30.80","30.80","-0.5000","733"
"2608","嘉里大榮","176398","6981542","39.60","39.65","39.45","39.60","0.0000","124"
"2609","陽明","29057352","1832746290","64.60","64.60","62.30","62.30","-2.2000","18346"
"2610","華航","15322912","320719871","20.80","21.10","20.80","20.85","0.2500","4431"
"2611","志信","517248","12542959","24.50","24.50","24.10","24.20","-0.1500","320"
"2612","中航","110364","4725694","43.15","43.15","42.60","42.65","-0.5000","158"
"2613","中櫃","438487","13607311","31.65","31.65","30.55","30.55","-0.9500","452"
"2614","東森","726548","14909861","21.00","21.00","20.30","20.50","-0.2000","1223"
"2615","萬海","23670228","1916451661","83.20","83.30","79.50","79.50","-3.4000","28169"
"2616","山隆","122838","2657454","21.85","21.85","21.55","21.60","-0.2500","238"
"2617","台航","446083","14258554","32.10","32.20","31.85","31.85","-0.2500","349"
"2618","長榮航","28690800","1019873409","35.50","35.85","35.35","35.40","0.0500","8409"
"2630","亞航","369193","12645237","34.35","34.40","34.10","34.25","-0.0500","246"
"2633","台灣高鐵","2625316","77632631","29.70","29.75","29.50","29.50","-0.4000","1311"
"2634","漢翔","1146274","56737781","49.60","49.85","49.25","49.40","-0.2000","922"
"2636","台驊投控","332341","29512371","89.90","89.90","88.30","88.30","-1.3000","477"
"2637","慧洋-KY","1254129","84176345","67.30","67.60","66.90","67.10","-0.1000","985"
"2642","宅配通","40623","1408552","34.80","34.80","34.55","34.60","-0.2000","192"
"2645","長榮航太","304265","30201456","100.00","100.00","98.90","98.90","-0.9000","451"
"2701","萬企","127434","1665480","13.05","13.15","13.00","13.10","0.1000","80"
"2702","華園","45772","816183","17.80","17.85","17.75","17.75","-0.0500","174"
"2704","國賓","166572","10182501","60.70","61.50","60.70","60.70","-0.3000","163"
"2705","六福","99538","1818164","18.40","18.40","18.15","18.35","0.1500","175"
"2706","第一店","42308","646756","15.30","15.30","15.20","15.30","0.0500","77"
"2707","晶華","130598","26821140","206.00","207.00","204.00","204.00","-1.5000","186"
"2712","遠雄來","6000","166000","27.50","28.10","27.40","28.10","-0.0500","4"
"2722","夏都","54133","2291023","42.50","42.65","41.90","42.10","-0.1500","64"
"2723","美食-KY","158621","13042038","82.70","82.90","81.80","81.90","-0.8000","171"
"2727","王品","139973","30933568","223.00","223.00","219.50","221.00","-2.0000","1734"
"2731","雄獅","553166","76268229","136.50","138.50","136.50","137.50","1.0000","531"
"2739","寒舍","454927","26378720","57.60","58.40","57.50","57.90","0.6000","349"
"2748","雲品","76891","4536595","59.30","59.30","58.70","59.10","0.1000","139"
"2753","八方雲集","92340","13984677","151.00","152.50","150.50","151.00","0.0000","190"
"2762","世界健身-KY","224144","19726509","88.80","88.80","87.00","88.20","0.0000","289"
"2801","彰銀","6181351","109673559","17.80","17.80","17.70","17.70","0.0500","2336"
"2809","京城銀","1271169","68054634","53.40","54.00","53.10","53.50","-0.2000","926"
"2812","台中銀","7492180","136723870","18.10","18.40","18.10","18.30","0.2500","2864"
"2816","旺旺保","869720","29651311","34.40","34.55","33.60","33.60","-0.7500","569"
"2820","華票","448570","6747521","15.05","15.10","15.00","15.05","0.0000","211"
"2832","台產","232173","6889510","29.80","29.80","29.55","29.55","-0.2000","190"
"2834","臺企銀","8288367","130870037","15.85","15.90","15.75","15.75","-0.0500","3050"
"2836","高雄銀","1028981","12337113","12.05","12.05","11.95","12.00","0.0000","509"
"2836A","高雄銀甲特","9000","190800","21.20","21.20","21.20","21.20","0.2000","4"
"2838","聯邦銀","752747","11587992","15.50","15.50","15.35","15.35","-0.1000","328"
"2838A","聯邦銀甲特","87000","4536200","52.20","52.20","52.10","52.10","-0.2000","26"
"2845","遠東銀","4878311","69445571","14.20","14.30","14.20","14.20","0.0500","1329"
"2849","安泰銀","65202","980607","15.20","15.20","14.85","15.00","-0.1000","54"
"2850","新產","245510","23203220","95.50","95.50","93.70","95.00","-0.2000","529"
"2851","中再保","3692001","100149975","27.60","27.60","26.90","26.95","-0.7500","2060"
"2852","第一保","654974","15466724","24.10","24.10","23.40","23.40","-0.6000","346"
"2855","統一證","1422630","37361910","26.45","26.60","26.15","26.30","-0.1500","962"
"2867","三商壽","12627281","100049834","7.99","7.99","7.86","7.86","-0.1300","3141"
"2880","華南金","11349437","287484275","25.50","25.50","25.20","25.45","-0.0500","6303"
"2881","富邦金","31343754","2948540690","93.00","95.00","92.50","94.00","2.1000","18841"
"2881A","富邦特","45537","2815894","61.90","61.90","61.80","61.90","0.0000","28"
"2881B","富邦金乙特","152454","8934226","58.70","58.70","58.60","58.70","0.0000","27"
"2881C","富邦金丙特","14748","754110","51.10","51.20","51.10","51.20","0.1000","47"
"2882","國泰金","31916994","2060560922","63.80","65.20","63.70","64.70","1.2000","14571"
"2882A","國泰特","31169","1878673","60.30","60.30","60.20","60.30","0.0000","43"
"2882B","國泰金乙特","174776","9903560","56.90","56.90","56.50","56.90","0.0000","74"
"2883","開發金","41619210","675720438","16.15","16.35","16.15","16.25","0.1500","7868"
"2883B","開發金乙特","871386","6438519","7.38","7.40","7.38","7.39","-0.0100","135"
"2884","玉山金","11875546","333907258","28.20","28.25","28.00","28.10","-0.1000","7637"
"2885","元大金","7719976","245554481","31.85","32.00","31.70","31.75","-0.1500","3402"
"2886","兆豐金","7530992","294047042","39.05","39.15","38.95","39.05","0.1000","3137"
"2887","台新金","23829189","444385991","18.55","18.80","18.55","18.65","0.1500","8079"
"2887E","台新戊特","1191343","60763224","51.20","51.20","51.00","51.00","0.0000","57"
"2887F","台新戊特二","14066","644755","45.80","45.85","45.80","45.85","0.0000","13"
"2887Z1","台新己特","71081","1151525","16.20","16.20","16.20","16.20","0.0000","31"
"2888","新光金","139632501","1806435912","12.95","13.00","12.90","12.95","0.0500","14464"
"2888A","新光金甲特","115509","4373611","37.85","38.00","37.65","37.65","-0.2000","77"
"2888B","新光金乙特","487315","18549024","38.25","38.25","37.90","37.95","-0.3000","125"
"2889","國票金","5434633","86036256","15.70","15.95","15.65","15.95","0.2000","2322"
"2890","永豐金","6424487","153831748","24.05","24.20","23.85","23.85","-0.1500","3015"
"2891","中信金","118505848","3915667501","32.80","33.30","32.75","33.10","0.4500","28087"
"2891B","中信金乙特","7354","441941","60.00","60.30","60.00","60.20","-0.1000","12"
"2891C","中信金丙特","478","27204","","","","","0.0000","11"
"2892","第一金","7012723","190924951","27.25","27.30","27.15","27.20","-0.0500","3783"
"2897","王道銀行","4614535","47139595","10.35","10.35","10.20","10.20","-0.1000","727"
"2897A","王道銀甲特","141965","1448043","10.20","10.20","10.20","10.20","0.0000","29"
"2901","欣欣","44858","1248717","28.10","28.10","27.70","28.00","0.0000","41"
"2903","遠百","2586012","73711261","28.25","28.65","28.20","28.65","0.4000","1111"
"2904","匯僑","20075","375136","18.70","18.70","18.65","18.70","0.1000","39"
"2905","三商","1483850","29842320","20.40","20.40","20.00","20.00","-0.4000","1036"
"2906","高林","316620","6287487","20.00","20.00","19.80","19.80","-0.2000","154"
"2908","特力","323358","6721331","20.95","20.95","20.65","20.75","-0.2000","151"
"2910","統領","58000","1658150","28.90","28.90","28.40","28.50","-0.4000","43"
"2912","統一超","1125628","318055772","283.00","284.50","280.00","284.50","3.0000","5631"
"2913","農林","1501121","31481512","21.25","21.30","20.80","20.80","-0.4000","888"
"2915","潤泰全","2982335","240320325","81.40","81.50","79.90","80.60","-0.7000","3049"
"2923","鼎固-KY","39968","1404920","34.90","36.10","34.80","35.15","-0.1500","36"
"2929","淘帝-KY","109259","956112","8.86","8.86","8.67","8.76","-0.1100","95"
"2939","永邑-KY","16059","440645","27.60","27.60","27.25","27.25","-0.2000","18"
"2945","三商家購","11365","487251","43.00","43.20","42.75","43.20","0.2000","24"
"3002","歐格","116520","1688647","14.65","14.65","14.40","14.45","-0.1500","54"
"3003","健和興","6999939","665479697","92.00","97.50","92.00","92.90","3.5000","6186"
"3004","豐達科","104222","10250419","98.90","99.10","97.50","98.00","-1.3000","125"
"3005","神基","1573239","178554953","113.00","114.00","112.00","114.00","1.0000","1411"
"3006","晶豪科","3179472","247638837","79.40","79.70","77.00","77.00","-2.4000","2913"
"3008","大立光","1421633","4488371955","3150.00","3220.00","3115.00","3120.00","0.0000","4125"
"3010","華立","1136952","152048050","136.00","136.50","132.00","132.50","-3.5000","1796"
"3011","今皓","1086447","33090898","29.70","30.95","29.70","30.30","0.6500","599"
"3013","晟銘電","6490039","744781762","115.00","117.00","113.00","113.00","-1.0000","4554"
"3014","聯陽","564915","81347374","146.00","146.50","143.00","143.00","-2.0000","600"
"3015","全漢","2451016","152427187","64.50","64.50","61.00","61.60","-2.6000","2100"
"3016","嘉晶","266878","16210618","61.20","61.50","60.30","60.50","-0.3000","252"
"3017","奇鋐","10026720","5889265555","602.00","611.00","568.00","574.00","-32.0000","15311"
"3018","隆銘綠能","209233","5748692","27.10","28.05","27.00","27.70","0.7500","138"
"3019","亞光","10845529","1330721743","123.00","125.00","121.00","121.00","-1.0000","7301"
"3021","鴻名","264803","6439034","24.70","24.75","23.90","24.25","-0.4000","207"
"3022","威強電","813220","64932274","79.90","80.90","79.40","79.60","-0.2000","582"
"3023","信邦","924614","278055141","300.00","303.00","298.50","302.50","5.5000","1635"
"3024","憶聲","1118546","23809786","21.35","21.45","21.20","21.20","-0.0500","663"
"3025","星通","739561","47202863","62.70","64.90","62.70","63.30","0.7000","654"
"3026","禾伸堂","84630","7703336","91.20","91.30","90.70","91.20","0.0000","155"
"3027","盛達","398054","14790356","37.25","37.55","36.40","37.35","0.7500","387"
"3028","增你強","539311","17066881","31.80","31.85","31.55","31.55","-0.3500","570"
"3029","零壹","338900","31502032","92.60","93.30","92.50","93.00","0.5000","400"
"3030","德律","745909","118582351","160.50","162.00","157.00","157.50","-2.0000","631"
"3031","佰鴻","623471","12998107","21.15","21.15","20.55","20.60","-0.2500","366"
"3032","偉訓","1770414","130872701","74.60","74.80","72.70","73.80","0.9000","1684"
"3033","威健","1882022","65025472","34.70","34.95","34.30","34.40","-0.3500","1269"
"3034","聯詠","2410768","1298873127","540.00","543.00","535.00","540.00","0.0000","2785"
"3035","智原","2793545","844565975","305.50","306.50","298.50","298.50","-5.5000","7050"
"3036","文曄","1720891","201805643","121.00","121.00","116.00","116.50","-1.5000","1529"
"3036A","文曄甲特","50029","2329606","46.60","46.75","46.45","46.75","0.0000","19"
"3037","欣興","13173830","2148593096","164.50","166.00","160.50","162.50","-1.0000","8274"
"3038","全台","198275","5519868","27.90","27.95","27.70","27.70","-0.2000","176"
"3040","遠見","300100","11759081","38.80","39.60","38.70","39.20","0.0500","255"
"3041","揚智","337252","6759170","20.30","20.45","19.90","19.90","-0.3500","351"
"3042","晶技","1874905","217214026","116.50","117.00","114.50","116.50","1.5000","1363"
"3043","科風","3153851","114049784","34.10","37.10","34.10","35.55","1.8000","2216"
"3044","健鼎","1066465","222247594","209.50","211.00","206.50","208.00","1.5000","1716"
"3045","台灣大","4135308","464796345","112.00","113.00","111.50","113.00","1.0000","2103"
"3046","建碁","826598","55023707","66.00","67.70","65.80","66.10","0.6000","920"
"3047","訊舟","49133042","2127632346","41.40","44.60","41.40","43.40","2.3500","27378"
"3048","益登","1841996","81086292","44.20","44.50","43.70","43.70","-0.3000","1193"
"3049","精金","1902196","17447190","9.23","9.30","9.08","9.08","-0.1400","873"
"3050","鈺德","1496129","32073910","21.50","21.80","21.25","21.25","-0.1500","811"
"3051","力特","4642513","147930335","31.75","32.70","30.70","32.30","2.0000","3017"
"3052","夆典","345916","4327239","12.55","12.60","12.45","12.45","0.0000","168"
"3054","立萬利","81991","1822852","22.95","22.95","21.90","21.90","-1.0500","72"
"3055","蔚華科","751416","55035583","73.50","74.30","72.80","73.30","0.1000","569"
"3056","富華新","1789179","67008164","37.85","38.20","36.85","37.10","-0.5000","2078"
"3057","喬鼎","122487","1609330","13.00","13.35","13.00","13.15","0.1500","146"
"3058","立德","503372","8506236","16.80","17.15","16.65","16.65","-0.0500","328"
"3059","華晶科","1276274","48458768","38.60","38.60","37.65","37.65","-0.5000","1252"
"3060","銘異","923167","25189094","27.40","27.80","27.00","27.00","-0.3500","572"
"3062","建漢","36275387","1284036418","35.15","36.40","34.15","35.10","0.4000","18396"
"3090","日電貿","148043","9254141","62.60","62.70","62.30","62.40","-0.2000","191"
"3092","鴻碩","1058861","34994431","33.00","33.10","32.05","33.10","3.0000","499"
"3094","聯傑","600263","19751826","33.25","33.45","32.60","32.80","0.2500","437"
"3130","一零四","19382","4461178","231.50","231.50","229.00","230.50","-1.0000","141"
"3138","耀登","70742","8760942","125.50","125.50","123.00","123.00","0.0000","111"
"3149","正達","30199823","985495045","34.00","34.30","31.15","31.15","-1.9000","14182"
"3150","鈺寶-創","3000","122100","40.35","41.35","40.35","41.35","-0.1500","3"
"3164","景岳","44988","1057070","23.75","23.75","23.40","23.45","-0.2500","163"
"3167","大量","3470105","301877545","88.60","89.20","85.80","85.80","-2.3000","2674"
"3168","眾福科","60376","3524591","58.40","58.50","58.00","58.40","-0.1000","40"
"3189","景碩","19114623","2195326789","116.50","118.00","112.50","114.50","-4.0000","13307"
"3209","全科","569431","20379404","36.05","36.20","35.60","35.60","-0.3500","600"
"3229","晟鈦","100444","2574388","25.50","26.15","25.20","25.50","0.0500","116"
"3231","緯創","18676875","1900105806","102.50","103.50","100.00","100.00","-1.5000","9187"
"3257","虹冠電","81639","4352290","53.50","53.70","52.80","52.80","-0.6000","134"
"3266","昇陽","424700","10259701","24.05","24.45","23.85","23.90","0.0500","234"
"3296","勝德","541003","14378652","26.35","26.95","26.20","26.95","0.7000","392"
"3305","昇貿","928520","62473942","67.50","68.50","65.70","68.10","1.1000","980"
"3308","聯德","125731","3210382","25.55","25.85","25.35","25.40","0.1000","170"
"3311","閎暉","78155","3030798","39.00","39.00","38.45","38.70","-0.1500","80"
"3312","弘憶股","2979651","257662316","87.80","89.50","84.70","84.70","-2.5000","3689"
"3321","同泰","466935","9169744","19.85","20.15","19.25","19.65","-0.1500","355"
"3338","泰碩","769391","57704239","74.80","75.90","74.20","74.30","0.2000","746"
"3346","麗清","313393","12488737","40.00","40.20","39.65","39.75","-0.0500","285"
"3356","奇偶","2597784","184853333","71.00","72.10","70.20","70.80","0.2000","2293"
"3376","新日興","4014947","898473969","226.00","227.50","220.00","220.00","-6.0000","12284"
"3380","明泰","4806544","173535727","36.00","36.45","35.40","35.95","0.8000","3392"
"3406","玉晶光","2243841","1268644813","566.00","574.00","557.00","558.00","-7.0000","2777"
"3413","京鼎","912958","315427544","351.00","352.00","342.00","343.50","-7.5000","1261"
"3416","融程電","88433","12251161","138.50","139.00","137.50","138.00","0.0000","102"
"3419","譁裕","548723","9412955","17.45","17.50","17.00","17.10","-0.2000","470"
"3432","台端","47610","1186939","25.00","25.00","24.75","24.75","-0.2500","59"
"3437","榮創","7746130","217305638","27.90","28.75","27.10","27.65","-0.4500","4610"
"3443","創意","763831","850922040","1130.00","1135.00","1090.00","1095.00","-20.0000","2306"
"3447","展達","420289","17236923","40.55","41.65","40.00","41.20","0.6500","330"
"3450","聯鈞","48705898","8633745894","176.00","183.50","169.00","178.50","5.0000","34877"
"3454","晶睿","158262","19404371","124.50","126.00","121.00","121.50","-2.5000","595"
"3481","群創","78923916","1220137260","15.80","15.85","15.25","15.30","-0.5000","23736"
"3494","誠研","185704","1298248","7.12","7.12","6.90","7.08","0.0900","67"
"3501","維熹","312592","22469099","71.20","72.40","71.10","72.00","1.0000","290"
"3504","揚明光","172819","10154512","59.10","59.30","58.30","58.60","0.0000","135"
"3515","華擎","323948","66788449","211.00","211.00","203.00","203.00","-4.5000","435"
"3518","柏騰","3351303","131531097","39.80","40.50","38.50","38.50","-1.5000","2209"
"3528","安馳","369495","20186980","54.20","55.80","53.50","54.20","0.0000","309"
"3530","晶相光","125573","11334949","91.40","91.50","89.20","90.80","-0.3000","153"
"3532","台勝科","333226","48416937","149.00","150.00","144.00","144.00","-4.5000","447"
"3533","嘉澤","317786","479739610","1530.00","1540.00","1490.00","1490.00","-40.0000","650"
"3535","晶彩科","7605546","555772302","73.20","74.80","72.20","72.20","-0.2000","5015"
"3543","州巧","124384","2843734","23.05","23.10","22.70","22.90","-0.2000","90"
"3545","敦泰","484930","39284503","82.00","82.00","80.50","81.00","-0.2000","468"
"3550","聯穎","3373145","83336418","25.20","25.20","24.10","24.95","0.3000","2043"
"3557","嘉威","121512","8865554","73.70","73.90","72.40","72.40","-0.7000","375"
"3563","牧德","215817","76481374","359.00","363.00","350.00","350.00","-9.0000","367"
"3576","聯合再生","2726986","32404249","12.00","12.05","11.80","11.85","-0.1500","1277"
"3583","辛耘","5934097","2459274902","437.00","438.50","402.00","402.00","-29.5000","8767"
"3588","通嘉","218587","15907003","72.50","73.80","72.20","72.30","-0.2000","339"
"3591","艾笛森","711055","18338977","26.05","26.30","25.60","25.75","-0.4500","499"
"3592","瑞鼎","258271","91260077","358.00","358.00","352.00","352.00","-3.5000","507"
"3593","力銘","184889","2875934","15.65","15.70","15.40","15.40","-0.2000","135"
"3596","智易","317131","46160831","145.50","147.00","145.00","146.00","-0.5000","387"
"3605","宏致","3514054","188945378","54.00","55.10","52.60","54.00","1.1000","2425"
"3607","谷崧","594226","12327194","20.75","20.95","20.55","20.70","0.2000","420"
"3617","碩天","2996638","899107549","284.50","309.50","282.50","307.50","23.5000","4457"
"3622","洋華","2676992","169935475","63.90","65.80","61.70","62.70","0.7000","2207"
"3645","達邁","5242009","297130535","59.00","59.30","55.60","56.00","-2.9000","3789"
"3652","精聯","1102090","51751040","48.10","48.25","46.35","46.50","-1.2500","940"
"3653","健策","776135","1018642950","1365.00","1380.00","1280.00","1285.00","-70.0000","1362"
"3661","世芯-KY","1181705","3139022290","2690.00","2710.00","2620.00","2620.00","-30.0000","3042"
"3665","貿聯-KY","3367053","1490485503","454.50","454.50","437.50","438.50","-17.0000","3400"
"3669","圓展","109924","5325738","49.25","49.25","48.20","48.25","-0.3500","174"
"3673","TPK-KY","12271538","552975836","45.55","46.20","43.80","43.90","-1.3000","7890"
"3679","新至陞","70703","9391543","133.00","133.50","132.00","132.00","-1.0000","93"
"3686","達能","754588","20973907","27.80","28.50","27.20","27.55","-0.2000","665"
"3694","海華","358381","15838364","44.10","44.70","43.85","44.05","0.1000","273"
"3701","大眾控","1164212","48373607","41.95","43.00","40.30","40.70","-0.2500","1005"
"3702","大聯大","2863804","230667576","81.20","81.50","80.20","80.30","-0.9000","1876"
"3702A","大聯大甲特","87814","4292439","48.90","48.90","48.85","48.90","0.0000","36"
"3703","欣陸","736836","25340965","34.90","34.95","34.15","34.15","-0.5500","767"
"3704","合勤控","2594455","101186555","38.45","39.75","37.95","39.25","1.3500","2039"
"3705","永信","381771","22114384","57.80","58.70","57.50","57.50","-0.1000","386"
"3706","神達","1616531","72512776","45.20","45.20","44.65","44.70","-0.2000","1418"
"3708","上緯投控","1871893","215003329","113.00","117.00","111.50","114.50","2.0000","1563"
"3711","日月光投控","8500099","1303115745","155.50","156.50","152.00","153.00","-0.5000","5267"
"3712","永崴投控","1677472","94012772","55.80","56.90","55.40","55.70","0.4000","1154"
"3714","富采","1450807","60337052","42.15","42.30","41.20","41.25","-0.8500","1431"
"3715","定穎投控","8028870","528681506","66.00","66.60","64.80","65.50","0.1000","5604"
"3716","中化控股","370491","15721947","44.55","44.55","41.75","41.75","0.0000","737"
"4104","佳醫","35152","3107206","88.30","88.40","88.20","88.30","-0.3000","176"
"4106","雃博","27308","709635","25.90","26.05","25.90","26.00","-0.0500","158"
"4108","懷特","81703","1498474","18.40","18.45","18.25","18.45","0.0500","217"
"4119","旭富","71171","6290258","88.40","88.60","88.10","88.50","0.1000","98"
"4133","亞諾法","47274","1483241","31.30","31.50","31.30","31.35","0.0500","229"
"4137","麗豐-KY","62473","8620689","138.50","138.50","137.50","138.50","0.0000","128"
"4142","國光生","320752","9294474","29.20","29.20","28.80","28.80","-0.2500","313"
"4148","全宇生技-KY","9000","412350","46.00","46.00","45.55","45.85","0.5500","8"
"4155","訊映","160770","4061132","25.35","25.40","25.10","25.20","-0.1500","210"
"4164","承業醫","104604","4746701","45.70","45.70","45.20","45.25","-0.2000","216"
"4190","佐登-KY","80669","3954012","49.20","49.40","48.80","48.80","-0.4000","343"
"4306","炎洲","20489443","443194850","21.40","22.35","21.05","21.20","0.2500","8588"
"4414","如興","339983","1142967","3.40","3.40","3.34","3.34","-0.0500","79"
"4426","利勤","179480","2467753","13.85","13.85","13.70","13.70","-0.1500","119"
"4438","廣越","5265","566715","108.00","108.00","107.50","107.50","-0.5000","25"
"4439","冠星-KY","5014","483193","96.50","97.00","95.80","95.80","-0.7000","7"
"4440","宜新實業","34042","892427","26.30","26.35","26.10","26.15","-0.0500","47"
"4526","東台","47651701","1784589128","39.35","39.80","36.50","37.10","-2.2500","23357"
"4532","瑞智","989685","24961611","25.45","25.45","25.10","25.10","-0.1500","531"
"4536","拓凱","634857","141869565","226.00","230.00","219.00","220.00","-6.0000","6510"
"4540","全球傳動","1771465","79149689","45.10","45.50","44.10","44.10","-0.8000","1494"
"4545","銘鈺","4171722","244190633","57.30","60.30","56.80","58.30","2.8000","3309"
"4551","智伸科","761601","96380949","126.00","128.50","122.00","126.00","1.0000","894"
"4552","力達-KY","123337","3256866","26.35","26.60","26.20","26.55","0.2000","111"
"4555","氣立","1639079","77431189","48.70","48.80","46.65","46.75","-1.3000","1332"
"4557","永新-KY","115994","13080867","113.00","113.50","111.50","113.00","0.0000","148"
"4560","強信-KY","283001","9579083","34.35","34.35","33.30","33.50","-0.5000","138"
"4562","穎漢","3545685","252463316","72.00","72.60","70.20","70.60","-1.2000","2629"
"4564","元翎","6113855","170039299","26.40","28.50","26.40","27.30","0.9000","3419"
"4566","時碩工業","12826351","1281584685","96.30","101.00","96.30","100.50","4.8000","8458"
"4569","六方科-KY","103031","12775844","124.00","124.00","124.00","124.00","11.0000","71"
"4571","鈞興-KY","1791445","276063420","145.50","156.00","145.50","156.00","14.0000","1015"
"4572","駐龍","131045","21031732","162.50","162.50","159.50","159.50","-1.5000","266"
"4576","大銀微系統","2401795","226370966","97.70","97.70","92.40","92.50","-3.4000","2423"
"4581","光隆精密-KY","24336","1373717","56.30","56.70","56.30","56.70","0.4000","27"
"4583","台灣精銳","3465233","1902477703","556.00","569.00","534.00","544.00","-4.0000","4220"
"4588","玖鼎電力","65796","6129009","93.40","94.60","92.10","92.10","-0.6000","86"
"4720","德淵","1283470","28075441","22.35","22.35","21.65","21.65","-0.5500","818"
"4722","國精化","108291","4774833","44.50","44.65","43.30","43.30","-1.0500","130"
"4736","泰博","146800","24558318","167.50","168.00","166.50","167.50","1.0000","382"
"4737","華廣","7002","456838","65.50","65.50","65.10","65.30","-0.2000","8"
"4739","康普","137059","8547258","63.80","63.80","61.80","61.80","-1.2000","550"
"4746","台耀","922247","87921918","97.50","97.50","94.10","94.10","-2.7000","1173"
"4755","三福化","383034","50191924","133.00","133.50","129.00","131.00","-0.5000","444"
"4763","材料-KY","3649187","3445881660","929.00","967.00","925.00","959.00","38.0000","6999"
"4764","雙鍵","19085","844680","44.25","44.45","44.00","44.45","0.2000","33"
"4766","南寶","778278","235720769","299.00","306.50","298.00","303.00","7.0000","1183"
"4770","上品","55808","21275403","384.50","384.50","378.00","380.50","-1.0000","114"
"4771","望隼","52885","12277954","234.00","234.00","230.00","230.50","-4.5000","594"
"4807","日成-KY","283312","6122240","20.55","22.45","20.40","22.45","2.0000","240"
"4904","遠傳","2762765","250256408","90.50","91.00","89.90","91.00","0.5000","2146"
"4906","正文","16805407","728898386","42.60","44.00","42.55","42.85","0.5500","9159"
"4912","聯德控股-KY","167296","17884583","108.50","108.50","105.50","106.50","-1.0000","150"
"4915","致伸","887020","80468164","89.90","91.10","89.70","91.10","1.4000","1014"
"4916","事欣科","623339","17485203","27.75","28.35","27.65","28.05","0.4500","514"
"4919","新唐","1395676","124728724","89.80","90.00","88.90","89.20","0.1000","1273"
"4927","泰鼎-KY","1390588","82146555","59.80","59.80","58.50","59.30","-0.4000","917"
"4930","燦星網","50260","1621535","32.20","32.40","32.15","32.35","0.0500","108"
"4934","太極","230653","4630223","20.10","20.30","19.95","20.00","-0.0500","175"
"4935","茂林-KY","2673675","174783567","61.30","66.00","61.30","66.00","6.0000","1616"
"4938","和碩","3942667","409376326","103.00","104.50","102.50","103.50","1.0000","2109"
"4942","嘉彰","99352","4360506","43.80","43.95","43.70","43.95","0.2500","98"
"4943","康控-KY","16997","332138","19.70","19.70","19.25","19.65","-0.1000","29"
"4949","有成精密","55160","1359662","24.90","24.90","24.40","24.80","-0.1000","76"
"4952","凌通","155202","8700110","56.10","56.50","55.80","56.00","0.2000","150"
"4956","光鋐","3282614","93192501","28.95","29.25","27.75","27.85","-0.7500","2022"
"4958","臻鼎-KY","5923725","795716323","135.50","136.00","132.50","133.50","-2.0000","5614"
"4960","誠美材","2925454","40506740","14.00","14.10","13.70","13.75","-0.2000","1145"
"4961","天鈺","446952","119034835","268.00","270.00","263.50","265.00","-2.5000","1335"
"4967","十銓","1888032","235036996","124.50","126.50","123.00","123.00","-0.5000","1733"
"4968","立積","1712770","313939118","186.00","187.50","181.00","181.00","-3.0000","1589"
"4976","佳凌","446011","21299578","48.25","48.70","47.20","47.20","-0.8000","496"
"4977","眾達-KY","3001065","238108455","75.80","81.80","75.20","79.60","4.8000","2645"
"4989","榮科","307906","6312209","20.80","21.00","20.20","20.25","-0.5000","272"
"4994","傳奇","71549","7954316","111.00","112.50","110.00","112.00","0.5000","76"
"4999","鑫禾","30825","1046821","34.00","34.20","33.80","33.90","-0.1000","92"
"5007","三星","77315","4382318","57.10","57.10","56.50","56.50","-0.6000","49"
"5203","訊連","63171","6140779","97.90","97.90","97.00","97.00","-0.9000","382"
"5215","科嘉-KY","111456","5840960","53.00","53.00","52.00","52.30","-0.6000","152"
"5222","全訊","509907","75211494","150.00","150.00","146.00","146.00","-4.0000","682"
"5225","東科-KY","2506230","386593425","150.50","157.00","150.50","157.00","6.5000","1976"
"5234","達興材料","3568100","632128264","176.50","181.00","174.50","176.50","0.5000","8322"
"5243","乙盛-KY","685754","40406540","59.10","59.60","58.40","58.70","0.0000","538"
"5244","弘凱","19120","813373","42.70","42.85","42.20","42.55","-0.2000","22"
"5258","虹堡","415827","53715998","130.50","130.50","128.00","128.50","-1.0000","355"
"5269","祥碩","475970","834032615","1795.00","1800.00","1730.00","1735.00","-35.0000","1016"
"5283","禾聯碩","87323","9070205","104.00","104.00","103.50","104.00","0.0000","138"
"5284","jpp-KY","119024","13632222","115.50","116.50","113.00","113.00","-3.0000","144"
"5285","界霖","41519","2704653","65.70","65.70","64.90","65.00","-0.3000","133"
"5288","豐祥-KY","25202","5085693","202.00","202.00","201.50","201.50","0.0000","30"
"5292","華懋","82099","12374045","151.50","152.00","149.50","149.50","-1.0000","157"
"5306","桂盟","406100","64116058","156.00","160.00","155.50","156.50","1.0000","554"
"5388","中磊","1763002","199075881","112.00","114.00","112.00","113.00","1.5000","1293"
"5434","崇越","1260153","362727556","284.00","291.00","283.00","289.50","6.5000","2519"
"5469","瀚宇博","2135575","112636842","53.30","53.40","52.30","52.40","-0.8000","1363"
"5471","松翰","193347","8857260","46.00","46.05","45.50","45.75","-0.3000","215"
"5484","慧友","806710","63397922","79.70","80.40","77.80","77.80","-1.9000","885"
"5515","建國","547947","12734333","23.20","23.40","23.10","23.15","-0.0500","310"
"5519","隆大","3315958","155929359","48.00","48.75","46.20","46.20","-1.4000","2470"
"5521","工信","1034439","11437144","11.15","11.20","11.00","11.00","-0.1000","552"
"5522","遠雄","784344","63464338","80.10","81.80","80.00","81.00","-0.1000","816"
"5525","順天","175001","6652392","39.05","39.05","37.75","37.75","-0.8500","155"
"5531","鄉林","768206","7985590","10.40","10.65","10.30","10.35","-0.0500","396"
"5533","皇鼎","302253","6647386","22.50","22.50","21.80","21.80","-0.5000","201"
"5534","長虹","1350773","156835965","117.00","118.50","115.00","115.50","0.5000","998"
"5538","東明-KY","174952","6204049","35.00","36.00","35.00","35.75","0.4000","146"
"5546","永固-KY","25070","762607","30.65","30.65","30.00","30.00","-0.2500","24"
"5607","遠雄港","503953","24515862","49.20","49.25","48.20","48.45","-0.6500","651"
"5608","四維航","816912","14768427","18.30","18.30","18.00","18.00","-0.2500","528"
"5706","鳳凰","256402","15456692","60.60","60.80","59.90","60.00","0.1000","299"
"5871","中租-KY","4256264","617530826","145.50","146.00","144.00","145.50","0.0000","3347"
"5871A","中租-KY甲特","67838","6458670","95.10","95.40","95.10","95.40","0.4000","37"
"5876","上海商銀","4224373","169069023","40.40","40.50","39.85","40.00","-0.2500","2132"
"5880","合庫金","3826892","98773904","25.90","25.95","25.75","25.75","-0.1500","2640"
"5906","台南-KY","6168","409030","66.40","66.90","65.50","65.50","-0.9000","50"
"5907","大洋-KY","53090","469026","8.85","8.89","8.81","8.82","-0.1500","40"
"6005","群益證","1928364","42011499","21.80","21.95","21.70","21.80","0.0500","1044"
"6024","群益期","53235","2964388","55.70","55.70","55.60","55.70","0.0000","94"
"6108","競國","750240","15153813","19.85","20.45","19.75","20.30","0.6000","321"
"6112","邁達特","227145","11051094","48.70","48.95","48.20","48.75","0.5500","346"
"6115","鎰勝","65980","3487288","53.30","53.30","52.60","52.90","0.1000","68"
"6116","彩晶","3683571","33594095","9.20","9.20","9.07","9.07","-0.0900","1463"
"6117","迎廣","883449","92603903","104.50","107.00","103.50","104.00","0.0000","782"
"6120","達運","1647332","24655716","15.20","15.25","14.70","14.70","-0.3000","829"
"6128","上福","84425","3079262","36.50","36.55","36.40","36.40","-0.0500","105"
"6133","金橋","2072862","45390275","21.90","22.40","21.55","21.85","-0.4500","1231"
"6136","富爾特","345445","7913191","22.40","23.00","22.40","22.95","0.5000","213"
"6139","亞翔","3249872","794346685","248.00","249.00","241.00","242.00","-4.0000","3793"
"6141","柏承","132293","1877471","14.30","14.35","14.10","14.15","-0.1000","86"
"6142","友勁","357825","3742696","10.50","10.70","10.30","10.40","-0.1000","167"
"6152","百一","3334651","56163556","16.50","17.15","16.45","16.85","0.6500","1484"
"6153","嘉聯益","2944160","69345894","24.00","24.05","23.15","23.35","-0.3000","1996"
"6155","鈞寶","104859","2846706","27.10","27.30","26.90","27.25","0.2000","69"
"6164","華興","460160","6712641","14.75","14.75","14.50","14.50","-0.2000","250"
"6165","浪凡","122237","4663077","38.60","38.60","37.90","38.00","-0.5500","128"
"6166","凌華","162109","11613173","72.40","72.40","71.40","71.40","-1.0000","193"
"6168","宏齊","1314072","29772270","22.90","23.00","22.45","22.70","-0.3000","886"
"6176","瑞儀","2987964","590724539","197.50","199.50","195.00","199.50","2.0000","3049"
"6177","達麗","7635598","475632664","62.90","63.50","60.80","61.00","-1.4000","6032"
"6183","關貿","13280","992504","76.00","76.00","74.50","74.60","-0.4000","53"
"6184","大豐電","29225","1539980","52.70","52.80","52.60","52.70","-0.1000","36"
"6189","豐藝","1324477","121015148","92.90","93.00","90.30","90.60","-1.4000","2678"
"6191","精成科","1268894","80270646","63.70","63.70","62.60","63.30","0.2000","1038"
"6192","巨路","132892","16008971","121.50","122.50","119.50","119.50","-2.0000","112"
"6196","帆宣","518804","80702178","158.00","158.50","154.50","154.50","-2.5000","1230"
"6197","佳必琪","5494255","965291424","186.00","187.00","170.00","170.00","-13.5000","20019"
"6201","亞弘電","34255","2042672","60.00","60.00","59.50","59.80","0.1000","38"
"6202","盛群","243323","12097869","50.00","50.30","49.50","49.50","-0.4000","270"
"6205","詮欣","351593","24584245","70.20","70.80","69.30","69.30","-1.7000","256"
"6206","飛捷","202632","17416743","86.00","86.30","85.60","85.70","-0.3000","474"
"6209","今國光","264369","7040965","26.70","26.90","26.50","26.50","-0.2000","191"
"6213","聯茂","12779028","1040327574","81.60","82.30","80.60","80.80","-0.5000","10251"
"6214","精誠","214557","25920354","121.00","121.00","120.00","121.00","0.0000","256"
"6215","和椿","8976414","607437333","69.80","69.90","66.30","68.50","1.1000","6283"
"6216","居易","831960","36448587","42.90","44.55","42.60","44.20","1.3000","603"
"6224","聚鼎","536932","33614385","63.20","63.80","61.60","61.60","-1.2000","498"
"6225","天瀚","3299","52203","16.10","16.10","15.75","15.75","0.1000","11"
"6226","光鼎","331063","3370576","10.40","10.45","10.10","10.15","-0.2500","209"
"6230","尼得科超眾","1267410","320195071","266.50","274.50","235.00","237.00","-16.0000","1456"
"6235","華孚","651217","48870266","75.50","75.50","74.60","74.60","-1.2000","652"
"6239","力成","1845456","269243418","146.00","147.50","145.00","145.00","-0.5000","1536"
"6243","迅杰","95008","4801792","51.20","51.20","50.20","50.20","-0.2000","138"
"6257","矽格","4983821","386667191","79.20","79.20","76.60","77.40","-0.7000","3957"
"6269","台郡","2376997","204875307","86.90","86.90","85.10","86.90","0.2000","2403"
"6271","同欣電","428569","60224986","142.00","142.00","139.50","140.00","-2.0000","479"
"6277","宏正","43315","3444009","79.20","79.70","79.20","79.60","-0.1000","55"
"6278","台表科","1829495","212343043","117.50","118.00","115.00","116.50","-0.5000","1215"
"6281","全國電","35739","2992856","83.60","84.00","83.50","84.00","0.3000","45"
"6282","康舒","2037105","70675152","34.85","34.95","34.50","34.65","0.0000","1512"
"6283","淳安","294301","8348046","28.05","28.75","27.70","28.60","0.7000","237"
"6285","啟碁","1465663","179198524","122.50","123.50","121.50","122.00","0.0000","1153"
"6288","聯嘉","436890","11516864","26.50","26.50","26.15","26.30","0.0500","246"
"6405","悅城","5145391","159410182","30.00","32.00","29.80","31.30","1.3500","3380"
"6409","旭隼","93237","187889530","2035.00","2050.00","1995.00","2020.00","25.0000","216"
"6412","群電","468771","60329617","128.00","130.00","127.50","128.50","0.5000","526"
"6414","樺漢","300226","88548369","297.00","298.50","293.50","294.50","-2.5000","757"
"6415","矽力*-KY","7568547","3376072638","451.00","468.00","429.00","434.50","-37.0000","7852"
"6416","瑞祺電通","955201","145979606","154.50","155.50","151.00","152.00","0.0000","1021"
"6423","億而得-創","7520","714846","95.10","95.50","94.90","95.50","0.2000","13"
"6426","統新","639351","42299270","62.60","68.00","61.10","67.60","5.3000","599"
"6431","光麗-KY","1540752","33413514","20.80","22.00","20.80","21.90","1.2000","756"
"6438","迅得","625213","77453639","125.50","126.50","122.50","123.00","-1.5000","994"
"6442","光聖","6887206","2816499132","414.00","428.00","393.00","399.00","-9.0000","7719"
"6443","元晶","2491429","60735989","24.55","24.65","24.10","24.25","-0.2000","1377"
"6446","藥華藥","3618065","2497083973","707.00","711.00","679.00","691.00","-8.0000","5156"
"6449","鈺邦","6225205","1083303717","167.00","179.00","164.50","174.50","9.0000","5107"
"6451","訊芯-KY","4557247","1104877456","250.00","251.50","237.00","237.00","-10.0000","8145"
"6456","GIS-KY","455054","27776060","61.60","61.70","60.60","60.70","-0.9000","548"
"6464","台數科","43700","3510536","80.30","80.60","80.20","80.20","-0.5000","33"
"6472","保瑞","1317538","1002883382","756.00","768.00","754.00","760.00","12.0000","2319"
"6477","安集","331225","12069271","36.80","37.00","36.00","36.00","-0.6000","348"
"6491","晶碩","153836","66996140","438.00","440.50","431.00","431.00","-5.0000","292"
"6504","南六","26111","1837337","70.90","71.00","70.10","70.10","-0.3000","24"
"6505","台塑化","10765198","598082664","56.40","56.60","55.10","55.10","-1.0000","6824"
"6515","穎崴","394620","469951000","1180.00","1215.00","1170.00","1185.00","5.0000","709"
"6525","捷敏-KY","46025","3022009","66.10","66.10","65.40","65.40","-0.6000","125"
"6526","達發","569394","364063031","655.00","655.00","633.00","635.00","-11.0000","1280"
"6531","愛普*","1971842","634000778","327.00","329.50","316.00","316.00","-7.5000","2381"
"6533","晶心科","224427","81938103","368.00","372.50","361.00","361.00","-7.0000","421"
"6534","正瀚-創","38085","2857175","75.30","75.50","74.20","75.50","-0.5000","32"
"6541","泰福-KY","548218","39717449","73.40","74.40","70.00","73.80","-0.6000","557"
"6550","北極星藥業-KY","1163563","72287042","63.00","63.30","61.50","62.00","-1.6000","1448"
"6552","易華電","354901","17945547","50.60","51.60","49.25","51.00","0.7000","403"
"6558","興能高","41869","954586","22.65","22.95","22.65","22.80","-0.2000","58"
"6573","虹揚-KY","1364166","21936012","15.10","16.10","15.10","16.10","1.4500","450"
"6579","研揚","118166","18466764","156.00","157.50","155.00","156.00","0.5000","150"
"6581","鋼聯","15900","1718095","107.50","108.50","107.50","108.50","0.5000","24"
"6582","申豐","134567","8489254","62.80","64.00","62.50","62.90","0.3000","267"
"6585","鼎基","1137205","217553764","191.00","196.00","188.50","189.00","1.0000","2443"
"6591","動力-KY","144223","7325935","51.10","51.50","50.40","50.50","-0.6000","138"
"6592","和潤企業","196599","19308344","99.00","99.00","98.00","98.00","-1.0000","368"
"6592A","和潤企業甲特","2019","191703","94.90","95.00","94.90","95.00","0.0000","3"
"6592B","和潤企業乙特","27339","2609750","95.60","95.60","95.40","95.40","-0.2000","28"
"6598","ABC-KY","433329","10245083","24.00","24.30","23.40","23.50","-0.3500","384"
"6605","帝寶","285731","70580852","248.00","250.00","242.50","247.50","-0.5000","467"
"6606","建德工業","801697","23771152","29.30","30.40","28.55","29.70","1.1500","490"
"6625","必應","107928","9338831","89.00","89.00","85.90","85.90","-1.6000","159"
"6641","基士德-KY","2000","82450","41.25","41.25","41.20","41.20","-0.1000","2"
"6645","金萬林-創","86116","2538817","29.55","29.75","28.85","28.85","-1.0000","52"
"6655","科定","29330","4366477","146.00","150.00","146.00","150.00","2.5000","35"
"6657","華安","37221","1942439","52.50","52.80","51.90","52.20","-0.3000","34"
"6658","聯策","12937540","1084640810","86.00","89.00","79.30","80.60","-2.3000","9586"
"6666","羅麗芬-KY","9192","543328","58.80","59.20","58.80","59.20","0.1000","16"
"6668","中揚光","197498","9776726","49.70","50.10","49.10","49.10","-0.5000","278"
"6669","緯穎","795897","1500281870","1925.00","1930.00","1855.00","1855.00","-45.0000","3730"
"6670","復盛應用","566521","164500841","286.00","293.50","285.00","287.50","3.5000","1063"
"6671","三能-KY","22000","970950","44.10","44.20","44.00","44.15","0.1000","8"
"6672","騰輝電子-KY","210776","15363295","72.90","73.40","72.30","72.80","0.4000","289"
"6674","鋐寶科技","9000","219900","25.10","25.10","24.25","24.30","-0.3500","8"
"6689","伊雲谷","108181","10839464","101.00","101.00","99.80","100.50","-0.5000","149"
"6691","洋基工程","541110","178721586","337.00","338.50","326.50","327.00","-13.5000","1140"
"6695","芯鼎","444154","26289805","60.30","60.30","58.70","58.70","-0.7000","426"
"6698","旭暉應材","2575669","111599233","43.00","45.15","41.70","42.40","-0.7500","1981"
"6706","惠特","20961578","2918465484","140.00","150.00","130.00","133.00","-6.0000","14987"
"6715","嘉基","78663","13073742","166.00","168.00","165.00","167.00","2.0000","242"
"6719","力智","297273","76036113","260.00","260.00","252.50","252.50","-4.5000","1004"
"6742","澤米","193929","10710305","55.20","56.00","54.30","54.90","0.0000","245"
"6743","安普新","4078918","279122421","68.70","70.50","66.40","66.80","-2.6000","2685"
"6753","龍德造船","1268610","178183059","142.00","142.50","138.50","139.50","-0.5000","1108"
"6754","匯僑設計","359121","30624933","83.10","87.30","83.10","84.70","1.3000","382"
"6756","威鋒電子","105936","18808737","178.50","179.50","175.50","177.50","1.0000","1088"
"6757","台灣虎航-創","2638279","142476454","56.40","56.80","52.80","53.00","-3.3000","928"
"6768","志強-KY","137090","11913849","87.00","87.50","86.10","86.90","0.4000","117"
"6770","力積電","10730730","228909714","21.70","21.70","21.15","21.15","-0.4500","5005"
"6771","平和環保-創","3000","199600","66.70","66.70","66.20","66.20","0.5000","3"
"6776","展碁國際","21175","1203131","57.00","57.00","56.70","56.80","-0.1000","25"
"6781","AES-KY","102561","51551699","511.00","511.00","498.00","499.00","-16.0000","322"
"6782","視陽","284968","65347801","226.50","232.50","226.50","227.50","1.5000","397"
"6789","采鈺","1109174","341406626","315.00","315.00","303.50","304.00","-5.0000","1318"
"6790","永豐實","92821","4532442","49.05","49.05","48.70","49.00","0.3500","99"
"6792","詠業","17000","1141600","67.70","67.70","66.50","67.20","-0.5000","17"
"6794","向榮生技-創","13000","1024500","79.90","79.90","77.60","79.50","-0.5000","13"
"6796","晉弘","35041","3040069","87.00","87.30","85.70","86.70","-0.1000","36"
"6799","來頡","118157","13887305","119.00","119.50","116.50","116.50","-2.0000","157"
"6805","富世達","1352596","1072577334","801.00","809.00","773.00","773.00","-28.0000","2148"
"6806","森崴能源","2917007","403126909","136.00","140.50","135.00","136.50","1.5000","2825"
"6807","峰源-KY","497265","38100427","74.70","78.00","74.70","76.90","1.7000","508"
"6830","汎銓","1130491","161800468","143.00","146.00","140.50","140.50","2.0000","944"
"6834","天二科技","142559","5452762","38.35","38.85","38.00","38.00","-0.3000","222"
"6835","圓裕","499749","25926608","52.40","53.10","51.30","52.00","-0.4000","353"
"6838","台新藥","436688","17186340","40.00","40.00","38.90","38.90","-1.0500","333"
"6854","錼創科技-KY創","31000","2322800","76.50","76.50","74.50","74.50","-1.4000","28"
"6861","睿生光電","40146","2784073","69.60","69.90","69.10","69.10","-0.8000","136"
"6863","永道-KY","2382047","622406749","256.00","273.50","248.00","267.00","12.5000","3633"
"6869","雲豹能源","6528752","1595728604","239.50","250.50","238.00","240.50","2.5000","6153"
"6873","泓德能源-創","560317","142297884","257.50","258.50","250.00","251.50","-7.5000","414"
"6890","來億-KY","2725482","1024325231","360.00","385.00","352.00","385.00","35.0000","2297"
"6901","鑽石投資","665343","27600901","42.20","42.45","41.20","41.45","-0.6000","1098"
"6902","走著瞧-創","1","144","","","","","0.0000","1"
"6906","現觀科","201953","32751733","166.00","166.00","159.50","161.00","-3.5000","863"
"6914","阜爾運通","30570","4168017","137.50","138.00","135.50","137.00","-0.5000","71"
"6916","華凌","7028","168365","23.55","24.20","23.55","24.20","0.2000","9"
"6928","攸泰科技","123170","7582595","63.50","63.50","60.60","60.80","-2.2000","233"
"6933","AMAX-KY","241232","56929833","234.50","241.50","231.00","231.00","4.0000","541"
"6937","天虹","5871416","1839692991","303.50","324.00","303.50","310.00","11.5000","5919"
"6949","沛爾生醫-創","10000","975400","100.50","100.50","96.30","96.80","-2.2000","9"
"6951","青新-創","16209","954731","59.00","59.00","58.70","58.90","-0.1000","17"
"6952","大武山","27751","1416925","51.30","51.60","50.80","51.00","0.0000","32"
"6957","裕慶-KY","1082794","297875794","258.00","283.50","258.00","283.50","25.5000","1187"
"6958","日盛台駿","200691","6316368","31.65","31.80","31.25","31.30","-0.3500","154"
"8011","台通","12379932","353762097","27.70","29.25","27.10","28.60","1.2500","6612"
"8016","矽創","278166","64807988","234.00","235.00","232.00","232.00","-2.0000","433"
"8021","尖點","2561275","97139221","38.30","38.65","37.20","37.35","-0.4500","1737"
"8028","昇陽半導體","8598956","1115261147","132.00","133.00","127.50","128.00","-3.0000","6521"
"8033","雷虎","768828","45507943","59.80","59.80","58.80","58.80","-0.4000","725"
"8039","台虹","3779864","262403275","69.80","69.90","68.70","69.20","0.6000","2909"
"8046","南電","926156","136706573","150.00","150.00","146.50","146.50","-0.5000","1155"
"8070","長華*","26024712","1592574380","62.40","64.50","58.90","59.50","-2.8000","16803"
"8072","陞泰","104407","2850714","27.80","27.80","27.00","27.05","-0.5000","217"
"8081","致新","289831","66060469","231.00","231.00","226.00","226.00","-2.5000","403"
"8103","瀚荃","3015860","212150461","67.50","72.10","67.50","69.80","2.3000","2088"
"8104","錸寶","1387708","59577565","43.40","43.75","42.20","42.20","-0.7000","1250"
"8105","凌巨","33510738","665925621","21.40","21.50","19.10","19.10","-0.8500","13680"
"8110","華東","1092959","19492882","18.10","18.15","17.70","17.70","-0.3500","640"
"8112","至上","1400886","104522855","75.20","75.50","74.20","74.20","-0.8000","1316"
"8112A","至上甲特","34448","1463360","42.50","42.55","42.45","42.45","-0.0500","25"
"8114","振樺電","208738","38310755","181.50","186.00","181.50","183.00","0.0000","1101"
"8131","福懋科","136041","4992575","37.00","37.00","36.60","36.80","-0.0500","146"
"8150","南茂","4711981","181719938","38.35","38.90","38.20","38.50","0.3500","2661"
"8162","微矽電子-創","4000","147550","37.00","37.00","36.55","37.00","-0.3000","4"
"8163","達方","242803","12815705","53.20","53.20","52.50","52.70","-0.4000","266"
"8201","無敵","65600","1126793","17.35","17.35","17.10","17.20","-0.1500","56"
"8210","勤誠","885047","259435722","295.00","297.00","290.00","290.00","-2.5000","1478"
"8213","志超","113780","4268330","37.60","37.60","37.45","37.50","-0.0500","149"
"8215","明基材","472904","14235107","30.15","30.30","29.80","30.20","0.3000","449"
"8222","寶一","138913","5044262","36.90","36.90","36.10","36.10","-0.3000","136"
"8249","菱光","465809","14884556","32.00","32.20","31.70","31.95","0.2500","497"
"8261","富鼎","200198","15783813","79.20","79.30","78.20","78.40","-0.6000","187"
"8271","宇瞻","179207","9791133","54.70","54.90","54.30","54.50","0.0000","204"
"8341","日友","108535","10158869","94.10","94.10","93.20","93.60","-0.8000","328"
"8367","建新國際","85896","4368728","50.60","52.00","50.10","51.20","0.6000","229"
"8374","羅昇","3057279","416816778","137.00","139.00","134.00","135.00","-3.0000","2417"
"8404","百和興業-KY","106169","1910135","18.00","18.05","17.95","17.95","0.0000","54"
"8411","福貞-KY","43570","621672","14.25","14.30","14.20","14.30","0.0000","106"
"8422","可寧衛","140137","26623303","191.00","191.50","189.50","190.00","-1.0000","834"
"8429","金麗-KY","134788","1328227","9.92","9.95","9.78","9.80","-0.1100","247"
"8438","昶昕","1025270","49680404","48.15","49.70","47.65","47.65","-0.2000","940"
"8442","威宏-KY","333878","40059189","119.50","121.50","118.00","121.00","3.0000","280"
"8443","阿瘦","28281","334162","11.85","11.85","11.75","11.80","0.0000","108"
"8454","富邦媒","234402","91346445","390.00","392.00","388.00","391.00","1.0000","843"
"8462","柏文","434784","57881247","134.50","137.00","129.50","133.00","-3.5000","1345"
"8463","潤泰材","129426","3657775","28.50","28.50","28.15","28.15","-0.3500","114"
"8464","億豐","699761","335894533","470.00","487.50","470.00","479.50","9.5000","900"
"8466","美吉吉-KY","161512","9475686","58.70","59.70","58.00","58.50","0.5000","221"
"8467","波力-KY","99178","22130465","222.00","225.00","221.00","225.00","2.0000","835"
"8473","山林水","2284204","108455174","47.55","48.00","47.00","47.35","0.4500","1862"
"8476","台境","29261","1702344","58.20","58.40","57.90","58.30","0.1000","30"
"8478","東哥遊艇","136945","42409370","313.00","313.00","308.50","308.50","-1.5000","765"
"8481","政伸","23130","1165916","50.70","50.70","50.10","50.40","-0.3000","18"
"8482","商億-KY","11000","705600","64.00","64.80","64.00","64.80","0.9000","8"
"8487","愛爾達-創","7120","533680","75.00","75.30","73.60","75.30","-0.1000","8"
"8488","吉源-KY","46002","736132","16.00","16.05","16.00","16.05","-0.0500","20"
"8499","鼎炫-KY","16005","1885090","118.00","119.00","117.50","118.50","0.0000","17"
"8926","台汽電","530834","23738733","44.65","44.90","44.45","44.80","0.2500","452"
"8940","新天地","54884","1242349","22.65","22.95","22.40","22.50","-0.1000","97"
"8996","高力","3232949","1216714250","375.00","384.00","370.00","370.00","-1.5000","3079"
"9103","美德醫療-DR","150430","1062829","7.10","7.12","7.04","7.06","-0.0200","100"
"910322","康師傅-DR","8369","178567","21.35","21.40","21.25","21.25","-0.1000","23"
"9105","泰金寶-DR","3318863","18885484","5.72","5.73","5.67","5.67","-0.0400","1338"
"910861","神州-DR","131004","858975","6.55","6.70","6.53","6.61","0.0600","33"
"9110","越南控-DR","42000","300570","7.16","7.21","7.15","7.21","-0.0100","12"
"911608","明輝-DR","37000","128240","3.51","3.51","3.44","3.47","0.0600","31"
"911622","泰聚亨-DR","18000","93220","5.29","5.31","5.14","5.28","-0.0100","15"
"911868","同方友友-DR","1694508","2628628","1.59","1.59","1.54","1.55","-0.0400","165"
"912000","晨訊科-DR","913000","2846580","3.15","3.16","3.09","3.12","-0.0100","208"
"9136","巨騰-DR","98000","636280","6.49","6.54","6.46","6.46","-0.0300","39"
"9802","鈺齊-KY","155505","18685095","121.00","121.00","119.00","119.50","-1.5000","160"
"9902","台火","1143415","24289484","21.55","21.80","20.95","20.95","-0.5500","915"
"9904","寶成","8706040","299461236","34.75","34.80","34.20","34.50","-0.2500","3376"
"9905","大華","49112","1131626","23.10","23.10","23.00","23.05","0.0000","38"
"9906","欣巴巴","1837200","367445391","200.00","206.50","197.00","197.00","0.0000","1800"
"9907","統一實","1942226","32103435","16.65","16.65","16.40","16.50","-0.1000","750"
"9908","大台北","208454","6441179","31.00","31.00","30.85","30.85","-0.1000","164"
"9910","豐泰","543288","78116323","146.50","146.50","142.00","142.00","-4.0000","663"
"9911","櫻花","131987","11804180","89.70","89.80","89.30","89.30","-0.7000","294"
"9912","偉聯","100935","1334285","13.30","13.50","13.00","13.40","0.1000","130"
"9914","美利達","271752","64885329","242.00","242.50","237.50","238.00","-3.0000","678"
"9917","中保科","269777","39779200","148.00","148.50","146.00","148.50","1.0000","453"
"9918","欣天然","4382","181366","41.50","41.50","41.15","41.50","0.0000","27"
"9919","康那香","405279","8316209","20.85","20.90","20.30","20.30","-0.3500","286"
"9921","巨大","622182","149627291","241.00","241.50","239.00","241.00","2.0000","1035"
"9924","福興","242586","13340251","55.00","55.40","54.50","54.80","0.2000","210"
"9925","新保","127385","5294311","41.90","41.90","41.45","41.60","-0.3000","145"
"9926","新海","3192","173667","54.30","54.60","54.30","54.60","-0.2000","10"
"9927","泰銘","417819","33053855","79.00","79.50","78.80","79.00","0.4000","384"
"9928","中視","50260","1000196","20.15","20.15","19.85","19.85","0.0000","31"
"9929","秋雨","2000","34100","17.05","17.05","17.05","17.05","-0.1000","2"
"9930","中聯資源","142674","9372812","65.50","66.20","65.50","65.50","-0.7000","211"
"9931","欣高","9361","327728","34.95","35.45","34.90","35.00","0.0000","14"
"9933","中鼎","2240598","112684311","50.30","50.50","49.95","50.50","0.4000","1746"
"9934","成霖","916169","17702776","19.35","19.60","19.15","19.15","-0.1500","527"
"9935","慶豐富","515405","15539288","30.30","30.55","29.80","30.20","0.0500","332"
"9937","全國","4003","262193","65.50","65.50","65.50","65.50","0.0000","6"
"9938","百和","684537","42043417","61.80","62.00","61.00","61.00","-0.5000","1122"
"9939","宏全","625081","101634788","163.50","164.00","161.50","163.00","2.0000","623"
"9940","信義","785993","25423702","32.60","32.75","32.20","32.20","-0.7500","587"
"9941","裕融","409609","58675563","144.50","144.50","142.50","143.50","-0.5000","836"
"9941A","裕融甲特","8000","401700","50.20","50.30","50.20","50.30","0.1000","8"
"9942","茂順","58098","6599917","114.50","114.50","113.00","113.50","0.0000","135"
"9943","好樂迪","57904","4797787","83.50","83.50","82.60","82.90","0.0000","108"
"9944","新麗","190801","3935811","20.70","20.70","20.55","20.65","-0.0500","195"
"9945","潤泰新","7836275","381789806","49.50","49.65","48.35","48.40","-0.8500","6844"
"9946","三發地產","467429","17931078","38.80","39.05","38.05","38.05","-0.3500","324"
"9955","佳龍","1495753","53820096","36.20","36.30","35.75","35.90","-0.7000","1153"
"9958","世紀鋼","6068210","1442563619","237.00","242.00","234.50","235.00","-2.5000","5537"
