證券代號,證券名稱,成交股數,成交金額,開盤價,最高價,最低價,收盤價,漲跌價差,成交筆數
"0050","元大台灣50","11257895","2010945566","179.30","179.50","178.00","178.50","0.4500","12862"
"0051","元大中型100","58385","4579432","79.50","79.50","77.90","78.45","0.0500","254"
"0052","富邦科技","1131302","197271610","174.90","174.95","173.70","174.30","0.6000","1367"
"0053","元大電子","13857","1328261","95.55","96.15","95.55","96.10","0.6000","130"
"0055","元大MSCI金融","160280","4543857","28.52","28.52","28.28","28.31","-0.0500","234"
"0056","元大高股息","17611926","668988032","38.28","38.28","37.86","37.98","0.1000","14859"
"0057","富邦摩台","15196","2002147","131.95","132.20","131.70","131.75","-0.3500","112"
"0061","元大寶滬深","105281","1748648","16.68","16.78","16.55","16.61","-0.0700","144"
"006203","元大MSCI台灣","3711","312534","84.25","84.35","84.25","84.35","0.4500","86"
"006204","永豐臺灣加權","3634","399171","110.05","110.05","109.90","109.90","-0.4000","115"
"006205","富邦上証","157822","4570722","29.28","29.28","28.93","28.93","-0.1200","147"
"006206","元大上證50","50412","1396475","27.95","27.95","27.65","27.65","-0.0800","81"
"006207","復華滬深","15154","323741","21.43","21.43","21.33","21.35","-0.0800","74"
"006208","富邦台50","6179175","645851504","105.00","105.00","104.15","104.40","0.3500","9385"
"00625K","富邦上証+R","","","","","","","0.0000",""
"00631L","元大台灣50正2","7189758","1570227591","220.25","220.45","216.75","218.40","1.4000","6215"
"00632R","元大台灣50反1","196559947","692124338","3.51","3.54","3.50","3.52","-0.0200","7277"
"00633L","富邦上証正2","2994445","93072529","31.28","31.36","30.96","30.99","-0.2900","615"
"00634R","富邦上証反1","67000","321650","4.80","4.81","4.79","4.79","0.0000","13"
"00635U","期元大S&P黃金","623286","17959037","28.92","28.92","28.76","28.77","0.3000","327"
"00636","國泰中國A50","490986","9866348","20.18","20.19","20.05","20.08","-0.1000","241"
"00636K","國泰中國A50+U","200","1246","6.23","6.23","6.23","6.23","-0.0200","2"
"00637L","元大滬深300正2","33281345","415838625","12.58","12.60","12.44","12.45","-0.1100","2535"
"00638R","元大滬深300反1","109000","1101030","10.10","10.11","10.09","10.11","0.0500","14"
"00639","富邦深100","827156","8011557","9.72","9.74","9.67","9.71","-0.0200","186"
"00640L","富邦日本正2","1385227","63544728","45.98","46.16","45.55","46.00","1.3600","685"
"00641R","富邦日本反1","1918857","12837487","6.69","6.72","6.67","6.68","-0.0900","280"
"00642U","期元大S&P石油","4332142","77965758","17.99","18.03","17.93","17.97","0.4200","1247"
"00643","群益深証中小","307543","3364760","10.96","11.00","10.88","10.93","-0.0400","120"
"00643K","群益深証中小+R","","","","","","","0.0000",""
"00645","富邦日本","689127","23912995","34.77","34.80","34.60","34.78","0.5200","333"
"00646","元大S&P500","565821","30643842","54.10","54.20","54.05","54.15","0.0500","667"
"00647L","元大S&P500正2","91617","7708538","84.15","84.30","84.05","84.30","0.2500","92"
"00648R","元大S&P500反1","715600","4058447","5.68","5.69","5.66","5.66","-0.0200","55"
"00650L","復華香港正2","12048012","112503989","9.35","9.44","9.25","9.30","0.0100","901"
"00651R","復華香港反1","235799","2139002","9.10","9.10","9.03","9.06","-0.0300","16"
"00652","富邦印度","253969","10069675","39.83","39.83","39.59","39.60","-0.1600","248"
"00653L","富邦印度正2","69004","4397958","64.20","64.20","63.60","63.75","-0.5500","75"
"00654R","富邦印度反1","134000","858600","6.40","6.42","6.39","6.42","0.0300","23"
"00655L","國泰中國A50正2","1522270","32180269","21.27","21.29","21.04","21.08","-0.1700","246"
"00656R","國泰中國A50反1","4000","36120","9.02","9.06","9.02","9.06","0.0300","2"
"00657","國泰日經225","74744","3150907","42.10","42.38","42.02","42.26","0.5800","103"
"00657K","國泰日經225+U","200","2600","13.00","13.00","13.00","13.00","0.1500","2"
"00660","元大歐洲50","8930","306480","34.35","34.35","34.31","34.33","-0.1200","88"
"00661","元大日經225","862639","39565322","45.77","46.13","45.68","45.97","0.6600","243"
"00662","富邦NASDAQ","1451372","112656163","77.70","77.80","77.50","77.60","0.1000","928"
"00663L","國泰臺灣加權正2","21156","4229029","201.00","201.00","198.40","200.00","1.2500","24"
"00664R","國泰臺灣加權反1","13327508","52830095","3.96","3.99","3.95","3.96","-0.0200","634"
"00665L","富邦恒生國企正2","33697932","206842596","6.14","6.22","6.08","6.12","0.0200","1859"
"00666R","富邦恒生國企反1","72500","1108120","15.28","15.39","15.28","15.29","-0.1100","6"
"00668","國泰美國道瓊","307550","14294240","46.54","46.55","46.39","46.42","-0.2200","92"
"00668K","國泰美國道瓊+U","200","2870","14.35","14.35","14.35","14.35","-0.0300","2"
"00669R","國泰美國道瓊反1","703230","5021759","7.14","7.15","7.13","7.13","0.0000","71"
"00670L","富邦NASDAQ正2","869667","95696694","109.95","110.55","109.65","110.55","0.7000","488"
"00671R","富邦NASDAQ反1","3826600","15187567","3.97","3.98","3.96","3.96","-0.0200","173"
"00673R","期元大S&P原油反1","21211603","151243482","7.13","7.16","7.11","7.14","-0.1900","1584"
"00674R","期元大S&P黃金反1","1115055","11332381","10.15","10.20","10.13","10.20","-0.1100","226"
"00675L","富邦臺灣加權正2","3941229","344681125","88.20","88.25","86.70","87.40","0.4500","2884"
"00676R","富邦臺灣加權反1","12060450","26598517","2.20","2.22","2.20","2.20","-0.0200","512"
"00678","群益那斯達克生技","425312","12775413","30.10","30.10","30.03","30.06","-0.0500","85"
"00680L","元大美債20正2","94822736","889104553","9.39","9.41","9.35","9.36","-0.0200","5936"
"00681R","元大美債20反1","334000","6489060","19.41","19.45","19.37","19.43","0.0100","21"
"00682U","期元大美元指數","49","1023","","","","","0.0000","1"
"00683L","期元大美元指正2","61000","1354380","22.22","22.22","22.20","22.20","-0.0400","14"
"00684R","期元大美元指反1","12000","186500","15.53","15.55","15.53","15.55","0.0100","4"
"00685L","群益臺灣加權正2","1098704","85778557","78.55","78.65","77.40","77.95","0.3500","544"
"00686R","群益臺灣加權反1","2731000","6511699","2.38","2.41","2.38","2.40","-0.0100","88"
"00688L","國泰20年美債正2","43602744","406494145","9.33","9.37","9.29","9.32","-0.0100","2689"
"00689R","國泰20年美債反1","103050","2074417","20.14","20.14","20.13","20.13","-0.0200","4"
"00690","兆豐藍籌30","1198225","41026297","34.40","34.40","34.17","34.24","0.1200","594"
"00692","富邦公司治理","1724543","72325727","42.11","42.20","41.81","41.92","0.1400","1656"
"00693U","期街口S&P黃豆","629312","12668615","20.29","20.29","20.00","20.01","-0.5100","394"
"00700","富邦恒生國企","85135","1047057","12.30","12.37","12.21","12.27","0.0300","94"
"00701","國泰股利精選30","362720","10465332","28.90","28.95","28.75","28.84","-0.0200","307"
"00702","國泰標普低波高息","105872","2549541","24.12","24.12","24.08","24.08","-0.0400","64"
"00703","台新MSCI中國","30658","456098","14.84","14.97","14.84","14.84","0.0300","59"
"00706L","期元大S&P日圓正2","19903672","134291076","6.77","6.78","6.72","6.72","-0.0600","924"
"00707R","期元大S&P日圓反1","","","","","","","0.0000",""
"00708L","期元大S&P黃金正2","980244","35724221","36.61","36.64","36.22","36.25","0.7500","351"
"00709","富邦歐洲","23059","677300","29.40","29.40","29.38","29.38","-0.0800","105"
"00710B","復華彭博非投等債","265642","5219218","19.67","19.68","19.62","19.62","0.0000","76"
"00711B","復華彭博新興債","144911","2446652","16.86","16.92","16.86","16.86","-0.0200","85"
"00712","復華富時不動產","24888852","241580678","9.72","9.73","9.69","9.72","-0.1100","7415"
"00713","元大台灣高息低波","5622533","319287520","57.00","57.00","56.65","56.85","0.1000","5693"
"00714","群益道瓊美國地產","318582","6736216","21.18","21.18","21.10","21.16","-0.0800","163"
"00715L","期街口布蘭特正2","49566945","794615811","16.01","16.11","15.90","15.96","0.6100","5314"
"00717","富邦美國特別股","129434","2046535","15.90","15.90","15.79","15.79","-0.0700","126"
"00728","第一金工業30","145233","4530660","31.23","31.28","31.13","31.28","0.2200","165"
"00730","富邦臺灣優質高息","118936","2648742","22.29","22.32","22.17","22.25","0.0500","183"
"00731","復華富時高息低波","1226139","92953771","76.15","76.15","75.65","76.00","0.5500","1131"
"00733","富邦臺灣中小","1174243","62896134","53.60","53.90","53.00","53.70","0.3000","1284"
"00735","國泰臺韓科技","203675","6733643","33.20","33.20","33.00","33.15","0.2000","212"
"00736","國泰新興市場","102163","2316783","22.68","22.70","22.68","22.70","-0.0100","101"
"00737","國泰AI+Robo","58222","1661911","28.66","28.66","28.50","28.50","-0.2100","139"
"00738U","期元大道瓊白銀","888449","22455526","25.40","25.46","25.17","25.17","0.1700","222"
"00739","元大MSCI A股","21368","427077","20.01","20.04","19.96","19.96","-0.1000","71"
"00752","中信中國50","2961367","53643368","18.11","18.21","18.03","18.09","0.0800","334"
"00753L","中信中國50正2","13409199","97410836","7.26","7.35","7.21","7.24","0.0300","973"
"00757","統一FANG+","858288","71060514","82.95","82.95","82.65","82.90","0.1000","1915"
"00762","元大全球AI","157814","8999680","57.00","57.15","56.90","57.05","0.0500","319"
"00763U","期街口道瓊銅","178896","4443039","24.93","24.94","24.76","24.80","0.2800","74"
"00770","國泰北美科技","178061","7862716","44.13","44.21","44.09","44.14","0.0400","302"
"00771","元大US高息特別股","11363","200598","17.67","17.67","17.64","17.67","-0.0200","83"
"00775B","新光投等債15+","1314860","46447888","35.37","35.38","35.28","35.28","-0.1000","114"
"00783","富邦中証500","20688","340822","16.50","16.50","16.46","16.46","-0.0800","55"
"00830","國泰費城半導體","5556974","241034676","43.45","43.52","43.24","43.50","0.3600","2580"
"00850","元大臺灣ESG永續","794702","34856633","44.15","44.16","43.71","43.83","0.0800","1090"
"00851","台新全球AI","11851","521476","43.94","44.02","43.94","44.02","0.0000","73"
"00852L","國泰美國道瓊正2","200217","4770880","23.86","23.87","23.79","23.87","-0.0900","39"
"00861","元大全球未來通訊","75070","3055562","40.82","40.82","40.62","40.70","0.1100","129"
"00865B","國泰US短期公債","192822","8822827","45.75","45.80","45.75","45.80","0.0500","110"
"00875","國泰網路資安","59888","1879055","31.40","31.40","31.36","31.39","-0.1100","82"
"00876","元大全球5G","152568","5690477","37.48","37.48","37.25","37.27","0.2400","144"
"00878","國泰永續高股息","69400121","1595217601","23.08","23.08","22.92","22.99","0.0700","29651"
"00881","國泰台灣5G+","36818659","878905277","23.95","24.00","23.75","23.82","0.1500","10507"
"00882","中信中國高股息","7607209","83935916","11.06","11.07","11.01","11.02","-0.0300","1891"
"00885","富邦越南","5392649","62130997","11.55","11.58","11.45","11.45","-0.0800","1447"
"00891","中信關鍵半導體","6389099","115254051","18.12","18.13","17.96","18.02","0.0600","2229"
"00892","富邦台灣半導體","2930361","47189953","16.12","16.19","16.00","16.09","0.1000","883"
"00893","國泰智能電動車","1151352","23139633","20.07","20.14","20.07","20.11","0.0900","1432"
"00894","中信小資高價30","1008308","20463732","20.29","20.39","20.20","20.33","0.1400","471"
"00895","富邦未來車","1120387","29331183","26.15","26.23","26.15","26.21","0.2400","637"
"00896","中信綠能及電動車","427917","7417393","17.36","17.40","17.28","17.36","0.0800","341"
"00897","富邦基因免疫生技","652226","5303895","8.14","8.14","8.12","8.12","-0.0200","147"
"00898","國泰基因免疫革命","176016","1304035","7.41","7.42","7.39","7.39","-0.0100","115"
"00899","FT潔淨能源","95186","1554320","16.36","16.36","16.30","16.35","-0.0100","103"
"00900","富邦特選高股息30","23330579","364065569","15.62","15.65","15.56","15.64","0.0700","5441"
"00901","永豐智能車供應鏈","755390","15070033","20.05","20.05","19.89","19.92","0.0500","181"
"00902","中信電池及儲能","1479224","12533167","8.45","8.51","8.41","8.51","0.0600","492"
"00903","富邦元宇宙","266697","3523997","13.23","13.23","13.20","13.22","-0.0100","134"
"00904","新光臺灣半導體30","2692892","47027073","17.54","17.60","17.37","17.43","0.1100","839"
"00905","FT臺灣Smart","3032721","39663117","13.11","13.13","13.03","13.08","0.0500","1300"
"00907","永豐優息存股","10379102","165681698","16.15","16.15","15.90","15.90","-0.2000","4462"
"00908","富邦入息REITs+","301861","3886232","12.87","12.89","12.86","12.86","-0.0100","53"
"00909","國泰數位支付服務","303399","7584334","25.01","25.04","24.97","24.98","-0.0200","524"
"00910","第一金太空衛星","245592","4886033","19.89","19.92","19.86","19.86","-0.3400","31"
"00911","兆豐洲際半導體","116262","2916259","25.12","25.12","25.04","25.11","0.1000","194"
"00912","中信臺灣智慧50","1046037","19541570","18.71","18.73","18.64","18.67","0.0700","151"
"00913","兆豐台灣晶圓製造","228569","4808591","21.16","21.17","20.99","21.04","0.0900","70"
"00915","凱基優選高股息30","4856516","129752456","26.86","26.86","26.63","26.73","0.0700","2353"
"00916","國泰全球品牌50","246733","5386101","21.84","21.85","21.80","21.83","0.0100","838"
"00917","中信特選金融","34030","679221","19.95","19.98","19.95","19.97","-0.0400","104"
"00918","大華優利高填息30","6053388","145070427","23.98","24.09","23.88","23.98","0.0900","2536"
"00919","群益台灣精選高息","34774961","840041269","24.30","24.30","24.09","24.10","-0.0300","18529"
"00920","富邦ESG綠色電力","151537","2193487","14.45","14.49","14.45","14.48","0.0300","73"
"00921","兆豐龍頭等權重","294987","5408566","18.36","18.38","18.28","18.31","-0.0400","430"
"00922","國泰台灣領袖50","2377440","49877196","21.11","21.11","20.92","20.96","0.0500","1130"
"00923","群益台ESG低碳50","5635091","120868953","21.50","21.53","21.38","21.48","0.1500","2675"
"00924","復華S&P500成長","902989","19508848","21.61","21.64","21.58","21.64","0.0900","475"
"00925","新光標普電動車","218101","3295912","15.14","15.14","15.10","15.12","-0.1800","24"
"00926","凱基全球菁英55","365885","8074030","22.14","22.14","22.05","22.07","0.0400","90"
"00927","群益半導體收益","4836897","90005383","18.65","18.70","18.54","18.60","0.0900","1992"
"00929","復華台灣科技優息","87319145","1685822828","19.40","19.40","19.25","19.29","0.0200","28117"
"00930","永豐ESG低碳高息","1062469","20326949","19.20","19.20","19.07","19.15","0.0100","521"
"00932","兆豐永續高息等權","6897708","118238538","17.21","17.25","17.08","17.14","0.0100","1892"
"00934","中信成長高股息","10729992","207397304","19.41","19.43","19.27","19.32","0.0100","3326"
"00935","野村臺灣新科技50","3300405","70706391","21.48","21.55","21.35","21.41","0.0600","1585"
"00936","台新永續高息中小","18861101","316103648","16.83","16.83","16.71","16.76","0.0500","5542"
"00939","統一台灣高息動能","8674275","124586446","14.36","14.41","14.32","14.34","0.0000","2243"
"00940","元大台灣價值高息","49212345","470553279","9.57","9.61","9.53","9.55","0.0000","12341"
"00941","中信上游半導體","3874618","55393671","14.28","14.33","14.27","14.31","0.0600","1242"
"00943","兆豐電子高息等權","314125","4495828","14.33","14.36","14.23","14.35","0.1100","129"
"00944","野村趨勢動能高息","1254176","18468787","14.79","14.79","14.68","14.76","0.0600","598"
"00945B","凱基美國非投等債","8899245","136183747","15.30","15.31","15.28","15.30","0.0100","1151"
"00946","群益科技高息成長","13916763","136901801","9.88","9.89","9.81","9.85","0.0500","3035"
"00947","台新臺灣IC設計","4745990","65310868","13.79","13.84","13.67","13.77","0.1300","1000"
"00949","復華日本龍頭","5686617","81859726","14.41","14.44","14.35","14.41","0.1900","1363"
"00951","台新日本半導體","8830393","77509597","8.78","8.84","8.73","8.80","0.1700","1662"
"01001T","土銀富邦R1","","","","","","","0.0000",""
"01002T","土銀國泰R1","6001","99865","16.68","16.68","16.61","16.61","-0.0100","5"
"01004T","土銀富邦R2","5002","61655","12.34","12.34","12.32","12.32","0.0000","7"
"01007T","兆豐國泰R2","","","","","","","0.0000",""
"01009T","王道圓滿R1","4000","30770","7.67","7.70","7.67","7.70","0.0000","2"
"01010T","京城樂富R1","13001","130270","10.02","10.02","10.02","10.02","0.0000","6"
"020000","富邦特選蘋果N","40000","476800","11.92","11.92","11.92","11.92","0.0000","1"
"020011","統一微波高息20N","","","","","","","0.0000",""
"020012","富邦行動通訊N","","","","","","","0.0000",""
"020015","統一MSCI美低波N","","","","","","","0.0000",""
"020016","統一MSCI美科技N","","","","","","","0.0000",""
"020018","統一價值成長30N","","","","","","","0.0000",""
"020019","統一特選台灣5GN","","","","","","","0.0000",""
"02001L","富邦蘋果正二N","134000","3506160","26.35","26.37","25.85","26.12","0.2100","50"
"02001R","富邦蘋果反一N","153000","226400","1.45","1.48","1.45","1.48","0.0000","5"
"02001S","策元大加權策略N","","","","","","","0.0000",""
"020020","元大台股領航N","20000","224680","11.30","11.30","11.17","11.17","0.0100","14"
"020028","元大特選電動車N","24000","220170","9.20","9.20","9.14","9.18","0.0300","11"
"020029","元大ESG高股息N","20000","174730","8.74","8.77","8.67","8.67","-0.0700","12"
"020030","統一智慧電動車N","18000","109490","6.08","6.09","6.08","6.09","0.0000","3"
"020031","統一IC設計臺灣N","37000","203790","5.51","5.53","5.48","5.52","0.0900","6"
"020032","元大綠能N","15000","91290","6.07","6.10","6.07","6.10","0.0000","4"
"020034","元大IC設計N","17000","124410","7.26","7.35","7.26","7.32","0.0700","7"
"020036","元大金融配息N","3000","19740","6.58","6.58","6.58","6.58","0.0000","1"
"020037","元大金融高股息N","","","","","","","0.0000",""
"020038","元大ESG配息N","20000","150300","7.55","7.55","7.49","7.50","-0.0200","8"
"020039","元大加權N","69000","457450","6.65","6.65","6.61","6.63","0.0300","22"
"1101","台泥","13027973","449905142","34.65","34.80","34.35","34.60","0.1500","6531"
"1101B","台泥乙特","1290","60680","47.05","47.05","47.05","47.05","0.0500","5"
"1102","亞泥","4424571","192021225","43.70","43.70","43.00","43.60","0.1000","2622"
"1103","嘉泥","316930","5635723","17.70","17.95","17.60","17.95","0.2500","250"
"1104","環泥","827059","25372519","30.95","30.95","30.50","30.60","-0.5500","832"
"1108","幸福","324895","5163855","15.95","15.95","15.80","15.90","0.0000","180"
"1109","信大","238344","4165084","17.45","17.70","17.40","17.45","0.0000","164"
"1110","東泥","414158","9454550","23.00","23.00","22.60","22.95","0.2000","307"
"1201","味全","538040","9778136","18.25","18.25","18.10","18.15","0.0000","349"
"1203","味王","3061","159784","52.20","52.20","52.20","52.20","-0.2000","33"
"1210","大成","820530","43078188","53.20","53.20","52.30","52.50","-0.3000","1058"
"1213","大飲","150659","1999491","13.50","13.50","13.00","13.35","0.3500","68"
"1215","卜蜂","501779","49471429","99.50","99.50","98.00","98.50","-1.0000","1167"
"1216","統一","7303115","601689225","82.90","83.00","81.80","82.70","0.7000","3777"
"1217","愛之味","1191698","14156348","11.90","11.95","11.80","11.85","0.1000","525"
"1218","泰山","986597","19821571","20.45","20.45","20.00","20.00","-0.3500","714"
"1219","福壽","360148","6242942","17.50","17.50","17.25","17.35","-0.0500","213"
"1220","台榮","1852689","29809149","15.60","16.15","15.45","16.15","1.4500","713"
"1225","福懋油","57698","8715617","149.50","153.00","149.00","152.00","2.5000","547"
"1227","佳格","276648","10604815","38.55","38.55","38.20","38.25","-0.3000","329"
"1229","聯華","1217059","74150366","61.40","61.40","60.60","60.90","-0.5000","1912"
"1231","聯華食","248506","27438196","108.50","112.00","108.50","110.00","2.5000","913"
"1232","大統益","93204","13519087","145.00","146.00","144.00","146.00","1.0000","194"
"1233","天仁","5356","173239","32.10","32.40","32.10","32.40","-0.1000","98"
"1234","黑松","170572","7269599","42.75","42.80","42.50","42.65","0.1500","149"
"1235","興泰","15441","1933869","125.50","127.50","123.00","123.50","-0.5000","34"
"1236","宏亞","186299","4461094","24.55","24.55","23.70","24.00","-0.5500","483"
"1256","鮮活果汁-KY","9326","1492942","160.50","160.50","159.00","159.00","-1.5000","323"
"1301","台塑","15971668","847878413","53.90","53.90","52.70","52.80","-1.2000","12253"
"1303","南亞","10873544","503614428","47.20","47.25","45.75","45.85","-1.5000","9305"
"1304","台聚","2471515","36068972","14.80","14.80","14.45","14.75","0.1000","1228"
"1305","華夏","1066995","18187017","16.90","17.20","16.75","17.15","0.3500","584"
"1307","三芳","1358793","45295803","33.95","33.95","32.80","33.30","-0.4000","1158"
"1308","亞聚","844482","14400863","17.15","17.15","16.90","17.05","-0.0500","565"
"1309","台達化","1343341","22848865","17.00","17.25","16.60","17.20","0.2500","723"
"1310","台苯","750576","9834211","13.20","13.20","13.00","13.20","-0.0500","363"
"1312","國喬","5861527","76658330","13.30","13.45","12.85","13.20","-0.2500","2043"
"1312A","國喬特","","","","","","","0.0000",""
"1313","聯成","786741","8979961","11.50","11.55","11.35","11.40","-0.0500","584"
"1314","中石化","26352290","256110485","9.86","9.89","9.65","9.65","-0.2100","6906"
"1315","達新","14861","1062979","71.50","71.70","71.50","71.60","0.2000","26"
"1316","上曜","5416172","106412310","19.90","20.00","19.45","19.55","-0.3000","2659"
"1319","東陽","888158","80411409","91.00","91.50","90.00","90.00","-0.5000","945"
"1321","大洋","4609737","192177057","40.35","43.00","40.00","42.50","2.4000","2176"
"1323","永裕","67074","2000704","29.85","29.90","29.80","29.90","0.0000","26"
"1324","地球","64466","842618","13.20","13.25","13.00","13.00","-0.2500","108"
"1325","恆大","187835","5059339","26.80","27.20","26.70","26.90","0.3000","176"
"1326","台化","9991297","453757950","46.30","46.30","45.00","45.05","-1.2500","6416"
"1337","再生-KY","248801","1748280","7.09","7.09","6.98","7.01","-0.0800","249"
"1338","廣華-KY","57059","1717499","30.20","30.55","29.95","30.05","-0.1500","76"
"1339","昭輝","96329","5796861","60.60","60.60","59.60","60.20","0.3000","104"
"1340","勝悅-KY","71302","711068","9.94","10.00","9.94","9.95","0.0100","160"
"1341","富林-KY","24081","1604992","66.50","67.10","66.50","66.50","-0.1000","23"
"1342","八貫","75933","6956789","91.80","92.00","90.60","91.70","0.6000","275"
"1402","遠東新","18779338","659476928","34.80","35.50","34.55","35.50","1.0500","4997"
"1409","新纖","1258033","20153382","16.10","16.10","15.95","16.00","-0.1000","660"
"1410","南染","85808","3247804","37.30","39.50","37.30","38.80","1.2500","104"
"1413","宏洲","10355","99455","9.45","9.65","9.45","9.65","0.1400","20"
"1414","東和","550104","11932688","22.00","22.05","21.25","22.00","0.1000","462"
"1416","廣豐","244006","2830072","11.70","11.70","11.50","11.50","-0.1000","159"
"1417","嘉裕","142482","1548223","10.90","11.00","10.80","10.95","0.0500","233"
"1418","東華","23846","833835","34.20","36.00","34.20","35.15","0.5500","70"
"1419","新紡","38700","1844117","47.65","47.95","47.50","47.90","0.4500","51"
"1423","利華","24769","1082390","43.50","43.95","43.45","43.50","0.1500","44"
"1432","大魯閣","58337","1024608","17.60","17.60","17.50","17.60","0.0000","178"
"1434","福懋","439159","9283016","21.30","21.30","21.10","21.10","-0.2000","592"
"1435","中福","1028","48767","47.45","47.45","47.45","47.45","-0.0500","21"
"1436","華友聯","1052029","177317202","174.00","174.50","165.00","167.00","-6.5000","1556"
"1437","勤益控","78990","2744115","34.60","34.95","34.55","34.75","0.1500","77"
"1438","三地開發","647964","56005496","87.80","88.40","84.30","88.00","0.5000","631"
"1439","雋揚","427206","13631787","30.80","33.00","30.75","32.60","1.9000","347"
"1440","南紡","1167613","18777625","16.15","16.20","15.95","16.10","0.0000","794"
"1441","大東","192181","2940881","15.15","15.70","15.10","15.30","-0.9000","220"
"1442","名軒","1233819","82817853","66.90","67.70","66.50","67.30","0.4000","1213"
"1443","立益物流","22475","718835","32.70","32.70","31.50","31.60","-0.2500","64"
"1444","力麗","958412","9137489","9.65","9.65","9.50","9.50","-0.0500","522"
"1445","大宇","1681413","30337380","17.50","18.50","17.40","17.85","0.8000","1008"
"1446","宏和","4161979","210821112","49.70","52.20","49.25","51.50","2.2000","2543"
"1447","力鵬","1942551","18181449","9.30","9.45","9.25","9.39","0.0100","793"
"1449","佳和","605338","10376108","17.20","17.25","17.00","17.20","-0.1500","571"
"1451","年興","193059","3823826","19.80","19.90","19.70","19.70","-0.0500","133"
"1452","宏益","67254","1105026","16.45","16.50","16.40","16.40","0.0000","47"
"1453","大將","396121","8632533","22.30","22.30","21.40","21.85","-0.1500","324"
"1454","台富","273089","5097234","18.75","18.95","18.55","18.55","-0.2000","133"
"1455","集盛","1429249","16373356","11.70","11.70","11.35","11.40","-0.2000","622"
"1456","怡華","177800","3886070","22.45","22.45","21.55","21.55","-0.6500","149"
"1457","宜進","220270","4535276","20.60","20.70","20.45","20.55","-0.3000","131"
"1459","聯發","34665","361078","10.40","10.45","10.35","10.35","-0.0500","30"
"1460","宏遠","238614","1760974","7.41","7.42","7.36","7.38","-0.0300","152"
"1463","強盛","935004","24516940","26.70","27.20","25.80","25.90","-0.6500","577"
"1464","得力","656695","8847209","13.50","13.65","13.30","13.55","0.2000","388"
"1465","偉全","51598","764028","14.90","14.90","14.75","14.85","-0.0500","59"
"1466","聚隆","27101","327262","12.10","12.10","12.05","12.05","0.0500","20"
"1467","南緯","266747","2803890","10.60","10.65","10.45","10.45","-0.2000","332"
"1468","昶和","42024","601580","14.50","14.55","14.15","14.30","-0.2000","42"
"1470","大統新創","9000","191500","21.20","21.40","21.05","21.05","0.0500","7"
"1471","首利","438752","5975135","13.80","13.80","13.50","13.55","-0.2500","257"
"1472","三洋實業","38273","2146283","56.00","56.50","55.80","56.10","-0.4000","143"
"1473","台南","831133","29995462","36.00","36.50","35.50","36.30","0.5000","542"
"1474","弘裕","346847","4467921","12.95","13.00","12.75","12.80","-0.1500","185"
"1475","業旺","361158","23068925","64.00","64.70","63.10","64.20","-0.7000","315"
"1476","儒鴻","1226429","602360868","507.00","507.00","487.00","492.00","-11.0000","1658"
"1477","聚陽","2234477","820662129","368.00","373.00","362.50","370.00","3.5000","2047"
"1503","士電","9093125","2004152916","218.00","226.00","212.00","225.00","-2.5000","7328"
"1504","東元","3216189","146893847","46.30","46.30","45.30","45.85","-0.4500","2442"
"1506","正道","172280","2634056","15.55","15.55","15.20","15.25","-0.2500","102"
"1512","瑞利","32004","227838","7.20","7.28","7.02","7.28","0.2300","30"
"1513","中興電","53873492","9035027303","163.50","172.00","163.50","170.50","-11.0000","37838"
"1514","亞力","17053594","2211609376","129.50","134.00","125.50","134.00","0.5000","13244"
"1515","力山","648557","23928689","37.00","37.35","36.65","36.70","-0.2000","574"
"1516","川飛","217631","4490004","20.95","20.95","20.30","20.60","-0.5500","131"
"1517","利奇","304056","4880593","16.25","16.25","15.90","15.95","-0.1500","256"
"1519","華城","9661246","6562826852","687.00","694.00","661.00","692.00","5.0000","10705"
"1521","大億","21055","786609","37.30","37.55","37.30","37.55","-0.0500","28"
"1522","堤維西","7330199","506364522","69.20","70.40","67.60","68.80","1.4000","6121"
"1522A","堤維西甲特","1163","52059","44.80","44.80","44.80","44.80","0.2000","3"
"1524","耿鼎","617227","18508018","30.05","30.15","29.70","30.05","0.2000","438"
"1525","江申","11371","763398","67.10","67.30","66.80","67.30","0.1000","26"
"1526","日馳","71646","1986689","28.00","28.05","27.55","27.65","-0.3000","95"
"1527","鑽全","4771039","216783134","45.35","46.25","44.50","45.15","0.2500","3191"
"1528","恩德","821103","10971220","13.60","13.60","13.20","13.30","-0.2000","493"
"1529","樂事綠能","999539","31355406","31.70","31.75","31.05","31.50","-0.2000","797"
"1530","亞崴","143001","4278180","30.25","30.25","29.75","29.75","-0.2500","324"
"1531","高林股","221961","3108403","14.15","14.15","13.90","13.90","-0.3500","204"
"1532","勤美","2890404","119629798","40.95","41.85","40.50","41.85","1.3500","1542"
"1533","車王電","49275","1911903","39.65","39.65","38.65","38.70","-0.5500","60"
"1535","中宇","148576","8768745","58.90","59.70","58.50","59.60","0.8000","181"
"1536","和大","24667962","1667052515","64.70","69.50","64.60","67.90","3.9000","15950"
"1537","廣隆","246005","35902672","146.50","146.50","145.00","146.00","1.5000","260"
"1538","正峰","2009","38454","19.15","19.15","19.15","19.15","0.3500","7"
"1539","巨庭","96443","2233192","23.20","23.45","22.95","23.35","0.2500","76"
"1540","喬福","8226385","303961185","36.20","38.55","36.20","38.00","-2.2000","4654"
"1541","錩泰","18049","562777","31.25","31.60","30.80","31.60","0.4000","20"
"1558","伸興","184450","19114979","104.00","104.00","103.00","104.00","1.5000","877"
"1560","中砂","7982438","2490970256","298.50","325.00","298.50","324.00","28.5000","7891"
"1563","巧新","343878","22604744","65.60","66.50","65.00","66.10","0.5000","448"
"1568","倉佑","351262","9568321","27.25","27.45","26.80","27.25","0.0500","202"
"1582","信錦","3406683","367695640","107.00","109.50","106.00","108.00","2.5000","2557"
"1583","程泰","99338","6834410","68.50","69.00","68.50","68.80","0.5000","93"
"1587","吉茂","495925","24257437","48.35","49.95","48.15","49.05","0.5000","506"
"1589","永冠-KY","296099","11856973","40.50","40.60","39.65","39.75","-0.7500","490"
"1590","亞德客-KY","311859","250207850","807.00","810.00","793.00","810.00","7.0000","474"
"1597","直得","15507023","1688391645","107.00","112.50","104.50","108.50","2.5000","12018"
"1598","岱宇","109516","3038997","27.85","27.85","27.65","27.75","-0.0500","97"
"1603","華電","1716390","70445842","39.85","42.10","39.85","42.00","1.0000","1011"
"1604","聲寶","198906","5578486","27.90","28.15","27.85","27.85","0.0000","175"
"1605","華新","5195349","172777037","33.55","33.55","33.10","33.30","-0.2000","2358"
"1608","華榮","6685836","233728984","34.85","35.45","33.95","35.35","0.6000","3502"
"1609","大亞","16844059","964223372","57.80","57.90","56.30","57.40","-0.2000","11803"
"1611","中電","1290841","22055849","17.45","17.45","16.80","17.10","-0.2000","636"
"1612","宏泰","2468863","89527651","36.30","36.60","35.65","36.60","1.1000","1645"
"1614","三洋電","89259","3490991","39.20","39.40","38.95","39.15","-0.0500","100"
"1615","大山","311653","21739773","70.10","70.40","68.80","69.90","0.0000","450"
"1616","億泰","1183015","24907928","21.40","21.40","20.80","21.10","-0.2500","678"
"1617","榮星","696077","15546506","22.80","22.95","22.10","22.25","-0.5500","553"
"1618","合機","3349940","160179062","47.60","49.10","46.20","49.10","1.4000","2371"
"1626","艾美特-KY","42952","634031","14.75","14.85","14.70","14.85","0.0500","173"
"1701","中化","314481","6652799","21.30","21.30","21.10","21.10","-0.2000","227"
"1702","南僑","1065012","60507325","57.60","57.60","56.40","56.70","-0.6000","811"
"1707","葡萄王","154721","21981704","142.50","142.50","141.00","142.50","-0.5000","289"
"1708","東鹼","16421963","600183475","35.40","36.75","35.10","36.75","3.3000","6728"
"1709","和益","972284","22244700","22.90","23.05","22.60","22.90","0.0000","551"
"1710","東聯","812233","13516855","16.70","16.80","16.50","16.75","-0.0500","608"
"1711","永光","1721992","34243899","19.95","20.00","19.75","19.85","-0.1000","906"
"1712","興農","384758","16788109","43.45","44.00","43.45","43.50","0.0500","326"
"1713","國化","170212","9789289","57.20","57.90","57.00","57.50","0.3000","170"
"1714","和桐","3733349","34345454","9.20","9.25","9.14","9.22","0.0300","1068"
"1717","長興","1061530","30829593","29.30","29.30","28.90","29.05","-0.1500","672"
"1718","中纖","4019628","33032061","8.28","8.28","8.15","8.27","0.0900","1153"
"1720","生達","632126","41397009","66.00","66.10","64.90","65.90","0.1000","777"
"1721","三晃","563580","8006124","14.40","14.40","14.00","14.20","-0.1500","386"
"1722","台肥","1104509","69112781","62.50","62.90","62.20","62.50","0.1000","566"
"1723","中碳","431777","43034858","100.50","100.50","99.10","99.80","0.4000","434"
"1725","元禎","139817","5656660","41.70","41.70","40.05","40.35","-0.4500","171"
"1726","永記","28490","2217722","78.50","78.50","77.60","77.90","-0.6000","90"
"1727","中華化","413153","11826844","29.20","29.20","28.10","28.55","-0.1500","325"
"1730","花仙子","34240","1846867","53.90","54.00","53.70","54.00","0.0000","55"
"1731","美吾華","140666","3285178","23.30","23.50","23.25","23.30","0.0000","113"
"1732","毛寶","165304","4490655","26.85","27.85","26.85","26.90","0.0500","141"
"1733","五鼎","144645","4200553","29.25","29.30","28.90","29.15","-0.1000","134"
"1734","杏輝","280364","10358619","37.00","37.30","36.85","36.95","-0.0500","233"
"1735","日勝化","32055","564742","17.60","17.95","17.60","17.75","0.1500","22"
"1736","喬山","934241","95470599","103.00","105.00","100.50","102.50","-2.5000","677"
"1737","臺鹽","76120","2586220","33.90","34.10","33.90","34.00","0.0000","106"
"1752","南光","153868","6924619","44.45","45.25","44.45","45.25","0.4500","122"
"1760","寶齡富錦","178294","16295783","90.50","92.00","90.00","92.00","1.2000","236"
"1762","中化生","201007","8769858","43.80","44.00","43.35","43.60","-0.1000","437"
"1773","勝一","164066","23057813","141.50","142.00","139.50","140.50","-1.0000","251"
"1776","展宇","10970","190416","17.45","17.45","17.35","17.45","0.0000","24"
"1783","和康生","137397","5898226","42.60","43.20","42.10","43.10","0.3500","133"
"1786","科妍","1253449","149179526","123.00","123.50","115.50","119.50","5.0000","1746"
"1789","神隆","248313","6277078","25.50","25.50","25.05","25.10","-0.2000","237"
"1795","美時","2651864","722793131","275.50","276.50","269.50","272.00","-1.0000","8768"
"1802","台玻","2272147","36468673","16.25","16.25","15.90","16.00","-0.1500","1196"
"1805","寶徠","288761","6434661","22.85","22.85","21.80","22.40","0.1000","208"
"1806","冠軍","888364","10438944","11.90","11.90","11.60","11.80","0.0000","390"
"1808","潤隆","3662815","423979704","118.00","119.00","113.50","115.50","0.0000","4496"
"1809","中釉","929367","19808756","21.55","21.75","21.00","21.15","-0.3000","595"
"1810","和成","321614","5469336","17.10","17.15","16.80","17.15","0.0500","215"
"1817","凱撒衛","232372","9412116","40.80","40.90","40.35","40.50","0.2000","332"
"1903","士紙","72021","3958569","55.40","55.40","54.50","54.90","-0.1000","84"
"1904","正隆","539499","13896755","25.80","25.90","25.65","25.80","0.1000","570"
"1905","華紙","746005","14251412","19.20","19.20","19.05","19.10","-0.1000","681"
"1906","寶隆","20458","308835","15.10","15.10","15.00","15.10","0.0000","62"
"1907","永豐餘","547524","16220798","29.70","29.80","29.50","29.60","-0.1000","839"
"1909","榮成","863832","11424405","13.20","13.30","13.10","13.30","0.1000","378"
"2002","中鋼","15025493","332799628","22.30","22.30","22.05","22.10","-0.1500","6375"
"2002A","中鋼特","5006","213755","42.70","42.70","42.70","42.70","0.0000","5"
"2006","東和鋼鐵","1361310","104787563","76.60","77.50","76.30","77.40","0.8000","1351"
"2007","燁興","294624","3077904","10.50","10.50","10.40","10.45","-0.1000","146"
"2008","高興昌","1330150","40347297","29.30","31.15","28.35","28.55","0.2000","1523"
"2009","第一銅","2296072","94419966","42.00","42.00","40.75","41.25","0.3000","1886"
"2010","春源","694849","12717368","18.40","18.45","18.10","18.25","0.0500","353"
"2012","春雨","102761","2609297","25.25","25.50","25.25","25.30","0.0500","112"
"2013","中鋼構","63389","3339531","52.60","52.90","52.50","52.50","0.0000","68"
"2014","中鴻","2263544","42561257","19.00","19.00","18.70","18.75","-0.1500","1451"
"2015","豐興","257571","20827792","82.00","82.00","80.20","81.00","-0.8000","266"
"2017","官田鋼","2392899","30648367","13.25","13.25","12.65","12.65","-0.6000","1125"
"2020","美亞","606907","16874171","28.20","28.20","27.65","27.70","-0.3000","472"
"2022","聚亨","579963","5787277","10.10","10.15","9.90","10.00","-0.1000","439"
"2023","燁輝","1827049","27405893","15.05","15.10","14.90","15.00","0.0000","507"
"2024","志聯","103098","2371897","22.15","23.55","22.15","23.25","1.1500","79"
"2025","千興","1497446","17904739","12.00","12.10","11.90","11.90","-0.0500","310"
"2027","大成鋼","3611333","124806482","34.90","34.90","34.40","34.45","-0.5500","2313"
"2028","威致","54239","1267946","23.50","23.50","23.30","23.35","-0.1500","54"
"2029","盛餘","100607","2527293","25.25","25.25","25.00","25.10","-0.0500","142"
"2030","彰源","401221","6947623","17.30","17.40","17.20","17.25","0.0000","285"
"2031","新光鋼","1824989","108415577","59.70","60.20","59.00","59.30","-0.7000","1082"
"2032","新鋼","101214","1507445","14.80","14.95","14.75","14.90","0.0000","70"
"2033","佳大","406322","6323564","15.00","15.80","15.00","15.60","0.2000","137"
"2034","允強","336604","7934496","23.70","23.70","23.45","23.45","-0.2500","180"
"2038","海光","242447","4289501","17.75","17.85","17.60","17.70","0.0000","166"
"2049","上銀","1876662","385187911","203.00","207.00","203.00","206.50","5.5000","1818"
"2059","川湖","530726","587412215","1120.00","1120.00","1090.00","1110.00","15.0000","951"
"2062","橋椿","2770922","87248382","31.65","31.90","31.05","31.50","-0.5000","1602"
"2069","運錩","4115267","75050886","17.55","18.55","16.95","18.50","1.6000","1962"
"2101","南港","1987077","99829015","50.80","50.80","49.70","50.30","0.0000","1316"
"2102","泰豐","1208751","28830609","24.50","24.90","23.30","23.55","-0.7000","804"
"2103","台橡","1695696","38328135","22.90","22.90","22.40","22.45","-0.1500","838"
"2104","國際中橡","2175613","34997575","16.00","16.30","15.90","16.20","-0.1500","954"
"2105","正新","3539641","170396488","47.80","48.45","47.55","48.10","0.5500","2688"
"2106","建大","247910","7689947","31.10","31.10","30.90","31.00","-0.1000","268"
"2107","厚生","532938","13970903","26.15","26.40","26.10","26.40","0.2500","247"
"2108","南帝","526286","19988625","38.15","38.40","37.70","38.35","0.2500","398"
"2109","華豐","1317534","25652556","19.30","19.80","19.20","19.55","0.6500","731"
"2114","鑫永銓","12191","1206702","99.90","99.90","98.80","99.30","0.9000","32"
"2115","六暉-KY","147462","4478967","30.20","30.75","29.85","30.55","0.3500","302"
"2201","裕隆","1748526","94488130","54.80","54.80","53.70","53.80","-0.5000","1493"
"2204","中華","2874073","239843423","85.10","85.30","82.60","83.80","-0.8000","2813"
"2206","三陽工業","2046027","150486653","73.50","74.20","72.70","73.80","-0.6000","1486"
"2207","和泰車","136100","83094879","616.00","616.00","608.00","611.00","3.0000","343"
"2208","台船","22820050","413566482","18.40","18.45","17.85","18.00","0.9000","9062"
"2211","長榮鋼","669542","79262384","117.50","120.00","116.00","119.50","1.0000","581"
"2227","裕日車","40753","4875592","120.00","120.00","119.00","120.00","0.5000","154"
"2228","劍麟","240412","22306099","92.50","93.50","92.20","92.90","0.4000","234"
"2231","為升","171908","18215911","106.00","107.50","105.00","105.50","-1.5000","213"
"2233","宇隆","661645","90579481","139.00","139.00","134.50","136.50","-1.0000","1220"
"2236","百達-KY","1123817","126886693","114.00","114.50","110.00","113.00","0.0000","1112"
"2239","英利-KY","34844","1476435","42.70","42.70","42.20","42.25","-0.7500","43"
"2241","艾姆勒","339751","10163742","30.45","30.45","29.70","29.90","-0.2500","321"
"2243","宏旭-KY","7717517","179284156","22.90","24.45","22.55","23.70","-1.0000","4260"
"2247","汎德永業","43462","12794111","294.50","295.00","294.00","294.50","-1.0000","106"
"2250","IKKA-KY","135909","12846667","93.90","95.70","93.10","95.10","1.4000","155"
"2254","巨鎧精密-創","130000","11211900","87.00","88.80","85.00","86.90","-0.8000","90"
"2258","鴻華先進-創","228240","9367890","41.00","41.45","40.50","41.00","0.0500","96"
"2301","光寶科","16754545","1778686291","106.00","108.00","103.50","108.00","3.0000","8098"
"2302","麗正","192424","3239125","17.05","17.15","16.65","16.90","0.1500","139"
"2303","聯電","40357656","2205517836","54.80","54.90","54.30","54.80","0.1000","16372"
"2305","全友","389935","8162714","21.30","21.30","20.50","20.85","-0.2000","256"
"2308","台達電","6290770","2515526731","405.50","406.00","396.00","399.50","0.5000","8340"
"2312","金寶","31967126","764155751","24.05","24.60","23.50","23.80","-0.1500","12193"
"2313","華通","13609144","980665102","71.20","72.90","70.40","72.10","1.5000","8442"
"2314","台揚","421166","11316578","27.30","27.30","26.25","27.00","-0.2000","337"
"2316","楠梓電","1815798","87522320","47.90","48.70","47.35","48.25","0.7500","1412"
"2317","鴻海","117511594","21246757812","180.00","183.00","178.00","181.00","5.0000","74230"
"2321","東訊","1338","20951","15.90","15.90","15.90","15.90","0.5000","5"
"2323","中環","5445940","64969042","12.00","12.05","11.75","12.00","0.1000","1653"
"2324","仁寶","8651933","269435242","31.25","31.50","30.90","31.00","-0.2500","4595"
"2327","國巨","1844614","1358987520","745.00","745.00","731.00","738.00","5.0000","2754"
"2328","廣宇","1206892","40477917","33.70","33.80","33.20","33.65","0.2000","859"
"2329","華泰","2783314","119649039","43.65","43.65","42.20","42.85","-0.3000","2091"
"2330","台積電","26831364","25227760336","945.00","945.00","937.00","941.00","1.0000","39633"
"2331","精英","1757900","47126164","27.20","27.20","26.55","26.75","-0.3500","1174"
"2332","友訊","863171","14835700","17.35","17.35","17.05","17.20","0.0500","444"
"2337","旺宏","13718499","380229780","27.85","27.85","27.30","27.85","0.2500","3719"
"2338","光罩","922398","58282839","63.60","63.80","62.70","63.00","-0.2000","1201"
"2340","台亞","842619","28487128","34.30","34.30","33.55","33.85","-0.1500","622"
"2342","茂矽","118439","3519378","30.05","30.05","29.35","29.75","-0.0500","136"
"2344","華邦電","12979297","304644010","23.50","23.60","23.25","23.60","0.2500","5203"
"2345","智邦","1562350","792100644","512.00","515.00","502.00","502.00","-7.0000","1646"
"2347","聯強","1250231","89391266","71.40","71.80","70.80","71.60","0.3000","949"
"2348","海悅","2276365","605319638","275.50","276.50","260.00","264.50","-5.5000","4769"
"2348A","海悅甲特","1003","33097","33.00","33.00","33.00","33.00","0.2500","2"
"2349","錸德","14482909","221217693","15.45","15.55","14.90","15.35","0.1000","4930"
"2351","順德","2191808","277649907","125.50","128.50","124.00","126.00","2.0000","1643"
"2352","佳世達","3044726","100669336","33.45","33.50","32.90","33.15","-0.1500","2340"
"2353","宏碁","11849245","499947726","42.65","42.65","42.00","42.15","-0.1500","5554"
"2354","鴻準","5810036","361610723","61.90","62.70","61.50","62.60","0.9000","3965"
"2355","敬鵬","2860445","119535960","42.50","42.50","41.20","42.15","0.4000","1824"
"2356","英業達","24469197","1176387323","48.90","48.95","47.55","47.80","-0.5000","12814"
"2357","華碩","4029381","2016620425","501.00","509.00","496.00","500.00","1.0000","12218"
"2359","所羅門","38374829","6198700517","162.00","166.50","157.00","159.50","0.5000","25688"
"2360","致茂","524669","158157494","302.50","304.00","297.00","304.00","7.0000","1081"
"2362","藍天","10919049","617108809","55.80","57.70","55.10","56.30","1.1000","6727"
"2363","矽統","7606950","533261423","70.00","71.00","68.80","70.30","0.6000","7086"
"2364","倫飛","1665658","157507954","93.50","97.00","89.30","96.10","6.8000","1493"
"2365","昆盈","74846632","4810150117","63.10","65.70","61.80","64.50","1.6000","44030"
"2367","燿華","17601552","605261607","34.10","34.95","33.20","34.70","1.2000","8312"
"2368","金像電","6047373","1262130698","210.00","213.00","206.50","207.50","0.5000","4389"
"2369","菱生","1045313","20450784","19.70","19.80","19.40","19.45","-0.2500","659"
"2371","大同","18950528","872056865","46.35","46.40","45.55","46.30","-1.3500","8837"
"2373","震旦行","62187","4199842","67.80","67.80","67.30","67.80","0.0000","107"
"2374","佳能","16739886","828942483","48.50","50.90","46.75","49.95","2.4500","10452"
"2375","凱美","225090","13942356","62.40","62.50","61.20","62.10","0.4000","240"
"2376","技嘉","7516864","1763504169","239.50","239.50","231.50","236.00","0.0000","6998"
"2377","微星","3460963","577447109","170.00","170.00","165.00","166.50","-3.0000","3012"
"2379","瑞昱","1233659","639836549","514.00","523.00","510.00","518.00","9.0000","1934"
"2380","虹光","136918","883366","6.45","6.47","6.40","6.45","0.0000","207"
"2382","廣達","27017620","7232680056","272.00","272.50","265.00","266.50","-0.5000","24018"
"2383","台光電","7620500","3306646243","447.00","448.50","428.00","428.00","-18.5000","10141"
"2385","群光","2515042","388597811","157.00","157.50","153.00","153.00","-3.5000","2155"
"2387","精元","1891316","111073667","57.80","59.50","57.50","58.80","1.2000","1208"
"2388","威盛","3248967","331306653","101.00","103.50","99.70","103.00","2.0000","2339"
"2390","云辰","298065","3626659","12.25","12.25","12.10","12.10","-0.1000","455"
"2392","正崴","5119627","342275408","66.90","67.40","65.50","67.30","0.5000","3200"
"2393","億光","2759697","210274580","75.80","77.30","74.80","77.00","1.9000","2093"
"2395","研華","650871","225296282","347.50","348.00","344.00","346.50","1.0000","748"
"2397","友通","1960153","141597168","70.00","74.60","67.90","74.60","6.7000","1506"
"2399","映泰","1147939","23286205","20.45","20.50","20.05","20.20","-0.1500","535"
"2401","凌陽","2380775","74349177","31.25","31.50","30.75","31.40","0.3500","1584"
"2402","毅嘉","4660898","177321755","38.00","38.75","37.30","38.75","1.1000","2647"
"2404","漢唐","1434016","480494201","330.00","340.00","329.00","334.00","8.5000","1758"
"2405","輔信","3143008","65630727","21.20","21.20","20.55","21.00","0.0000","1510"
"2406","國碩","4401022","94910377","22.05","22.05","20.90","21.65","-0.4500","2080"
"2408","南亞科","7910189","418679372","53.00","53.50","52.50","52.80","-0.2000","4356"
"2409","友達","14914200","231396467","15.60","15.65","15.45","15.50","-0.0500","4285"
"2412","中華電","7963042","967544079","122.00","122.00","121.00","122.00","0.5000","4419"
"2413","環科","42253","867035","20.40","20.65","20.40","20.65","0.0500","47"
"2414","精技","104030","3678857","35.40","35.50","35.20","35.35","-0.0500","82"
"2415","錩新","60009","1443617","24.05","24.25","23.80","24.15","0.1000","37"
"2417","圓剛","1446647","63613487","43.95","44.60","42.55","44.55","0.8500","1125"
"2419","仲琦","1044618","29533154","28.50","28.55","27.80","28.50","0.4000","694"
"2420","新巨","308669","18950545","61.30","62.80","59.70","62.80","1.5000","265"
"2421","建準","2733924","253735331","93.00","93.70","92.00","93.00","0.8000","2533"
"2423","固緯","255274","9477537","37.20","37.75","36.80","36.80","-0.6000","265"
"2424","隴華","9000","255400","28.15","29.00","28.05","28.50","0.0000","7"
"2425","承啟","192153","5750276","30.30","30.30","29.75","29.95","-0.2000","231"
"2426","鼎元","296873","5486501","18.45","18.80","18.25","18.50","0.2000","264"
"2427","三商電","2038359","57809985","28.45","28.75","27.75","28.65","0.3500","1280"
"2428","興勤","169217","27584564","163.00","164.00","162.00","163.50","1.5000","203"
"2429","銘旺科","3990893","108427788","26.95","28.50","26.05","27.25","0.2500","2243"
"2430","燦坤","79634","2628522","33.10","33.15","32.90","32.90","-0.3000","157"
"2431","聯昌","178179","2092891","11.95","11.95","11.65","11.75","0.0000","90"
"2432","倚天酷碁-創","1250","45560","36.55","36.55","36.55","36.55","0.3500","6"
"2433","互盛電","40377","2039178","50.80","50.80","50.40","50.40","-0.4000","57"
"2434","統懋","11031","345718","31.35","31.65","31.00","31.65","0.3000","11"
"2436","偉詮電","614939","34332369","55.50","56.40","54.90","56.30","0.5000","662"
"2438","翔耀","724024","45222878","59.00","65.00","58.10","62.90","3.3000","569"
"2439","美律","1792349","220014667","121.50","124.00","120.00","124.00","2.5000","1151"
"2440","太空梭","503735","7304826","14.45","14.70","14.35","14.35","-0.5500","288"
"2441","超豐","2049405","126154816","60.20","62.50","60.00","62.50","3.2000","1491"
"2442","新美齊","1368572","47354949","34.70","35.20","34.30","34.50","0.0000","972"
"2444","兆勁","276188","3552812","13.10","13.10","12.70","12.80","-0.1500","156"
"2449","京元電子","21981789","2571135540","118.50","119.50","115.00","117.00","-1.5000","14007"
"2450","神腦","40390","1431112","35.55","35.55","35.30","35.30","-0.2000","130"
"2451","創見","359976","34294133","95.00","96.00","94.20","96.00","1.2000","478"
"2453","凌群","685878","37829207","55.10","55.60","54.30","55.40","0.4000","567"
"2454","聯發科","3893560","4536605460","1180.00","1185.00","1150.00","1160.00","-15.0000","7811"
"2455","全新","1182708","157901697","134.50","135.00","132.00","133.00","-2.0000","1469"
"2457","飛宏","1560425","62950454","40.90","40.90","39.95","40.65","-0.0500","1672"
"2458","義隆","3858994","547347258","144.00","144.00","140.50","141.50","1.0000","3292"
"2459","敦吉","42057","3012730","72.40","72.40","71.40","71.60","-0.2000","50"
"2460","建通","179783","4728239","26.45","26.50","26.05","26.40","0.0000","164"
"2461","光群雷","311231","6799122","21.90","22.00","21.60","21.85","0.0500","207"
"2462","良得電","201072","6199271","31.10","31.15","30.60","30.85","-0.3000","201"
"2464","盟立","23972239","1976802172","81.30","84.60","79.50","83.50","2.1000","16036"
"2465","麗臺","951946","86804088","91.90","93.00","89.30","91.60","-0.3000","828"
"2466","冠西電","11540","423344","36.75","36.75","36.70","36.70","0.3000","12"
"2467","志聖","5644365","1021247138","174.00","187.00","170.50","182.00","12.0000","4987"
"2468","華經","632745","16029184","25.50","25.95","25.00","25.20","0.1000","399"
"2471","資通","136753","6876046","49.70","50.60","49.70","50.30","0.1000","129"
"2472","立隆電","817748","67595602","83.00","83.40","82.10","82.80","0.1000","1014"
"2474","可成","1983283","450725041","224.00","229.00","223.50","229.00","5.0000","1769"
"2476","鉅祥","5349565","559809481","104.50","107.00","102.50","104.50","0.0000","3325"
"2477","美隆電","1782073","45421581","24.60","26.15","24.60","25.55","1.4500","1616"
"2478","大毅","195877","9844322","50.50","50.70","49.70","50.00","-0.3000","268"
"2480","敦陽科","94301","11063359","117.50","118.00","116.50","117.50","0.5000","151"
"2481","強茂","1753880","88850900","50.30","51.40","49.55","51.30","1.7500","1322"
"2482","連宇","388238","11601696","30.10","30.20","29.40","30.00","-0.0500","285"
"2483","百容","66973","1573627","23.65","23.65","23.40","23.45","-0.1500","42"
"2484","希華","186221","5390361","29.15","29.15","28.70","29.05","-0.0500","149"
"2485","兆赫","751027","12962367","17.25","17.40","17.00","17.30","0.1000","633"
"2486","一詮","18003252","1884837555","106.50","108.00","102.00","103.50","-0.5000","12564"
"2488","漢平","235803","11067482","47.30","47.30","46.70","46.90","-0.0500","411"
"2489","瑞軒","16721992","371795832","22.40","22.55","21.85","22.25","0.1000","7364"
"2491","吉祥全","64727","880182","13.50","13.85","13.35","13.75","0.1500","70"
"2492","華新科","1798581","192794038","108.50","108.50","106.00","107.00","0.5000","1379"
"2493","揚博","170444","14381636","83.70","85.40","83.50","85.40","1.2000","208"
"2495","普安","4491250","139574879","31.30","31.55","30.35","31.10","0.5500","2805"
"2496","卓越","24570","1802735","73.30","74.00","73.10","73.60","0.3000","113"
"2497","怡利電","1482116","93102301","64.20","64.40","61.70","62.00","-1.5000","2157"
"2498","宏達電","3362531","132980824","39.90","39.90","39.00","39.75","0.2500","1980"
"2501","國建","2113739","57829390","27.50","27.60","27.05","27.35","0.1500","1140"
"2504","國產","5784478","284396173","50.10","50.10","48.35","49.80","0.4000","3602"
"2505","國揚","193184","4927879","25.50","25.70","25.20","25.55","-0.1000","160"
"2506","太設","2984696","37274105","12.65","12.70","12.20","12.50","-0.3500","1163"
"2509","全坤建","613113","14771345","24.55","24.55","23.85","24.25","0.1500","367"
"2511","太子","1898254","21632109","11.45","11.55","11.30","11.50","0.0500","811"
"2514","龍邦","949348","22681172","24.15","24.35","23.60","23.80","0.4000","854"
"2515","中工","6788518","94893470","14.05","14.10","13.90","13.95","-0.1000","3216"
"2516","新建","1935788","23042996","12.10","12.20","11.80","11.90","-0.2500","589"
"2520","冠德","20510069","1218859955","59.20","61.10","58.40","59.20","0.6000","12495"
"2524","京城","765393","81484513","106.50","108.00","105.00","106.50","0.5000","715"
"2527","宏璟","800754","32109154","40.55","40.65","39.80","40.25","-0.2500","764"
"2528","皇普","770805","34505532","45.90","45.90","44.25","44.45","-0.5500","390"
"2530","華建","937621","45350975","47.70","49.30","47.50","49.00","1.3000","609"
"2534","宏盛","680033","17884939","26.20","26.60","26.00","26.55","0.3500","398"
"2535","達欣工","209115","11354233","54.10","54.60","54.00","54.30","0.3000","838"
"2536","宏普","535436","17988597","33.40","33.90","33.00","33.90","0.3000","220"
"2537","聯上發","5340814","120261128","22.60","22.90","22.10","22.70","0.1500","2501"
"2538","基泰","1555464","30870493","20.00","20.00","19.75","19.75","-0.2500","584"
"2539","櫻花建","760153","61677345","81.60","82.30","79.60","81.40","0.4000","917"
"2540","愛山林","3383034","630267098","199.50","199.50","181.00","188.50","-1.5000","5505"
"2542","興富發","6263404","341488049","55.00","55.10","53.80","54.40","-0.2000","3528"
"2543","皇昌","15432792","994693251","63.80","65.50","63.10","65.10","2.8000","9512"
"2545","皇翔","1703853","100694842","61.20","61.20","58.10","59.40","2.5000","1828"
"2546","根基","221643","17451347","78.80","80.20","76.80","80.10","1.3000","297"
"2547","日勝生","1402250","14875830","10.70","10.70","10.50","10.65","0.0000","548"
"2548","華固","782527","114535185","147.00","148.00","143.50","147.50","2.0000","911"
"2597","潤弘","1115199","224588835","204.00","207.00","198.00","202.00","-3.0000","1608"
"2601","益航","785401","5708900","7.36","7.38","7.21","7.21","-0.1500","405"
"2603","長榮","22260503","3968632553","182.00","182.00","176.00","178.50","-1.5000","13582"
"2605","新興","2457703","64689996","26.75","26.75","26.05","26.35","0.0500","1502"
"2606","裕民","2775050","144679607","52.70","53.00","51.70","52.00","-0.3000","1860"
"2607","榮運","2333730","73502454","31.60","31.85","31.10","31.50","0.4000","1323"
"2608","嘉里大榮","124742","4935473","39.80","39.80","39.35","39.55","-0.2500","134"
"2609","陽明","66663164","4143165568","63.50","63.80","61.20","61.80","-1.7000","37800"
"2610","華航","24199519","509708528","21.30","21.45","20.85","20.85","-0.2500","8041"
"2611","志信","634649","16223718","26.10","26.10","25.35","25.60","-0.0500","503"
"2612","中航","153802","6449864","42.35","42.35","41.80","42.00","-0.3000","176"
"2613","中櫃","342051","11536147","34.50","34.55","33.35","33.60","-0.4500","344"
"2614","東森","449359","9110523","20.15","20.45","19.90","20.40","0.3000","480"
"2615","萬海","60173371","4806617372","82.00","82.50","78.00","79.10","-3.4000","43618"
"2616","山隆","126325","2772145","22.00","22.05","21.85","21.85","-0.2000","358"
"2617","台航","436542","14171270","32.70","32.70","32.25","32.35","-0.1000","374"
"2618","長榮航","43537404","1503415502","34.45","34.95","34.15","34.45","0.0000","14587"
"2630","亞航","494282","16496136","33.50","33.70","32.90","33.45","0.1500","383"
"2633","台灣高鐵","2880585","84254481","29.40","29.45","29.20","29.20","-0.1000","1142"
"2634","漢翔","2799683","136039579","48.75","49.05","48.05","48.85","0.3000","2319"
"2636","台驊投控","531790","47637103","91.00","91.00","89.00","89.30","-1.0000","812"
"2637","慧洋-KY","2232272","149004021","67.80","67.90","66.20","66.20","-1.3000","2028"
"2642","宅配通","26871","940764","35.00","35.05","34.95","35.00","0.0500","133"
"2645","長榮航太","940158","91928381","98.30","99.30","98.10","98.80","0.7000","370"
"2701","萬企","59695","778899","13.00","13.10","13.00","13.05","0.0000","34"
"2702","華園","68177","1198420","17.55","17.70","17.45","17.50","0.1000","179"
"2704","國賓","281651","17315212","62.60","62.70","60.50","61.00","-2.1000","407"
"2705","六福","92619","1642978","17.80","17.80","17.70","17.70","-0.0500","271"
"2706","第一店","77028","1167255","15.20","15.20","15.10","15.15","0.0000","105"
"2707","晶華","82009","16773261","205.00","206.50","203.50","204.00","0.5000","179"
"2712","遠雄來","5274","146946","26.90","28.20","26.90","28.20","-0.0500","31"
"2722","夏都","50958","2128136","42.00","42.15","41.35","41.75","-0.4500","200"
"2723","美食-KY","144905","11469603","79.90","79.90","78.90","79.30","-0.1000","212"
"2727","王品","227308","47599032","210.50","211.50","208.00","209.00","-2.5000","6917"
"2731","雄獅","890112","119106362","134.00","135.00","132.00","133.50","0.0000","964"
"2739","寒舍","1029727","64814132","61.50","64.00","61.40","64.00","1.1000","990"
"2748","雲品","128802","7331438","57.00","57.30","56.50","56.90","-0.1000","192"
"2753","八方雲集","48333","7479788","154.50","155.50","154.00","154.00","0.5000","263"
"2762","世界健身-KY","71283","5617790","80.20","80.20","78.30","78.40","-2.1000","324"
"2801","彰銀","37220007","685382932","18.60","18.60","18.35","18.35","-0.2500","8013"
"2809","京城銀","1432312","76239954","53.30","53.60","52.80","53.20","0.3000","947"
"2812","台中銀","3034241","53348390","17.70","17.70","17.50","17.55","0.0500","1561"
"2816","旺旺保","250152","8517555","34.00","34.45","33.85","34.10","0.0000","215"
"2820","華票","319576","4771552","14.95","15.00","14.90","14.95","0.0000","209"
"2832","台產","306927","8680857","28.35","28.40","28.15","28.30","0.1500","212"
"2834","臺企銀","21275717","337323871","16.05","16.10","15.80","15.80","-0.2000","8143"
"2836","高雄銀","5033158","63197330","12.70","12.70","12.50","12.55","-0.1000","1184"
"2836A","高雄銀甲特","5010","104999","21.00","21.00","20.90","20.90","0.0000","6"
"2838","聯邦銀","904857","13410694","14.95","14.95","14.75","14.75","-0.1000","373"
"2838A","聯邦銀甲特","66000","3436500","51.90","52.20","51.90","52.20","0.2000","20"
"2845","遠東銀","5803161","90479580","15.65","15.65","15.45","15.65","0.0500","1733"
"2849","安泰銀","42936","637882","14.95","14.95","14.70","14.70","0.0000","41"
"2850","新產","240636","21794401","90.20","91.20","89.80","91.20","1.2000","251"
"2851","中再保","1550963","40314946","25.95","26.15","25.90","26.05","0.3000","497"
"2852","第一保","375568","8375997","22.30","22.40","22.20","22.30","0.1000","196"
"2855","統一證","1500969","40349217","27.00","27.05","26.70","26.85","-0.0500","906"
"2867","三商壽","14224618","104808168","7.42","7.44","7.31","7.44","0.0100","2822"
"2880","華南金","119898560","3036097139","25.60","25.70","24.90","25.05","0.0000","36869"
"2881","富邦金","11510671","1005526319","87.50","88.00","86.80","87.50","0.7000","6878"
"2881A","富邦特","310097","19012504","61.30","61.40","61.20","61.30","-0.1000","88"
"2881B","富邦金乙特","183331","10669380","58.30","58.30","57.80","57.90","-0.5000","64"
"2881C","富邦金丙特","188028","9599894","51.20","51.20","50.90","51.00","-0.5000","68"
"2882","國泰金","20338641","1242453734","61.10","61.50","60.60","61.30","0.3000","9041"
"2882A","國泰特","24264","1458211","60.10","60.20","60.00","60.00","-0.1000","10"
"2882B","國泰金乙特","50052","2866188","57.30","57.40","57.20","57.40","-0.2000","30"
"2883","開發金","37486023","592129488","15.80","15.95","15.65","15.80","0.1000","6579"
"2883B","開發金乙特","1726322","12559266","7.29","7.29","7.26","7.26","-0.0300","363"
"2884","玉山金","21612300","579827426","27.00","27.00","26.70","26.80","-0.2000","9281"
"2885","元大金","16507638","524050244","32.30","32.45","31.50","31.60","-0.2000","6276"
"2886","兆豐金","33933978","1311970872","39.40","39.40","38.50","38.70","-0.7000","22590"
"2887","台新金","15334484","279578621","18.25","18.30","18.10","18.30","0.1000","5044"
"2887E","台新戊特","44214","2263354","51.20","51.20","51.10","51.20","-0.1000","21"
"2887F","台新戊特二","1621","74158","","","","","0.0000","7"
"2887Z1","台新己特","167531","2713578","16.20","16.25","16.15","16.25","0.0500","24"
"2888","新光金","117735704","1255698743","10.60","10.80","10.55","10.70","0.0500","15209"
"2888A","新光金甲特","26522","811793","30.80","30.80","30.55","30.70","0.0000","19"
"2888B","新光金乙特","24337","749429","30.80","30.80","30.75","30.80","0.0000","12"
"2889","國票金","5354798","81269504","15.20","15.25","15.00","15.25","0.1000","1945"
"2890","永豐金","20104901","536701632","26.85","26.85","26.50","26.75","0.1000","7221"
"2891","中信金","71361719","2441216571","34.60","34.65","33.75","34.50","0.0000","27245"
"2891B","中信金乙特","13517","808366","59.80","59.90","59.80","59.90","0.1000","29"
"2891C","中信金丙特","2429","139664","57.50","57.60","57.50","57.60","0.1000","25"
"2892","第一金","17358416","466119361","27.20","27.20","26.75","26.80","-0.2000","6970"
"2897","王道銀行","2647454","26748006","10.15","10.15","10.05","10.10","0.0000","766"
"2897A","王道銀甲特","36000","365400","10.15","10.15","10.15","10.15","0.0000","5"
"2901","欣欣","27199","772989","28.45","28.45","28.10","28.45","0.0500","33"
"2903","遠百","3174360","89958126","28.50","28.55","28.15","28.40","-0.3000","1719"
"2904","匯僑","64602","1187371","18.35","18.40","18.35","18.40","0.0500","66"
"2905","三商","2641988","54096963","20.40","20.75","20.15","20.70","0.3500","1222"
"2906","高林","423153","8334055","19.80","19.90","19.55","19.90","0.1500","175"
"2908","特力","291671","5911132","20.35","20.35","20.15","20.35","0.0500","140"
"2910","統領","7000","189500","27.10","27.10","27.05","27.10","-0.1000","6"
"2911","麗嬰房","98300","709376","7.30","7.30","7.18","7.18","-0.1200","393"
"2912","統一超","1633611","460025149","282.00","283.00","280.00","283.00","1.5000","2244"
"2913","農林","3381620","70587626","21.20","21.25","20.60","20.80","-0.1000","1182"
"2915","潤泰全","2903407","225017527","78.10","78.20","76.90","77.80","0.6000","2376"
"2923","鼎固-KY","23425","691918","29.60","29.65","29.20","29.35","-0.2500","25"
"2929","淘帝-KY","77376","659102","8.51","8.61","8.40","8.54","-0.0700","75"
"2939","凱羿-KY","10273","266066","25.70","25.95","25.70","25.95","0.0000","275"
"2945","三商家購","9333","403568","43.25","43.40","43.20","43.40","0.8000","11"
"3002","歐格","41236","589290","14.40","14.40","14.20","14.25","-0.0500","32"
"3003","健和興","2646098","220231837","83.40","84.40","82.10","82.50","0.0000","3090"
"3004","豐達科","46229","4396641","95.00","95.70","94.50","95.40","0.1000","54"
"3005","神基","2279817","238186293","104.50","106.00","103.00","105.50","1.0000","1800"
"3006","晶豪科","1759889","139263543","80.00","80.20","78.00","79.90","0.8000","1411"
"3008","大立光","797763","2233593295","2765.00","2825.00","2765.00","2805.00","55.0000","2251"
"3010","華立","1263990","154643692","122.50","123.50","121.00","123.00","1.0000","1069"
"3011","今皓","790115","23074783","29.40","30.00","28.60","28.65","-0.3500","334"
"3013","晟銘電","50065584","5269155878","106.00","108.00","102.00","106.00","2.5000","30842"
"3014","聯陽","416098","60136547","145.50","145.50","143.50","144.50","0.0000","435"
"3015","全漢","176680","9079553","51.80","51.80","51.00","51.50","-0.3000","229"
"3016","嘉晶","303993","17388177","57.80","57.80","56.50","57.30","0.0000","426"
"3017","奇鋐","9714063","5735393060","602.00","605.00","576.00","587.00","2.0000","10404"
"3018","隆銘綠能","44112","1085386","25.00","25.00","24.30","24.50","-0.5000","116"
"3019","亞光","48655828","5121580282","99.00","108.00","99.00","108.00","9.6000","24825"
"3021","鴻名","681693","16530784","24.40","24.60","23.70","24.40","0.0000","340"
"3022","威強電","1232736","96254208","77.90","79.60","77.00","78.90","1.6000","1096"
"3023","信邦","1584684","479055876","302.00","307.50","300.00","303.50","4.5000","1268"
"3024","憶聲","6200688","132835468","21.20","21.85","20.90","21.40","0.1500","2650"
"3025","星通","657606","42051482","65.00","65.10","63.50","64.20","0.0000","911"
"3026","禾伸堂","115078","10224883","89.10","89.10","88.40","89.10","0.1000","152"
"3027","盛達","544116","18752420","34.85","35.00","34.20","34.40","-0.6500","390"
"3028","增你強","460409","15789805","34.50","34.50","34.05","34.10","0.0500","228"
"3029","零壹","486292","45613492","94.30","94.70","92.50","94.40","0.7000","1163"
"3030","德律","5103922","751267824","139.00","151.00","137.00","150.50","9.5000","4313"
"3031","佰鴻","729878","13873974","18.65","19.45","18.35","19.20","0.5500","484"
"3032","偉訓","1541322","96317337","62.70","64.60","61.60","62.20","-0.1000","1001"
"3033","威健","1431103","46049927","32.10","32.40","31.75","32.40","0.3500","940"
"3034","聯詠","3242041","1705309144","521.00","531.00","521.00","525.00","0.0000","3978"
"3035","智原","5942906","1675531658","283.50","286.00","275.00","285.00","4.0000","9245"
"3036","文曄","6716455","735771702","108.00","111.00","106.50","110.00","3.5000","4546"
"3036A","文曄甲特","98048","4626715","47.25","47.25","47.15","47.15","-0.1000","32"
"3037","欣興","19613827","3116251548","160.50","162.50","157.00","157.50","-0.5000","17277"
"3038","全台","247453","6574980","26.75","26.75","26.35","26.60","-0.1500","191"
"3040","遠見","119354","4313823","35.50","36.95","35.50","36.05","0.1000","213"
"3041","揚智","396240","7702628","19.45","19.65","19.20","19.50","0.0000","495"
"3042","晶技","2162768","239491020","111.00","111.50","109.50","111.00","1.0000","1860"
"3043","科風","110714","3486689","31.70","31.90","31.20","31.90","0.4500","122"
"3044","健鼎","3876712","751043889","196.50","196.50","192.50","193.50","-1.0000","4592"
"3045","台灣大","5775402","616942356","107.50","107.50","106.00","107.50","0.0000","2712"
"3046","建碁","1257438","80189832","63.60","64.70","62.40","64.70","1.9000","1313"
"3047","訊舟","24468235","956327387","38.35","39.70","37.40","39.35","1.4000","13033"
"3048","益登","9867106","454783445","46.80","46.85","45.20","46.25","0.4000","6227"
"3049","精金","1436072","12200382","8.50","8.54","8.44","8.50","0.0900","540"
"3050","鈺德","1428467","30811641","21.90","22.05","21.30","21.45","-0.6000","908"
"3051","力特","503720","14605309","29.30","29.30","28.70","28.95","-0.4500","389"
"3052","夆典","329555","4350924","13.30","13.30","13.15","13.20","-0.0500","194"
"3054","立萬利","11454","226680","19.80","20.00","19.60","20.00","0.0000","14"
"3055","蔚華科","691119","48968014","72.20","73.10","69.50","70.40","1.1000","763"
"3056","富華新","1321730","47010021","35.80","35.80","35.40","35.70","-0.1000","833"
"3057","喬鼎","146114","1829340","12.60","12.65","12.40","12.50","0.1000","136"
"3058","立德","426420","6890269","16.25","16.40","16.05","16.05","-0.2000","303"
"3059","華晶科","1922734","67295243","35.00","35.30","34.30","35.10","0.3500","1127"
"3060","銘異","4970032","138984808","27.50","28.60","26.70","28.15","1.2500","2774"
"3062","建漢","45437148","1384360336","29.80","31.90","29.10","30.75","1.7500","22224"
"3090","日電貿","561840","34927142","62.80","62.80","61.50","62.40","-0.1000","415"
"3092","鴻碩","145979","4092362","28.50","28.50","27.80","27.80","-0.7000","132"
"3094","聯傑","368810","11191746","30.45","30.60","30.15","30.45","0.0500","269"
"3130","一零四","19891","4616362","232.00","233.00","231.00","232.00","0.0000","93"
"3138","耀登","106652","11463969","109.50","109.50","107.00","107.50","-1.0000","123"
"3149","正達","703844","15403815","22.20","22.25","21.65","21.85","-0.3000","668"
"3150","鈺寶-創","17100","677630","39.50","40.75","39.40","40.75","0.7000","17"
"3164","景岳","23214","524235","22.65","22.70","22.40","22.45","-0.2000","118"
"3167","大量","11843564","961632393","82.70","83.50","78.40","81.10","1.0000","8448"
"3168","眾福科","19000","1051500","55.10","55.90","55.10","55.30","0.0000","13"
"3189","景碩","7301142","779396299","107.00","108.00","105.50","107.00","0.0000","5269"
"3209","全科","428590","14524604","33.95","34.15","33.40","34.00","0.6000","384"
"3229","晟鈦","128413","3210614","25.80","25.80","24.35","25.00","0.0000","104"
"3231","緯創","41726424","4257305131","103.50","104.00","100.50","102.00","-0.5000","23624"
"3257","虹冠電","65556","3275972","50.10","50.20","49.80","49.80","-0.4000","178"
"3266","昇陽","104213","2180429","21.15","21.15","20.70","21.00","-0.0500","82"
"3296","勝德","622692","14583467","24.15","24.15","23.00","23.20","-0.7500","430"
"3305","昇貿","681319","44171793","65.70","65.70","64.30","64.80","-0.3000","894"
"3308","聯德","117907","2890635","24.75","24.80","24.30","24.65","-0.1000","371"
"3311","閎暉","38613","1365435","35.25","35.45","35.25","35.25","0.0500","293"
"3312","弘憶股","4412747","346466406","78.60","79.20","76.60","78.90","1.1000","3261"
"3321","同泰","185166","3588580","19.30","19.65","19.05","19.35","0.0500","145"
"3338","泰碩","1155776","87743538","76.00","76.80","74.60","76.10","0.6000","1238"
"3346","麗清","449856","16732617","37.35","37.60","36.30","37.45","0.6500","339"
"3356","奇偶","1123098","71411059","63.10","64.00","62.90","63.90","1.5000","1171"
"3376","新日興","7552117","1607027621","211.00","217.00","204.00","217.00","8.0000","6453"
"3380","明泰","505630","15497446","30.80","31.00","30.20","30.70","-0.1000","521"
"3406","玉晶光","2690709","1407610749","509.00","532.00","508.00","532.00","24.0000","3230"
"3413","京鼎","4669403","1546652953","317.00","342.00","314.00","342.00","31.0000","5613"
"3416","融程電","164322","21507746","129.50","131.50","129.50","131.00","1.5000","153"
"3419","譁裕","182531","3050270","16.80","16.95","16.60","16.75","-0.0500","174"
"3432","台端","45060","1064876","23.55","23.95","23.35","23.50","-0.0500","43"
"3437","榮創","346767","8165162","23.70","23.90","23.30","23.45","-0.1500","321"
"3443","創意","2071484","2190712980","1070.00","1075.00","1040.00","1050.00","-10.0000","3787"
"3447","展達","32078","1007026","31.45","31.90","31.00","31.00","-0.4500","33"
"3450","聯鈞","27177237","3559103726","132.00","134.00","125.00","132.50","5.5000","17186"
"3454","晶睿","195014","21081331","112.50","112.50","107.00","108.00","-2.0000","469"
"3481","群創","62086907","917663563","15.00","15.00","14.70","14.70","-0.1000","17115"
"3494","誠研","119117","835273","7.08","7.08","6.97","7.08","0.0000","62"
"3501","維熹","1091168","78104168","73.00","73.30","70.60","71.90","-2.6000","2183"
"3504","揚明光","314160","16828730","53.00","54.00","52.10","53.80","0.9000","311"
"3515","華擎","324410","62150604","192.00","194.00","189.00","192.50","1.0000","444"
"3518","柏騰","7468004","286025302","39.20","39.90","37.20","38.45","0.3500","4563"
"3528","安馳","132285","6662214","51.30","51.30","49.80","50.00","0.0000","112"
"3530","晶相光","91685","7901157","85.90","86.80","84.40","86.40","0.6000","129"
"3532","台勝科","180396","25502544","141.50","142.50","140.50","141.50","1.0000","211"
"3533","嘉澤","1052536","1588021410","1490.00","1540.00","1480.00","1505.00","15.0000","1234"
"3535","晶彩科","16511915","1098760825","66.30","69.10","63.50","67.40","-0.7000","10763"
"3543","州巧","59009","1222747","20.65","20.85","20.60","20.80","0.0000","48"
"3545","敦泰","681218","53696678","79.50","79.50","77.90","79.10","0.1000","811"
"3550","聯穎","391364","5885977","15.10","15.30","14.85","14.85","-0.2500","114"
"3557","嘉威","148145","10933498","73.50","74.30","73.20","73.50","0.0000","202"
"3563","牧德","313782","100606879","319.00","325.00","313.50","324.50","3.5000","947"
"3576","聯合再生","4366483","48919486","11.40","11.40","11.10","11.10","-0.2000","1672"
"3583","辛耘","4169385","1745399786","423.50","428.00","410.00","423.50","9.0000","5462"
"3588","通嘉","178673","12519582","70.50","70.60","68.90","70.10","0.1000","248"
"3591","艾笛森","418879","10420783","25.15","25.50","24.70","24.75","-0.1500","308"
"3592","瑞鼎","393094","137450945","345.50","354.50","345.50","348.00","4.0000","561"
"3593","力銘","535738","8300742","15.45","16.20","14.80","15.50","0.5000","348"
"3596","智易","656964","93573150","144.00","144.00","141.00","143.00","-0.5000","753"
"3605","宏致","1957238","92657855","46.30","48.20","45.80","47.40","1.5000","1301"
"3607","谷崧","488626","9060311","18.50","18.70","18.25","18.60","0.1000","296"
"3617","碩天","1110558","299030223","268.00","273.50","263.50","272.50","7.0000","1199"
"3622","洋華","682670","40335311","59.60","59.70","58.50","59.30","-0.2000","560"
"3645","達邁","882742","37370125","42.95","42.95","42.00","42.20","-0.2000","743"
"3652","精聯","567326","24976696","45.10","45.10","43.05","44.00","-0.4000","465"
"3653","健策","815300","902996205","1085.00","1125.00","1085.00","1120.00","45.0000","1224"
"3661","世芯-KY","2592645","6059690680","2290.00","2400.00","2230.00","2385.00","130.0000","6304"
"3665","貿聯-KY","1625372","628866679","388.00","390.50","381.00","388.50","2.5000","1947"
"3669","圓展","148758","6753078","45.20","45.95","44.45","45.90","1.1000","123"
"3673","TPK-KY","2807702","107012381","38.55","38.60","37.70","38.10","-0.2500","1938"
"3679","新至陞","91945","12197982","132.50","134.00","131.00","134.00","1.5000","106"
"3686","達能","1072420","28588230","27.00","27.15","26.10","26.65","-0.3000","790"
"3694","海華","257441","10304761","40.25","40.45","39.70","39.95","-0.2000","223"
"3701","大眾控","156382","6321888","41.65","41.65","40.10","40.30","-0.3000","174"
"3702","大聯大","3409701","292905253","86.60","86.60","85.10","85.80","-0.5000","2973"
"3702A","大聯大甲特","232068","11057926","47.60","47.70","47.60","47.70","0.1000","45"
"3703","欣陸","1046574","35035343","33.50","33.75","33.25","33.55","0.3500","842"
"3704","合勤控","766601","25986554","33.85","34.20","33.25","34.20","0.5000","760"
"3705","永信","1026398","56884435","55.50","56.40","54.50","56.40","1.7000","885"
"3706","神達","10913805","473637440","44.30","44.75","42.85","43.25","0.2500","7022"
"3708","上緯投控","1588954","180908432","117.00","117.00","112.00","114.00","-0.5000","1463"
"3711","日月光投控","13211632","1978598507","148.50","151.50","147.00","149.00","0.5000","8674"
"3712","永崴投控","3386227","180695497","53.80","54.30","51.60","54.00","1.3000","2386"
"3714","富采","1235021","47948650","39.00","39.05","38.60","38.90","0.1500","902"
"3715","定穎投控","8636670","512236768","59.80","60.60","58.50","59.70","0.5000","6361"
"4104","佳醫","105530","9474844","90.00","90.00","89.50","89.90","0.4000","693"
"4106","雃博","139335","3568405","25.70","25.75","25.50","25.70","0.0000","368"
"4108","懷特","159913","2914025","18.15","18.40","18.15","18.40","0.1000","266"
"4119","旭富","128166","11491088","89.40","90.10","89.40","89.50","-0.4000","208"
"4133","亞諾法","50787","1542721","30.45","30.50","30.30","30.30","-0.2500","150"
"4137","麗豐-KY","414325","61478755","148.00","150.50","146.50","148.00","2.0000","335"
"4142","國光生","1377560","38980799","27.95","28.60","27.55","28.40","0.7000","875"
"4148","全宇生技-KY","44018","2033785","46.00","47.30","45.90","46.00","-0.8000","41"
"4155","訊映","380256","9126732","23.90","24.20","23.80","24.10","0.1500","284"
"4164","承業醫","332619","14481226","43.70","43.85","43.10","43.60","0.0500","299"
"4190","佐登-KY","40066","1940308","48.70","48.70","48.20","48.25","0.3000","430"
"4306","炎洲","2954811","59387149","20.10","20.30","20.00","20.05","-0.1500","1517"
"4414","如興","616031","2151146","3.50","3.59","3.46","3.51","0.0400","111"
"4426","利勤","168546","2398223","14.40","14.50","14.10","14.25","-0.1500","182"
"4438","廣越","19460","2137076","109.50","110.00","109.50","109.50","0.0000","24"
"4439","冠星-KY","8281","824000","100.00","100.00","99.00","99.30","-0.7000","57"
"4440","宜新實業","238024","6225168","26.20","26.40","25.65","26.30","0.5000","138"
"4526","東台","8854323","241504664","26.45","27.90","25.50","27.65","1.5000","4942"
"4532","瑞智","1660897","43020768","26.05","26.20","25.70","25.80","-0.2000","1093"
"4536","拓凱","120321","23120287","191.00","193.00","191.00","192.50","2.0000","138"
"4540","全球傳動","15810839","726367678","44.95","47.80","43.90","45.20","0.0000","10093"
"4545","銘鈺","663420","35049597","53.10","53.60","51.40","52.60","-0.2000","515"
"4551","智伸科","1252874","138277364","107.50","111.00","106.50","111.00","10.0000","893"
"4552","力達-KY","89227","2234804","25.10","25.25","24.95","25.00","0.0000","121"
"4555","氣立","1364364","51565477","38.50","38.60","37.20","37.75","0.6000","888"
"4557","永新-KY","13063","1391307","106.50","106.50","106.50","106.50","-1.0000","32"
"4560","強信-KY","154284","5260882","34.10","34.25","33.90","34.10","-0.1500","126"
"4562","穎漢","27355669","2054066115","71.80","77.50","69.20","77.50","7.0000","14603"
"4564","元翎","2490088","65498450","26.35","26.85","25.60","26.30","0.0500","1705"
"4566","時碩工業","25269914","2316757950","92.60","95.10","89.10","91.50","-0.7000","16652"
"4569","六方科-KY","7047","693014","98.00","99.30","97.80","98.20","0.9000","15"
"4571","鈞興-KY","520054","63280276","119.00","125.00","117.00","121.00","4.5000","449"
"4572","駐龍","113483","17856001","159.50","159.50","155.50","157.50","0.5000","167"
"4576","大銀微系統","7657375","677184327","83.00","91.00","81.70","91.00","8.2000","5699"
"4581","光隆精密-KY","43242","2178535","50.50","51.40","49.80","50.50","0.0000","38"
"4583","台灣精銳","1511938","581564159","388.00","396.00","371.50","385.50","4.5000","1773"
"4588","玖鼎電力","88255","8149480","93.10","93.10","91.00","92.80","-0.9000","119"
"4720","德淵","3580751","74320235","21.90","21.90","20.50","20.80","-1.9500","1758"
"4722","國精化","209547","8983916","43.80","43.80","42.60","42.60","-1.2000","395"
"4736","泰博","64339","10363217","162.00","162.00","160.00","161.50","1.0000","190"
"4737","華廣","14012","906871","65.00","65.00","64.50","65.00","0.0000","18"
"4739","康普","112548","6488996","58.10","58.10","57.30","57.90","-0.2000","402"
"4746","台耀","683194","64738521","95.00","95.50","93.80","94.30","0.0000","638"
"4755","三福化","126165","14873713","118.00","119.00","117.00","118.00","0.0000","152"
"4763","材料-KY","789961","637705003","818.00","818.00","801.00","803.00","-5.0000","1954"
"4764","雙鍵","18636","780388","40.10","42.50","40.10","42.50","1.0000","28"
"4766","南寶","584249","174135336","296.00","301.50","294.50","299.50","6.0000","626"
"4770","上品","108757","40277903","373.50","378.50","366.50","370.50","-2.5000","268"
"4771","望隼","57252","13145136","232.50","233.00","227.00","228.00","-4.0000","97"
"4807","日成-KY","208942","3928348","18.05","19.00","17.95","19.00","1.7000","131"
"4904","遠傳","6416079","563018839","87.70","88.30","87.00","88.10","0.3000","5729"
"4906","正文","5025458","190112761","38.40","38.50","37.20","38.25","0.3500","2789"
"4912","聯德控股-KY","144597","14540085","102.00","102.00","99.90","100.50","-1.0000","177"
"4915","致伸","1287069","109531010","85.00","85.80","84.70","84.80","-0.2000","811"
"4916","事欣科","380218","10450463","27.75","27.85","27.15","27.55","-0.1500","308"
"4919","新唐","2671579","224222236","83.80","85.00","83.10","83.20","-0.6000","2043"
"4927","泰鼎-KY","1426773","76890496","54.40","54.60","52.80","53.80","0.0000","899"
"4930","燦星網","85321","2755256","32.05","32.50","32.05","32.35","0.2000","145"
"4934","太極","221006","4186973","19.35","19.35","18.80","18.95","-0.1000","181"
"4935","茂林-KY","69465","4174832","60.20","60.90","59.60","59.60","-0.5000","53"
"4938","和碩","4415335","452301330","103.00","104.00","101.50","102.50","0.5000","3047"
"4942","嘉彰","157417","6573933","41.90","42.00","41.60","41.75","-0.1000","111"
"4943","康控-KY","23653","472926","20.05","20.25","19.95","19.95","0.0000","18"
"4949","有成精密","107245","2561687","24.40","24.50","23.70","23.75","-0.2500","89"
"4952","凌通","369099","20159406","55.40","55.60","53.80","54.70","0.0000","279"
"4956","光鋐","786919","19998940","25.70","25.95","25.10","25.20","-0.5500","549"
"4958","臻鼎-KY","8822937","1127590531","129.50","130.50","126.00","127.50","-1.5000","5133"
"4960","誠美材","1443008","20779100","14.40","14.55","14.20","14.50","0.0000","683"
"4961","天鈺","897082","223565740","254.50","257.00","246.50","249.50","-3.5000","8896"
"4967","十銓","3730238","456017980","121.00","124.50","119.00","124.00","3.0000","2846"
"4968","立積","3235533","565384861","173.50","178.00","170.50","174.50","3.0000","3036"
"4976","佳凌","1129927","50952405","45.50","45.65","43.80","45.45","1.0000","914"
"4977","眾達-KY","423453","28388967","67.50","67.60","66.20","67.30","0.0000","480"
"4989","榮科","150344","3000017","20.30","20.30","19.80","19.90","-0.3500","213"
"4994","傳奇","76995","8393656","110.50","110.50","107.50","109.00","0.0000","136"
"4999","鑫禾","108334","3661867","33.85","34.15","33.70","33.90","-0.4000","125"
"5007","三星","49228","2787144","56.70","56.80","56.50","56.80","0.0000","71"
"5203","訊連","126719","11783867","93.20","93.70","92.50","93.20","-0.8000","126"
"5215","科嘉-KY","74319","3232262","43.75","43.90","43.25","43.25","-0.5000","83"
"5222","全訊","353538","55720435","155.00","159.50","155.00","159.00","4.0000","522"
"5225","東科-KY","691657","82824161","120.00","121.50","118.00","121.50","1.5000","623"
"5234","達興材料","541777","75060210","139.50","140.50","136.50","138.50","0.0000","618"
"5243","乙盛-KY","1322151","72777225","55.00","55.80","54.20","55.70","0.8000","1110"
"5244","弘凱","39001","1582740","40.50","40.85","40.20","40.55","0.0500","31"
"5258","虹堡","706002","85496198","120.00","122.50","120.00","121.50","2.0000","461"
"5269","祥碩","602919","919636340","1560.00","1560.00","1510.00","1525.00","-15.0000","1303"
"5283","禾聯碩","179145","18950181","105.00","106.50","104.50","106.50","2.0000","184"
"5284","jpp-KY","100178","10705431","108.00","108.00","105.50","108.00","0.0000","98"
"5285","界霖","95586","6228123","65.20","65.70","64.50","65.00","-0.1000","194"
"5288","豐祥-KY","29832","6335682","214.00","214.00","211.50","211.50","-1.5000","44"
"5292","華懋","124019","18726116","153.00","153.00","148.00","151.50","-2.5000","162"
"5306","桂盟","144100","20718668","144.50","144.50","143.00","144.00","-1.0000","305"
"5388","中磊","848605","91702549","109.50","109.50","107.00","108.50","-0.5000","909"
"5434","崇越","298619","79226526","263.50","267.50","263.00","267.00","4.0000","1102"
"5469","瀚宇博","1187064","57934257","49.20","49.20","48.60","48.80","-0.2000","1023"
"5471","松翰","196896","8696709","44.45","44.50","43.75","44.05","0.0000","192"
"5484","慧友","1270808","86241716","65.00","71.20","65.00","68.80","-1.3000","1293"
"5515","建國","686696","15610767","22.70","22.95","22.40","22.85","0.0500","518"
"5519","隆大","3342318","161131466","48.75","49.10","47.40","48.35","0.1000","2374"
"5521","工信","1556066","17746500","11.50","11.50","11.30","11.45","-0.0500","596"
"5522","遠雄","751278","57842656","77.00","77.90","76.50","77.20","0.3000","711"
"5525","順天","214629","8286356","38.80","39.00","38.25","38.65","-0.2000","155"
"5531","鄉林","1015620","10229809","10.25","10.25","10.00","10.05","-0.1000","425"
"5533","皇鼎","426775","9301541","22.20","22.25","21.60","21.75","-0.4500","238"
"5534","長虹","1245145","158682182","129.50","130.50","125.50","126.50","-1.0000","1080"
"5538","東明-KY","57125","1795461","31.70","31.70","31.15","31.25","0.8500","209"
"5546","永固-KY","30110","888073","29.30","29.95","29.10","29.50","-0.1500","23"
"5607","遠雄港","570202","27931531","49.40","49.40","48.60","49.05","-0.2500","711"
"5608","四維航","1602180","28633385","18.25","18.25","17.70","17.70","-0.3500","1030"
"5706","鳳凰","270030","16196404","60.50","60.50","59.50","60.00","0.0000","803"
"5871","中租-KY","2335393","344126753","148.00","149.00","146.50","147.50","0.0000","2477"
"5871A","中租-KY甲特","11414","1067813","93.50","93.60","93.50","93.60","0.1000","17"
"5876","上海商銀","3728546","151140946","40.25","40.65","40.25","40.60","0.2500","1636"
"5880","合庫金","22603902","599574258","26.85","26.85","26.40","26.45","-0.3000","8038"
"5906","台南-KY","920","60613","","","","","0.0000","25"
"5907","大洋-KY","102000","852270","8.35","8.41","8.33","8.33","-0.0200","60"
"6005","群益證","2577640","55221627","21.75","21.75","21.30","21.35","-0.3000","1501"
"6024","群益期","149478","8334485","55.80","56.10","55.50","56.00","0.2000","381"
"6108","競國","626360","12746409","20.35","20.35","20.35","20.35","1.8500","310"
"6112","邁達特","448219","20526153","46.30","46.45","45.35","45.95","-0.3000","565"
"6115","鎰勝","112183","5903356","52.70","52.90","52.30","52.30","-0.4000","117"
"6116","彩晶","5155753","44580209","8.66","8.70","8.56","8.64","0.0200","2152"
"6117","迎廣","1614703","167061769","104.50","105.50","101.00","103.00","0.0000","1527"
"6120","達運","1507010","21158737","14.20","14.20","13.90","14.05","-0.0500","619"
"6128","上福","222883","8119478","36.05","36.70","36.05","36.40","0.3000","121"
"6133","金橋","691000","12706940","18.50","18.65","18.05","18.45","0.1000","371"
"6136","富爾特","117374","2525963","21.60","21.65","21.40","21.55","-0.0500","86"
"6139","亞翔","2196650","501610822","230.00","231.50","225.50","230.50","2.0000","3544"
"6141","柏承","113102","1655785","14.55","14.85","14.40","14.75","0.2000","74"
"6142","友勁","327977","3243422","9.92","9.98","9.86","9.86","-0.0600","178"
"6152","百一","1567334","22899115","14.85","15.00","14.20","14.85","0.3000","749"
"6153","嘉聯益","874917","18458195","21.35","21.40","20.80","21.05","-0.0500","615"
"6155","鈞寶","224840","5880473","26.05","26.45","25.95","26.10","-0.2500","153"
"6164","華興","751666","10745535","14.30","14.40","14.10","14.30","0.0000","261"
"6165","浪凡","944085","36759573","38.00","39.55","37.85","39.00","1.2000","719"
"6166","凌華","626906","43628588","70.00","70.90","68.20","70.20","1.3000","652"
"6168","宏齊","505288","10854580","21.30","21.65","21.15","21.40","0.1000","145"
"6176","瑞儀","1601789","295295684","185.00","186.00","183.00","185.00","-1.0000","1204"
"6177","達麗","3272119","194020451","58.60","60.30","57.70","59.70","1.5000","2349"
"6183","關貿","7305","539201","73.90","73.90","73.70","73.70","0.3000","19"
"6184","大豐電","34053","1791833","52.60","52.80","52.50","52.60","-0.1000","60"
"6189","豐藝","1264339","109941527","87.10","87.70","86.00","87.60","1.3000","1035"
"6191","精成科","1423420","89253921","63.30","63.30","62.20","62.40","-0.3000","1377"
"6192","巨路","100832","11647408","117.50","117.50","114.00","114.50","-0.5000","308"
"6196","帆宣","299266","43031214","145.00","146.00","142.50","144.00","-1.0000","369"
"6197","佳必琪","6401458","1099212187","170.00","175.00","169.00","169.00","4.0000","5980"
"6201","亞弘電","35720","2118582","60.50","60.50","58.50","59.40","0.9000","127"
"6202","盛群","453272","22221975","49.50","49.50","48.65","49.00","0.2000","467"
"6205","詮欣","207199","14536643","69.90","70.90","69.40","69.80","-0.3000","133"
"6206","飛捷","260482","22726062","88.30","88.30","86.60","87.10","-0.5000","349"
"6209","今國光","602542","15158933","25.50","25.50","24.85","25.15","-0.0500","334"
"6213","聯茂","5648785","431599342","77.40","77.70","75.50","75.90","-0.7000","5230"
"6214","精誠","338887","39349649","117.00","117.50","115.00","117.00","0.0000","420"
"6215","和椿","23498976","1546796748","64.90","68.40","62.60","68.30","4.4000","15901"
"6216","居易","605575","26273698","43.70","43.80","43.15","43.25","-0.2500","431"
"6224","聚鼎","2231583","137176923","57.20","62.50","57.00","62.50","5.6000","1508"
"6225","天瀚","2852","46718","16.15","16.15","16.15","16.15","-0.0500","8"
"6226","光鼎","111218","1079213","9.75","9.79","9.63","9.70","-0.0500","86"
"6230","尼得科超眾","133837","30897144","235.00","235.00","228.00","232.00","-1.0000","216"
"6235","華孚","1074973","76703991","72.50","72.80","70.80","71.00","-1.1000","1135"
"6239","力成","5471414","777613297","141.50","144.00","141.00","141.50","-0.5000","4277"
"6243","迅杰","185392","9076189","49.00","49.30","48.25","48.90","0.0000","219"
"6257","矽格","1684987","120668992","72.50","72.50","71.30","71.80","-0.3000","1737"
"6269","台郡","7934879","627503230","79.60","80.00","78.40","79.50","-6.7000","8405"
"6271","同欣電","1032920","138714204","133.00","136.00","131.50","136.00","3.5000","936"
"6277","宏正","42251","3313113","78.70","78.70","78.20","78.20","-0.4000","67"
"6278","台表科","4321862","505629900","118.50","120.00","115.50","117.00","0.0000","3919"
"6281","全國電","37197","3103231","83.60","83.60","83.30","83.40","0.0000","67"
"6282","康舒","2708580","94750546","35.30","35.30","34.65","34.85","-0.4500","2600"
"6283","淳安","154589","4087223","26.50","26.65","26.20","26.65","0.1500","131"
"6285","啟碁","6096432","730737824","122.50","123.00","118.00","120.00","-2.0000","4874"
"6288","聯嘉","735402","18370043","25.25","25.25","24.70","25.00","-0.2500","498"
"6405","悅城","64043","1477947","22.90","23.20","22.90","22.95","-0.0500","32"
"6409","旭隼","112747","208989670","1800.00","1870.00","1800.00","1870.00","60.0000","268"
"6412","群電","879486","112795700","129.50","130.50","127.00","128.50","-0.5000","501"
"6414","樺漢","889246","262390375","294.00","299.50","289.00","299.50","6.5000","1042"
"6415","矽力*-KY","4231864","1815315073","431.00","438.50","419.50","423.00","9.0000","4246"
"6416","瑞祺電通","395054","44555705","114.00","114.50","111.50","112.00","-3.0000","358"
"6423","億而得-創","27421","2522777","92.50","92.90","91.50","91.50","-1.7000","34"
"6426","統新","75941","4226686","55.70","56.10","55.00","55.80","-0.1000","103"
"6431","光麗-KY","96002","1536930","16.05","16.30","15.80","16.10","0.1000","64"
"6438","迅得","630801","67279036","106.00","107.50","105.50","106.50","-0.5000","526"
"6442","光聖","6910906","2554408422","380.50","389.00","356.00","367.00","-9.5000","7078"
"6443","元晶","3533759","84870166","24.45","24.45","23.75","23.85","-0.3500","1953"
"6446","藥華藥","4249412","3066538500","712.00","730.00","712.00","730.00","22.0000","5977"
"6449","鈺邦","1264770","185537492","147.00","150.00","144.00","146.50","2.0000","1148"
"6451","訊芯-KY","7917611","1548192848","188.00","202.50","187.00","202.50","18.0000","6280"
"6456","GIS-KY","641299","36751076","57.80","57.80","56.70","57.60","-0.1000","487"
"6464","台數科","31145","2506469","80.60","80.80","80.00","80.80","0.4000","36"
"6472","保瑞","850620","659515242","779.00","784.00","769.00","772.00","-2.0000","1712"
"6477","安集","487440","16191658","33.80","33.80","32.70","33.25","-0.3500","436"
"6491","晶碩","314677","133444118","425.00","430.00","417.00","429.00","7.5000","457"
"6504","南六","108695","7577965","70.30","71.00","68.90","69.90","-0.4000","146"
"6505","台塑化","10925913","670706030","63.00","63.00","61.00","61.20","-1.9000","7330"
"6515","穎崴","443296","442088641","995.00","1010.00","985.00","1000.00","17.0000","1172"
"6525","捷敏-KY","60134","3846190","63.30","64.50","63.30","64.00","0.0000","59"
"6526","達發","439154","256101330","585.00","591.00","573.00","587.00","7.0000","813"
"6531","愛普*","1534799","447914679","292.50","295.00","286.50","291.50","2.0000","1724"
"6533","晶心科","462227","156971175","338.50","345.50","334.00","344.00","5.5000","619"
"6534","正瀚-創","38000","2946600","76.80","78.90","76.00","77.80","1.0000","31"
"6541","泰福-KY","181321","9257821","51.80","51.80","50.50","51.40","0.2000","101"
"6550","北極星藥業-KY","481937","27815730","59.00","59.00","57.20","57.80","-0.1000","481"
"6552","易華電","383702","17935419","46.25","47.60","45.80","46.85","1.0500","383"
"6558","興能高","77274","1675535","21.65","21.90","21.50","21.70","-0.2500","71"
"6573","虹揚-KY","111258","1579296","14.40","14.40","14.05","14.20","-0.2500","56"
"6579","研揚","190749","30406140","158.50","160.50","157.50","160.00","1.5000","210"
"6581","鋼聯","16156","1678724","104.00","104.00","103.50","104.00","0.5000","19"
"6582","申豐","288321","18013031","64.10","64.10","61.50","62.90","0.0000","341"
"6585","鼎基","588323","105050278","184.00","184.00","176.00","177.50","-3.0000","2680"
"6591","動力-KY","111554","5228587","47.05","47.30","46.65","46.65","-0.6000","142"
"6592","和潤企業","455491","44816706","99.00","99.00","98.10","98.50","-0.3000","693"
"6592A","和潤企業甲特","3077","289730","94.00","94.50","94.00","94.00","0.0000","4"
"6592B","和潤企業乙特","6247","590439","94.50","94.60","94.50","94.50","0.0000","16"
"6598","ABC-KY","401337","8925699","22.20","22.70","21.90","22.30","0.2500","307"
"6605","帝寶","322484","77388712","241.50","241.50","238.00","240.00","2.5000","426"
"6606","建德工業","34363","911401","26.60","26.60","26.40","26.45","-0.0500","41"
"6625","必應","142578","10897516","76.80","77.00","75.70","76.90","0.1000","175"
"6641","基士德-KY","20520","848604","41.30","41.80","41.00","41.65","0.7000","20"
"6645","金萬林-創","97032","2976976","31.00","31.00","30.45","30.45","-1.1000","65"
"6655","科定","10028","1356270","135.50","135.50","134.50","135.50","0.0000","15"
"6657","華安","36024","1880248","53.50","53.50","51.60","52.20","-0.4000","37"
"6658","聯策","3330296","239003659","67.80","74.20","66.80","74.20","6.7000","2800"
"6666","羅麗芬-KY","36082","2120278","58.50","59.50","58.10","58.50","-1.5000","30"
"6668","中揚光","244270","12130100","49.85","50.00","49.10","49.55","-0.3000","259"
"6669","緯穎","1324295","2588988475","1990.00","1990.00","1930.00","1950.00","-15.0000","3266"
"6670","復盛應用","153582","43337621","282.50","284.00","280.00","283.00","1.0000","580"
"6671","三能-KY","13000","561000","43.30","43.30","43.10","43.25","-0.1500","9"
"6672","騰輝電子-KY","495247","34526540","68.80","70.90","68.50","69.30","2.7000","465"
"6674","鋐寶科技","32000","775250","24.00","25.05","24.00","24.75","0.1000","24"
"6689","伊雲谷","760306","74727297","98.30","99.40","97.10","98.20","-3.8000","858"
"6691","洋基工程","224993","68216272","305.00","305.50","300.00","304.00","1.0000","354"
"6695","芯鼎","918941","55125179","60.00","60.70","58.70","59.90","0.0000","775"
"6698","旭暉應材","421224","15317510","36.80","37.10","35.70","36.35","-0.2000","546"
"6706","惠特","2454999","283415826","117.50","118.00","113.00","115.50","0.0000","1661"
"6715","嘉基","57560","9099064","160.00","160.00","156.00","158.50","1.0000","66"
"6719","力智","379910","87038167","230.00","231.50","226.00","229.50","1.0000","439"
"6742","澤米","144502","7987782","55.10","55.90","54.30","55.70","0.7000","160"
"6743","安普新","914698","55047847","62.00","62.60","59.10","60.10","-0.5000","704"
"6753","龍德造船","3043197","383612041","121.00","130.50","118.50","130.50","11.5000","2450"
"6754","匯僑設計","1576773","128026755","80.90","85.70","75.60","85.10","6.4000","1586"
"6756","威鋒電子","86732","13625928","157.00","159.00","154.50","157.50","0.5000","129"
"6757","台灣虎航-創","2559517","131213820","51.50","52.80","50.50","50.90","0.2000","768"
"6768","志強-KY","315320","28322156","90.00","91.00","88.40","89.90","-0.1000","420"
"6770","力積電","9013345","196759438","22.20","22.20","21.65","21.85","-0.1500","4197"
"6771","平和環保-創","8000","533000","66.70","66.70","66.60","66.60","-0.1000","4"
"6776","展碁國際","57331","3209910","55.70","56.40","55.60","55.70","-0.2000","207"
"6781","AES-KY","178616","85381516","491.00","491.00","473.00","474.00","-8.5000","464"
"6782","視陽","320306","70646729","219.50","223.00","218.00","221.50","2.0000","975"
"6789","采鈺","825361","239513015","294.50","294.50","286.50","290.00","-0.5000","1464"
"6790","永豐實","906496","45297845","50.70","50.70","49.25","49.60","-2.1000","804"
"6792","詠業","34274","2302264","66.90","67.50","66.80","67.50","0.7000","68"
"6794","向榮生技-創","4000","320200","81.00","81.00","79.30","80.60","-0.8000","4"
"6796","晉弘","33510","2873180","85.50","86.50","85.10","85.10","-0.1000","33"
"6799","來頡","126725","14572616","117.00","117.00","114.00","115.00","-1.0000","170"
"6805","富世達","2818246","2075438403","720.00","751.00","714.00","743.00","36.0000","3503"
"6806","森崴能源","5458958","723726064","137.00","137.00","128.50","134.00","-2.0000","4944"
"6807","峰源-KY","466539","33170900","71.10","71.10","71.10","71.10","6.4000","280"
"6830","汎銓","188166","24204590","130.00","130.00","127.50","129.00","-0.5000","159"
"6834","天二科技","303389","11515459","38.30","38.50","37.50","38.10","0.0500","246"
"6835","圓裕","184336","8712916","47.70","48.00","46.50","47.60","0.3000","127"
"6838","台新藥","5850197","240610301","39.05","44.05","38.75","41.95","0.0000","3587"
"6854","錼創科技-KY創","37000","2624400","72.00","72.00","70.10","70.20","-1.8000","22"
"6861","睿生光電","59161","3866682","65.40","65.90","64.90","65.90","0.2000","68"
"6863","永道-KY","937452","184432514","193.50","201.50","192.00","198.00","6.0000","3499"
"6869","雲豹能源","9132252","1900229640","200.50","218.00","195.00","215.00","-1.5000","11532"
"6873","泓德能源-創","790648","190548224","252.00","252.00","237.50","238.00","-12.5000","597"
"6890","來億-KY","435582","121210723","284.00","284.50","275.50","276.50","-9.5000","818"
"6901","鑽石投資","562654","20632346","37.00","37.00","36.30","36.70","-0.2500","502"
"6902","走著瞧-創","3000","444000","149.50","149.50","147.00","147.50","0.5000","3"
"6906","現觀科","62451","7325618","119.00","120.00","116.00","119.00","-1.0000","65"
"6914","阜爾運通","57038","7687601","135.00","137.00","132.50","136.50","2.0000","218"
"6916","華凌","21000","502250","23.90","24.25","23.70","23.90","0.0000","20"
"6928","攸泰科技","813251","46576275","56.40","61.10","56.40","58.00","-4.6000","710"
"6933","AMAX-KY","103615","23497479","232.00","232.00","223.50","228.00","0.0000","581"
"6937","天虹","511619","113400443","229.00","229.00","218.00","220.50","-6.5000","1274"
"6949","沛爾生醫-創","24000","2449500","101.50","103.50","101.50","102.00","-0.5000","16"
"6951","青新-創","74373","4110488","55.20","55.60","54.80","55.40","0.2000","49"
"6952","大武山","39389","2015728","51.90","51.90","50.90","50.90","-1.0000","55"
"6957","裕慶-KY","793534","216742317","277.00","280.50","262.50","273.00","-5.0000","1692"
"8011","台通","2615869","62554812","24.20","24.35","23.60","23.80","-0.3000","1600"
"8016","矽創","312456","70655464","228.00","229.50","225.00","226.00","-2.0000","423"
"8021","尖點","1135529","37399517","32.85","33.25","32.30","33.25","0.2500","674"
"8028","昇陽半導體","30298483","3513815065","116.00","119.50","111.50","117.00","3.5000","19728"
"8033","雷虎","3388881","226339115","66.10","68.30","65.20","67.50","2.2000","2719"
"8039","台虹","819634","40536987","49.85","49.90","49.20","49.40","-0.4000","644"
"8046","南電","1638855","239080168","148.00","148.00","145.00","145.00","-2.5000","2124"
"8070","長華*","1475398","63725596","42.70","43.95","42.55","43.80","0.8500","1002"
"8072","陞泰","61980","1686272","27.05","27.40","26.85","27.10","0.0500","113"
"8081","致新","369079","86580212","238.00","238.00","232.50","235.50","1.0000","361"
"8101","華冠","342976","1079483","3.15","3.21","3.10","3.10","-0.0200","169"
"8103","瀚荃","1649757","111280053","67.50","68.30","65.80","68.20","1.4000","1527"
"8104","錸寶","998008","35332912","35.65","35.90","34.50","35.40","0.1000","691"
"8105","凌巨","4980119","88566957","18.00","18.10","17.50","17.70","-0.1000","2143"
"8110","華東","937401","16176363","17.40","17.45","17.00","17.30","0.0000","567"
"8112","至上","2100403","156519160","75.30","75.30","74.00","74.50","0.1000","1920"
"8112A","至上甲特","13186","549634","41.70","41.80","41.65","41.65","-0.0500","23"
"8114","振樺電","499568","93991318","193.00","193.00","184.50","189.00","-3.5000","1000"
"8131","福懋科","182054","6574166","36.30","36.30","36.00","36.20","-0.0500","163"
"8150","南茂","2043689","80695159","39.05","39.95","38.95","39.95","1.0000","1145"
"8162","微矽電子-創","12072","429664","35.00","35.70","35.00","35.70","0.0000","9"
"8163","達方","490813","25439637","51.90","52.20","51.40","51.80","-0.3000","515"
"8201","無敵","178040","3034682","16.90","17.30","16.65","16.95","0.1000","121"
"8210","勤誠","2078667","595612230","290.50","292.00","282.00","283.00","-3.0000","11837"
"8213","志超","398292","14525545","36.35","36.75","36.25","36.50","0.2000","496"
"8215","明基材","325597","9364508","29.00","29.00","28.55","28.70","-0.0500","273"
"8222","寶一","353137","12251509","34.60","34.90","34.30","34.80","0.2000","416"
"8249","菱光","1189334","35656088","30.15","30.15","29.75","29.90","-0.0500","556"
"8261","富鼎","162791","12055215","74.10","74.80","73.50","74.10","0.5000","181"
"8271","宇瞻","273953","14207731","51.80","52.20","51.40","52.10","0.3000","413"
"8341","日友","182784","17429303","95.60","95.90","94.50","95.70","0.1000","933"
"8367","建新國際","123509","5967246","48.40","48.90","47.70","48.00","-0.6000","177"
"8374","羅昇","13613192","1760378721","124.50","134.50","122.50","134.50","12.0000","9076"
"8404","百和興業-KY","212432","3776995","17.85","18.00","17.60","18.00","0.1000","120"
"8411","福貞-KY","31689","447801","14.10","14.20","14.10","14.15","0.0500","55"
"8422","可寧衛","237478","43189825","182.00","183.00","181.00","183.00","2.0000","296"
"8429","金麗-KY","109235","1044202","9.57","9.66","9.50","9.50","-0.0700","192"
"8438","昶昕","502673","20328656","40.25","41.20","39.45","41.00","0.7500","366"
"8442","威宏-KY","94693","11028099","115.00","117.50","115.00","116.50","2.0000","84"
"8443","阿瘦","76384","879081","11.55","11.55","11.45","11.45","-0.1500","239"
"8454","富邦媒","677375","271936735","404.00","407.00","398.00","402.00","-7.5000","1864"
"8462","柏文","123619","14573383","117.00","120.00","114.50","119.00","3.0000","320"
"8463","潤泰材","362942","10449935","29.55","29.55","28.30","28.50","-0.9000","278"
"8464","億豐","333570","134823429","405.00","408.00","399.00","408.00","5.0000","439"
"8466","美吉吉-KY","28031","1627840","58.20","58.60","57.60","57.90","-0.3000","30"
"8467","波力-KY","750277","161422068","203.50","222.50","203.50","218.50","13.0000","1197"
"8473","山林水","1140499","48224828","41.60","42.75","41.35","42.45","0.8500","756"
"8476","台境","96980","5807537","59.80","60.70","59.50","59.90","-1.2000","483"
"8478","東哥遊艇","697742","214655282","308.50","315.00","302.00","309.50","9.5000","2352"
"8481","政伸","31567","1582717","50.00","50.80","49.90","49.95","-0.2500","35"
"8482","商億-KY","2000","124200","62.10","62.10","62.10","62.10","-2.5000","2"
"8487","愛爾達-創","25115","1858918","72.00","76.00","72.00","73.00","-3.0000","18"
"8488","吉源-KY","14000","227800","15.80","16.60","15.80","16.35","0.0500","13"
"8499","鼎炫-KY","10281","1216693","118.00","119.00","118.00","119.00","1.5000","19"
"8926","台汽電","916486","40179595","43.90","44.15","43.35","44.15","0.3500","719"
"8940","新天地","72892","1650741","22.80","22.80","22.50","22.70","0.1000","114"
"8996","高力","2393876","787084365","324.50","334.00","322.00","334.00","2.5000","2217"
"9103","美德醫療-DR","631810","4212319","6.68","6.73","6.53","6.68","0.0000","224"
"910322","康師傅-DR","3312","62516","18.85","18.85","18.85","18.85","0.0500","18"
"9105","泰金寶-DR","15844781","89229554","5.66","5.71","5.53","5.63","0.0000","2917"
"910861","神州-DR","3000","19500","6.50","6.50","6.50","6.50","-0.0700","2"
"9110","越南控-DR","4000","28660","7.25","7.25","7.10","7.21","-0.0100","3"
"911608","明輝-DR","132150","468639","3.63","3.63","3.50","3.54","-0.0900","69"
"911622","泰聚亨-DR","60029","324441","5.54","5.58","5.33","5.50","-0.0600","31"
"911868","同方友友-DR","288100","449562","1.59","1.59","1.55","1.56","-0.0600","69"
"912000","晨訊科-DR","497554","1664897","3.44","3.46","3.30","3.33","-0.0600","209"
"9136","巨騰-DR","162780","1084367","6.74","6.74","6.60","6.72","0.1000","75"
"9802","鈺齊-KY","63889","7425130","116.00","117.00","115.00","117.00","1.0000","101"
"9902","台火","1246594","24629252","19.60","20.15","19.30","20.00","0.0500","729"
"9904","寶成","9451544","330104922","34.95","35.30","34.50","34.95","0.4500","4110"
"9905","大華","158027","3618980","22.90","23.00","22.85","22.90","-0.1000","179"
"9906","欣巴巴","3675859","758147640","198.00","213.00","198.00","210.50","3.0000","3213"
"9907","統一實","4793480","74765160","15.55","15.70","15.40","15.65","0.2500","2203"
"9908","大台北","189178","5890517","31.25","31.25","31.10","31.10","-0.1500","248"
"9910","豐泰","293899","39939191","137.00","137.00","135.00","136.00","0.0000","449"
"9911","櫻花","341328","31917040","95.00","95.00","92.10","92.80","-1.2000","1571"
"9912","偉聯","327636","4117110","12.25","13.10","12.10","12.85","0.6000","254"
"9914","美利達","4450452","1010970135","235.00","235.00","224.00","225.50","-17.5000","4963"
"9917","中保科","230559","30808555","134.00","134.50","132.50","134.50","0.5000","566"
"9918","欣天然","18017","736226","40.60","41.00","40.60","40.90","0.0500","43"
"9919","康那香","426882","8445843","19.85","20.00","19.60","19.90","0.2500","273"
"9921","巨大","6250019","1490801217","236.50","243.00","233.00","240.00","8.0000","7630"
"9924","福興","195550","10562244","54.20","54.30","53.60","54.00","0.0000","155"
"9925","新保","125405","5068917","40.40","40.50","40.35","40.45","0.0500","126"
"9926","新海","2141","116214","54.30","54.30","54.30","54.30","0.3000","4"
"9927","泰銘","365024","27667920","76.10","76.30","75.50","75.90","0.2000","398"
"9928","中視","219119","4323388","20.10","20.30","19.45","19.70","-0.4000","157"
"9929","秋雨","19203","310575","16.25","16.35","15.85","16.35","-0.1500","18"
"9930","中聯資源","214027","14367996","67.50","68.20","66.40","66.80","-0.7000","345"
"9931","欣高","36194","1248900","34.50","34.70","34.40","34.50","0.0000","43"
"9933","中鼎","2062890","98567947","48.00","48.05","47.50","47.80","-0.3500","1783"
"9934","成霖","3115100","59083957","18.90","19.25","18.50","19.15","0.4500","1592"
"9935","慶豐富","3286931","94883598","26.85","29.25","26.75","29.25","2.6500","1582"
"9937","全國","6080","394456","64.80","65.10","64.70","65.10","-0.1000","12"
"9938","百和","790739","45976311","58.50","58.80","57.90","58.00","-0.2000","655"
"9939","宏全","1664446","263843567","158.00","160.00","156.00","160.00","4.0000","1662"
"9940","信義","418591","13716380","32.75","33.05","32.55","32.90","0.0000","376"
"9941","裕融","409485","62031048","153.00","153.00","150.50","152.00","-1.0000","1283"
"9941A","裕融甲特","12000","615600","51.30","51.30","51.30","51.30","0.0000","3"
"9942","茂順","253155","28301035","113.50","114.50","110.50","111.50","-1.0000","362"
"9943","好樂迪","42038","3397223","80.80","80.90","80.70","80.80","0.0000","73"
"9944","新麗","427760","8846751","20.55","20.90","20.45","20.65","0.0500","247"
"9945","潤泰新","10949831","527099006","48.55","48.70","47.70","48.10","-0.2500","7691"
"9946","三發地產","513388","19811878","39.00","39.10","38.20","38.45","-0.0500","361"
"9955","佳龍","7912493","295152238","37.20","38.00","36.40","37.70","2.1000","4799"
"9958","世紀鋼","5167107","1047438833","204.00","205.00","197.50","204.00","3.5000","5068"
